[2026-03-24 07:17:44] [INFO] (/home/redbarbe/public_html/telegram/webapps/action/chart.php:29) SELECT a.name FROM `spr_acc` a, spr_users u 
WHERE u.active_account=a.acc and u.chat_id=a.chat_id and a.chat_id="791471939"
and u.club=3 limit 1
[2026-03-24 07:17:44] [INFO] (/home/redbarbe/public_html/telegram/webapps/action/chart.php:30) Array
(
    [action] => chart
    [club] => 3
    [who_user_write] => 791471939
    [chatid] => 791471939
)

[2026-03-24 07:18:18] [INFO] (/home/redbarbe/public_html/telegram/webapps/action/ajax_get_tren.php:35) Array
(
    [0] => Array
        (
            [KOD] => 857496
            [TIME_FROM] => 09:00
            [TIME_TO] => 10:00               
            [CLIENTS_CNT] => 0
            [TOV_NAME] => Пілатес
            [ACC] => 0
            [CNTTRAN] => 0
            [CNTTRANRESERV] => 0
        )

    [1] => Array
        (
            [KOD] => 857704
            [TIME_FROM] => 18:00
            [TIME_TO] => 19:00               
            [CLIENTS_CNT] => 0
            [TOV_NAME] => F.B.T. (Fat burn traning)
            [ACC] => 0
            [CNTTRAN] => 2
            [CNTTRANRESERV] => 0
        )

    [2] => Array
        (
            [KOD] => 857288
            [TIME_FROM] => 19:00
            [TIME_TO] => 20:00               
            [CLIENTS_CNT] => 0
            [TOV_NAME] => Stretching & Mobility
            [ACC] => 0
            [CNTTRAN] => 2
            [CNTTRANRESERV] => 0
        )

)

[2026-03-24 07:18:18] [INFO] (/home/redbarbe/public_html/telegram/webapps/action/ajax_get_tren.php:61) Array
(
    [KOD] => 857496
    [TIME_FROM] => 09:00
    [TIME_TO] => 10:00               
    [CLIENTS_CNT] => 0
    [TOV_NAME] => Пілатес
    [ACC] => 0
    [CNTTRAN] => 0
    [CNTTRANRESERV] => 0
)

[2026-03-24 07:18:18] [INFO] (/home/redbarbe/public_html/telegram/webapps/action/ajax_get_tren.php:61) Array
(
    [KOD] => 857704
    [TIME_FROM] => 18:00
    [TIME_TO] => 19:00               
    [CLIENTS_CNT] => 0
    [TOV_NAME] => F.B.T. (Fat burn traning)
    [ACC] => 0
    [CNTTRAN] => 2
    [CNTTRANRESERV] => 0
)

[2026-03-24 07:18:18] [INFO] (/home/redbarbe/public_html/telegram/webapps/action/ajax_get_tren.php:61) Array
(
    [KOD] => 857288
    [TIME_FROM] => 19:00
    [TIME_TO] => 20:00               
    [CLIENTS_CNT] => 0
    [TOV_NAME] => Stretching & Mobility
    [ACC] => 0
    [CNTTRAN] => 2
    [CNTTRANRESERV] => 0
)

[2026-03-24 07:19:38] [INFO] (/home/redbarbe/public_html/telegram/webapps/action/chart.php:29) SELECT a.name FROM `spr_acc` a, spr_users u 
WHERE u.active_account=a.acc and u.chat_id=a.chat_id and a.chat_id="791471939"
and u.club=3 limit 1
[2026-03-24 07:19:38] [INFO] (/home/redbarbe/public_html/telegram/webapps/action/chart.php:30) Array
(
    [action] => chart
    [club] => 3
    [admin] => 1
    [who_user_write] => 5890364519
    [chatid] => 791471939
)

[2026-03-24 07:26:18] [INFO] (/home/redbarbe/public_html/telegram/webapps/action/hist_ost_poslug.php:19) SELECT a.name FROM `spr_acc` a, spr_users u WHERE u.active_account=a.acc and u.chat_id=a.chat_id and a.acc=10591 
and u.club=(select id from spr_clubs where ip_club="178.151.119.180") limit 1
[2026-03-24 07:26:18] [INFO] (/home/redbarbe/public_html/telegram/webapps/action/hist_ost_poslug.php:20) hist_ost_poslug
[2026-03-24 07:26:18] [INFO] (/home/redbarbe/public_html/telegram/webapps/action/hist_ost_poslug.php:111) Array
(
    [acc] => 10591
    [command] => GET_OST_POSLUG_ACC
)

[2026-03-24 07:26:18] [INFO] (/home/redbarbe/public_html/telegram/webapps/action/hist_ost_poslug.php:112) ip=178.151.119.180
[2026-03-24 07:26:22] [INFO] (/home/redbarbe/public_html/telegram/webapps/action/hist_grp.php:16) SELECT a.name FROM `spr_acc` a, spr_users u WHERE u.active_account=a.acc and u.chat_id=a.chat_id and a.acc=10591 
and u.club=(select id from spr_clubs where ip_club="178.151.119.180") limit 1
[2026-03-24 07:26:22] [INFO] (/home/redbarbe/public_html/telegram/webapps/action/hist_grp.php:17) hist_grp
[2026-03-24 07:26:22] [INFO] (/home/redbarbe/public_html/telegram/webapps/action/hist_grp.php:108) Array
(
    [dbeg] => 24.12.2025
    [dend] => today
    [acc] => 10591
    [command] => get_grp_history
)

[2026-03-24 07:26:22] [INFO] (/home/redbarbe/public_html/telegram/webapps/action/hist_grp.php:109) ip=178.151.119.180
[2026-03-24 07:26:26] [INFO] (/home/redbarbe/public_html/telegram/webapps/action/hist_ind.php:16) SELECT a.name FROM `spr_acc` a, spr_users u WHERE u.active_account=a.acc and u.chat_id=a.chat_id and a.acc=10591 
and u.club=(select id from spr_clubs where ip_club="178.151.119.180") limit 1
[2026-03-24 07:26:26] [INFO] (/home/redbarbe/public_html/telegram/webapps/action/hist_ind.php:17) hist_grp
[2026-03-24 07:26:26] [INFO] (/home/redbarbe/public_html/telegram/webapps/action/hist_ind.php:108) Array
(
    [dbeg] => 24.12.2025
    [dend] => today
    [acc] => 10591
    [command] => get_ind_history
)

[2026-03-24 07:26:26] [INFO] (/home/redbarbe/public_html/telegram/webapps/action/hist_ind.php:109) ip=178.151.119.180
[2026-03-24 07:44:56] [INFO] (/home/redbarbe/public_html/telegram/webapps/action/chart.php:29) SELECT a.name FROM `spr_acc` a, spr_users u 
WHERE u.active_account=a.acc and u.chat_id=a.chat_id and a.chat_id="791471939"
and u.club=3 limit 1
[2026-03-24 07:44:56] [INFO] (/home/redbarbe/public_html/telegram/webapps/action/chart.php:30) Array
(
    [action] => chart
    [club] => 3
    [admin] => 1
    [who_user_write] => 5890364519
    [chatid] => 791471939
)

[2026-03-24 07:52:38] [INFO] (/home/redbarbe/public_html/telegram/webapps/action/hist_ind.php:16) SELECT a.name FROM `spr_acc` a, spr_users u WHERE u.active_account=a.acc and u.chat_id=a.chat_id and a.acc=13776 
and u.club=(select id from spr_clubs where ip_club="212.26.139.90") limit 1
[2026-03-24 07:52:38] [INFO] (/home/redbarbe/public_html/telegram/webapps/action/hist_ind.php:17) hist_grp
[2026-03-24 07:52:38] [INFO] (/home/redbarbe/public_html/telegram/webapps/action/hist_ind.php:108) Array
(
    [dbeg] => 24.12.2025
    [dend] => today
    [acc] => 13776
    [command] => get_ind_history
)

[2026-03-24 07:52:38] [INFO] (/home/redbarbe/public_html/telegram/webapps/action/hist_ind.php:109) ip=212.26.139.90
[2026-03-24 07:55:12] [INFO] (/home/redbarbe/public_html/telegram/webapps/action/chart.php:29) SELECT a.name FROM `spr_acc` a, spr_users u 
WHERE u.active_account=a.acc and u.chat_id=a.chat_id and a.chat_id="402875702"
and u.club=3 limit 1
[2026-03-24 07:55:12] [INFO] (/home/redbarbe/public_html/telegram/webapps/action/chart.php:30) Array
(
    [action] => chart
    [club] => 3
    [acc] => 13762
    [chatadmin] => 5890364519
    [who_user_write] => 402875702
    [chatid] => 402875702
    [ip_club] => 178.158.212.173
)

[2026-03-24 07:58:01] [INFO] (/home/redbarbe/public_html/telegram/webapps/action/chart.php:29) SELECT a.name FROM `spr_acc` a, spr_users u 
WHERE u.active_account=a.acc and u.chat_id=a.chat_id and a.chat_id="402875702"
and u.club=3 limit 1
[2026-03-24 07:58:01] [INFO] (/home/redbarbe/public_html/telegram/webapps/action/chart.php:30) Array
(
    [action] => chart
    [club] => 3
    [admin] => 1
    [who_user_write] => 5890364519
    [chatid] => 402875702
)

[2026-03-24 08:02:08] [INFO] (/home/redbarbe/public_html/telegram/webapps/action/chart.php:29) SELECT a.name FROM `spr_acc` a, spr_users u 
WHERE u.active_account=a.acc and u.chat_id=a.chat_id and a.chat_id="402875702"
and u.club=3 limit 1
[2026-03-24 08:02:08] [INFO] (/home/redbarbe/public_html/telegram/webapps/action/chart.php:30) Array
(
    [action] => chart
    [club] => 3
    [who_user_write] => 402875702
    [chatid] => 402875702
)

[2026-03-24 08:15:02] [INFO] (/home/redbarbe/public_html/telegram/webapps/reports/report_pers_detal.php:22) Array
(
)

[2026-03-24 08:15:07] [INFO] (/home/redbarbe/public_html/telegram/webapps/reports/report_pers_detal.php:22) Array
(
    [ajax_method] => 2
    [action] => report_pers_detal
    [action_report] => report_view
    [admin] => 5
    [date_from] => 24.03.2026
    [date_to] => 24.03.2026
    [ip_club] => 178.151.119.180
    [podr] => pt
    [sotr] => 0399
)

[2026-03-24 08:21:05] [INFO] (/home/redbarbe/public_html/telegram/webapps/action/chart.php:29) SELECT a.name FROM `spr_acc` a, spr_users u 
WHERE u.active_account=a.acc and u.chat_id=a.chat_id and a.chat_id="402875702"
and u.club=3 limit 1
[2026-03-24 08:21:05] [INFO] (/home/redbarbe/public_html/telegram/webapps/action/chart.php:30) Array
(
    [action] => chart
    [club] => 3
    [admin] => 1
    [who_user_write] => 5890364519
    [chatid] => 402875702
)

[2026-03-24 08:29:01] [INFO] (/home/redbarbe/public_html/telegram/webapps/action/ajax_get_tren.php:35) Array
(
    [0] => Array
        (
            [KOD] => 809700
            [TIME_FROM] => 10:00
            [TIME_TO] => 11:00               
            [CLIENTS_CNT] => 0
            [TOV_NAME] => Йога
            [ACC] => 0
            [CNTTRAN] => 0
            [CNTTRANRESERV] => 0
        )

    [1] => Array
        (
            [KOD] => 810320
            [TIME_FROM] => 18:00
            [TIME_TO] => 19:00               
            [CLIENTS_CNT] => 0
            [TOV_NAME] => Паркур Kids
            [ACC] => 0
            [CNTTRAN] => 0
            [CNTTRANRESERV] => 0
        )

    [2] => Array
        (
            [KOD] => 809855
            [TIME_FROM] => 19:00
            [TIME_TO] => 20:00               
            [CLIENTS_CNT] => 0
            [TOV_NAME] => Паркур
            [ACC] => 0
            [CNTTRAN] => 0
            [CNTTRANRESERV] => 0
        )

    [3] => Array
        (
            [KOD] => 810475
            [TIME_FROM] => 19:00
            [TIME_TO] => 20:00               
            [CLIENTS_CNT] => 0
            [TOV_NAME] => CrossActivity
            [ACC] => 0
            [CNTTRAN] => 0
            [CNTTRANRESERV] => 0
        )

    [4] => Array
        (
            [KOD] => 810630
            [TIME_FROM] => 19:00
            [TIME_TO] => 20:00               
            [CLIENTS_CNT] => 5
            [TOV_NAME] => Cycle
            [ACC] => 0
            [CNTTRAN] => 0
            [CNTTRANRESERV] => 0
        )

    [5] => Array
        (
            [KOD] => 810010
            [TIME_FROM] => 19:00
            [TIME_TO] => 20:00               
            [CLIENTS_CNT] => 0
            [TOV_NAME] => FitnessMix
            [ACC] => 0
            [CNTTRAN] => 1
            [CNTTRANRESERV] => 0
        )

    [6] => Array
        (
            [KOD] => 810165
            [TIME_FROM] => 19:00
            [TIME_TO] => 20:00               
            [CLIENTS_CNT] => 0
            [TOV_NAME] => Йога
            [ACC] => 0
            [CNTTRAN] => 0
            [CNTTRANRESERV] => 0
        )

)

[2026-03-24 08:29:01] [INFO] (/home/redbarbe/public_html/telegram/webapps/action/ajax_get_tren.php:61) Array
(
    [KOD] => 809700
    [TIME_FROM] => 10:00
    [TIME_TO] => 11:00               
    [CLIENTS_CNT] => 0
    [TOV_NAME] => Йога
    [ACC] => 0
    [CNTTRAN] => 0
    [CNTTRANRESERV] => 0
)

[2026-03-24 08:29:01] [INFO] (/home/redbarbe/public_html/telegram/webapps/action/ajax_get_tren.php:61) Array
(
    [KOD] => 810320
    [TIME_FROM] => 18:00
    [TIME_TO] => 19:00               
    [CLIENTS_CNT] => 0
    [TOV_NAME] => Паркур Kids
    [ACC] => 0
    [CNTTRAN] => 0
    [CNTTRANRESERV] => 0
)

[2026-03-24 08:29:01] [INFO] (/home/redbarbe/public_html/telegram/webapps/action/ajax_get_tren.php:61) Array
(
    [KOD] => 809855
    [TIME_FROM] => 19:00
    [TIME_TO] => 20:00               
    [CLIENTS_CNT] => 0
    [TOV_NAME] => Паркур
    [ACC] => 0
    [CNTTRAN] => 0
    [CNTTRANRESERV] => 0
)

[2026-03-24 08:29:01] [INFO] (/home/redbarbe/public_html/telegram/webapps/action/ajax_get_tren.php:61) Array
(
    [KOD] => 810475
    [TIME_FROM] => 19:00
    [TIME_TO] => 20:00               
    [CLIENTS_CNT] => 0
    [TOV_NAME] => CrossActivity
    [ACC] => 0
    [CNTTRAN] => 0
    [CNTTRANRESERV] => 0
)

[2026-03-24 08:29:01] [INFO] (/home/redbarbe/public_html/telegram/webapps/action/ajax_get_tren.php:61) Array
(
    [KOD] => 810630
    [TIME_FROM] => 19:00
    [TIME_TO] => 20:00               
    [CLIENTS_CNT] => 5
    [TOV_NAME] => Cycle
    [ACC] => 0
    [CNTTRAN] => 0
    [CNTTRANRESERV] => 0
)

[2026-03-24 08:29:01] [INFO] (/home/redbarbe/public_html/telegram/webapps/action/ajax_get_tren.php:61) Array
(
    [KOD] => 810010
    [TIME_FROM] => 19:00
    [TIME_TO] => 20:00               
    [CLIENTS_CNT] => 0
    [TOV_NAME] => FitnessMix
    [ACC] => 0
    [CNTTRAN] => 1
    [CNTTRANRESERV] => 0
)

[2026-03-24 08:29:01] [INFO] (/home/redbarbe/public_html/telegram/webapps/action/ajax_get_tren.php:61) Array
(
    [KOD] => 810165
    [TIME_FROM] => 19:00
    [TIME_TO] => 20:00               
    [CLIENTS_CNT] => 0
    [TOV_NAME] => Йога
    [ACC] => 0
    [CNTTRAN] => 0
    [CNTTRANRESERV] => 0
)

[2026-03-24 08:41:04] [INFO] (/home/redbarbe/public_html/telegram/webapps/action/ajax_get_tren.php:35) Array
(
    [0] => Array
        (
            [KOD] => 815180
            [TIME_FROM] => 08:00
            [TIME_TO] => 09:00               
            [CLIENTS_CNT] => 0
            [TOV_NAME] => Бокс(хлопці, з 13 років)
            [ACC] => 0
            [CNTTRAN] => 0
            [CNTTRANRESERV] => 0
        )

    [1] => Array
        (
            [KOD] => 814868
            [TIME_FROM] => 16:00
            [TIME_TO] => 17:00               
            [CLIENTS_CNT] => 0
            [TOV_NAME] => Паркур kids
            [ACC] => 0
            [CNTTRAN] => 0
            [CNTTRANRESERV] => 0
        )

    [2] => Array
        (
            [KOD] => 814556
            [TIME_FROM] => 17:00
            [TIME_TO] => 18:00               
            [CLIENTS_CNT] => 0
            [TOV_NAME] => Паркур teens
            [ACC] => 0
            [CNTTRAN] => 0
            [CNTTRANRESERV] => 0
        )

    [3] => Array
        (
            [KOD] => 813776
            [TIME_FROM] => 18:00
            [TIME_TO] => 19:00               
            [CLIENTS_CNT] => 0
            [TOV_NAME] => Йога
            [ACC] => 14080
            [CNTTRAN] => 3
            [CNTTRANRESERV] => 0
        )

    [4] => Array
        (
            [KOD] => 814712
            [TIME_FROM] => 18:00
            [TIME_TO] => 19:00               
            [CLIENTS_CNT] => 0
            [TOV_NAME] => Бокс/Кікбоксинг  Kids
            [ACC] => 0
            [CNTTRAN] => 1
            [CNTTRANRESERV] => 0
        )

    [5] => Array
        (
            [KOD] => 815024
            [TIME_FROM] => 19:00
            [TIME_TO] => 20:00               
            [CLIENTS_CNT] => 0
            [TOV_NAME] => Jazz funk
            [ACC] => 0
            [CNTTRAN] => 0
            [CNTTRANRESERV] => 0
        )

    [6] => Array
        (
            [KOD] => 813932
            [TIME_FROM] => 19:40
            [TIME_TO] => 20:40               
            [CLIENTS_CNT] => 0
            [TOV_NAME] => Акробатика Kids
            [ACC] => 0
            [CNTTRAN] => 0
            [CNTTRANRESERV] => 0
        )

    [7] => Array
        (
            [KOD] => 814244
            [TIME_FROM] => 20:00
            [TIME_TO] => 21:00               
            [CLIENTS_CNT] => 0
            [TOV_NAME] => Cross activity
            [ACC] => 0
            [CNTTRAN] => 0
            [CNTTRANRESERV] => 0
        )

    [8] => Array
        (
            [KOD] => 814088
            [TIME_FROM] => 20:00
            [TIME_TO] => 21:00               
            [CLIENTS_CNT] => 0
            [TOV_NAME] => Бокс
            [ACC] => 0
            [CNTTRAN] => 1
            [CNTTRANRESERV] => 0
        )

    [9] => Array
        (
            [KOD] => 814400
            [TIME_FROM] => 20:00
            [TIME_TO] => 21:00               
            [CLIENTS_CNT] => 0
            [TOV_NAME] => Stretching
            [ACC] => 0
            [CNTTRAN] => 0
            [CNTTRANRESERV] => 0
        )

)

[2026-03-24 08:41:04] [INFO] (/home/redbarbe/public_html/telegram/webapps/action/ajax_get_tren.php:61) Array
(
    [KOD] => 815180
    [TIME_FROM] => 08:00
    [TIME_TO] => 09:00               
    [CLIENTS_CNT] => 0
    [TOV_NAME] => Бокс(хлопці, з 13 років)
    [ACC] => 0
    [CNTTRAN] => 0
    [CNTTRANRESERV] => 0
)

[2026-03-24 08:41:04] [INFO] (/home/redbarbe/public_html/telegram/webapps/action/ajax_get_tren.php:61) Array
(
    [KOD] => 814868
    [TIME_FROM] => 16:00
    [TIME_TO] => 17:00               
    [CLIENTS_CNT] => 0
    [TOV_NAME] => Паркур kids
    [ACC] => 0
    [CNTTRAN] => 0
    [CNTTRANRESERV] => 0
)

[2026-03-24 08:41:04] [INFO] (/home/redbarbe/public_html/telegram/webapps/action/ajax_get_tren.php:61) Array
(
    [KOD] => 814556
    [TIME_FROM] => 17:00
    [TIME_TO] => 18:00               
    [CLIENTS_CNT] => 0
    [TOV_NAME] => Паркур teens
    [ACC] => 0
    [CNTTRAN] => 0
    [CNTTRANRESERV] => 0
)

[2026-03-24 08:41:04] [INFO] (/home/redbarbe/public_html/telegram/webapps/action/ajax_get_tren.php:61) Array
(
    [KOD] => 813776
    [TIME_FROM] => 18:00
    [TIME_TO] => 19:00               
    [CLIENTS_CNT] => 0
    [TOV_NAME] => Йога
    [ACC] => 14080
    [CNTTRAN] => 3
    [CNTTRANRESERV] => 0
)

[2026-03-24 08:41:04] [INFO] (/home/redbarbe/public_html/telegram/webapps/action/ajax_get_tren.php:61) Array
(
    [KOD] => 814712
    [TIME_FROM] => 18:00
    [TIME_TO] => 19:00               
    [CLIENTS_CNT] => 0
    [TOV_NAME] => Бокс/Кікбоксинг  Kids
    [ACC] => 0
    [CNTTRAN] => 1
    [CNTTRANRESERV] => 0
)

[2026-03-24 08:41:04] [INFO] (/home/redbarbe/public_html/telegram/webapps/action/ajax_get_tren.php:61) Array
(
    [KOD] => 815024
    [TIME_FROM] => 19:00
    [TIME_TO] => 20:00               
    [CLIENTS_CNT] => 0
    [TOV_NAME] => Jazz funk
    [ACC] => 0
    [CNTTRAN] => 0
    [CNTTRANRESERV] => 0
)

[2026-03-24 08:41:04] [INFO] (/home/redbarbe/public_html/telegram/webapps/action/ajax_get_tren.php:61) Array
(
    [KOD] => 813932
    [TIME_FROM] => 19:40
    [TIME_TO] => 20:40               
    [CLIENTS_CNT] => 0
    [TOV_NAME] => Акробатика Kids
    [ACC] => 0
    [CNTTRAN] => 0
    [CNTTRANRESERV] => 0
)

[2026-03-24 08:41:04] [INFO] (/home/redbarbe/public_html/telegram/webapps/action/ajax_get_tren.php:61) Array
(
    [KOD] => 814244
    [TIME_FROM] => 20:00
    [TIME_TO] => 21:00               
    [CLIENTS_CNT] => 0
    [TOV_NAME] => Cross activity
    [ACC] => 0
    [CNTTRAN] => 0
    [CNTTRANRESERV] => 0
)

[2026-03-24 08:41:04] [INFO] (/home/redbarbe/public_html/telegram/webapps/action/ajax_get_tren.php:61) Array
(
    [KOD] => 814088
    [TIME_FROM] => 20:00
    [TIME_TO] => 21:00               
    [CLIENTS_CNT] => 0
    [TOV_NAME] => Бокс
    [ACC] => 0
    [CNTTRAN] => 1
    [CNTTRANRESERV] => 0
)

[2026-03-24 08:41:04] [INFO] (/home/redbarbe/public_html/telegram/webapps/action/ajax_get_tren.php:61) Array
(
    [KOD] => 814400
    [TIME_FROM] => 20:00
    [TIME_TO] => 21:00               
    [CLIENTS_CNT] => 0
    [TOV_NAME] => Stretching
    [ACC] => 0
    [CNTTRAN] => 0
    [CNTTRANRESERV] => 0
)

[2026-03-24 08:41:26] [INFO] (/home/redbarbe/public_html/telegram/webapps/action/ajax_get_tren.php:35) Array
(
    [0] => Array
        (
            [KOD] => 810343
            [TIME_FROM] => 09:00
            [TIME_TO] => 10:00               
            [CLIENTS_CNT] => 0
            [TOV_NAME] => Functional cardio
            [ACC] => 0
            [CNTTRAN] => 0
            [CNTTRANRESERV] => 0
        )

    [1] => Array
        (
            [KOD] => 810499
            [TIME_FROM] => 10:00
            [TIME_TO] => 11:00               
            [CLIENTS_CNT] => 0
            [TOV_NAME] => Cardio&Body weight
            [ACC] => 0
            [CNTTRAN] => 0
            [CNTTRANRESERV] => 0
        )

    [2] => Array
        (
            [KOD] => 810655
            [TIME_FROM] => 16:00
            [TIME_TO] => 17:00               
            [CLIENTS_CNT] => 0
            [TOV_NAME] => Дзюдо kids 
            [ACC] => 0
            [CNTTRAN] => 1
            [CNTTRANRESERV] => 0
        )

    [3] => Array
        (
            [KOD] => 810811
            [TIME_FROM] => 17:00
            [TIME_TO] => 18:00               
            [CLIENTS_CNT] => 0
            [TOV_NAME] => Дзюдо teens
            [ACC] => 0
            [CNTTRAN] => 0
            [CNTTRANRESERV] => 0
        )

    [4] => Array
        (
            [KOD] => 810967
            [TIME_FROM] => 18:00
            [TIME_TO] => 19:00               
            [CLIENTS_CNT] => 0
            [TOV_NAME] => Step Drive
            [ACC] => 0
            [CNTTRAN] => 0
            [CNTTRANRESERV] => 0
        )

    [5] => Array
        (
            [KOD] => 811123
            [TIME_FROM] => 19:00
            [TIME_TO] => 20:00               
            [CLIENTS_CNT] => 0
            [TOV_NAME] => Пілатес
            [ACC] => 0
            [CNTTRAN] => 2
            [CNTTRANRESERV] => 0
        )

    [6] => Array
        (
            [KOD] => 810187
            [TIME_FROM] => 20:00
            [TIME_TO] => 21:00               
            [CLIENTS_CNT] => 0
            [TOV_NAME] => Партерна хореографія
            [ACC] => 0
            [CNTTRAN] => 0
            [CNTTRANRESERV] => 0
        )

)

[2026-03-24 08:41:26] [INFO] (/home/redbarbe/public_html/telegram/webapps/action/ajax_get_tren.php:61) Array
(
    [KOD] => 810343
    [TIME_FROM] => 09:00
    [TIME_TO] => 10:00               
    [CLIENTS_CNT] => 0
    [TOV_NAME] => Functional cardio
    [ACC] => 0
    [CNTTRAN] => 0
    [CNTTRANRESERV] => 0
)

[2026-03-24 08:41:26] [INFO] (/home/redbarbe/public_html/telegram/webapps/action/ajax_get_tren.php:61) Array
(
    [KOD] => 810499
    [TIME_FROM] => 10:00
    [TIME_TO] => 11:00               
    [CLIENTS_CNT] => 0
    [TOV_NAME] => Cardio&Body weight
    [ACC] => 0
    [CNTTRAN] => 0
    [CNTTRANRESERV] => 0
)

[2026-03-24 08:41:26] [INFO] (/home/redbarbe/public_html/telegram/webapps/action/ajax_get_tren.php:61) Array
(
    [KOD] => 810655
    [TIME_FROM] => 16:00
    [TIME_TO] => 17:00               
    [CLIENTS_CNT] => 0
    [TOV_NAME] => Дзюдо kids 
    [ACC] => 0
    [CNTTRAN] => 1
    [CNTTRANRESERV] => 0
)

[2026-03-24 08:41:26] [INFO] (/home/redbarbe/public_html/telegram/webapps/action/ajax_get_tren.php:61) Array
(
    [KOD] => 810811
    [TIME_FROM] => 17:00
    [TIME_TO] => 18:00               
    [CLIENTS_CNT] => 0
    [TOV_NAME] => Дзюдо teens
    [ACC] => 0
    [CNTTRAN] => 0
    [CNTTRANRESERV] => 0
)

[2026-03-24 08:41:26] [INFO] (/home/redbarbe/public_html/telegram/webapps/action/ajax_get_tren.php:61) Array
(
    [KOD] => 810967
    [TIME_FROM] => 18:00
    [TIME_TO] => 19:00               
    [CLIENTS_CNT] => 0
    [TOV_NAME] => Step Drive
    [ACC] => 0
    [CNTTRAN] => 0
    [CNTTRANRESERV] => 0
)

[2026-03-24 08:41:26] [INFO] (/home/redbarbe/public_html/telegram/webapps/action/ajax_get_tren.php:61) Array
(
    [KOD] => 811123
    [TIME_FROM] => 19:00
    [TIME_TO] => 20:00               
    [CLIENTS_CNT] => 0
    [TOV_NAME] => Пілатес
    [ACC] => 0
    [CNTTRAN] => 2
    [CNTTRANRESERV] => 0
)

[2026-03-24 08:41:26] [INFO] (/home/redbarbe/public_html/telegram/webapps/action/ajax_get_tren.php:61) Array
(
    [KOD] => 810187
    [TIME_FROM] => 20:00
    [TIME_TO] => 21:00               
    [CLIENTS_CNT] => 0
    [TOV_NAME] => Партерна хореографія
    [ACC] => 0
    [CNTTRAN] => 0
    [CNTTRANRESERV] => 0
)

[2026-03-24 08:50:07] [INFO] (/home/redbarbe/public_html/telegram/webapps/reports/report_pers_detal.php:22) Array
(
)

[2026-03-24 08:50:27] [INFO] (/home/redbarbe/public_html/telegram/webapps/reports/report_pers_detal.php:22) Array
(
)

[2026-03-24 08:50:38] [INFO] (/home/redbarbe/public_html/telegram/webapps/reports/report_pers_detal.php:22) Array
(
    [ajax_method] => 2
    [action] => report_pers_detal
    [action_report] => report_view
    [admin] => 5
    [date_from] => 24.03.2026
    [date_to] => 24.03.2026
    [ip_club] => 193.194.107.2
    [podr] => pt
    [sotr] => 192
)

[2026-03-24 09:01:32] [INFO] (/home/redbarbe/public_html/telegram/webapps/action/ajax_get_tren.php:35) Array
(
    [0] => Array
        (
            [KOD] => 857496
            [TIME_FROM] => 09:00
            [TIME_TO] => 10:00               
            [CLIENTS_CNT] => 0
            [TOV_NAME] => Пілатес
            [ACC] => 0
            [CNTTRAN] => 0
            [CNTTRANRESERV] => 0
        )

    [1] => Array
        (
            [KOD] => 857704
            [TIME_FROM] => 18:00
            [TIME_TO] => 19:00               
            [CLIENTS_CNT] => 0
            [TOV_NAME] => F.B.T. (Fat burn traning)
            [ACC] => 86
            [CNTTRAN] => 2
            [CNTTRANRESERV] => 0
        )

    [2] => Array
        (
            [KOD] => 857288
            [TIME_FROM] => 19:00
            [TIME_TO] => 20:00               
            [CLIENTS_CNT] => 0
            [TOV_NAME] => Stretching & Mobility
            [ACC] => 86
            [CNTTRAN] => 2
            [CNTTRANRESERV] => 0
        )

)

[2026-03-24 09:01:32] [INFO] (/home/redbarbe/public_html/telegram/webapps/action/ajax_get_tren.php:61) Array
(
    [KOD] => 857496
    [TIME_FROM] => 09:00
    [TIME_TO] => 10:00               
    [CLIENTS_CNT] => 0
    [TOV_NAME] => Пілатес
    [ACC] => 0
    [CNTTRAN] => 0
    [CNTTRANRESERV] => 0
)

[2026-03-24 09:01:32] [INFO] (/home/redbarbe/public_html/telegram/webapps/action/ajax_get_tren.php:61) Array
(
    [KOD] => 857704
    [TIME_FROM] => 18:00
    [TIME_TO] => 19:00               
    [CLIENTS_CNT] => 0
    [TOV_NAME] => F.B.T. (Fat burn traning)
    [ACC] => 86
    [CNTTRAN] => 2
    [CNTTRANRESERV] => 0
)

[2026-03-24 09:01:32] [INFO] (/home/redbarbe/public_html/telegram/webapps/action/ajax_get_tren.php:61) Array
(
    [KOD] => 857288
    [TIME_FROM] => 19:00
    [TIME_TO] => 20:00               
    [CLIENTS_CNT] => 0
    [TOV_NAME] => Stretching & Mobility
    [ACC] => 86
    [CNTTRAN] => 2
    [CNTTRANRESERV] => 0
)

[2026-03-24 09:05:28] [INFO] (/home/redbarbe/public_html/telegram/webapps/action/ajax_get_tren.php:35) Array
(
    [0] => Array
        (
            [KOD] => 809700
            [TIME_FROM] => 10:00
            [TIME_TO] => 11:00               
            [CLIENTS_CNT] => 0
            [TOV_NAME] => Йога
            [ACC] => 0
            [CNTTRAN] => 0
            [CNTTRANRESERV] => 0
        )

    [1] => Array
        (
            [KOD] => 810320
            [TIME_FROM] => 18:00
            [TIME_TO] => 19:00               
            [CLIENTS_CNT] => 0
            [TOV_NAME] => Паркур Kids
            [ACC] => 0
            [CNTTRAN] => 0
            [CNTTRANRESERV] => 0
        )

    [2] => Array
        (
            [KOD] => 809855
            [TIME_FROM] => 19:00
            [TIME_TO] => 20:00               
            [CLIENTS_CNT] => 0
            [TOV_NAME] => Паркур
            [ACC] => 0
            [CNTTRAN] => 0
            [CNTTRANRESERV] => 0
        )

    [3] => Array
        (
            [KOD] => 810475
            [TIME_FROM] => 19:00
            [TIME_TO] => 20:00               
            [CLIENTS_CNT] => 0
            [TOV_NAME] => CrossActivity
            [ACC] => 0
            [CNTTRAN] => 0
            [CNTTRANRESERV] => 0
        )

    [4] => Array
        (
            [KOD] => 810630
            [TIME_FROM] => 19:00
            [TIME_TO] => 20:00               
            [CLIENTS_CNT] => 5
            [TOV_NAME] => Cycle
            [ACC] => 0
            [CNTTRAN] => 0
            [CNTTRANRESERV] => 0
        )

    [5] => Array
        (
            [KOD] => 810010
            [TIME_FROM] => 19:00
            [TIME_TO] => 20:00               
            [CLIENTS_CNT] => 0
            [TOV_NAME] => FitnessMix
            [ACC] => 0
            [CNTTRAN] => 1
            [CNTTRANRESERV] => 0
        )

    [6] => Array
        (
            [KOD] => 810165
            [TIME_FROM] => 19:00
            [TIME_TO] => 20:00               
            [CLIENTS_CNT] => 0
            [TOV_NAME] => Йога
            [ACC] => 0
            [CNTTRAN] => 0
            [CNTTRANRESERV] => 0
        )

)

[2026-03-24 09:05:28] [INFO] (/home/redbarbe/public_html/telegram/webapps/action/ajax_get_tren.php:61) Array
(
    [KOD] => 809700
    [TIME_FROM] => 10:00
    [TIME_TO] => 11:00               
    [CLIENTS_CNT] => 0
    [TOV_NAME] => Йога
    [ACC] => 0
    [CNTTRAN] => 0
    [CNTTRANRESERV] => 0
)

[2026-03-24 09:05:28] [INFO] (/home/redbarbe/public_html/telegram/webapps/action/ajax_get_tren.php:61) Array
(
    [KOD] => 810320
    [TIME_FROM] => 18:00
    [TIME_TO] => 19:00               
    [CLIENTS_CNT] => 0
    [TOV_NAME] => Паркур Kids
    [ACC] => 0
    [CNTTRAN] => 0
    [CNTTRANRESERV] => 0
)

[2026-03-24 09:05:28] [INFO] (/home/redbarbe/public_html/telegram/webapps/action/ajax_get_tren.php:61) Array
(
    [KOD] => 809855
    [TIME_FROM] => 19:00
    [TIME_TO] => 20:00               
    [CLIENTS_CNT] => 0
    [TOV_NAME] => Паркур
    [ACC] => 0
    [CNTTRAN] => 0
    [CNTTRANRESERV] => 0
)

[2026-03-24 09:05:28] [INFO] (/home/redbarbe/public_html/telegram/webapps/action/ajax_get_tren.php:61) Array
(
    [KOD] => 810475
    [TIME_FROM] => 19:00
    [TIME_TO] => 20:00               
    [CLIENTS_CNT] => 0
    [TOV_NAME] => CrossActivity
    [ACC] => 0
    [CNTTRAN] => 0
    [CNTTRANRESERV] => 0
)

[2026-03-24 09:05:28] [INFO] (/home/redbarbe/public_html/telegram/webapps/action/ajax_get_tren.php:61) Array
(
    [KOD] => 810630
    [TIME_FROM] => 19:00
    [TIME_TO] => 20:00               
    [CLIENTS_CNT] => 5
    [TOV_NAME] => Cycle
    [ACC] => 0
    [CNTTRAN] => 0
    [CNTTRANRESERV] => 0
)

[2026-03-24 09:05:28] [INFO] (/home/redbarbe/public_html/telegram/webapps/action/ajax_get_tren.php:61) Array
(
    [KOD] => 810010
    [TIME_FROM] => 19:00
    [TIME_TO] => 20:00               
    [CLIENTS_CNT] => 0
    [TOV_NAME] => FitnessMix
    [ACC] => 0
    [CNTTRAN] => 1
    [CNTTRANRESERV] => 0
)

[2026-03-24 09:05:28] [INFO] (/home/redbarbe/public_html/telegram/webapps/action/ajax_get_tren.php:61) Array
(
    [KOD] => 810165
    [TIME_FROM] => 19:00
    [TIME_TO] => 20:00               
    [CLIENTS_CNT] => 0
    [TOV_NAME] => Йога
    [ACC] => 0
    [CNTTRAN] => 0
    [CNTTRANRESERV] => 0
)

[2026-03-24 09:05:30] [INFO] (/home/redbarbe/public_html/telegram/webapps/action/ajax_fitness_zapis.php:22) Array
(
    [ajax_method] => 2
    [action] => ajax_fitness_zapis
    [dat] => 24.03.2026
    [acc] => 14964
    [trenid] => 810630
    [ost_all] => 5
    [ip_club] => 178.158.212.173
    [acctozapis] => 0
    [time_from] => 19:00
)

[2026-03-24 09:08:44] [INFO] (/home/redbarbe/public_html/telegram/webapps/action/hist_ost_poslug.php:19) SELECT a.name FROM `spr_acc` a, spr_users u WHERE u.active_account=a.acc and u.chat_id=a.chat_id and a.acc=232 
and u.club=(select id from spr_clubs where ip_club="109.86.110.220") limit 1
[2026-03-24 09:08:44] [INFO] (/home/redbarbe/public_html/telegram/webapps/action/hist_ost_poslug.php:20) hist_ost_poslug
[2026-03-24 09:08:44] [INFO] (/home/redbarbe/public_html/telegram/webapps/action/hist_ost_poslug.php:111) Array
(
    [acc] => 232
    [command] => GET_OST_POSLUG_ACC
)

[2026-03-24 09:08:44] [INFO] (/home/redbarbe/public_html/telegram/webapps/action/hist_ost_poslug.php:112) ip=109.86.110.220
[2026-03-24 09:36:43] [INFO] (/home/redbarbe/public_html/telegram/webapps/action/ajax_get_tren.php:35) Array
(
    [0] => Array
        (
            [KOD] => 812945
            [TIME_FROM] => 09:00
            [TIME_TO] => 10:00               
            [CLIENTS_CNT] => 0
            [TOV_NAME] => CrossActivity
            [ACC] => 0
            [CNTTRAN] => 0
            [CNTTRANRESERV] => 0
        )

    [1] => Array
        (
            [KOD] => 811853
            [TIME_FROM] => 09:00
            [TIME_TO] => 10:00               
            [CLIENTS_CNT] => 0
            [TOV_NAME] => Total Body
            [ACC] => 0
            [CNTTRAN] => 0
            [CNTTRANRESERV] => 0
        )

    [2] => Array
        (
            [KOD] => 811385
            [TIME_FROM] => 14:00
            [TIME_TO] => 15:00               
            [CLIENTS_CNT] => 0
            [TOV_NAME] => FitnessMix
            [ACC] => 0
            [CNTTRAN] => 0
            [CNTTRANRESERV] => 0
        )

    [3] => Array
        (
            [KOD] => 811541
            [TIME_FROM] => 17:00
            [TIME_TO] => 18:00               
            [CLIENTS_CNT] => 0
            [TOV_NAME] => Mobility
            [ACC] => 0
            [CNTTRAN] => 0
            [CNTTRANRESERV] => 0
        )

    [4] => Array
        (
            [KOD] => 812789
            [TIME_FROM] => 18:00
            [TIME_TO] => 19:00               
            [CLIENTS_CNT] => 0
            [TOV_NAME] => Паркур Kids
            [ACC] => 0
            [CNTTRAN] => 0
            [CNTTRANRESERV] => 0
        )

    [5] => Array
        (
            [KOD] => 812165
            [TIME_FROM] => 18:30
            [TIME_TO] => 19:30               
            [CLIENTS_CNT] => 0
            [TOV_NAME] => Pilates
            [ACC] => 0
            [CNTTRAN] => 0
            [CNTTRANRESERV] => 0
        )

    [6] => Array
        (
            [KOD] => 812477
            [TIME_FROM] => 19:00
            [TIME_TO] => 20:00               
            [CLIENTS_CNT] => 0
            [TOV_NAME] => Паркур
            [ACC] => 0
            [CNTTRAN] => 0
            [CNTTRANRESERV] => 0
        )

    [7] => Array
        (
            [KOD] => 811697
            [TIME_FROM] => 19:00
            [TIME_TO] => 20:00               
            [CLIENTS_CNT] => 0
            [TOV_NAME] => CrossActivity
            [ACC] => 0
            [CNTTRAN] => 0
            [CNTTRANRESERV] => 0
        )

    [8] => Array
        (
            [KOD] => 812321
            [TIME_FROM] => 19:30
            [TIME_TO] => 20:30               
            [CLIENTS_CNT] => 0
            [TOV_NAME] => TRX
            [ACC] => 0
            [CNTTRAN] => 0
            [CNTTRANRESERV] => 0
        )

    [9] => Array
        (
            [KOD] => 812009
            [TIME_FROM] => 20:00
            [TIME_TO] => 21:00               
            [CLIENTS_CNT] => 0
            [TOV_NAME] => CrossActivity
            [ACC] => 0
            [CNTTRAN] => 0
            [CNTTRANRESERV] => 0
        )

    [10] => Array
        (
            [KOD] => 812633
            [TIME_FROM] => 20:00
            [TIME_TO] => 21:00               
            [CLIENTS_CNT] => 0
            [TOV_NAME] => Бокс
            [ACC] => 0
            [CNTTRAN] => 0
            [CNTTRANRESERV] => 0
        )

)

[2026-03-24 09:36:43] [INFO] (/home/redbarbe/public_html/telegram/webapps/action/ajax_get_tren.php:61) Array
(
    [KOD] => 812945
    [TIME_FROM] => 09:00
    [TIME_TO] => 10:00               
    [CLIENTS_CNT] => 0
    [TOV_NAME] => CrossActivity
    [ACC] => 0
    [CNTTRAN] => 0
    [CNTTRANRESERV] => 0
)

[2026-03-24 09:36:43] [INFO] (/home/redbarbe/public_html/telegram/webapps/action/ajax_get_tren.php:61) Array
(
    [KOD] => 811853
    [TIME_FROM] => 09:00
    [TIME_TO] => 10:00               
    [CLIENTS_CNT] => 0
    [TOV_NAME] => Total Body
    [ACC] => 0
    [CNTTRAN] => 0
    [CNTTRANRESERV] => 0
)

[2026-03-24 09:36:43] [INFO] (/home/redbarbe/public_html/telegram/webapps/action/ajax_get_tren.php:61) Array
(
    [KOD] => 811385
    [TIME_FROM] => 14:00
    [TIME_TO] => 15:00               
    [CLIENTS_CNT] => 0
    [TOV_NAME] => FitnessMix
    [ACC] => 0
    [CNTTRAN] => 0
    [CNTTRANRESERV] => 0
)

[2026-03-24 09:36:43] [INFO] (/home/redbarbe/public_html/telegram/webapps/action/ajax_get_tren.php:61) Array
(
    [KOD] => 811541
    [TIME_FROM] => 17:00
    [TIME_TO] => 18:00               
    [CLIENTS_CNT] => 0
    [TOV_NAME] => Mobility
    [ACC] => 0
    [CNTTRAN] => 0
    [CNTTRANRESERV] => 0
)

[2026-03-24 09:36:43] [INFO] (/home/redbarbe/public_html/telegram/webapps/action/ajax_get_tren.php:61) Array
(
    [KOD] => 812789
    [TIME_FROM] => 18:00
    [TIME_TO] => 19:00               
    [CLIENTS_CNT] => 0
    [TOV_NAME] => Паркур Kids
    [ACC] => 0
    [CNTTRAN] => 0
    [CNTTRANRESERV] => 0
)

[2026-03-24 09:36:43] [INFO] (/home/redbarbe/public_html/telegram/webapps/action/ajax_get_tren.php:61) Array
(
    [KOD] => 812165
    [TIME_FROM] => 18:30
    [TIME_TO] => 19:30               
    [CLIENTS_CNT] => 0
    [TOV_NAME] => Pilates
    [ACC] => 0
    [CNTTRAN] => 0
    [CNTTRANRESERV] => 0
)

[2026-03-24 09:36:43] [INFO] (/home/redbarbe/public_html/telegram/webapps/action/ajax_get_tren.php:61) Array
(
    [KOD] => 812477
    [TIME_FROM] => 19:00
    [TIME_TO] => 20:00               
    [CLIENTS_CNT] => 0
    [TOV_NAME] => Паркур
    [ACC] => 0
    [CNTTRAN] => 0
    [CNTTRANRESERV] => 0
)

[2026-03-24 09:36:43] [INFO] (/home/redbarbe/public_html/telegram/webapps/action/ajax_get_tren.php:61) Array
(
    [KOD] => 811697
    [TIME_FROM] => 19:00
    [TIME_TO] => 20:00               
    [CLIENTS_CNT] => 0
    [TOV_NAME] => CrossActivity
    [ACC] => 0
    [CNTTRAN] => 0
    [CNTTRANRESERV] => 0
)

[2026-03-24 09:36:43] [INFO] (/home/redbarbe/public_html/telegram/webapps/action/ajax_get_tren.php:61) Array
(
    [KOD] => 812321
    [TIME_FROM] => 19:30
    [TIME_TO] => 20:30               
    [CLIENTS_CNT] => 0
    [TOV_NAME] => TRX
    [ACC] => 0
    [CNTTRAN] => 0
    [CNTTRANRESERV] => 0
)

[2026-03-24 09:36:43] [INFO] (/home/redbarbe/public_html/telegram/webapps/action/ajax_get_tren.php:61) Array
(
    [KOD] => 812009
    [TIME_FROM] => 20:00
    [TIME_TO] => 21:00               
    [CLIENTS_CNT] => 0
    [TOV_NAME] => CrossActivity
    [ACC] => 0
    [CNTTRAN] => 0
    [CNTTRANRESERV] => 0
)

[2026-03-24 09:36:43] [INFO] (/home/redbarbe/public_html/telegram/webapps/action/ajax_get_tren.php:61) Array
(
    [KOD] => 812633
    [TIME_FROM] => 20:00
    [TIME_TO] => 21:00               
    [CLIENTS_CNT] => 0
    [TOV_NAME] => Бокс
    [ACC] => 0
    [CNTTRAN] => 0
    [CNTTRANRESERV] => 0
)

[2026-03-24 09:43:23] [INFO] (/home/redbarbe/public_html/telegram/webapps/action/ajax_get_tren.php:35) Array
(
    [0] => Array
        (
            [KOD] => 673519
            [TIME_FROM] => 16:00
            [TIME_TO] => 17:00               
            [CLIENTS_CNT] => 0
            [TOV_NAME] => Гімнастика Kids
            [ACC] => 0
            [CNTTRAN] => 0
            [CNTTRANRESERV] => 0
        )

    [1] => Array
        (
            [KOD] => 673158
            [TIME_FROM] => 19:00
            [TIME_TO] => 20:00               
            [CLIENTS_CNT] => 0
            [TOV_NAME] => CrossActivity
            [ACC] => 0
            [CNTTRAN] => 0
            [CNTTRANRESERV] => 0
        )

    [2] => Array
        (
            [KOD] => 672797
            [TIME_FROM] => 19:00
            [TIME_TO] => 20:00               
            [CLIENTS_CNT] => 0
            [TOV_NAME] => Бокс
            [ACC] => 0
            [CNTTRAN] => 0
            [CNTTRANRESERV] => 0
        )

    [3] => Array
        (
            [KOD] => 674241
            [TIME_FROM] => 20:00
            [TIME_TO] => 21:00               
            [CLIENTS_CNT] => 0
            [TOV_NAME] => Важка Атлетика
            [ACC] => 0
            [CNTTRAN] => 0
            [CNTTRANRESERV] => 0
        )

    [4] => Array
        (
            [KOD] => 673880
            [TIME_FROM] => 20:00
            [TIME_TO] => 21:00               
            [CLIENTS_CNT] => 0
            [TOV_NAME] => Функціональний бодібілдинг
            [ACC] => 0
            [CNTTRAN] => 0
            [CNTTRANRESERV] => 0
        )

)

[2026-03-24 09:43:23] [INFO] (/home/redbarbe/public_html/telegram/webapps/action/ajax_get_tren.php:61) Array
(
    [KOD] => 673519
    [TIME_FROM] => 16:00
    [TIME_TO] => 17:00               
    [CLIENTS_CNT] => 0
    [TOV_NAME] => Гімнастика Kids
    [ACC] => 0
    [CNTTRAN] => 0
    [CNTTRANRESERV] => 0
)

[2026-03-24 09:43:23] [INFO] (/home/redbarbe/public_html/telegram/webapps/action/ajax_get_tren.php:61) Array
(
    [KOD] => 673158
    [TIME_FROM] => 19:00
    [TIME_TO] => 20:00               
    [CLIENTS_CNT] => 0
    [TOV_NAME] => CrossActivity
    [ACC] => 0
    [CNTTRAN] => 0
    [CNTTRANRESERV] => 0
)

[2026-03-24 09:43:23] [INFO] (/home/redbarbe/public_html/telegram/webapps/action/ajax_get_tren.php:61) Array
(
    [KOD] => 672797
    [TIME_FROM] => 19:00
    [TIME_TO] => 20:00               
    [CLIENTS_CNT] => 0
    [TOV_NAME] => Бокс
    [ACC] => 0
    [CNTTRAN] => 0
    [CNTTRANRESERV] => 0
)

[2026-03-24 09:43:23] [INFO] (/home/redbarbe/public_html/telegram/webapps/action/ajax_get_tren.php:61) Array
(
    [KOD] => 674241
    [TIME_FROM] => 20:00
    [TIME_TO] => 21:00               
    [CLIENTS_CNT] => 0
    [TOV_NAME] => Важка Атлетика
    [ACC] => 0
    [CNTTRAN] => 0
    [CNTTRANRESERV] => 0
)

[2026-03-24 09:43:23] [INFO] (/home/redbarbe/public_html/telegram/webapps/action/ajax_get_tren.php:61) Array
(
    [KOD] => 673880
    [TIME_FROM] => 20:00
    [TIME_TO] => 21:00               
    [CLIENTS_CNT] => 0
    [TOV_NAME] => Функціональний бодібілдинг
    [ACC] => 0
    [CNTTRAN] => 0
    [CNTTRANRESERV] => 0
)

[2026-03-24 09:43:37] [INFO] (/home/redbarbe/public_html/telegram/webapps/action/ajax_get_tren.php:35) Array
(
    [0] => Array
        (
            [KOD] => 673520
            [TIME_FROM] => 16:00
            [TIME_TO] => 17:00               
            [CLIENTS_CNT] => 0
            [TOV_NAME] => Гімнастика Kids
            [ACC] => 0
            [CNTTRAN] => 0
            [CNTTRANRESERV] => 0
        )

    [1] => Array
        (
            [KOD] => 673159
            [TIME_FROM] => 19:00
            [TIME_TO] => 20:00               
            [CLIENTS_CNT] => 0
            [TOV_NAME] => CrossActivity
            [ACC] => 0
            [CNTTRAN] => 0
            [CNTTRANRESERV] => 0
        )

    [2] => Array
        (
            [KOD] => 672798
            [TIME_FROM] => 19:00
            [TIME_TO] => 20:00               
            [CLIENTS_CNT] => 0
            [TOV_NAME] => Бокс
            [ACC] => 0
            [CNTTRAN] => 0
            [CNTTRANRESERV] => 0
        )

    [3] => Array
        (
            [KOD] => 674242
            [TIME_FROM] => 20:00
            [TIME_TO] => 21:00               
            [CLIENTS_CNT] => 0
            [TOV_NAME] => Важка Атлетика
            [ACC] => 0
            [CNTTRAN] => 0
            [CNTTRANRESERV] => 0
        )

    [4] => Array
        (
            [KOD] => 673881
            [TIME_FROM] => 20:00
            [TIME_TO] => 21:00               
            [CLIENTS_CNT] => 0
            [TOV_NAME] => Функціональний бодібілдинг
            [ACC] => 0
            [CNTTRAN] => 0
            [CNTTRANRESERV] => 0
        )

)

[2026-03-24 09:43:37] [INFO] (/home/redbarbe/public_html/telegram/webapps/action/ajax_get_tren.php:61) Array
(
    [KOD] => 673520
    [TIME_FROM] => 16:00
    [TIME_TO] => 17:00               
    [CLIENTS_CNT] => 0
    [TOV_NAME] => Гімнастика Kids
    [ACC] => 0
    [CNTTRAN] => 0
    [CNTTRANRESERV] => 0
)

[2026-03-24 09:43:37] [INFO] (/home/redbarbe/public_html/telegram/webapps/action/ajax_get_tren.php:61) Array
(
    [KOD] => 673159
    [TIME_FROM] => 19:00
    [TIME_TO] => 20:00               
    [CLIENTS_CNT] => 0
    [TOV_NAME] => CrossActivity
    [ACC] => 0
    [CNTTRAN] => 0
    [CNTTRANRESERV] => 0
)

[2026-03-24 09:43:37] [INFO] (/home/redbarbe/public_html/telegram/webapps/action/ajax_get_tren.php:61) Array
(
    [KOD] => 672798
    [TIME_FROM] => 19:00
    [TIME_TO] => 20:00               
    [CLIENTS_CNT] => 0
    [TOV_NAME] => Бокс
    [ACC] => 0
    [CNTTRAN] => 0
    [CNTTRANRESERV] => 0
)

[2026-03-24 09:43:37] [INFO] (/home/redbarbe/public_html/telegram/webapps/action/ajax_get_tren.php:61) Array
(
    [KOD] => 674242
    [TIME_FROM] => 20:00
    [TIME_TO] => 21:00               
    [CLIENTS_CNT] => 0
    [TOV_NAME] => Важка Атлетика
    [ACC] => 0
    [CNTTRAN] => 0
    [CNTTRANRESERV] => 0
)

[2026-03-24 09:43:37] [INFO] (/home/redbarbe/public_html/telegram/webapps/action/ajax_get_tren.php:61) Array
(
    [KOD] => 673881
    [TIME_FROM] => 20:00
    [TIME_TO] => 21:00               
    [CLIENTS_CNT] => 0
    [TOV_NAME] => Функціональний бодібілдинг
    [ACC] => 0
    [CNTTRAN] => 0
    [CNTTRANRESERV] => 0
)

[2026-03-24 09:44:40] [INFO] (/home/redbarbe/public_html/telegram/webapps/action/ajax_get_tren.php:35) Array
(
    [0] => Array
        (
            [KOD] => 673519
            [TIME_FROM] => 16:00
            [TIME_TO] => 17:00               
            [CLIENTS_CNT] => 0
            [TOV_NAME] => Гімнастика Kids
            [ACC] => 0
            [CNTTRAN] => 0
            [CNTTRANRESERV] => 0
        )

    [1] => Array
        (
            [KOD] => 673158
            [TIME_FROM] => 19:00
            [TIME_TO] => 20:00               
            [CLIENTS_CNT] => 0
            [TOV_NAME] => CrossActivity
            [ACC] => 0
            [CNTTRAN] => 0
            [CNTTRANRESERV] => 0
        )

    [2] => Array
        (
            [KOD] => 672797
            [TIME_FROM] => 19:00
            [TIME_TO] => 20:00               
            [CLIENTS_CNT] => 0
            [TOV_NAME] => Бокс
            [ACC] => 0
            [CNTTRAN] => 0
            [CNTTRANRESERV] => 0
        )

    [3] => Array
        (
            [KOD] => 674241
            [TIME_FROM] => 20:00
            [TIME_TO] => 21:00               
            [CLIENTS_CNT] => 0
            [TOV_NAME] => Важка Атлетика
            [ACC] => 0
            [CNTTRAN] => 0
            [CNTTRANRESERV] => 0
        )

    [4] => Array
        (
            [KOD] => 673880
            [TIME_FROM] => 20:00
            [TIME_TO] => 21:00               
            [CLIENTS_CNT] => 0
            [TOV_NAME] => Функціональний бодібілдинг
            [ACC] => 0
            [CNTTRAN] => 0
            [CNTTRANRESERV] => 0
        )

)

[2026-03-24 09:44:40] [INFO] (/home/redbarbe/public_html/telegram/webapps/action/ajax_get_tren.php:61) Array
(
    [KOD] => 673519
    [TIME_FROM] => 16:00
    [TIME_TO] => 17:00               
    [CLIENTS_CNT] => 0
    [TOV_NAME] => Гімнастика Kids
    [ACC] => 0
    [CNTTRAN] => 0
    [CNTTRANRESERV] => 0
)

[2026-03-24 09:44:40] [INFO] (/home/redbarbe/public_html/telegram/webapps/action/ajax_get_tren.php:61) Array
(
    [KOD] => 673158
    [TIME_FROM] => 19:00
    [TIME_TO] => 20:00               
    [CLIENTS_CNT] => 0
    [TOV_NAME] => CrossActivity
    [ACC] => 0
    [CNTTRAN] => 0
    [CNTTRANRESERV] => 0
)

[2026-03-24 09:44:40] [INFO] (/home/redbarbe/public_html/telegram/webapps/action/ajax_get_tren.php:61) Array
(
    [KOD] => 672797
    [TIME_FROM] => 19:00
    [TIME_TO] => 20:00               
    [CLIENTS_CNT] => 0
    [TOV_NAME] => Бокс
    [ACC] => 0
    [CNTTRAN] => 0
    [CNTTRANRESERV] => 0
)

[2026-03-24 09:44:40] [INFO] (/home/redbarbe/public_html/telegram/webapps/action/ajax_get_tren.php:61) Array
(
    [KOD] => 674241
    [TIME_FROM] => 20:00
    [TIME_TO] => 21:00               
    [CLIENTS_CNT] => 0
    [TOV_NAME] => Важка Атлетика
    [ACC] => 0
    [CNTTRAN] => 0
    [CNTTRANRESERV] => 0
)

[2026-03-24 09:44:40] [INFO] (/home/redbarbe/public_html/telegram/webapps/action/ajax_get_tren.php:61) Array
(
    [KOD] => 673880
    [TIME_FROM] => 20:00
    [TIME_TO] => 21:00               
    [CLIENTS_CNT] => 0
    [TOV_NAME] => Функціональний бодібілдинг
    [ACC] => 0
    [CNTTRAN] => 0
    [CNTTRANRESERV] => 0
)

[2026-03-24 09:44:45] [INFO] (/home/redbarbe/public_html/telegram/webapps/action/ajax_get_tren.php:35) Array
(
    [0] => Array
        (
            [KOD] => 667755
            [TIME_FROM] => 16:00
            [TIME_TO] => 17:00               
            [CLIENTS_CNT] => 0
            [TOV_NAME] => Гімнастика Kids
            [ACC] => 0
            [CNTTRAN] => 0
            [CNTTRANRESERV] => 0
        )

    [1] => Array
        (
            [KOD] => 667547
            [TIME_FROM] => 19:00
            [TIME_TO] => 20:00               
            [CLIENTS_CNT] => 0
            [TOV_NAME] => CrossActivity
            [ACC] => 0
            [CNTTRAN] => 0
            [CNTTRANRESERV] => 0
        )

    [2] => Array
        (
            [KOD] => 667339
            [TIME_FROM] => 19:00
            [TIME_TO] => 20:00               
            [CLIENTS_CNT] => 0
            [TOV_NAME] => Бокс
            [ACC] => 0
            [CNTTRAN] => 0
            [CNTTRANRESERV] => 0
        )

    [3] => Array
        (
            [KOD] => 668379
            [TIME_FROM] => 20:00
            [TIME_TO] => 21:00               
            [CLIENTS_CNT] => 0
            [TOV_NAME] => Важка Атлетика
            [ACC] => 0
            [CNTTRAN] => 0
            [CNTTRANRESERV] => 0
        )

    [4] => Array
        (
            [KOD] => 668171
            [TIME_FROM] => 20:00
            [TIME_TO] => 21:00               
            [CLIENTS_CNT] => 0
            [TOV_NAME] => Функціональний бодібілдинг
            [ACC] => 0
            [CNTTRAN] => 0
            [CNTTRANRESERV] => 0
        )

)

[2026-03-24 09:44:45] [INFO] (/home/redbarbe/public_html/telegram/webapps/action/ajax_get_tren.php:61) Array
(
    [KOD] => 667755
    [TIME_FROM] => 16:00
    [TIME_TO] => 17:00               
    [CLIENTS_CNT] => 0
    [TOV_NAME] => Гімнастика Kids
    [ACC] => 0
    [CNTTRAN] => 0
    [CNTTRANRESERV] => 0
)

[2026-03-24 09:44:45] [INFO] (/home/redbarbe/public_html/telegram/webapps/action/ajax_get_tren.php:61) Array
(
    [KOD] => 667547
    [TIME_FROM] => 19:00
    [TIME_TO] => 20:00               
    [CLIENTS_CNT] => 0
    [TOV_NAME] => CrossActivity
    [ACC] => 0
    [CNTTRAN] => 0
    [CNTTRANRESERV] => 0
)

[2026-03-24 09:44:45] [INFO] (/home/redbarbe/public_html/telegram/webapps/action/ajax_get_tren.php:61) Array
(
    [KOD] => 667339
    [TIME_FROM] => 19:00
    [TIME_TO] => 20:00               
    [CLIENTS_CNT] => 0
    [TOV_NAME] => Бокс
    [ACC] => 0
    [CNTTRAN] => 0
    [CNTTRANRESERV] => 0
)

[2026-03-24 09:44:45] [INFO] (/home/redbarbe/public_html/telegram/webapps/action/ajax_get_tren.php:61) Array
(
    [KOD] => 668379
    [TIME_FROM] => 20:00
    [TIME_TO] => 21:00               
    [CLIENTS_CNT] => 0
    [TOV_NAME] => Важка Атлетика
    [ACC] => 0
    [CNTTRAN] => 0
    [CNTTRANRESERV] => 0
)

[2026-03-24 09:44:45] [INFO] (/home/redbarbe/public_html/telegram/webapps/action/ajax_get_tren.php:61) Array
(
    [KOD] => 668171
    [TIME_FROM] => 20:00
    [TIME_TO] => 21:00               
    [CLIENTS_CNT] => 0
    [TOV_NAME] => Функціональний бодібілдинг
    [ACC] => 0
    [CNTTRAN] => 0
    [CNTTRANRESERV] => 0
)

[2026-03-24 09:44:52] [INFO] (/home/redbarbe/public_html/telegram/webapps/action/ajax_get_tren.php:35) Array
(
    [0] => Array
        (
            [KOD] => 673521
            [TIME_FROM] => 16:00
            [TIME_TO] => 17:00               
            [CLIENTS_CNT] => 0
            [TOV_NAME] => Гімнастика Kids
            [ACC] => 0
            [CNTTRAN] => 0
            [CNTTRANRESERV] => 0
        )

    [1] => Array
        (
            [KOD] => 673160
            [TIME_FROM] => 19:00
            [TIME_TO] => 20:00               
            [CLIENTS_CNT] => 0
            [TOV_NAME] => CrossActivity
            [ACC] => 0
            [CNTTRAN] => 0
            [CNTTRANRESERV] => 0
        )

    [2] => Array
        (
            [KOD] => 672799
            [TIME_FROM] => 19:00
            [TIME_TO] => 20:00               
            [CLIENTS_CNT] => 0
            [TOV_NAME] => Бокс
            [ACC] => 0
            [CNTTRAN] => 0
            [CNTTRANRESERV] => 0
        )

    [3] => Array
        (
            [KOD] => 674243
            [TIME_FROM] => 20:00
            [TIME_TO] => 21:00               
            [CLIENTS_CNT] => 0
            [TOV_NAME] => Важка Атлетика
            [ACC] => 0
            [CNTTRAN] => 0
            [CNTTRANRESERV] => 0
        )

    [4] => Array
        (
            [KOD] => 673882
            [TIME_FROM] => 20:00
            [TIME_TO] => 21:00               
            [CLIENTS_CNT] => 0
            [TOV_NAME] => Функціональний бодібілдинг
            [ACC] => 0
            [CNTTRAN] => 0
            [CNTTRANRESERV] => 0
        )

)

[2026-03-24 09:44:52] [INFO] (/home/redbarbe/public_html/telegram/webapps/action/ajax_get_tren.php:61) Array
(
    [KOD] => 673521
    [TIME_FROM] => 16:00
    [TIME_TO] => 17:00               
    [CLIENTS_CNT] => 0
    [TOV_NAME] => Гімнастика Kids
    [ACC] => 0
    [CNTTRAN] => 0
    [CNTTRANRESERV] => 0
)

[2026-03-24 09:44:52] [INFO] (/home/redbarbe/public_html/telegram/webapps/action/ajax_get_tren.php:61) Array
(
    [KOD] => 673160
    [TIME_FROM] => 19:00
    [TIME_TO] => 20:00               
    [CLIENTS_CNT] => 0
    [TOV_NAME] => CrossActivity
    [ACC] => 0
    [CNTTRAN] => 0
    [CNTTRANRESERV] => 0
)

[2026-03-24 09:44:52] [INFO] (/home/redbarbe/public_html/telegram/webapps/action/ajax_get_tren.php:61) Array
(
    [KOD] => 672799
    [TIME_FROM] => 19:00
    [TIME_TO] => 20:00               
    [CLIENTS_CNT] => 0
    [TOV_NAME] => Бокс
    [ACC] => 0
    [CNTTRAN] => 0
    [CNTTRANRESERV] => 0
)

[2026-03-24 09:44:52] [INFO] (/home/redbarbe/public_html/telegram/webapps/action/ajax_get_tren.php:61) Array
(
    [KOD] => 674243
    [TIME_FROM] => 20:00
    [TIME_TO] => 21:00               
    [CLIENTS_CNT] => 0
    [TOV_NAME] => Важка Атлетика
    [ACC] => 0
    [CNTTRAN] => 0
    [CNTTRANRESERV] => 0
)

[2026-03-24 09:44:52] [INFO] (/home/redbarbe/public_html/telegram/webapps/action/ajax_get_tren.php:61) Array
(
    [KOD] => 673882
    [TIME_FROM] => 20:00
    [TIME_TO] => 21:00               
    [CLIENTS_CNT] => 0
    [TOV_NAME] => Функціональний бодібілдинг
    [ACC] => 0
    [CNTTRAN] => 0
    [CNTTRANRESERV] => 0
)

[2026-03-24 09:44:57] [INFO] (/home/redbarbe/public_html/telegram/webapps/action/ajax_get_tren.php:35) Array
(
    [0] => Array
        (
            [KOD] => 673520
            [TIME_FROM] => 16:00
            [TIME_TO] => 17:00               
            [CLIENTS_CNT] => 0
            [TOV_NAME] => Гімнастика Kids
            [ACC] => 0
            [CNTTRAN] => 0
            [CNTTRANRESERV] => 0
        )

    [1] => Array
        (
            [KOD] => 673159
            [TIME_FROM] => 19:00
            [TIME_TO] => 20:00               
            [CLIENTS_CNT] => 0
            [TOV_NAME] => CrossActivity
            [ACC] => 0
            [CNTTRAN] => 0
            [CNTTRANRESERV] => 0
        )

    [2] => Array
        (
            [KOD] => 672798
            [TIME_FROM] => 19:00
            [TIME_TO] => 20:00               
            [CLIENTS_CNT] => 0
            [TOV_NAME] => Бокс
            [ACC] => 0
            [CNTTRAN] => 0
            [CNTTRANRESERV] => 0
        )

    [3] => Array
        (
            [KOD] => 674242
            [TIME_FROM] => 20:00
            [TIME_TO] => 21:00               
            [CLIENTS_CNT] => 0
            [TOV_NAME] => Важка Атлетика
            [ACC] => 0
            [CNTTRAN] => 0
            [CNTTRANRESERV] => 0
        )

    [4] => Array
        (
            [KOD] => 673881
            [TIME_FROM] => 20:00
            [TIME_TO] => 21:00               
            [CLIENTS_CNT] => 0
            [TOV_NAME] => Функціональний бодібілдинг
            [ACC] => 0
            [CNTTRAN] => 0
            [CNTTRANRESERV] => 0
        )

)

[2026-03-24 09:44:57] [INFO] (/home/redbarbe/public_html/telegram/webapps/action/ajax_get_tren.php:61) Array
(
    [KOD] => 673520
    [TIME_FROM] => 16:00
    [TIME_TO] => 17:00               
    [CLIENTS_CNT] => 0
    [TOV_NAME] => Гімнастика Kids
    [ACC] => 0
    [CNTTRAN] => 0
    [CNTTRANRESERV] => 0
)

[2026-03-24 09:44:57] [INFO] (/home/redbarbe/public_html/telegram/webapps/action/ajax_get_tren.php:61) Array
(
    [KOD] => 673159
    [TIME_FROM] => 19:00
    [TIME_TO] => 20:00               
    [CLIENTS_CNT] => 0
    [TOV_NAME] => CrossActivity
    [ACC] => 0
    [CNTTRAN] => 0
    [CNTTRANRESERV] => 0
)

[2026-03-24 09:44:57] [INFO] (/home/redbarbe/public_html/telegram/webapps/action/ajax_get_tren.php:61) Array
(
    [KOD] => 672798
    [TIME_FROM] => 19:00
    [TIME_TO] => 20:00               
    [CLIENTS_CNT] => 0
    [TOV_NAME] => Бокс
    [ACC] => 0
    [CNTTRAN] => 0
    [CNTTRANRESERV] => 0
)

[2026-03-24 09:44:57] [INFO] (/home/redbarbe/public_html/telegram/webapps/action/ajax_get_tren.php:61) Array
(
    [KOD] => 674242
    [TIME_FROM] => 20:00
    [TIME_TO] => 21:00               
    [CLIENTS_CNT] => 0
    [TOV_NAME] => Важка Атлетика
    [ACC] => 0
    [CNTTRAN] => 0
    [CNTTRANRESERV] => 0
)

[2026-03-24 09:44:57] [INFO] (/home/redbarbe/public_html/telegram/webapps/action/ajax_get_tren.php:61) Array
(
    [KOD] => 673881
    [TIME_FROM] => 20:00
    [TIME_TO] => 21:00               
    [CLIENTS_CNT] => 0
    [TOV_NAME] => Функціональний бодібілдинг
    [ACC] => 0
    [CNTTRAN] => 0
    [CNTTRANRESERV] => 0
)

[2026-03-24 09:45:00] [INFO] (/home/redbarbe/public_html/telegram/webapps/action/ajax_get_tren.php:35) Array
(
    [0] => Array
        (
            [KOD] => 673521
            [TIME_FROM] => 16:00
            [TIME_TO] => 17:00               
            [CLIENTS_CNT] => 0
            [TOV_NAME] => Гімнастика Kids
            [ACC] => 0
            [CNTTRAN] => 0
            [CNTTRANRESERV] => 0
        )

    [1] => Array
        (
            [KOD] => 673160
            [TIME_FROM] => 19:00
            [TIME_TO] => 20:00               
            [CLIENTS_CNT] => 0
            [TOV_NAME] => CrossActivity
            [ACC] => 0
            [CNTTRAN] => 0
            [CNTTRANRESERV] => 0
        )

    [2] => Array
        (
            [KOD] => 672799
            [TIME_FROM] => 19:00
            [TIME_TO] => 20:00               
            [CLIENTS_CNT] => 0
            [TOV_NAME] => Бокс
            [ACC] => 0
            [CNTTRAN] => 0
            [CNTTRANRESERV] => 0
        )

    [3] => Array
        (
            [KOD] => 674243
            [TIME_FROM] => 20:00
            [TIME_TO] => 21:00               
            [CLIENTS_CNT] => 0
            [TOV_NAME] => Важка Атлетика
            [ACC] => 0
            [CNTTRAN] => 0
            [CNTTRANRESERV] => 0
        )

    [4] => Array
        (
            [KOD] => 673882
            [TIME_FROM] => 20:00
            [TIME_TO] => 21:00               
            [CLIENTS_CNT] => 0
            [TOV_NAME] => Функціональний бодібілдинг
            [ACC] => 0
            [CNTTRAN] => 0
            [CNTTRANRESERV] => 0
        )

)

[2026-03-24 09:45:00] [INFO] (/home/redbarbe/public_html/telegram/webapps/action/ajax_get_tren.php:61) Array
(
    [KOD] => 673521
    [TIME_FROM] => 16:00
    [TIME_TO] => 17:00               
    [CLIENTS_CNT] => 0
    [TOV_NAME] => Гімнастика Kids
    [ACC] => 0
    [CNTTRAN] => 0
    [CNTTRANRESERV] => 0
)

[2026-03-24 09:45:00] [INFO] (/home/redbarbe/public_html/telegram/webapps/action/ajax_get_tren.php:61) Array
(
    [KOD] => 673160
    [TIME_FROM] => 19:00
    [TIME_TO] => 20:00               
    [CLIENTS_CNT] => 0
    [TOV_NAME] => CrossActivity
    [ACC] => 0
    [CNTTRAN] => 0
    [CNTTRANRESERV] => 0
)

[2026-03-24 09:45:00] [INFO] (/home/redbarbe/public_html/telegram/webapps/action/ajax_get_tren.php:61) Array
(
    [KOD] => 672799
    [TIME_FROM] => 19:00
    [TIME_TO] => 20:00               
    [CLIENTS_CNT] => 0
    [TOV_NAME] => Бокс
    [ACC] => 0
    [CNTTRAN] => 0
    [CNTTRANRESERV] => 0
)

[2026-03-24 09:45:00] [INFO] (/home/redbarbe/public_html/telegram/webapps/action/ajax_get_tren.php:61) Array
(
    [KOD] => 674243
    [TIME_FROM] => 20:00
    [TIME_TO] => 21:00               
    [CLIENTS_CNT] => 0
    [TOV_NAME] => Важка Атлетика
    [ACC] => 0
    [CNTTRAN] => 0
    [CNTTRANRESERV] => 0
)

[2026-03-24 09:45:00] [INFO] (/home/redbarbe/public_html/telegram/webapps/action/ajax_get_tren.php:61) Array
(
    [KOD] => 673882
    [TIME_FROM] => 20:00
    [TIME_TO] => 21:00               
    [CLIENTS_CNT] => 0
    [TOV_NAME] => Функціональний бодібілдинг
    [ACC] => 0
    [CNTTRAN] => 0
    [CNTTRANRESERV] => 0
)

[2026-03-24 09:45:17] [INFO] (/home/redbarbe/public_html/telegram/webapps/action/ajax_get_tren.php:35) Array
(
    [0] => Array
        (
            [KOD] => 673521
            [TIME_FROM] => 16:00
            [TIME_TO] => 17:00               
            [CLIENTS_CNT] => 0
            [TOV_NAME] => Гімнастика Kids
            [ACC] => 0
            [CNTTRAN] => 0
            [CNTTRANRESERV] => 0
        )

    [1] => Array
        (
            [KOD] => 673160
            [TIME_FROM] => 19:00
            [TIME_TO] => 20:00               
            [CLIENTS_CNT] => 0
            [TOV_NAME] => CrossActivity
            [ACC] => 0
            [CNTTRAN] => 0
            [CNTTRANRESERV] => 0
        )

    [2] => Array
        (
            [KOD] => 672799
            [TIME_FROM] => 19:00
            [TIME_TO] => 20:00               
            [CLIENTS_CNT] => 0
            [TOV_NAME] => Бокс
            [ACC] => 0
            [CNTTRAN] => 0
            [CNTTRANRESERV] => 0
        )

    [3] => Array
        (
            [KOD] => 674243
            [TIME_FROM] => 20:00
            [TIME_TO] => 21:00               
            [CLIENTS_CNT] => 0
            [TOV_NAME] => Важка Атлетика
            [ACC] => 0
            [CNTTRAN] => 0
            [CNTTRANRESERV] => 0
        )

    [4] => Array
        (
            [KOD] => 673882
            [TIME_FROM] => 20:00
            [TIME_TO] => 21:00               
            [CLIENTS_CNT] => 0
            [TOV_NAME] => Функціональний бодібілдинг
            [ACC] => 0
            [CNTTRAN] => 0
            [CNTTRANRESERV] => 0
        )

)

[2026-03-24 09:45:17] [INFO] (/home/redbarbe/public_html/telegram/webapps/action/ajax_get_tren.php:61) Array
(
    [KOD] => 673521
    [TIME_FROM] => 16:00
    [TIME_TO] => 17:00               
    [CLIENTS_CNT] => 0
    [TOV_NAME] => Гімнастика Kids
    [ACC] => 0
    [CNTTRAN] => 0
    [CNTTRANRESERV] => 0
)

[2026-03-24 09:45:17] [INFO] (/home/redbarbe/public_html/telegram/webapps/action/ajax_get_tren.php:61) Array
(
    [KOD] => 673160
    [TIME_FROM] => 19:00
    [TIME_TO] => 20:00               
    [CLIENTS_CNT] => 0
    [TOV_NAME] => CrossActivity
    [ACC] => 0
    [CNTTRAN] => 0
    [CNTTRANRESERV] => 0
)

[2026-03-24 09:45:17] [INFO] (/home/redbarbe/public_html/telegram/webapps/action/ajax_get_tren.php:61) Array
(
    [KOD] => 672799
    [TIME_FROM] => 19:00
    [TIME_TO] => 20:00               
    [CLIENTS_CNT] => 0
    [TOV_NAME] => Бокс
    [ACC] => 0
    [CNTTRAN] => 0
    [CNTTRANRESERV] => 0
)

[2026-03-24 09:45:17] [INFO] (/home/redbarbe/public_html/telegram/webapps/action/ajax_get_tren.php:61) Array
(
    [KOD] => 674243
    [TIME_FROM] => 20:00
    [TIME_TO] => 21:00               
    [CLIENTS_CNT] => 0
    [TOV_NAME] => Важка Атлетика
    [ACC] => 0
    [CNTTRAN] => 0
    [CNTTRANRESERV] => 0
)

[2026-03-24 09:45:17] [INFO] (/home/redbarbe/public_html/telegram/webapps/action/ajax_get_tren.php:61) Array
(
    [KOD] => 673882
    [TIME_FROM] => 20:00
    [TIME_TO] => 21:00               
    [CLIENTS_CNT] => 0
    [TOV_NAME] => Функціональний бодібілдинг
    [ACC] => 0
    [CNTTRAN] => 0
    [CNTTRANRESERV] => 0
)

[2026-03-24 09:45:27] [INFO] (/home/redbarbe/public_html/telegram/webapps/action/ajax_get_tren.php:35) Array
(
    [0] => Array
        (
            [KOD] => 809700
            [TIME_FROM] => 10:00
            [TIME_TO] => 11:00               
            [CLIENTS_CNT] => 0
            [TOV_NAME] => Йога
            [ACC] => 0
            [CNTTRAN] => 0
            [CNTTRANRESERV] => 0
        )

    [1] => Array
        (
            [KOD] => 810320
            [TIME_FROM] => 18:00
            [TIME_TO] => 19:00               
            [CLIENTS_CNT] => 0
            [TOV_NAME] => Паркур Kids
            [ACC] => 0
            [CNTTRAN] => 0
            [CNTTRANRESERV] => 0
        )

    [2] => Array
        (
            [KOD] => 809855
            [TIME_FROM] => 19:00
            [TIME_TO] => 20:00               
            [CLIENTS_CNT] => 0
            [TOV_NAME] => Паркур
            [ACC] => 0
            [CNTTRAN] => 0
            [CNTTRANRESERV] => 0
        )

    [3] => Array
        (
            [KOD] => 810475
            [TIME_FROM] => 19:00
            [TIME_TO] => 20:00               
            [CLIENTS_CNT] => 0
            [TOV_NAME] => CrossActivity
            [ACC] => 0
            [CNTTRAN] => 0
            [CNTTRANRESERV] => 0
        )

    [4] => Array
        (
            [KOD] => 810630
            [TIME_FROM] => 19:00
            [TIME_TO] => 20:00               
            [CLIENTS_CNT] => 5
            [TOV_NAME] => Cycle
            [ACC] => 0
            [CNTTRAN] => 1
            [CNTTRANRESERV] => 0
        )

    [5] => Array
        (
            [KOD] => 810010
            [TIME_FROM] => 19:00
            [TIME_TO] => 20:00               
            [CLIENTS_CNT] => 0
            [TOV_NAME] => FitnessMix
            [ACC] => 0
            [CNTTRAN] => 1
            [CNTTRANRESERV] => 0
        )

    [6] => Array
        (
            [KOD] => 810165
            [TIME_FROM] => 19:00
            [TIME_TO] => 20:00               
            [CLIENTS_CNT] => 0
            [TOV_NAME] => Йога
            [ACC] => 0
            [CNTTRAN] => 0
            [CNTTRANRESERV] => 0
        )

)

[2026-03-24 09:45:27] [INFO] (/home/redbarbe/public_html/telegram/webapps/action/ajax_get_tren.php:61) Array
(
    [KOD] => 809700
    [TIME_FROM] => 10:00
    [TIME_TO] => 11:00               
    [CLIENTS_CNT] => 0
    [TOV_NAME] => Йога
    [ACC] => 0
    [CNTTRAN] => 0
    [CNTTRANRESERV] => 0
)

[2026-03-24 09:45:27] [INFO] (/home/redbarbe/public_html/telegram/webapps/action/ajax_get_tren.php:61) Array
(
    [KOD] => 810320
    [TIME_FROM] => 18:00
    [TIME_TO] => 19:00               
    [CLIENTS_CNT] => 0
    [TOV_NAME] => Паркур Kids
    [ACC] => 0
    [CNTTRAN] => 0
    [CNTTRANRESERV] => 0
)

[2026-03-24 09:45:27] [INFO] (/home/redbarbe/public_html/telegram/webapps/action/ajax_get_tren.php:61) Array
(
    [KOD] => 809855
    [TIME_FROM] => 19:00
    [TIME_TO] => 20:00               
    [CLIENTS_CNT] => 0
    [TOV_NAME] => Паркур
    [ACC] => 0
    [CNTTRAN] => 0
    [CNTTRANRESERV] => 0
)

[2026-03-24 09:45:27] [INFO] (/home/redbarbe/public_html/telegram/webapps/action/ajax_get_tren.php:61) Array
(
    [KOD] => 810475
    [TIME_FROM] => 19:00
    [TIME_TO] => 20:00               
    [CLIENTS_CNT] => 0
    [TOV_NAME] => CrossActivity
    [ACC] => 0
    [CNTTRAN] => 0
    [CNTTRANRESERV] => 0
)

[2026-03-24 09:45:27] [INFO] (/home/redbarbe/public_html/telegram/webapps/action/ajax_get_tren.php:61) Array
(
    [KOD] => 810630
    [TIME_FROM] => 19:00
    [TIME_TO] => 20:00               
    [CLIENTS_CNT] => 5
    [TOV_NAME] => Cycle
    [ACC] => 0
    [CNTTRAN] => 1
    [CNTTRANRESERV] => 0
)

[2026-03-24 09:45:27] [INFO] (/home/redbarbe/public_html/telegram/webapps/action/ajax_get_tren.php:61) Array
(
    [KOD] => 810010
    [TIME_FROM] => 19:00
    [TIME_TO] => 20:00               
    [CLIENTS_CNT] => 0
    [TOV_NAME] => FitnessMix
    [ACC] => 0
    [CNTTRAN] => 1
    [CNTTRANRESERV] => 0
)

[2026-03-24 09:45:27] [INFO] (/home/redbarbe/public_html/telegram/webapps/action/ajax_get_tren.php:61) Array
(
    [KOD] => 810165
    [TIME_FROM] => 19:00
    [TIME_TO] => 20:00               
    [CLIENTS_CNT] => 0
    [TOV_NAME] => Йога
    [ACC] => 0
    [CNTTRAN] => 0
    [CNTTRANRESERV] => 0
)

[2026-03-24 09:45:32] [INFO] (/home/redbarbe/public_html/telegram/webapps/action/ajax_fitness_zapis.php:22) Array
(
    [ajax_method] => 2
    [action] => ajax_fitness_zapis
    [dat] => 24.03.2026
    [acc] => 11011
    [trenid] => 810630
    [ost_all] => 4
    [ip_club] => 178.158.212.173
    [acctozapis] => 0
    [time_from] => 19:00
)

[2026-03-24 09:45:56] [INFO] (/home/redbarbe/public_html/telegram/webapps/action/ajax_get_tren.php:35) Array
(
    [0] => Array
        (
            [KOD] => 673520
            [TIME_FROM] => 16:00
            [TIME_TO] => 17:00               
            [CLIENTS_CNT] => 0
            [TOV_NAME] => Гімнастика Kids
            [ACC] => 0
            [CNTTRAN] => 0
            [CNTTRANRESERV] => 0
        )

    [1] => Array
        (
            [KOD] => 673159
            [TIME_FROM] => 19:00
            [TIME_TO] => 20:00               
            [CLIENTS_CNT] => 0
            [TOV_NAME] => CrossActivity
            [ACC] => 0
            [CNTTRAN] => 0
            [CNTTRANRESERV] => 0
        )

    [2] => Array
        (
            [KOD] => 672798
            [TIME_FROM] => 19:00
            [TIME_TO] => 20:00               
            [CLIENTS_CNT] => 0
            [TOV_NAME] => Бокс
            [ACC] => 0
            [CNTTRAN] => 0
            [CNTTRANRESERV] => 0
        )

    [3] => Array
        (
            [KOD] => 674242
            [TIME_FROM] => 20:00
            [TIME_TO] => 21:00               
            [CLIENTS_CNT] => 0
            [TOV_NAME] => Важка Атлетика
            [ACC] => 0
            [CNTTRAN] => 0
            [CNTTRANRESERV] => 0
        )

    [4] => Array
        (
            [KOD] => 673881
            [TIME_FROM] => 20:00
            [TIME_TO] => 21:00               
            [CLIENTS_CNT] => 0
            [TOV_NAME] => Функціональний бодібілдинг
            [ACC] => 0
            [CNTTRAN] => 0
            [CNTTRANRESERV] => 0
        )

)

[2026-03-24 09:45:56] [INFO] (/home/redbarbe/public_html/telegram/webapps/action/ajax_get_tren.php:61) Array
(
    [KOD] => 673520
    [TIME_FROM] => 16:00
    [TIME_TO] => 17:00               
    [CLIENTS_CNT] => 0
    [TOV_NAME] => Гімнастика Kids
    [ACC] => 0
    [CNTTRAN] => 0
    [CNTTRANRESERV] => 0
)

[2026-03-24 09:45:56] [INFO] (/home/redbarbe/public_html/telegram/webapps/action/ajax_get_tren.php:61) Array
(
    [KOD] => 673159
    [TIME_FROM] => 19:00
    [TIME_TO] => 20:00               
    [CLIENTS_CNT] => 0
    [TOV_NAME] => CrossActivity
    [ACC] => 0
    [CNTTRAN] => 0
    [CNTTRANRESERV] => 0
)

[2026-03-24 09:45:56] [INFO] (/home/redbarbe/public_html/telegram/webapps/action/ajax_get_tren.php:61) Array
(
    [KOD] => 672798
    [TIME_FROM] => 19:00
    [TIME_TO] => 20:00               
    [CLIENTS_CNT] => 0
    [TOV_NAME] => Бокс
    [ACC] => 0
    [CNTTRAN] => 0
    [CNTTRANRESERV] => 0
)

[2026-03-24 09:45:56] [INFO] (/home/redbarbe/public_html/telegram/webapps/action/ajax_get_tren.php:61) Array
(
    [KOD] => 674242
    [TIME_FROM] => 20:00
    [TIME_TO] => 21:00               
    [CLIENTS_CNT] => 0
    [TOV_NAME] => Важка Атлетика
    [ACC] => 0
    [CNTTRAN] => 0
    [CNTTRANRESERV] => 0
)

[2026-03-24 09:45:56] [INFO] (/home/redbarbe/public_html/telegram/webapps/action/ajax_get_tren.php:61) Array
(
    [KOD] => 673881
    [TIME_FROM] => 20:00
    [TIME_TO] => 21:00               
    [CLIENTS_CNT] => 0
    [TOV_NAME] => Функціональний бодібілдинг
    [ACC] => 0
    [CNTTRAN] => 0
    [CNTTRANRESERV] => 0
)

[2026-03-24 09:45:58] [INFO] (/home/redbarbe/public_html/telegram/webapps/action/ajax_get_tren.php:35) Array
(
    [0] => Array
        (
            [KOD] => 673519
            [TIME_FROM] => 16:00
            [TIME_TO] => 17:00               
            [CLIENTS_CNT] => 0
            [TOV_NAME] => Гімнастика Kids
            [ACC] => 0
            [CNTTRAN] => 0
            [CNTTRANRESERV] => 0
        )

    [1] => Array
        (
            [KOD] => 673158
            [TIME_FROM] => 19:00
            [TIME_TO] => 20:00               
            [CLIENTS_CNT] => 0
            [TOV_NAME] => CrossActivity
            [ACC] => 0
            [CNTTRAN] => 0
            [CNTTRANRESERV] => 0
        )

    [2] => Array
        (
            [KOD] => 672797
            [TIME_FROM] => 19:00
            [TIME_TO] => 20:00               
            [CLIENTS_CNT] => 0
            [TOV_NAME] => Бокс
            [ACC] => 0
            [CNTTRAN] => 0
            [CNTTRANRESERV] => 0
        )

    [3] => Array
        (
            [KOD] => 674241
            [TIME_FROM] => 20:00
            [TIME_TO] => 21:00               
            [CLIENTS_CNT] => 0
            [TOV_NAME] => Важка Атлетика
            [ACC] => 0
            [CNTTRAN] => 0
            [CNTTRANRESERV] => 0
        )

    [4] => Array
        (
            [KOD] => 673880
            [TIME_FROM] => 20:00
            [TIME_TO] => 21:00               
            [CLIENTS_CNT] => 0
            [TOV_NAME] => Функціональний бодібілдинг
            [ACC] => 0
            [CNTTRAN] => 0
            [CNTTRANRESERV] => 0
        )

)

[2026-03-24 09:45:58] [INFO] (/home/redbarbe/public_html/telegram/webapps/action/ajax_get_tren.php:61) Array
(
    [KOD] => 673519
    [TIME_FROM] => 16:00
    [TIME_TO] => 17:00               
    [CLIENTS_CNT] => 0
    [TOV_NAME] => Гімнастика Kids
    [ACC] => 0
    [CNTTRAN] => 0
    [CNTTRANRESERV] => 0
)

[2026-03-24 09:45:58] [INFO] (/home/redbarbe/public_html/telegram/webapps/action/ajax_get_tren.php:61) Array
(
    [KOD] => 673158
    [TIME_FROM] => 19:00
    [TIME_TO] => 20:00               
    [CLIENTS_CNT] => 0
    [TOV_NAME] => CrossActivity
    [ACC] => 0
    [CNTTRAN] => 0
    [CNTTRANRESERV] => 0
)

[2026-03-24 09:45:58] [INFO] (/home/redbarbe/public_html/telegram/webapps/action/ajax_get_tren.php:61) Array
(
    [KOD] => 672797
    [TIME_FROM] => 19:00
    [TIME_TO] => 20:00               
    [CLIENTS_CNT] => 0
    [TOV_NAME] => Бокс
    [ACC] => 0
    [CNTTRAN] => 0
    [CNTTRANRESERV] => 0
)

[2026-03-24 09:45:58] [INFO] (/home/redbarbe/public_html/telegram/webapps/action/ajax_get_tren.php:61) Array
(
    [KOD] => 674241
    [TIME_FROM] => 20:00
    [TIME_TO] => 21:00               
    [CLIENTS_CNT] => 0
    [TOV_NAME] => Важка Атлетика
    [ACC] => 0
    [CNTTRAN] => 0
    [CNTTRANRESERV] => 0
)

[2026-03-24 09:45:58] [INFO] (/home/redbarbe/public_html/telegram/webapps/action/ajax_get_tren.php:61) Array
(
    [KOD] => 673880
    [TIME_FROM] => 20:00
    [TIME_TO] => 21:00               
    [CLIENTS_CNT] => 0
    [TOV_NAME] => Функціональний бодібілдинг
    [ACC] => 0
    [CNTTRAN] => 0
    [CNTTRANRESERV] => 0
)

[2026-03-24 09:46:00] [INFO] (/home/redbarbe/public_html/telegram/webapps/action/ajax_get_tren.php:35) Array
(
    [0] => Array
        (
            [KOD] => 667755
            [TIME_FROM] => 16:00
            [TIME_TO] => 17:00               
            [CLIENTS_CNT] => 0
            [TOV_NAME] => Гімнастика Kids
            [ACC] => 0
            [CNTTRAN] => 0
            [CNTTRANRESERV] => 0
        )

    [1] => Array
        (
            [KOD] => 667547
            [TIME_FROM] => 19:00
            [TIME_TO] => 20:00               
            [CLIENTS_CNT] => 0
            [TOV_NAME] => CrossActivity
            [ACC] => 0
            [CNTTRAN] => 0
            [CNTTRANRESERV] => 0
        )

    [2] => Array
        (
            [KOD] => 667339
            [TIME_FROM] => 19:00
            [TIME_TO] => 20:00               
            [CLIENTS_CNT] => 0
            [TOV_NAME] => Бокс
            [ACC] => 0
            [CNTTRAN] => 0
            [CNTTRANRESERV] => 0
        )

    [3] => Array
        (
            [KOD] => 668379
            [TIME_FROM] => 20:00
            [TIME_TO] => 21:00               
            [CLIENTS_CNT] => 0
            [TOV_NAME] => Важка Атлетика
            [ACC] => 0
            [CNTTRAN] => 0
            [CNTTRANRESERV] => 0
        )

    [4] => Array
        (
            [KOD] => 668171
            [TIME_FROM] => 20:00
            [TIME_TO] => 21:00               
            [CLIENTS_CNT] => 0
            [TOV_NAME] => Функціональний бодібілдинг
            [ACC] => 0
            [CNTTRAN] => 0
            [CNTTRANRESERV] => 0
        )

)

[2026-03-24 09:46:00] [INFO] (/home/redbarbe/public_html/telegram/webapps/action/ajax_get_tren.php:61) Array
(
    [KOD] => 667755
    [TIME_FROM] => 16:00
    [TIME_TO] => 17:00               
    [CLIENTS_CNT] => 0
    [TOV_NAME] => Гімнастика Kids
    [ACC] => 0
    [CNTTRAN] => 0
    [CNTTRANRESERV] => 0
)

[2026-03-24 09:46:00] [INFO] (/home/redbarbe/public_html/telegram/webapps/action/ajax_get_tren.php:61) Array
(
    [KOD] => 667547
    [TIME_FROM] => 19:00
    [TIME_TO] => 20:00               
    [CLIENTS_CNT] => 0
    [TOV_NAME] => CrossActivity
    [ACC] => 0
    [CNTTRAN] => 0
    [CNTTRANRESERV] => 0
)

[2026-03-24 09:46:00] [INFO] (/home/redbarbe/public_html/telegram/webapps/action/ajax_get_tren.php:61) Array
(
    [KOD] => 667339
    [TIME_FROM] => 19:00
    [TIME_TO] => 20:00               
    [CLIENTS_CNT] => 0
    [TOV_NAME] => Бокс
    [ACC] => 0
    [CNTTRAN] => 0
    [CNTTRANRESERV] => 0
)

[2026-03-24 09:46:00] [INFO] (/home/redbarbe/public_html/telegram/webapps/action/ajax_get_tren.php:61) Array
(
    [KOD] => 668379
    [TIME_FROM] => 20:00
    [TIME_TO] => 21:00               
    [CLIENTS_CNT] => 0
    [TOV_NAME] => Важка Атлетика
    [ACC] => 0
    [CNTTRAN] => 0
    [CNTTRANRESERV] => 0
)

[2026-03-24 09:46:00] [INFO] (/home/redbarbe/public_html/telegram/webapps/action/ajax_get_tren.php:61) Array
(
    [KOD] => 668171
    [TIME_FROM] => 20:00
    [TIME_TO] => 21:00               
    [CLIENTS_CNT] => 0
    [TOV_NAME] => Функціональний бодібілдинг
    [ACC] => 0
    [CNTTRAN] => 0
    [CNTTRANRESERV] => 0
)

[2026-03-24 09:46:05] [INFO] (/home/redbarbe/public_html/telegram/webapps/action/ajax_get_tren.php:35) Array
(
    [0] => Array
        (
            [KOD] => 673519
            [TIME_FROM] => 16:00
            [TIME_TO] => 17:00               
            [CLIENTS_CNT] => 0
            [TOV_NAME] => Гімнастика Kids
            [ACC] => 0
            [CNTTRAN] => 0
            [CNTTRANRESERV] => 0
        )

    [1] => Array
        (
            [KOD] => 673158
            [TIME_FROM] => 19:00
            [TIME_TO] => 20:00               
            [CLIENTS_CNT] => 0
            [TOV_NAME] => CrossActivity
            [ACC] => 0
            [CNTTRAN] => 0
            [CNTTRANRESERV] => 0
        )

    [2] => Array
        (
            [KOD] => 672797
            [TIME_FROM] => 19:00
            [TIME_TO] => 20:00               
            [CLIENTS_CNT] => 0
            [TOV_NAME] => Бокс
            [ACC] => 0
            [CNTTRAN] => 0
            [CNTTRANRESERV] => 0
        )

    [3] => Array
        (
            [KOD] => 674241
            [TIME_FROM] => 20:00
            [TIME_TO] => 21:00               
            [CLIENTS_CNT] => 0
            [TOV_NAME] => Важка Атлетика
            [ACC] => 0
            [CNTTRAN] => 0
            [CNTTRANRESERV] => 0
        )

    [4] => Array
        (
            [KOD] => 673880
            [TIME_FROM] => 20:00
            [TIME_TO] => 21:00               
            [CLIENTS_CNT] => 0
            [TOV_NAME] => Функціональний бодібілдинг
            [ACC] => 0
            [CNTTRAN] => 0
            [CNTTRANRESERV] => 0
        )

)

[2026-03-24 09:46:05] [INFO] (/home/redbarbe/public_html/telegram/webapps/action/ajax_get_tren.php:61) Array
(
    [KOD] => 673519
    [TIME_FROM] => 16:00
    [TIME_TO] => 17:00               
    [CLIENTS_CNT] => 0
    [TOV_NAME] => Гімнастика Kids
    [ACC] => 0
    [CNTTRAN] => 0
    [CNTTRANRESERV] => 0
)

[2026-03-24 09:46:05] [INFO] (/home/redbarbe/public_html/telegram/webapps/action/ajax_get_tren.php:61) Array
(
    [KOD] => 673158
    [TIME_FROM] => 19:00
    [TIME_TO] => 20:00               
    [CLIENTS_CNT] => 0
    [TOV_NAME] => CrossActivity
    [ACC] => 0
    [CNTTRAN] => 0
    [CNTTRANRESERV] => 0
)

[2026-03-24 09:46:05] [INFO] (/home/redbarbe/public_html/telegram/webapps/action/ajax_get_tren.php:61) Array
(
    [KOD] => 672797
    [TIME_FROM] => 19:00
    [TIME_TO] => 20:00               
    [CLIENTS_CNT] => 0
    [TOV_NAME] => Бокс
    [ACC] => 0
    [CNTTRAN] => 0
    [CNTTRANRESERV] => 0
)

[2026-03-24 09:46:05] [INFO] (/home/redbarbe/public_html/telegram/webapps/action/ajax_get_tren.php:61) Array
(
    [KOD] => 674241
    [TIME_FROM] => 20:00
    [TIME_TO] => 21:00               
    [CLIENTS_CNT] => 0
    [TOV_NAME] => Важка Атлетика
    [ACC] => 0
    [CNTTRAN] => 0
    [CNTTRANRESERV] => 0
)

[2026-03-24 09:46:05] [INFO] (/home/redbarbe/public_html/telegram/webapps/action/ajax_get_tren.php:61) Array
(
    [KOD] => 673880
    [TIME_FROM] => 20:00
    [TIME_TO] => 21:00               
    [CLIENTS_CNT] => 0
    [TOV_NAME] => Функціональний бодібілдинг
    [ACC] => 0
    [CNTTRAN] => 0
    [CNTTRANRESERV] => 0
)

[2026-03-24 09:46:09] [INFO] (/home/redbarbe/public_html/telegram/webapps/action/ajax_get_tren.php:35) Array
(
    [0] => Array
        (
            [KOD] => 667755
            [TIME_FROM] => 16:00
            [TIME_TO] => 17:00               
            [CLIENTS_CNT] => 0
            [TOV_NAME] => Гімнастика Kids
            [ACC] => 0
            [CNTTRAN] => 0
            [CNTTRANRESERV] => 0
        )

    [1] => Array
        (
            [KOD] => 667547
            [TIME_FROM] => 19:00
            [TIME_TO] => 20:00               
            [CLIENTS_CNT] => 0
            [TOV_NAME] => CrossActivity
            [ACC] => 0
            [CNTTRAN] => 0
            [CNTTRANRESERV] => 0
        )

    [2] => Array
        (
            [KOD] => 667339
            [TIME_FROM] => 19:00
            [TIME_TO] => 20:00               
            [CLIENTS_CNT] => 0
            [TOV_NAME] => Бокс
            [ACC] => 0
            [CNTTRAN] => 0
            [CNTTRANRESERV] => 0
        )

    [3] => Array
        (
            [KOD] => 668379
            [TIME_FROM] => 20:00
            [TIME_TO] => 21:00               
            [CLIENTS_CNT] => 0
            [TOV_NAME] => Важка Атлетика
            [ACC] => 0
            [CNTTRAN] => 0
            [CNTTRANRESERV] => 0
        )

    [4] => Array
        (
            [KOD] => 668171
            [TIME_FROM] => 20:00
            [TIME_TO] => 21:00               
            [CLIENTS_CNT] => 0
            [TOV_NAME] => Функціональний бодібілдинг
            [ACC] => 0
            [CNTTRAN] => 0
            [CNTTRANRESERV] => 0
        )

)

[2026-03-24 09:46:09] [INFO] (/home/redbarbe/public_html/telegram/webapps/action/ajax_get_tren.php:61) Array
(
    [KOD] => 667755
    [TIME_FROM] => 16:00
    [TIME_TO] => 17:00               
    [CLIENTS_CNT] => 0
    [TOV_NAME] => Гімнастика Kids
    [ACC] => 0
    [CNTTRAN] => 0
    [CNTTRANRESERV] => 0
)

[2026-03-24 09:46:09] [INFO] (/home/redbarbe/public_html/telegram/webapps/action/ajax_get_tren.php:61) Array
(
    [KOD] => 667547
    [TIME_FROM] => 19:00
    [TIME_TO] => 20:00               
    [CLIENTS_CNT] => 0
    [TOV_NAME] => CrossActivity
    [ACC] => 0
    [CNTTRAN] => 0
    [CNTTRANRESERV] => 0
)

[2026-03-24 09:46:09] [INFO] (/home/redbarbe/public_html/telegram/webapps/action/ajax_get_tren.php:61) Array
(
    [KOD] => 667339
    [TIME_FROM] => 19:00
    [TIME_TO] => 20:00               
    [CLIENTS_CNT] => 0
    [TOV_NAME] => Бокс
    [ACC] => 0
    [CNTTRAN] => 0
    [CNTTRANRESERV] => 0
)

[2026-03-24 09:46:09] [INFO] (/home/redbarbe/public_html/telegram/webapps/action/ajax_get_tren.php:61) Array
(
    [KOD] => 668379
    [TIME_FROM] => 20:00
    [TIME_TO] => 21:00               
    [CLIENTS_CNT] => 0
    [TOV_NAME] => Важка Атлетика
    [ACC] => 0
    [CNTTRAN] => 0
    [CNTTRANRESERV] => 0
)

[2026-03-24 09:46:09] [INFO] (/home/redbarbe/public_html/telegram/webapps/action/ajax_get_tren.php:61) Array
(
    [KOD] => 668171
    [TIME_FROM] => 20:00
    [TIME_TO] => 21:00               
    [CLIENTS_CNT] => 0
    [TOV_NAME] => Функціональний бодібілдинг
    [ACC] => 0
    [CNTTRAN] => 0
    [CNTTRANRESERV] => 0
)

[2026-03-24 09:46:16] [INFO] (/home/redbarbe/public_html/telegram/webapps/action/ajax_get_tren.php:35) Array
(
    [0] => Array
        (
            [KOD] => 673521
            [TIME_FROM] => 16:00
            [TIME_TO] => 17:00               
            [CLIENTS_CNT] => 0
            [TOV_NAME] => Гімнастика Kids
            [ACC] => 0
            [CNTTRAN] => 0
            [CNTTRANRESERV] => 0
        )

    [1] => Array
        (
            [KOD] => 673160
            [TIME_FROM] => 19:00
            [TIME_TO] => 20:00               
            [CLIENTS_CNT] => 0
            [TOV_NAME] => CrossActivity
            [ACC] => 0
            [CNTTRAN] => 0
            [CNTTRANRESERV] => 0
        )

    [2] => Array
        (
            [KOD] => 672799
            [TIME_FROM] => 19:00
            [TIME_TO] => 20:00               
            [CLIENTS_CNT] => 0
            [TOV_NAME] => Бокс
            [ACC] => 0
            [CNTTRAN] => 0
            [CNTTRANRESERV] => 0
        )

    [3] => Array
        (
            [KOD] => 674243
            [TIME_FROM] => 20:00
            [TIME_TO] => 21:00               
            [CLIENTS_CNT] => 0
            [TOV_NAME] => Важка Атлетика
            [ACC] => 0
            [CNTTRAN] => 0
            [CNTTRANRESERV] => 0
        )

    [4] => Array
        (
            [KOD] => 673882
            [TIME_FROM] => 20:00
            [TIME_TO] => 21:00               
            [CLIENTS_CNT] => 0
            [TOV_NAME] => Функціональний бодібілдинг
            [ACC] => 0
            [CNTTRAN] => 0
            [CNTTRANRESERV] => 0
        )

)

[2026-03-24 09:46:16] [INFO] (/home/redbarbe/public_html/telegram/webapps/action/ajax_get_tren.php:61) Array
(
    [KOD] => 673521
    [TIME_FROM] => 16:00
    [TIME_TO] => 17:00               
    [CLIENTS_CNT] => 0
    [TOV_NAME] => Гімнастика Kids
    [ACC] => 0
    [CNTTRAN] => 0
    [CNTTRANRESERV] => 0
)

[2026-03-24 09:46:16] [INFO] (/home/redbarbe/public_html/telegram/webapps/action/ajax_get_tren.php:61) Array
(
    [KOD] => 673160
    [TIME_FROM] => 19:00
    [TIME_TO] => 20:00               
    [CLIENTS_CNT] => 0
    [TOV_NAME] => CrossActivity
    [ACC] => 0
    [CNTTRAN] => 0
    [CNTTRANRESERV] => 0
)

[2026-03-24 09:46:16] [INFO] (/home/redbarbe/public_html/telegram/webapps/action/ajax_get_tren.php:61) Array
(
    [KOD] => 672799
    [TIME_FROM] => 19:00
    [TIME_TO] => 20:00               
    [CLIENTS_CNT] => 0
    [TOV_NAME] => Бокс
    [ACC] => 0
    [CNTTRAN] => 0
    [CNTTRANRESERV] => 0
)

[2026-03-24 09:46:16] [INFO] (/home/redbarbe/public_html/telegram/webapps/action/ajax_get_tren.php:61) Array
(
    [KOD] => 674243
    [TIME_FROM] => 20:00
    [TIME_TO] => 21:00               
    [CLIENTS_CNT] => 0
    [TOV_NAME] => Важка Атлетика
    [ACC] => 0
    [CNTTRAN] => 0
    [CNTTRANRESERV] => 0
)

[2026-03-24 09:46:16] [INFO] (/home/redbarbe/public_html/telegram/webapps/action/ajax_get_tren.php:61) Array
(
    [KOD] => 673882
    [TIME_FROM] => 20:00
    [TIME_TO] => 21:00               
    [CLIENTS_CNT] => 0
    [TOV_NAME] => Функціональний бодібілдинг
    [ACC] => 0
    [CNTTRAN] => 0
    [CNTTRANRESERV] => 0
)

[2026-03-24 09:46:18] [INFO] (/home/redbarbe/public_html/telegram/webapps/action/ajax_get_tren.php:35) Array
(
    [0] => Array
        (
            [KOD] => 673524
            [TIME_FROM] => 16:00
            [TIME_TO] => 17:00               
            [CLIENTS_CNT] => 0
            [TOV_NAME] => Гімнастика Kids
            [ACC] => 0
            [CNTTRAN] => 0
            [CNTTRANRESERV] => 0
        )

    [1] => Array
        (
            [KOD] => 673163
            [TIME_FROM] => 19:00
            [TIME_TO] => 20:00               
            [CLIENTS_CNT] => 0
            [TOV_NAME] => CrossActivity
            [ACC] => 0
            [CNTTRAN] => 0
            [CNTTRANRESERV] => 0
        )

    [2] => Array
        (
            [KOD] => 672802
            [TIME_FROM] => 19:00
            [TIME_TO] => 20:00               
            [CLIENTS_CNT] => 0
            [TOV_NAME] => Бокс
            [ACC] => 0
            [CNTTRAN] => 0
            [CNTTRANRESERV] => 0
        )

    [3] => Array
        (
            [KOD] => 674246
            [TIME_FROM] => 20:00
            [TIME_TO] => 21:00               
            [CLIENTS_CNT] => 0
            [TOV_NAME] => Важка Атлетика
            [ACC] => 0
            [CNTTRAN] => 0
            [CNTTRANRESERV] => 0
        )

    [4] => Array
        (
            [KOD] => 673885
            [TIME_FROM] => 20:00
            [TIME_TO] => 21:00               
            [CLIENTS_CNT] => 0
            [TOV_NAME] => Функціональний бодібілдинг
            [ACC] => 0
            [CNTTRAN] => 0
            [CNTTRANRESERV] => 0
        )

)

[2026-03-24 09:46:18] [INFO] (/home/redbarbe/public_html/telegram/webapps/action/ajax_get_tren.php:61) Array
(
    [KOD] => 673524
    [TIME_FROM] => 16:00
    [TIME_TO] => 17:00               
    [CLIENTS_CNT] => 0
    [TOV_NAME] => Гімнастика Kids
    [ACC] => 0
    [CNTTRAN] => 0
    [CNTTRANRESERV] => 0
)

[2026-03-24 09:46:18] [INFO] (/home/redbarbe/public_html/telegram/webapps/action/ajax_get_tren.php:61) Array
(
    [KOD] => 673163
    [TIME_FROM] => 19:00
    [TIME_TO] => 20:00               
    [CLIENTS_CNT] => 0
    [TOV_NAME] => CrossActivity
    [ACC] => 0
    [CNTTRAN] => 0
    [CNTTRANRESERV] => 0
)

[2026-03-24 09:46:18] [INFO] (/home/redbarbe/public_html/telegram/webapps/action/ajax_get_tren.php:61) Array
(
    [KOD] => 672802
    [TIME_FROM] => 19:00
    [TIME_TO] => 20:00               
    [CLIENTS_CNT] => 0
    [TOV_NAME] => Бокс
    [ACC] => 0
    [CNTTRAN] => 0
    [CNTTRANRESERV] => 0
)

[2026-03-24 09:46:18] [INFO] (/home/redbarbe/public_html/telegram/webapps/action/ajax_get_tren.php:61) Array
(
    [KOD] => 674246
    [TIME_FROM] => 20:00
    [TIME_TO] => 21:00               
    [CLIENTS_CNT] => 0
    [TOV_NAME] => Важка Атлетика
    [ACC] => 0
    [CNTTRAN] => 0
    [CNTTRANRESERV] => 0
)

[2026-03-24 09:46:18] [INFO] (/home/redbarbe/public_html/telegram/webapps/action/ajax_get_tren.php:61) Array
(
    [KOD] => 673885
    [TIME_FROM] => 20:00
    [TIME_TO] => 21:00               
    [CLIENTS_CNT] => 0
    [TOV_NAME] => Функціональний бодібілдинг
    [ACC] => 0
    [CNTTRAN] => 0
    [CNTTRANRESERV] => 0
)

[2026-03-24 09:46:21] [INFO] (/home/redbarbe/public_html/telegram/webapps/action/ajax_get_tren.php:35) Array
(
    [0] => Array
        (
            [KOD] => 673521
            [TIME_FROM] => 16:00
            [TIME_TO] => 17:00               
            [CLIENTS_CNT] => 0
            [TOV_NAME] => Гімнастика Kids
            [ACC] => 0
            [CNTTRAN] => 0
            [CNTTRANRESERV] => 0
        )

    [1] => Array
        (
            [KOD] => 673160
            [TIME_FROM] => 19:00
            [TIME_TO] => 20:00               
            [CLIENTS_CNT] => 0
            [TOV_NAME] => CrossActivity
            [ACC] => 0
            [CNTTRAN] => 0
            [CNTTRANRESERV] => 0
        )

    [2] => Array
        (
            [KOD] => 672799
            [TIME_FROM] => 19:00
            [TIME_TO] => 20:00               
            [CLIENTS_CNT] => 0
            [TOV_NAME] => Бокс
            [ACC] => 0
            [CNTTRAN] => 0
            [CNTTRANRESERV] => 0
        )

    [3] => Array
        (
            [KOD] => 674243
            [TIME_FROM] => 20:00
            [TIME_TO] => 21:00               
            [CLIENTS_CNT] => 0
            [TOV_NAME] => Важка Атлетика
            [ACC] => 0
            [CNTTRAN] => 0
            [CNTTRANRESERV] => 0
        )

    [4] => Array
        (
            [KOD] => 673882
            [TIME_FROM] => 20:00
            [TIME_TO] => 21:00               
            [CLIENTS_CNT] => 0
            [TOV_NAME] => Функціональний бодібілдинг
            [ACC] => 0
            [CNTTRAN] => 0
            [CNTTRANRESERV] => 0
        )

)

[2026-03-24 09:46:21] [INFO] (/home/redbarbe/public_html/telegram/webapps/action/ajax_get_tren.php:61) Array
(
    [KOD] => 673521
    [TIME_FROM] => 16:00
    [TIME_TO] => 17:00               
    [CLIENTS_CNT] => 0
    [TOV_NAME] => Гімнастика Kids
    [ACC] => 0
    [CNTTRAN] => 0
    [CNTTRANRESERV] => 0
)

[2026-03-24 09:46:21] [INFO] (/home/redbarbe/public_html/telegram/webapps/action/ajax_get_tren.php:61) Array
(
    [KOD] => 673160
    [TIME_FROM] => 19:00
    [TIME_TO] => 20:00               
    [CLIENTS_CNT] => 0
    [TOV_NAME] => CrossActivity
    [ACC] => 0
    [CNTTRAN] => 0
    [CNTTRANRESERV] => 0
)

[2026-03-24 09:46:21] [INFO] (/home/redbarbe/public_html/telegram/webapps/action/ajax_get_tren.php:61) Array
(
    [KOD] => 672799
    [TIME_FROM] => 19:00
    [TIME_TO] => 20:00               
    [CLIENTS_CNT] => 0
    [TOV_NAME] => Бокс
    [ACC] => 0
    [CNTTRAN] => 0
    [CNTTRANRESERV] => 0
)

[2026-03-24 09:46:21] [INFO] (/home/redbarbe/public_html/telegram/webapps/action/ajax_get_tren.php:61) Array
(
    [KOD] => 674243
    [TIME_FROM] => 20:00
    [TIME_TO] => 21:00               
    [CLIENTS_CNT] => 0
    [TOV_NAME] => Важка Атлетика
    [ACC] => 0
    [CNTTRAN] => 0
    [CNTTRANRESERV] => 0
)

[2026-03-24 09:46:21] [INFO] (/home/redbarbe/public_html/telegram/webapps/action/ajax_get_tren.php:61) Array
(
    [KOD] => 673882
    [TIME_FROM] => 20:00
    [TIME_TO] => 21:00               
    [CLIENTS_CNT] => 0
    [TOV_NAME] => Функціональний бодібілдинг
    [ACC] => 0
    [CNTTRAN] => 0
    [CNTTRANRESERV] => 0
)

[2026-03-24 09:46:25] [INFO] (/home/redbarbe/public_html/telegram/webapps/action/ajax_get_tren.php:35) Array
(
    [0] => Array
        (
            [KOD] => 673520
            [TIME_FROM] => 16:00
            [TIME_TO] => 17:00               
            [CLIENTS_CNT] => 0
            [TOV_NAME] => Гімнастика Kids
            [ACC] => 0
            [CNTTRAN] => 0
            [CNTTRANRESERV] => 0
        )

    [1] => Array
        (
            [KOD] => 673159
            [TIME_FROM] => 19:00
            [TIME_TO] => 20:00               
            [CLIENTS_CNT] => 0
            [TOV_NAME] => CrossActivity
            [ACC] => 0
            [CNTTRAN] => 0
            [CNTTRANRESERV] => 0
        )

    [2] => Array
        (
            [KOD] => 672798
            [TIME_FROM] => 19:00
            [TIME_TO] => 20:00               
            [CLIENTS_CNT] => 0
            [TOV_NAME] => Бокс
            [ACC] => 0
            [CNTTRAN] => 0
            [CNTTRANRESERV] => 0
        )

    [3] => Array
        (
            [KOD] => 674242
            [TIME_FROM] => 20:00
            [TIME_TO] => 21:00               
            [CLIENTS_CNT] => 0
            [TOV_NAME] => Важка Атлетика
            [ACC] => 0
            [CNTTRAN] => 0
            [CNTTRANRESERV] => 0
        )

    [4] => Array
        (
            [KOD] => 673881
            [TIME_FROM] => 20:00
            [TIME_TO] => 21:00               
            [CLIENTS_CNT] => 0
            [TOV_NAME] => Функціональний бодібілдинг
            [ACC] => 0
            [CNTTRAN] => 0
            [CNTTRANRESERV] => 0
        )

)

[2026-03-24 09:46:25] [INFO] (/home/redbarbe/public_html/telegram/webapps/action/ajax_get_tren.php:61) Array
(
    [KOD] => 673520
    [TIME_FROM] => 16:00
    [TIME_TO] => 17:00               
    [CLIENTS_CNT] => 0
    [TOV_NAME] => Гімнастика Kids
    [ACC] => 0
    [CNTTRAN] => 0
    [CNTTRANRESERV] => 0
)

[2026-03-24 09:46:25] [INFO] (/home/redbarbe/public_html/telegram/webapps/action/ajax_get_tren.php:61) Array
(
    [KOD] => 673159
    [TIME_FROM] => 19:00
    [TIME_TO] => 20:00               
    [CLIENTS_CNT] => 0
    [TOV_NAME] => CrossActivity
    [ACC] => 0
    [CNTTRAN] => 0
    [CNTTRANRESERV] => 0
)

[2026-03-24 09:46:25] [INFO] (/home/redbarbe/public_html/telegram/webapps/action/ajax_get_tren.php:61) Array
(
    [KOD] => 672798
    [TIME_FROM] => 19:00
    [TIME_TO] => 20:00               
    [CLIENTS_CNT] => 0
    [TOV_NAME] => Бокс
    [ACC] => 0
    [CNTTRAN] => 0
    [CNTTRANRESERV] => 0
)

[2026-03-24 09:46:25] [INFO] (/home/redbarbe/public_html/telegram/webapps/action/ajax_get_tren.php:61) Array
(
    [KOD] => 674242
    [TIME_FROM] => 20:00
    [TIME_TO] => 21:00               
    [CLIENTS_CNT] => 0
    [TOV_NAME] => Важка Атлетика
    [ACC] => 0
    [CNTTRAN] => 0
    [CNTTRANRESERV] => 0
)

[2026-03-24 09:46:25] [INFO] (/home/redbarbe/public_html/telegram/webapps/action/ajax_get_tren.php:61) Array
(
    [KOD] => 673881
    [TIME_FROM] => 20:00
    [TIME_TO] => 21:00               
    [CLIENTS_CNT] => 0
    [TOV_NAME] => Функціональний бодібілдинг
    [ACC] => 0
    [CNTTRAN] => 0
    [CNTTRANRESERV] => 0
)

[2026-03-24 09:46:26] [INFO] (/home/redbarbe/public_html/telegram/webapps/action/ajax_get_tren.php:35) Array
(
    [0] => Array
        (
            [KOD] => 673519
            [TIME_FROM] => 16:00
            [TIME_TO] => 17:00               
            [CLIENTS_CNT] => 0
            [TOV_NAME] => Гімнастика Kids
            [ACC] => 0
            [CNTTRAN] => 0
            [CNTTRANRESERV] => 0
        )

    [1] => Array
        (
            [KOD] => 673158
            [TIME_FROM] => 19:00
            [TIME_TO] => 20:00               
            [CLIENTS_CNT] => 0
            [TOV_NAME] => CrossActivity
            [ACC] => 0
            [CNTTRAN] => 0
            [CNTTRANRESERV] => 0
        )

    [2] => Array
        (
            [KOD] => 672797
            [TIME_FROM] => 19:00
            [TIME_TO] => 20:00               
            [CLIENTS_CNT] => 0
            [TOV_NAME] => Бокс
            [ACC] => 0
            [CNTTRAN] => 0
            [CNTTRANRESERV] => 0
        )

    [3] => Array
        (
            [KOD] => 674241
            [TIME_FROM] => 20:00
            [TIME_TO] => 21:00               
            [CLIENTS_CNT] => 0
            [TOV_NAME] => Важка Атлетика
            [ACC] => 0
            [CNTTRAN] => 0
            [CNTTRANRESERV] => 0
        )

    [4] => Array
        (
            [KOD] => 673880
            [TIME_FROM] => 20:00
            [TIME_TO] => 21:00               
            [CLIENTS_CNT] => 0
            [TOV_NAME] => Функціональний бодібілдинг
            [ACC] => 0
            [CNTTRAN] => 0
            [CNTTRANRESERV] => 0
        )

)

[2026-03-24 09:46:26] [INFO] (/home/redbarbe/public_html/telegram/webapps/action/ajax_get_tren.php:61) Array
(
    [KOD] => 673519
    [TIME_FROM] => 16:00
    [TIME_TO] => 17:00               
    [CLIENTS_CNT] => 0
    [TOV_NAME] => Гімнастика Kids
    [ACC] => 0
    [CNTTRAN] => 0
    [CNTTRANRESERV] => 0
)

[2026-03-24 09:46:26] [INFO] (/home/redbarbe/public_html/telegram/webapps/action/ajax_get_tren.php:61) Array
(
    [KOD] => 673158
    [TIME_FROM] => 19:00
    [TIME_TO] => 20:00               
    [CLIENTS_CNT] => 0
    [TOV_NAME] => CrossActivity
    [ACC] => 0
    [CNTTRAN] => 0
    [CNTTRANRESERV] => 0
)

[2026-03-24 09:46:26] [INFO] (/home/redbarbe/public_html/telegram/webapps/action/ajax_get_tren.php:61) Array
(
    [KOD] => 672797
    [TIME_FROM] => 19:00
    [TIME_TO] => 20:00               
    [CLIENTS_CNT] => 0
    [TOV_NAME] => Бокс
    [ACC] => 0
    [CNTTRAN] => 0
    [CNTTRANRESERV] => 0
)

[2026-03-24 09:46:26] [INFO] (/home/redbarbe/public_html/telegram/webapps/action/ajax_get_tren.php:61) Array
(
    [KOD] => 674241
    [TIME_FROM] => 20:00
    [TIME_TO] => 21:00               
    [CLIENTS_CNT] => 0
    [TOV_NAME] => Важка Атлетика
    [ACC] => 0
    [CNTTRAN] => 0
    [CNTTRANRESERV] => 0
)

[2026-03-24 09:46:26] [INFO] (/home/redbarbe/public_html/telegram/webapps/action/ajax_get_tren.php:61) Array
(
    [KOD] => 673880
    [TIME_FROM] => 20:00
    [TIME_TO] => 21:00               
    [CLIENTS_CNT] => 0
    [TOV_NAME] => Функціональний бодібілдинг
    [ACC] => 0
    [CNTTRAN] => 0
    [CNTTRANRESERV] => 0
)

[2026-03-24 09:46:28] [INFO] (/home/redbarbe/public_html/telegram/webapps/action/ajax_get_tren.php:35) Array
(
    [0] => Array
        (
            [KOD] => 673520
            [TIME_FROM] => 16:00
            [TIME_TO] => 17:00               
            [CLIENTS_CNT] => 0
            [TOV_NAME] => Гімнастика Kids
            [ACC] => 0
            [CNTTRAN] => 0
            [CNTTRANRESERV] => 0
        )

    [1] => Array
        (
            [KOD] => 673159
            [TIME_FROM] => 19:00
            [TIME_TO] => 20:00               
            [CLIENTS_CNT] => 0
            [TOV_NAME] => CrossActivity
            [ACC] => 0
            [CNTTRAN] => 0
            [CNTTRANRESERV] => 0
        )

    [2] => Array
        (
            [KOD] => 672798
            [TIME_FROM] => 19:00
            [TIME_TO] => 20:00               
            [CLIENTS_CNT] => 0
            [TOV_NAME] => Бокс
            [ACC] => 0
            [CNTTRAN] => 0
            [CNTTRANRESERV] => 0
        )

    [3] => Array
        (
            [KOD] => 674242
            [TIME_FROM] => 20:00
            [TIME_TO] => 21:00               
            [CLIENTS_CNT] => 0
            [TOV_NAME] => Важка Атлетика
            [ACC] => 0
            [CNTTRAN] => 0
            [CNTTRANRESERV] => 0
        )

    [4] => Array
        (
            [KOD] => 673881
            [TIME_FROM] => 20:00
            [TIME_TO] => 21:00               
            [CLIENTS_CNT] => 0
            [TOV_NAME] => Функціональний бодібілдинг
            [ACC] => 0
            [CNTTRAN] => 0
            [CNTTRANRESERV] => 0
        )

)

[2026-03-24 09:46:28] [INFO] (/home/redbarbe/public_html/telegram/webapps/action/ajax_get_tren.php:61) Array
(
    [KOD] => 673520
    [TIME_FROM] => 16:00
    [TIME_TO] => 17:00               
    [CLIENTS_CNT] => 0
    [TOV_NAME] => Гімнастика Kids
    [ACC] => 0
    [CNTTRAN] => 0
    [CNTTRANRESERV] => 0
)

[2026-03-24 09:46:28] [INFO] (/home/redbarbe/public_html/telegram/webapps/action/ajax_get_tren.php:61) Array
(
    [KOD] => 673159
    [TIME_FROM] => 19:00
    [TIME_TO] => 20:00               
    [CLIENTS_CNT] => 0
    [TOV_NAME] => CrossActivity
    [ACC] => 0
    [CNTTRAN] => 0
    [CNTTRANRESERV] => 0
)

[2026-03-24 09:46:28] [INFO] (/home/redbarbe/public_html/telegram/webapps/action/ajax_get_tren.php:61) Array
(
    [KOD] => 672798
    [TIME_FROM] => 19:00
    [TIME_TO] => 20:00               
    [CLIENTS_CNT] => 0
    [TOV_NAME] => Бокс
    [ACC] => 0
    [CNTTRAN] => 0
    [CNTTRANRESERV] => 0
)

[2026-03-24 09:46:28] [INFO] (/home/redbarbe/public_html/telegram/webapps/action/ajax_get_tren.php:61) Array
(
    [KOD] => 674242
    [TIME_FROM] => 20:00
    [TIME_TO] => 21:00               
    [CLIENTS_CNT] => 0
    [TOV_NAME] => Важка Атлетика
    [ACC] => 0
    [CNTTRAN] => 0
    [CNTTRANRESERV] => 0
)

[2026-03-24 09:46:28] [INFO] (/home/redbarbe/public_html/telegram/webapps/action/ajax_get_tren.php:61) Array
(
    [KOD] => 673881
    [TIME_FROM] => 20:00
    [TIME_TO] => 21:00               
    [CLIENTS_CNT] => 0
    [TOV_NAME] => Функціональний бодібілдинг
    [ACC] => 0
    [CNTTRAN] => 0
    [CNTTRANRESERV] => 0
)

[2026-03-24 09:46:30] [INFO] (/home/redbarbe/public_html/telegram/webapps/action/ajax_get_tren.php:35) Array
(
    [0] => Array
        (
            [KOD] => 673521
            [TIME_FROM] => 16:00
            [TIME_TO] => 17:00               
            [CLIENTS_CNT] => 0
            [TOV_NAME] => Гімнастика Kids
            [ACC] => 0
            [CNTTRAN] => 0
            [CNTTRANRESERV] => 0
        )

    [1] => Array
        (
            [KOD] => 673160
            [TIME_FROM] => 19:00
            [TIME_TO] => 20:00               
            [CLIENTS_CNT] => 0
            [TOV_NAME] => CrossActivity
            [ACC] => 0
            [CNTTRAN] => 0
            [CNTTRANRESERV] => 0
        )

    [2] => Array
        (
            [KOD] => 672799
            [TIME_FROM] => 19:00
            [TIME_TO] => 20:00               
            [CLIENTS_CNT] => 0
            [TOV_NAME] => Бокс
            [ACC] => 0
            [CNTTRAN] => 0
            [CNTTRANRESERV] => 0
        )

    [3] => Array
        (
            [KOD] => 674243
            [TIME_FROM] => 20:00
            [TIME_TO] => 21:00               
            [CLIENTS_CNT] => 0
            [TOV_NAME] => Важка Атлетика
            [ACC] => 0
            [CNTTRAN] => 0
            [CNTTRANRESERV] => 0
        )

    [4] => Array
        (
            [KOD] => 673882
            [TIME_FROM] => 20:00
            [TIME_TO] => 21:00               
            [CLIENTS_CNT] => 0
            [TOV_NAME] => Функціональний бодібілдинг
            [ACC] => 0
            [CNTTRAN] => 0
            [CNTTRANRESERV] => 0
        )

)

[2026-03-24 09:46:30] [INFO] (/home/redbarbe/public_html/telegram/webapps/action/ajax_get_tren.php:61) Array
(
    [KOD] => 673521
    [TIME_FROM] => 16:00
    [TIME_TO] => 17:00               
    [CLIENTS_CNT] => 0
    [TOV_NAME] => Гімнастика Kids
    [ACC] => 0
    [CNTTRAN] => 0
    [CNTTRANRESERV] => 0
)

[2026-03-24 09:46:30] [INFO] (/home/redbarbe/public_html/telegram/webapps/action/ajax_get_tren.php:61) Array
(
    [KOD] => 673160
    [TIME_FROM] => 19:00
    [TIME_TO] => 20:00               
    [CLIENTS_CNT] => 0
    [TOV_NAME] => CrossActivity
    [ACC] => 0
    [CNTTRAN] => 0
    [CNTTRANRESERV] => 0
)

[2026-03-24 09:46:30] [INFO] (/home/redbarbe/public_html/telegram/webapps/action/ajax_get_tren.php:61) Array
(
    [KOD] => 672799
    [TIME_FROM] => 19:00
    [TIME_TO] => 20:00               
    [CLIENTS_CNT] => 0
    [TOV_NAME] => Бокс
    [ACC] => 0
    [CNTTRAN] => 0
    [CNTTRANRESERV] => 0
)

[2026-03-24 09:46:30] [INFO] (/home/redbarbe/public_html/telegram/webapps/action/ajax_get_tren.php:61) Array
(
    [KOD] => 674243
    [TIME_FROM] => 20:00
    [TIME_TO] => 21:00               
    [CLIENTS_CNT] => 0
    [TOV_NAME] => Важка Атлетика
    [ACC] => 0
    [CNTTRAN] => 0
    [CNTTRANRESERV] => 0
)

[2026-03-24 09:46:30] [INFO] (/home/redbarbe/public_html/telegram/webapps/action/ajax_get_tren.php:61) Array
(
    [KOD] => 673882
    [TIME_FROM] => 20:00
    [TIME_TO] => 21:00               
    [CLIENTS_CNT] => 0
    [TOV_NAME] => Функціональний бодібілдинг
    [ACC] => 0
    [CNTTRAN] => 0
    [CNTTRANRESERV] => 0
)

[2026-03-24 09:46:31] [INFO] (/home/redbarbe/public_html/telegram/webapps/action/ajax_get_tren.php:35) Array
(
    [0] => Array
        (
            [KOD] => 673522
            [TIME_FROM] => 16:00
            [TIME_TO] => 17:00               
            [CLIENTS_CNT] => 0
            [TOV_NAME] => Гімнастика Kids
            [ACC] => 0
            [CNTTRAN] => 0
            [CNTTRANRESERV] => 0
        )

    [1] => Array
        (
            [KOD] => 673161
            [TIME_FROM] => 19:00
            [TIME_TO] => 20:00               
            [CLIENTS_CNT] => 0
            [TOV_NAME] => CrossActivity
            [ACC] => 0
            [CNTTRAN] => 0
            [CNTTRANRESERV] => 0
        )

    [2] => Array
        (
            [KOD] => 672800
            [TIME_FROM] => 19:00
            [TIME_TO] => 20:00               
            [CLIENTS_CNT] => 0
            [TOV_NAME] => Бокс
            [ACC] => 0
            [CNTTRAN] => 0
            [CNTTRANRESERV] => 0
        )

    [3] => Array
        (
            [KOD] => 674244
            [TIME_FROM] => 20:00
            [TIME_TO] => 21:00               
            [CLIENTS_CNT] => 0
            [TOV_NAME] => Важка Атлетика
            [ACC] => 0
            [CNTTRAN] => 0
            [CNTTRANRESERV] => 0
        )

    [4] => Array
        (
            [KOD] => 673883
            [TIME_FROM] => 20:00
            [TIME_TO] => 21:00               
            [CLIENTS_CNT] => 0
            [TOV_NAME] => Функціональний бодібілдинг
            [ACC] => 0
            [CNTTRAN] => 0
            [CNTTRANRESERV] => 0
        )

)

[2026-03-24 09:46:31] [INFO] (/home/redbarbe/public_html/telegram/webapps/action/ajax_get_tren.php:61) Array
(
    [KOD] => 673522
    [TIME_FROM] => 16:00
    [TIME_TO] => 17:00               
    [CLIENTS_CNT] => 0
    [TOV_NAME] => Гімнастика Kids
    [ACC] => 0
    [CNTTRAN] => 0
    [CNTTRANRESERV] => 0
)

[2026-03-24 09:46:31] [INFO] (/home/redbarbe/public_html/telegram/webapps/action/ajax_get_tren.php:61) Array
(
    [KOD] => 673161
    [TIME_FROM] => 19:00
    [TIME_TO] => 20:00               
    [CLIENTS_CNT] => 0
    [TOV_NAME] => CrossActivity
    [ACC] => 0
    [CNTTRAN] => 0
    [CNTTRANRESERV] => 0
)

[2026-03-24 09:46:31] [INFO] (/home/redbarbe/public_html/telegram/webapps/action/ajax_get_tren.php:61) Array
(
    [KOD] => 672800
    [TIME_FROM] => 19:00
    [TIME_TO] => 20:00               
    [CLIENTS_CNT] => 0
    [TOV_NAME] => Бокс
    [ACC] => 0
    [CNTTRAN] => 0
    [CNTTRANRESERV] => 0
)

[2026-03-24 09:46:31] [INFO] (/home/redbarbe/public_html/telegram/webapps/action/ajax_get_tren.php:61) Array
(
    [KOD] => 674244
    [TIME_FROM] => 20:00
    [TIME_TO] => 21:00               
    [CLIENTS_CNT] => 0
    [TOV_NAME] => Важка Атлетика
    [ACC] => 0
    [CNTTRAN] => 0
    [CNTTRANRESERV] => 0
)

[2026-03-24 09:46:31] [INFO] (/home/redbarbe/public_html/telegram/webapps/action/ajax_get_tren.php:61) Array
(
    [KOD] => 673883
    [TIME_FROM] => 20:00
    [TIME_TO] => 21:00               
    [CLIENTS_CNT] => 0
    [TOV_NAME] => Функціональний бодібілдинг
    [ACC] => 0
    [CNTTRAN] => 0
    [CNTTRANRESERV] => 0
)

[2026-03-24 10:14:42] [INFO] (/home/redbarbe/public_html/telegram/webapps/action/ajax_get_tren.php:35) Array
(
    [0] => Array
        (
            [KOD] => 857496
            [TIME_FROM] => 09:00
            [TIME_TO] => 10:00               
            [CLIENTS_CNT] => 0
            [TOV_NAME] => Пілатес
            [ACC] => 0
            [CNTTRAN] => 0
            [CNTTRANRESERV] => 0
        )

    [1] => Array
        (
            [KOD] => 857704
            [TIME_FROM] => 18:00
            [TIME_TO] => 19:00               
            [CLIENTS_CNT] => 0
            [TOV_NAME] => F.B.T. (Fat burn traning)
            [ACC] => 86
            [CNTTRAN] => 2
            [CNTTRANRESERV] => 0
        )

    [2] => Array
        (
            [KOD] => 857288
            [TIME_FROM] => 19:00
            [TIME_TO] => 20:00               
            [CLIENTS_CNT] => 0
            [TOV_NAME] => Stretching & Mobility
            [ACC] => 86
            [CNTTRAN] => 2
            [CNTTRANRESERV] => 0
        )

)

[2026-03-24 10:14:42] [INFO] (/home/redbarbe/public_html/telegram/webapps/action/ajax_get_tren.php:61) Array
(
    [KOD] => 857496
    [TIME_FROM] => 09:00
    [TIME_TO] => 10:00               
    [CLIENTS_CNT] => 0
    [TOV_NAME] => Пілатес
    [ACC] => 0
    [CNTTRAN] => 0
    [CNTTRANRESERV] => 0
)

[2026-03-24 10:14:42] [INFO] (/home/redbarbe/public_html/telegram/webapps/action/ajax_get_tren.php:61) Array
(
    [KOD] => 857704
    [TIME_FROM] => 18:00
    [TIME_TO] => 19:00               
    [CLIENTS_CNT] => 0
    [TOV_NAME] => F.B.T. (Fat burn traning)
    [ACC] => 86
    [CNTTRAN] => 2
    [CNTTRANRESERV] => 0
)

[2026-03-24 10:14:42] [INFO] (/home/redbarbe/public_html/telegram/webapps/action/ajax_get_tren.php:61) Array
(
    [KOD] => 857288
    [TIME_FROM] => 19:00
    [TIME_TO] => 20:00               
    [CLIENTS_CNT] => 0
    [TOV_NAME] => Stretching & Mobility
    [ACC] => 86
    [CNTTRAN] => 2
    [CNTTRANRESERV] => 0
)

[2026-03-24 10:19:45] [INFO] (/home/redbarbe/public_html/telegram/webapps/action/ajax_get_tren.php:35) Array
(
    [0] => Array
        (
            [KOD] => 805035
            [TIME_FROM] => 08:00
            [TIME_TO] => 09:00               
            [CLIENTS_CNT] => 0
            [TOV_NAME] => Бокс(хлопці, з 13 років)
            [ACC] => 0
            [CNTTRAN] => 0
            [CNTTRANRESERV] => 0
        )

    [1] => Array
        (
            [KOD] => 804567
            [TIME_FROM] => 10:00
            [TIME_TO] => 11:00               
            [CLIENTS_CNT] => 0
            [TOV_NAME] => Stretching
            [ACC] => 0
            [CNTTRAN] => 0
            [CNTTRANRESERV] => 0
        )

    [2] => Array
        (
            [KOD] => 804879
            [TIME_FROM] => 18:00
            [TIME_TO] => 19:00               
            [CLIENTS_CNT] => 0
            [TOV_NAME] => Бокс/Кікбоксинг  Kids
            [ACC] => 0
            [CNTTRAN] => 1
            [CNTTRANRESERV] => 0
        )

    [3] => Array
        (
            [KOD] => 804255
            [TIME_FROM] => 19:40
            [TIME_TO] => 20:40               
            [CLIENTS_CNT] => 0
            [TOV_NAME] => Акробатика Kids
            [ACC] => 0
            [CNTTRAN] => 0
            [CNTTRANRESERV] => 0
        )

    [4] => Array
        (
            [KOD] => 804723
            [TIME_FROM] => 20:00
            [TIME_TO] => 21:00               
            [CLIENTS_CNT] => 0
            [TOV_NAME] => Cross activity
            [ACC] => 0
            [CNTTRAN] => 0
            [CNTTRANRESERV] => 0
        )

    [5] => Array
        (
            [KOD] => 804411
            [TIME_FROM] => 20:00
            [TIME_TO] => 21:00               
            [CLIENTS_CNT] => 0
            [TOV_NAME] => Бокс
            [ACC] => 0
            [CNTTRAN] => 0
            [CNTTRANRESERV] => 0
        )

)

[2026-03-24 10:19:45] [INFO] (/home/redbarbe/public_html/telegram/webapps/action/ajax_get_tren.php:61) Array
(
    [KOD] => 805035
    [TIME_FROM] => 08:00
    [TIME_TO] => 09:00               
    [CLIENTS_CNT] => 0
    [TOV_NAME] => Бокс(хлопці, з 13 років)
    [ACC] => 0
    [CNTTRAN] => 0
    [CNTTRANRESERV] => 0
)

[2026-03-24 10:19:45] [INFO] (/home/redbarbe/public_html/telegram/webapps/action/ajax_get_tren.php:61) Array
(
    [KOD] => 804567
    [TIME_FROM] => 10:00
    [TIME_TO] => 11:00               
    [CLIENTS_CNT] => 0
    [TOV_NAME] => Stretching
    [ACC] => 0
    [CNTTRAN] => 0
    [CNTTRANRESERV] => 0
)

[2026-03-24 10:19:45] [INFO] (/home/redbarbe/public_html/telegram/webapps/action/ajax_get_tren.php:61) Array
(
    [KOD] => 804879
    [TIME_FROM] => 18:00
    [TIME_TO] => 19:00               
    [CLIENTS_CNT] => 0
    [TOV_NAME] => Бокс/Кікбоксинг  Kids
    [ACC] => 0
    [CNTTRAN] => 1
    [CNTTRANRESERV] => 0
)

[2026-03-24 10:19:45] [INFO] (/home/redbarbe/public_html/telegram/webapps/action/ajax_get_tren.php:61) Array
(
    [KOD] => 804255
    [TIME_FROM] => 19:40
    [TIME_TO] => 20:40               
    [CLIENTS_CNT] => 0
    [TOV_NAME] => Акробатика Kids
    [ACC] => 0
    [CNTTRAN] => 0
    [CNTTRANRESERV] => 0
)

[2026-03-24 10:19:45] [INFO] (/home/redbarbe/public_html/telegram/webapps/action/ajax_get_tren.php:61) Array
(
    [KOD] => 804723
    [TIME_FROM] => 20:00
    [TIME_TO] => 21:00               
    [CLIENTS_CNT] => 0
    [TOV_NAME] => Cross activity
    [ACC] => 0
    [CNTTRAN] => 0
    [CNTTRANRESERV] => 0
)

[2026-03-24 10:19:45] [INFO] (/home/redbarbe/public_html/telegram/webapps/action/ajax_get_tren.php:61) Array
(
    [KOD] => 804411
    [TIME_FROM] => 20:00
    [TIME_TO] => 21:00               
    [CLIENTS_CNT] => 0
    [TOV_NAME] => Бокс
    [ACC] => 0
    [CNTTRAN] => 0
    [CNTTRANRESERV] => 0
)

[2026-03-24 10:19:49] [INFO] (/home/redbarbe/public_html/telegram/webapps/action/ajax_fitness_zapis.php:22) Array
(
    [ajax_method] => 2
    [action] => ajax_fitness_zapis
    [dat] => 27.03.2026
    [acc] => 13776
    [trenid] => 804567
    [ost_all] => 100
    [ip_club] => 212.26.139.90
    [acctozapis] => 0
    [time_from] => 10:00
)

[2026-03-24 10:23:21] [INFO] (/home/redbarbe/public_html/telegram/webapps/action/ajax_get_tren.php:35) Array
(
    [0] => Array
        (
            [KOD] => 815180
            [TIME_FROM] => 08:00
            [TIME_TO] => 09:00               
            [CLIENTS_CNT] => 0
            [TOV_NAME] => Бокс(хлопці, з 13 років)
            [ACC] => 0
            [CNTTRAN] => 0
            [CNTTRANRESERV] => 0
        )

    [1] => Array
        (
            [KOD] => 814868
            [TIME_FROM] => 16:00
            [TIME_TO] => 17:00               
            [CLIENTS_CNT] => 0
            [TOV_NAME] => Паркур kids
            [ACC] => 0
            [CNTTRAN] => 0
            [CNTTRANRESERV] => 0
        )

    [2] => Array
        (
            [KOD] => 814556
            [TIME_FROM] => 17:00
            [TIME_TO] => 18:00               
            [CLIENTS_CNT] => 0
            [TOV_NAME] => Паркур teens
            [ACC] => 0
            [CNTTRAN] => 0
            [CNTTRANRESERV] => 0
        )

    [3] => Array
        (
            [KOD] => 813776
            [TIME_FROM] => 18:00
            [TIME_TO] => 19:00               
            [CLIENTS_CNT] => 0
            [TOV_NAME] => Йога
            [ACC] => 0
            [CNTTRAN] => 3
            [CNTTRANRESERV] => 0
        )

    [4] => Array
        (
            [KOD] => 814712
            [TIME_FROM] => 18:00
            [TIME_TO] => 19:00               
            [CLIENTS_CNT] => 0
            [TOV_NAME] => Бокс/Кікбоксинг  Kids
            [ACC] => 0
            [CNTTRAN] => 1
            [CNTTRANRESERV] => 0
        )

    [5] => Array
        (
            [KOD] => 815024
            [TIME_FROM] => 19:00
            [TIME_TO] => 20:00               
            [CLIENTS_CNT] => 0
            [TOV_NAME] => Jazz funk
            [ACC] => 0
            [CNTTRAN] => 0
            [CNTTRANRESERV] => 0
        )

    [6] => Array
        (
            [KOD] => 813932
            [TIME_FROM] => 19:40
            [TIME_TO] => 20:40               
            [CLIENTS_CNT] => 0
            [TOV_NAME] => Акробатика Kids
            [ACC] => 0
            [CNTTRAN] => 0
            [CNTTRANRESERV] => 0
        )

    [7] => Array
        (
            [KOD] => 814244
            [TIME_FROM] => 20:00
            [TIME_TO] => 21:00               
            [CLIENTS_CNT] => 0
            [TOV_NAME] => Cross activity
            [ACC] => 0
            [CNTTRAN] => 0
            [CNTTRANRESERV] => 0
        )

    [8] => Array
        (
            [KOD] => 814088
            [TIME_FROM] => 20:00
            [TIME_TO] => 21:00               
            [CLIENTS_CNT] => 0
            [TOV_NAME] => Бокс
            [ACC] => 0
            [CNTTRAN] => 1
            [CNTTRANRESERV] => 0
        )

    [9] => Array
        (
            [KOD] => 814400
            [TIME_FROM] => 20:00
            [TIME_TO] => 21:00               
            [CLIENTS_CNT] => 0
            [TOV_NAME] => Stretching
            [ACC] => 0
            [CNTTRAN] => 0
            [CNTTRANRESERV] => 0
        )

)

[2026-03-24 10:23:21] [INFO] (/home/redbarbe/public_html/telegram/webapps/action/ajax_get_tren.php:61) Array
(
    [KOD] => 815180
    [TIME_FROM] => 08:00
    [TIME_TO] => 09:00               
    [CLIENTS_CNT] => 0
    [TOV_NAME] => Бокс(хлопці, з 13 років)
    [ACC] => 0
    [CNTTRAN] => 0
    [CNTTRANRESERV] => 0
)

[2026-03-24 10:23:21] [INFO] (/home/redbarbe/public_html/telegram/webapps/action/ajax_get_tren.php:61) Array
(
    [KOD] => 814868
    [TIME_FROM] => 16:00
    [TIME_TO] => 17:00               
    [CLIENTS_CNT] => 0
    [TOV_NAME] => Паркур kids
    [ACC] => 0
    [CNTTRAN] => 0
    [CNTTRANRESERV] => 0
)

[2026-03-24 10:23:21] [INFO] (/home/redbarbe/public_html/telegram/webapps/action/ajax_get_tren.php:61) Array
(
    [KOD] => 814556
    [TIME_FROM] => 17:00
    [TIME_TO] => 18:00               
    [CLIENTS_CNT] => 0
    [TOV_NAME] => Паркур teens
    [ACC] => 0
    [CNTTRAN] => 0
    [CNTTRANRESERV] => 0
)

[2026-03-24 10:23:21] [INFO] (/home/redbarbe/public_html/telegram/webapps/action/ajax_get_tren.php:61) Array
(
    [KOD] => 813776
    [TIME_FROM] => 18:00
    [TIME_TO] => 19:00               
    [CLIENTS_CNT] => 0
    [TOV_NAME] => Йога
    [ACC] => 0
    [CNTTRAN] => 3
    [CNTTRANRESERV] => 0
)

[2026-03-24 10:23:21] [INFO] (/home/redbarbe/public_html/telegram/webapps/action/ajax_get_tren.php:61) Array
(
    [KOD] => 814712
    [TIME_FROM] => 18:00
    [TIME_TO] => 19:00               
    [CLIENTS_CNT] => 0
    [TOV_NAME] => Бокс/Кікбоксинг  Kids
    [ACC] => 0
    [CNTTRAN] => 1
    [CNTTRANRESERV] => 0
)

[2026-03-24 10:23:21] [INFO] (/home/redbarbe/public_html/telegram/webapps/action/ajax_get_tren.php:61) Array
(
    [KOD] => 815024
    [TIME_FROM] => 19:00
    [TIME_TO] => 20:00               
    [CLIENTS_CNT] => 0
    [TOV_NAME] => Jazz funk
    [ACC] => 0
    [CNTTRAN] => 0
    [CNTTRANRESERV] => 0
)

[2026-03-24 10:23:21] [INFO] (/home/redbarbe/public_html/telegram/webapps/action/ajax_get_tren.php:61) Array
(
    [KOD] => 813932
    [TIME_FROM] => 19:40
    [TIME_TO] => 20:40               
    [CLIENTS_CNT] => 0
    [TOV_NAME] => Акробатика Kids
    [ACC] => 0
    [CNTTRAN] => 0
    [CNTTRANRESERV] => 0
)

[2026-03-24 10:23:21] [INFO] (/home/redbarbe/public_html/telegram/webapps/action/ajax_get_tren.php:61) Array
(
    [KOD] => 814244
    [TIME_FROM] => 20:00
    [TIME_TO] => 21:00               
    [CLIENTS_CNT] => 0
    [TOV_NAME] => Cross activity
    [ACC] => 0
    [CNTTRAN] => 0
    [CNTTRANRESERV] => 0
)

[2026-03-24 10:23:21] [INFO] (/home/redbarbe/public_html/telegram/webapps/action/ajax_get_tren.php:61) Array
(
    [KOD] => 814088
    [TIME_FROM] => 20:00
    [TIME_TO] => 21:00               
    [CLIENTS_CNT] => 0
    [TOV_NAME] => Бокс
    [ACC] => 0
    [CNTTRAN] => 1
    [CNTTRANRESERV] => 0
)

[2026-03-24 10:23:21] [INFO] (/home/redbarbe/public_html/telegram/webapps/action/ajax_get_tren.php:61) Array
(
    [KOD] => 814400
    [TIME_FROM] => 20:00
    [TIME_TO] => 21:00               
    [CLIENTS_CNT] => 0
    [TOV_NAME] => Stretching
    [ACC] => 0
    [CNTTRAN] => 0
    [CNTTRANRESERV] => 0
)

[2026-03-24 10:23:48] [INFO] (/home/redbarbe/public_html/telegram/webapps/action/ajax_fitness_zapis.php:22) Array
(
    [ajax_method] => 2
    [action] => ajax_fitness_zapis
    [dat] => 25.03.2026
    [acc] => 13251
    [trenid] => 814400
    [ost_all] => 100
    [ip_club] => 212.26.139.90
    [acctozapis] => 0
    [time_from] => 20:00
)

[2026-03-24 10:24:42] [INFO] (/home/redbarbe/public_html/telegram/webapps/action/ajax_get_tren.php:35) Array
(
    [0] => Array
        (
            [KOD] => 815180
            [TIME_FROM] => 08:00
            [TIME_TO] => 09:00               
            [CLIENTS_CNT] => 0
            [TOV_NAME] => Бокс(хлопці, з 13 років)
            [ACC] => 0
            [CNTTRAN] => 0
            [CNTTRANRESERV] => 0
        )

    [1] => Array
        (
            [KOD] => 814868
            [TIME_FROM] => 16:00
            [TIME_TO] => 17:00               
            [CLIENTS_CNT] => 0
            [TOV_NAME] => Паркур kids
            [ACC] => 0
            [CNTTRAN] => 0
            [CNTTRANRESERV] => 0
        )

    [2] => Array
        (
            [KOD] => 814556
            [TIME_FROM] => 17:00
            [TIME_TO] => 18:00               
            [CLIENTS_CNT] => 0
            [TOV_NAME] => Паркур teens
            [ACC] => 0
            [CNTTRAN] => 0
            [CNTTRANRESERV] => 0
        )

    [3] => Array
        (
            [KOD] => 813776
            [TIME_FROM] => 18:00
            [TIME_TO] => 19:00               
            [CLIENTS_CNT] => 0
            [TOV_NAME] => Йога
            [ACC] => 0
            [CNTTRAN] => 3
            [CNTTRANRESERV] => 0
        )

    [4] => Array
        (
            [KOD] => 814712
            [TIME_FROM] => 18:00
            [TIME_TO] => 19:00               
            [CLIENTS_CNT] => 0
            [TOV_NAME] => Бокс/Кікбоксинг  Kids
            [ACC] => 0
            [CNTTRAN] => 1
            [CNTTRANRESERV] => 0
        )

    [5] => Array
        (
            [KOD] => 815024
            [TIME_FROM] => 19:00
            [TIME_TO] => 20:00               
            [CLIENTS_CNT] => 0
            [TOV_NAME] => Jazz funk
            [ACC] => 0
            [CNTTRAN] => 0
            [CNTTRANRESERV] => 0
        )

    [6] => Array
        (
            [KOD] => 813932
            [TIME_FROM] => 19:40
            [TIME_TO] => 20:40               
            [CLIENTS_CNT] => 0
            [TOV_NAME] => Акробатика Kids
            [ACC] => 0
            [CNTTRAN] => 0
            [CNTTRANRESERV] => 0
        )

    [7] => Array
        (
            [KOD] => 814244
            [TIME_FROM] => 20:00
            [TIME_TO] => 21:00               
            [CLIENTS_CNT] => 0
            [TOV_NAME] => Cross activity
            [ACC] => 0
            [CNTTRAN] => 0
            [CNTTRANRESERV] => 0
        )

    [8] => Array
        (
            [KOD] => 814088
            [TIME_FROM] => 20:00
            [TIME_TO] => 21:00               
            [CLIENTS_CNT] => 0
            [TOV_NAME] => Бокс
            [ACC] => 0
            [CNTTRAN] => 1
            [CNTTRANRESERV] => 0
        )

    [9] => Array
        (
            [KOD] => 814400
            [TIME_FROM] => 20:00
            [TIME_TO] => 21:00               
            [CLIENTS_CNT] => 0
            [TOV_NAME] => Stretching
            [ACC] => 13251
            [CNTTRAN] => 1
            [CNTTRANRESERV] => 0
        )

)

[2026-03-24 10:24:42] [INFO] (/home/redbarbe/public_html/telegram/webapps/action/ajax_get_tren.php:61) Array
(
    [KOD] => 815180
    [TIME_FROM] => 08:00
    [TIME_TO] => 09:00               
    [CLIENTS_CNT] => 0
    [TOV_NAME] => Бокс(хлопці, з 13 років)
    [ACC] => 0
    [CNTTRAN] => 0
    [CNTTRANRESERV] => 0
)

[2026-03-24 10:24:42] [INFO] (/home/redbarbe/public_html/telegram/webapps/action/ajax_get_tren.php:61) Array
(
    [KOD] => 814868
    [TIME_FROM] => 16:00
    [TIME_TO] => 17:00               
    [CLIENTS_CNT] => 0
    [TOV_NAME] => Паркур kids
    [ACC] => 0
    [CNTTRAN] => 0
    [CNTTRANRESERV] => 0
)

[2026-03-24 10:24:42] [INFO] (/home/redbarbe/public_html/telegram/webapps/action/ajax_get_tren.php:61) Array
(
    [KOD] => 814556
    [TIME_FROM] => 17:00
    [TIME_TO] => 18:00               
    [CLIENTS_CNT] => 0
    [TOV_NAME] => Паркур teens
    [ACC] => 0
    [CNTTRAN] => 0
    [CNTTRANRESERV] => 0
)

[2026-03-24 10:24:42] [INFO] (/home/redbarbe/public_html/telegram/webapps/action/ajax_get_tren.php:61) Array
(
    [KOD] => 813776
    [TIME_FROM] => 18:00
    [TIME_TO] => 19:00               
    [CLIENTS_CNT] => 0
    [TOV_NAME] => Йога
    [ACC] => 0
    [CNTTRAN] => 3
    [CNTTRANRESERV] => 0
)

[2026-03-24 10:24:42] [INFO] (/home/redbarbe/public_html/telegram/webapps/action/ajax_get_tren.php:61) Array
(
    [KOD] => 814712
    [TIME_FROM] => 18:00
    [TIME_TO] => 19:00               
    [CLIENTS_CNT] => 0
    [TOV_NAME] => Бокс/Кікбоксинг  Kids
    [ACC] => 0
    [CNTTRAN] => 1
    [CNTTRANRESERV] => 0
)

[2026-03-24 10:24:42] [INFO] (/home/redbarbe/public_html/telegram/webapps/action/ajax_get_tren.php:61) Array
(
    [KOD] => 815024
    [TIME_FROM] => 19:00
    [TIME_TO] => 20:00               
    [CLIENTS_CNT] => 0
    [TOV_NAME] => Jazz funk
    [ACC] => 0
    [CNTTRAN] => 0
    [CNTTRANRESERV] => 0
)

[2026-03-24 10:24:42] [INFO] (/home/redbarbe/public_html/telegram/webapps/action/ajax_get_tren.php:61) Array
(
    [KOD] => 813932
    [TIME_FROM] => 19:40
    [TIME_TO] => 20:40               
    [CLIENTS_CNT] => 0
    [TOV_NAME] => Акробатика Kids
    [ACC] => 0
    [CNTTRAN] => 0
    [CNTTRANRESERV] => 0
)

[2026-03-24 10:24:42] [INFO] (/home/redbarbe/public_html/telegram/webapps/action/ajax_get_tren.php:61) Array
(
    [KOD] => 814244
    [TIME_FROM] => 20:00
    [TIME_TO] => 21:00               
    [CLIENTS_CNT] => 0
    [TOV_NAME] => Cross activity
    [ACC] => 0
    [CNTTRAN] => 0
    [CNTTRANRESERV] => 0
)

[2026-03-24 10:24:42] [INFO] (/home/redbarbe/public_html/telegram/webapps/action/ajax_get_tren.php:61) Array
(
    [KOD] => 814088
    [TIME_FROM] => 20:00
    [TIME_TO] => 21:00               
    [CLIENTS_CNT] => 0
    [TOV_NAME] => Бокс
    [ACC] => 0
    [CNTTRAN] => 1
    [CNTTRANRESERV] => 0
)

[2026-03-24 10:24:42] [INFO] (/home/redbarbe/public_html/telegram/webapps/action/ajax_get_tren.php:61) Array
(
    [KOD] => 814400
    [TIME_FROM] => 20:00
    [TIME_TO] => 21:00               
    [CLIENTS_CNT] => 0
    [TOV_NAME] => Stretching
    [ACC] => 13251
    [CNTTRAN] => 1
    [CNTTRANRESERV] => 0
)

[2026-03-24 10:25:02] [INFO] (/home/redbarbe/public_html/telegram/webapps/action/ajax_get_tren.php:35) Array
(
    [0] => Array
        (
            [KOD] => 816273
            [TIME_FROM] => 09:00
            [TIME_TO] => 10:00               
            [CLIENTS_CNT] => 0
            [TOV_NAME] => Functional cardio
            [ACC] => 0
            [CNTTRAN] => 0
            [CNTTRANRESERV] => 0
        )

    [1] => Array
        (
            [KOD] => 816429
            [TIME_FROM] => 10:00
            [TIME_TO] => 11:00               
            [CLIENTS_CNT] => 0
            [TOV_NAME] => Cardio&Body weight
            [ACC] => 0
            [CNTTRAN] => 0
            [CNTTRANRESERV] => 0
        )

    [2] => Array
        (
            [KOD] => 816585
            [TIME_FROM] => 16:00
            [TIME_TO] => 17:00               
            [CLIENTS_CNT] => 0
            [TOV_NAME] => Дзюдо kids 
            [ACC] => 0
            [CNTTRAN] => 1
            [CNTTRANRESERV] => 0
        )

    [3] => Array
        (
            [KOD] => 816741
            [TIME_FROM] => 17:00
            [TIME_TO] => 18:00               
            [CLIENTS_CNT] => 0
            [TOV_NAME] => Дзюдо teens
            [ACC] => 0
            [CNTTRAN] => 0
            [CNTTRANRESERV] => 0
        )

    [4] => Array
        (
            [KOD] => 816897
            [TIME_FROM] => 18:00
            [TIME_TO] => 19:00               
            [CLIENTS_CNT] => 0
            [TOV_NAME] => Step Drive
            [ACC] => 0
            [CNTTRAN] => 0
            [CNTTRANRESERV] => 0
        )

    [5] => Array
        (
            [KOD] => 817053
            [TIME_FROM] => 19:00
            [TIME_TO] => 20:00               
            [CLIENTS_CNT] => 0
            [TOV_NAME] => Cycling
            [ACC] => 0
            [CNTTRAN] => 0
            [CNTTRANRESERV] => 0
        )

    [6] => Array
        (
            [KOD] => 816117
            [TIME_FROM] => 20:00
            [TIME_TO] => 21:00               
            [CLIENTS_CNT] => 0
            [TOV_NAME] => Партерна хореографія
            [ACC] => 0
            [CNTTRAN] => 1
            [CNTTRANRESERV] => 0
        )

)

[2026-03-24 10:25:02] [INFO] (/home/redbarbe/public_html/telegram/webapps/action/ajax_get_tren.php:61) Array
(
    [KOD] => 816273
    [TIME_FROM] => 09:00
    [TIME_TO] => 10:00               
    [CLIENTS_CNT] => 0
    [TOV_NAME] => Functional cardio
    [ACC] => 0
    [CNTTRAN] => 0
    [CNTTRANRESERV] => 0
)

[2026-03-24 10:25:02] [INFO] (/home/redbarbe/public_html/telegram/webapps/action/ajax_get_tren.php:61) Array
(
    [KOD] => 816429
    [TIME_FROM] => 10:00
    [TIME_TO] => 11:00               
    [CLIENTS_CNT] => 0
    [TOV_NAME] => Cardio&Body weight
    [ACC] => 0
    [CNTTRAN] => 0
    [CNTTRANRESERV] => 0
)

[2026-03-24 10:25:02] [INFO] (/home/redbarbe/public_html/telegram/webapps/action/ajax_get_tren.php:61) Array
(
    [KOD] => 816585
    [TIME_FROM] => 16:00
    [TIME_TO] => 17:00               
    [CLIENTS_CNT] => 0
    [TOV_NAME] => Дзюдо kids 
    [ACC] => 0
    [CNTTRAN] => 1
    [CNTTRANRESERV] => 0
)

[2026-03-24 10:25:02] [INFO] (/home/redbarbe/public_html/telegram/webapps/action/ajax_get_tren.php:61) Array
(
    [KOD] => 816741
    [TIME_FROM] => 17:00
    [TIME_TO] => 18:00               
    [CLIENTS_CNT] => 0
    [TOV_NAME] => Дзюдо teens
    [ACC] => 0
    [CNTTRAN] => 0
    [CNTTRANRESERV] => 0
)

[2026-03-24 10:25:02] [INFO] (/home/redbarbe/public_html/telegram/webapps/action/ajax_get_tren.php:61) Array
(
    [KOD] => 816897
    [TIME_FROM] => 18:00
    [TIME_TO] => 19:00               
    [CLIENTS_CNT] => 0
    [TOV_NAME] => Step Drive
    [ACC] => 0
    [CNTTRAN] => 0
    [CNTTRANRESERV] => 0
)

[2026-03-24 10:25:02] [INFO] (/home/redbarbe/public_html/telegram/webapps/action/ajax_get_tren.php:61) Array
(
    [KOD] => 817053
    [TIME_FROM] => 19:00
    [TIME_TO] => 20:00               
    [CLIENTS_CNT] => 0
    [TOV_NAME] => Cycling
    [ACC] => 0
    [CNTTRAN] => 0
    [CNTTRANRESERV] => 0
)

[2026-03-24 10:25:02] [INFO] (/home/redbarbe/public_html/telegram/webapps/action/ajax_get_tren.php:61) Array
(
    [KOD] => 816117
    [TIME_FROM] => 20:00
    [TIME_TO] => 21:00               
    [CLIENTS_CNT] => 0
    [TOV_NAME] => Партерна хореографія
    [ACC] => 0
    [CNTTRAN] => 1
    [CNTTRANRESERV] => 0
)

[2026-03-24 10:25:18] [INFO] (/home/redbarbe/public_html/telegram/webapps/action/ajax_fitness_zapis.php:22) Array
(
    [ajax_method] => 2
    [action] => ajax_fitness_zapis
    [dat] => 26.03.2026
    [acc] => 13251
    [trenid] => 816117
    [ost_all] => 100
    [ip_club] => 212.26.139.90
    [acctozapis] => 0
    [time_from] => 20:00
)

[2026-03-24 10:32:20] [INFO] (/home/redbarbe/public_html/telegram/webapps/action/ajax_get_tren.php:35) Array
(
    [0] => Array
        (
            [KOD] => 673520
            [TIME_FROM] => 16:00
            [TIME_TO] => 17:00               
            [CLIENTS_CNT] => 0
            [TOV_NAME] => Гімнастика Kids
            [ACC] => 0
            [CNTTRAN] => 0
            [CNTTRANRESERV] => 0
        )

    [1] => Array
        (
            [KOD] => 673159
            [TIME_FROM] => 19:00
            [TIME_TO] => 20:00               
            [CLIENTS_CNT] => 0
            [TOV_NAME] => CrossActivity
            [ACC] => 0
            [CNTTRAN] => 0
            [CNTTRANRESERV] => 0
        )

    [2] => Array
        (
            [KOD] => 672798
            [TIME_FROM] => 19:00
            [TIME_TO] => 20:00               
            [CLIENTS_CNT] => 0
            [TOV_NAME] => Бокс
            [ACC] => 0
            [CNTTRAN] => 0
            [CNTTRANRESERV] => 0
        )

    [3] => Array
        (
            [KOD] => 674242
            [TIME_FROM] => 20:00
            [TIME_TO] => 21:00               
            [CLIENTS_CNT] => 0
            [TOV_NAME] => Важка Атлетика
            [ACC] => 0
            [CNTTRAN] => 0
            [CNTTRANRESERV] => 0
        )

    [4] => Array
        (
            [KOD] => 673881
            [TIME_FROM] => 20:00
            [TIME_TO] => 21:00               
            [CLIENTS_CNT] => 0
            [TOV_NAME] => Функціональний бодібілдинг
            [ACC] => 0
            [CNTTRAN] => 0
            [CNTTRANRESERV] => 0
        )

)

[2026-03-24 10:32:20] [INFO] (/home/redbarbe/public_html/telegram/webapps/action/ajax_get_tren.php:61) Array
(
    [KOD] => 673520
    [TIME_FROM] => 16:00
    [TIME_TO] => 17:00               
    [CLIENTS_CNT] => 0
    [TOV_NAME] => Гімнастика Kids
    [ACC] => 0
    [CNTTRAN] => 0
    [CNTTRANRESERV] => 0
)

[2026-03-24 10:32:20] [INFO] (/home/redbarbe/public_html/telegram/webapps/action/ajax_get_tren.php:61) Array
(
    [KOD] => 673159
    [TIME_FROM] => 19:00
    [TIME_TO] => 20:00               
    [CLIENTS_CNT] => 0
    [TOV_NAME] => CrossActivity
    [ACC] => 0
    [CNTTRAN] => 0
    [CNTTRANRESERV] => 0
)

[2026-03-24 10:32:20] [INFO] (/home/redbarbe/public_html/telegram/webapps/action/ajax_get_tren.php:61) Array
(
    [KOD] => 672798
    [TIME_FROM] => 19:00
    [TIME_TO] => 20:00               
    [CLIENTS_CNT] => 0
    [TOV_NAME] => Бокс
    [ACC] => 0
    [CNTTRAN] => 0
    [CNTTRANRESERV] => 0
)

[2026-03-24 10:32:20] [INFO] (/home/redbarbe/public_html/telegram/webapps/action/ajax_get_tren.php:61) Array
(
    [KOD] => 674242
    [TIME_FROM] => 20:00
    [TIME_TO] => 21:00               
    [CLIENTS_CNT] => 0
    [TOV_NAME] => Важка Атлетика
    [ACC] => 0
    [CNTTRAN] => 0
    [CNTTRANRESERV] => 0
)

[2026-03-24 10:32:20] [INFO] (/home/redbarbe/public_html/telegram/webapps/action/ajax_get_tren.php:61) Array
(
    [KOD] => 673881
    [TIME_FROM] => 20:00
    [TIME_TO] => 21:00               
    [CLIENTS_CNT] => 0
    [TOV_NAME] => Функціональний бодібілдинг
    [ACC] => 0
    [CNTTRAN] => 0
    [CNTTRANRESERV] => 0
)

[2026-03-24 10:59:00] [INFO] (/home/redbarbe/public_html/telegram/webapps/action/select_sotr.php:17) Array
(
    [action] => select_sotr
    [club] => -
    [club_ip] => 178.151.119.180
)

[2026-03-24 10:59:00] [INFO] (/home/redbarbe/public_html/telegram/webapps/action/select_sotr.php:27) Array
(
    [0] => Array
        (
            [ROLE] => Тренер
            [ID] => 0717
            [NAME] => Єфремова Олександра
        )

    [1] => Array
        (
            [ROLE] => Тренер
            [ID] => 0707
            [NAME] => Андрияш Анна
        )

    [2] => Array
        (
            [ROLE] => Тренер
            [ID] => 0399
            [NAME] => Біліч Лариса
        )

    [3] => Array
        (
            [ROLE] => Тренер
            [ID] => 0302
            [NAME] => Барсегян Анна
        )

    [4] => Array
        (
            [ROLE] => Тренер
            [ID] => 0316
            [NAME] => Вєтрова Катя
        )

    [5] => Array
        (
            [ROLE] => Тренер
            [ID] => 0708
            [NAME] => Виноградов Александр
        )

    [6] => Array
        (
            [ROLE] => Администратор фитнеса
            [ID] => 0402
            [NAME] => Войтюк Мар'яна
        )

    [7] => Array
        (
            [ROLE] => Тренер
            [ID] => 0327
            [NAME] => Гармаш Владимир
        )

    [8] => Array
        (
            [ROLE] => Главний бухгалтер
            [ID] => 0902
            [NAME] => Глав. Бух.
        )

    [9] => Array
        (
            [ROLE] => Тренер
            [ID] => 0718
            [NAME] => Дворніков Дмитро 
        )

    [10] => Array
        (
            [ROLE] => Администратор фитнеса
            [ID] => 0101
            [NAME] => Дежурный
        )

    [11] => Array
        (
            [ROLE] => Администратор фитнеса
            [ID] => 0104
            [NAME] => Демченко Александра
        )

    [12] => Array
        (
            [ROLE] => Администратор фитнеса
            [ID] => 0102
            [NAME] => Дубинчук Наталья
        )

    [13] => Array
        (
            [ROLE] => Тренер
            [ID] => 0304
            [NAME] => Елецкая Светлана
        )

    [14] => Array
        (
            [ROLE] => Тренер
            [ID] => 0308
            [NAME] => Колесник Богдан
        )

    [15] => Array
        (
            [ROLE] => Тренер
            [ID] => 0312
            [NAME] => Крыжановский Павел
        )

    [16] => Array
        (
            [ROLE] => Тренер
            [ID] => 0313
            [NAME] => Кукурудзяк Руслан
        )

    [17] => Array
        (
            [ROLE] => Тренер
            [ID] => 0325
            [NAME] => Оруджева Юлія
        )

    [18] => Array
        (
            [ROLE] => Тренер
            [ID] => 0710
            [NAME] => Остафи Денис
        )

    [19] => Array
        (
            [ROLE] => Тренер
            [ID] => 0715
            [NAME] => Проломов Данил
        )

    [20] => Array
        (
            [ROLE] => Тренер
            [ID] => 0311
            [NAME] => Романовская Наталья
        )

    [21] => Array
        (
            [ROLE] => Администратор фитнеса
            [ID] => 0903
            [NAME] => Сванідзе Юлія 
        )

    [22] => Array
        (
            [ROLE] => Тренер
            [ID] => 0711
            [NAME] => Солянов Владислав
        )

    [23] => Array
        (
            [ROLE] => Тренер
            [ID] => 0326
            [NAME] => Тищенко Ольга
        )

    [24] => Array
        (
            [ROLE] => Тренер
            [ID] => 0310
            [NAME] => Фесенко Ира
        )

    [25] => Array
        (
            [ROLE] => Тренер
            [ID] => 0103
            [NAME] => Шевелько Руслан
        )

    [26] => Array
        (
            [ROLE] => Тренер
            [ID] => 0712
            [NAME] => Шевчук Вікторія
        )

    [27] => Array
        (
            [ROLE] => Головний адміністратор
            [ID] => 0901
            [NAME] => системный
        )

)

[2026-03-24 10:59:13] [INFO] (/home/redbarbe/public_html/telegram/webapps/action/select_sotr.php:17) Array
(
    [action] => select_sotr
    [club] => -
    [club_ip] => 212.26.139.90
)

[2026-03-24 10:59:13] [INFO] (/home/redbarbe/public_html/telegram/webapps/action/select_sotr.php:27) Array
(
    [0] => Array
        (
            [ROLE] => Тренер
            [ID] => 2357
            [NAME] => Ілюк Діана
        )

    [1] => Array
        (
            [ROLE] => Тренер
            [ID] => 697814
            [NAME] => Горева Анастасія
        )

    [2] => Array
        (
            [ROLE] => Администратор фитнеса
            [ID] => 0101
            [NAME] => Дежурный
        )

    [3] => Array
        (
            [ROLE] => Администратор фитнеса
            [ID] => 0103
            [NAME] => Йова Катерина
        )

    [4] => Array
        (
            [ROLE] => Тренер
            [ID] => 03354
            [NAME] => Колесник Богдан
        )

    [5] => Array
        (
            [ROLE] => Тренер
            [ID] => 2564
            [NAME] => Кулаковський Сергій
        )

    [6] => Array
        (
            [ROLE] => Администратор фитнеса
            [ID] => 0102
            [NAME] => Лазаренко Ліна
        )

    [7] => Array
        (
            [ROLE] => Тренер
            [ID] => 2452
            [NAME] => Лешковят Наталія
        )

    [8] => Array
        (
            [ROLE] => Администратор фитнеса
            [ID] => 0235
            [NAME] => Лучко Кирил
        )

    [9] => Array
        (
            [ROLE] => Администратор фитнеса
            [ID] => 0333
            [NAME] => Мамедова Ельнара
        )

    [10] => Array
        (
            [ROLE] => Тренер
            [ID] => 03336
            [NAME] => Мельниченко Надія
        )

    [11] => Array
        (
            [ROLE] => Тренер
            [ID] => 8760
            [NAME] => Москалець Тетяна
        )

    [12] => Array
        (
            [ROLE] => Тренер
            [ID] => 007989
            [NAME] => Підгурська Влада
        )

    [13] => Array
        (
            [ROLE] => Тренер
            [ID] => 03337
            [NAME] => Погорєлов Євгеній
        )

    [14] => Array
        (
            [ROLE] => Тренер
            [ID] => 03589
            [NAME] => Присняк Владислав
        )

    [15] => Array
        (
            [ROLE] => Тренер
            [ID] => 03352
            [NAME] => Рибак Роман
        )

    [16] => Array
        (
            [ROLE] => Тренер
            [ID] => 0334
            [NAME] => Самусенко Альона
        )

    [17] => Array
        (
            [ROLE] => Тренер
            [ID] => 03339
            [NAME] => Стрілець Данило
        )

    [18] => Array
        (
            [ROLE] => Тренер
            [ID] => 7895
            [NAME] => Тулаінов Андрій
        )

    [19] => Array
        (
            [ROLE] => Тренер
            [ID] => 0325
            [NAME] => Худоба Ігор
        )

    [20] => Array
        (
            [ROLE] => Тренер
            [ID] => 03342
            [NAME] => Шматко Ярослав
        )

    [21] => Array
        (
            [ROLE] => Тренер
            [ID] => 8987
            [NAME] => Яковенко Ганна
        )

)

[2026-03-24 11:08:33] [INFO] (/home/redbarbe/public_html/telegram/webapps/reports/report_kassa.php:216) reports1
[2026-03-24 11:08:33] [INFO] (/home/redbarbe/public_html/telegram/webapps/reports/report_kassa.php:219) Array
(
    [dbeg] => 23.03.2026
    [dend] => 23.03.2026
    [kasa] => 
    [command] => GET_REPORT1_KASSA
)

[2026-03-24 11:10:03] [INFO] (/home/redbarbe/public_html/telegram/webapps/action/hist_ost_poslug.php:19) SELECT a.name FROM `spr_acc` a, spr_users u WHERE u.active_account=a.acc and u.chat_id=a.chat_id and a.acc=12859 
and u.club=(select id from spr_clubs where ip_club="212.26.139.90") limit 1
[2026-03-24 11:10:03] [INFO] (/home/redbarbe/public_html/telegram/webapps/action/hist_ost_poslug.php:20) hist_ost_poslug
[2026-03-24 11:10:03] [INFO] (/home/redbarbe/public_html/telegram/webapps/action/hist_ost_poslug.php:111) Array
(
    [acc] => 12859
    [command] => GET_OST_POSLUG_ACC
)

[2026-03-24 11:10:03] [INFO] (/home/redbarbe/public_html/telegram/webapps/action/hist_ost_poslug.php:112) ip=212.26.139.90
[2026-03-24 11:13:56] [INFO] (/home/redbarbe/public_html/telegram/webapps/action/ajax_get_tren.php:35) Array
(
    [0] => Array
        (
            [KOD] => 809700
            [TIME_FROM] => 10:00
            [TIME_TO] => 11:00               
            [CLIENTS_CNT] => 0
            [TOV_NAME] => Йога
            [ACC] => 0
            [CNTTRAN] => 0
            [CNTTRANRESERV] => 0
        )

    [1] => Array
        (
            [KOD] => 810320
            [TIME_FROM] => 18:00
            [TIME_TO] => 19:00               
            [CLIENTS_CNT] => 0
            [TOV_NAME] => Паркур Kids
            [ACC] => 0
            [CNTTRAN] => 0
            [CNTTRANRESERV] => 0
        )

    [2] => Array
        (
            [KOD] => 809855
            [TIME_FROM] => 19:00
            [TIME_TO] => 20:00               
            [CLIENTS_CNT] => 0
            [TOV_NAME] => Паркур
            [ACC] => 0
            [CNTTRAN] => 0
            [CNTTRANRESERV] => 0
        )

    [3] => Array
        (
            [KOD] => 810475
            [TIME_FROM] => 19:00
            [TIME_TO] => 20:00               
            [CLIENTS_CNT] => 0
            [TOV_NAME] => CrossActivity
            [ACC] => 0
            [CNTTRAN] => 0
            [CNTTRANRESERV] => 0
        )

    [4] => Array
        (
            [KOD] => 810630
            [TIME_FROM] => 19:00
            [TIME_TO] => 20:00               
            [CLIENTS_CNT] => 5
            [TOV_NAME] => Cycle
            [ACC] => 0
            [CNTTRAN] => 2
            [CNTTRANRESERV] => 0
        )

    [5] => Array
        (
            [KOD] => 810010
            [TIME_FROM] => 19:00
            [TIME_TO] => 20:00               
            [CLIENTS_CNT] => 0
            [TOV_NAME] => FitnessMix
            [ACC] => 0
            [CNTTRAN] => 1
            [CNTTRANRESERV] => 0
        )

    [6] => Array
        (
            [KOD] => 810165
            [TIME_FROM] => 19:00
            [TIME_TO] => 20:00               
            [CLIENTS_CNT] => 0
            [TOV_NAME] => Йога
            [ACC] => 0
            [CNTTRAN] => 0
            [CNTTRANRESERV] => 0
        )

)

[2026-03-24 11:13:56] [INFO] (/home/redbarbe/public_html/telegram/webapps/action/ajax_get_tren.php:61) Array
(
    [KOD] => 809700
    [TIME_FROM] => 10:00
    [TIME_TO] => 11:00               
    [CLIENTS_CNT] => 0
    [TOV_NAME] => Йога
    [ACC] => 0
    [CNTTRAN] => 0
    [CNTTRANRESERV] => 0
)

[2026-03-24 11:13:56] [INFO] (/home/redbarbe/public_html/telegram/webapps/action/ajax_get_tren.php:61) Array
(
    [KOD] => 810320
    [TIME_FROM] => 18:00
    [TIME_TO] => 19:00               
    [CLIENTS_CNT] => 0
    [TOV_NAME] => Паркур Kids
    [ACC] => 0
    [CNTTRAN] => 0
    [CNTTRANRESERV] => 0
)

[2026-03-24 11:13:56] [INFO] (/home/redbarbe/public_html/telegram/webapps/action/ajax_get_tren.php:61) Array
(
    [KOD] => 809855
    [TIME_FROM] => 19:00
    [TIME_TO] => 20:00               
    [CLIENTS_CNT] => 0
    [TOV_NAME] => Паркур
    [ACC] => 0
    [CNTTRAN] => 0
    [CNTTRANRESERV] => 0
)

[2026-03-24 11:13:56] [INFO] (/home/redbarbe/public_html/telegram/webapps/action/ajax_get_tren.php:61) Array
(
    [KOD] => 810475
    [TIME_FROM] => 19:00
    [TIME_TO] => 20:00               
    [CLIENTS_CNT] => 0
    [TOV_NAME] => CrossActivity
    [ACC] => 0
    [CNTTRAN] => 0
    [CNTTRANRESERV] => 0
)

[2026-03-24 11:13:56] [INFO] (/home/redbarbe/public_html/telegram/webapps/action/ajax_get_tren.php:61) Array
(
    [KOD] => 810630
    [TIME_FROM] => 19:00
    [TIME_TO] => 20:00               
    [CLIENTS_CNT] => 5
    [TOV_NAME] => Cycle
    [ACC] => 0
    [CNTTRAN] => 2
    [CNTTRANRESERV] => 0
)

[2026-03-24 11:13:56] [INFO] (/home/redbarbe/public_html/telegram/webapps/action/ajax_get_tren.php:61) Array
(
    [KOD] => 810010
    [TIME_FROM] => 19:00
    [TIME_TO] => 20:00               
    [CLIENTS_CNT] => 0
    [TOV_NAME] => FitnessMix
    [ACC] => 0
    [CNTTRAN] => 1
    [CNTTRANRESERV] => 0
)

[2026-03-24 11:13:56] [INFO] (/home/redbarbe/public_html/telegram/webapps/action/ajax_get_tren.php:61) Array
(
    [KOD] => 810165
    [TIME_FROM] => 19:00
    [TIME_TO] => 20:00               
    [CLIENTS_CNT] => 0
    [TOV_NAME] => Йога
    [ACC] => 0
    [CNTTRAN] => 0
    [CNTTRANRESERV] => 0
)

[2026-03-24 11:22:17] [INFO] (/home/redbarbe/public_html/telegram/webapps/action/ajax_get_tren.php:35) Array
(
    [0] => Array
        (
            [KOD] => 857496
            [TIME_FROM] => 09:00
            [TIME_TO] => 10:00               
            [CLIENTS_CNT] => 0
            [TOV_NAME] => Пілатес
            [ACC] => 0
            [CNTTRAN] => 0
            [CNTTRANRESERV] => 0
        )

    [1] => Array
        (
            [KOD] => 857704
            [TIME_FROM] => 18:00
            [TIME_TO] => 19:00               
            [CLIENTS_CNT] => 0
            [TOV_NAME] => F.B.T. (Fat burn traning)
            [ACC] => 86
            [CNTTRAN] => 2
            [CNTTRANRESERV] => 0
        )

    [2] => Array
        (
            [KOD] => 857288
            [TIME_FROM] => 19:00
            [TIME_TO] => 20:00               
            [CLIENTS_CNT] => 0
            [TOV_NAME] => Stretching & Mobility
            [ACC] => 86
            [CNTTRAN] => 2
            [CNTTRANRESERV] => 0
        )

)

[2026-03-24 11:22:17] [INFO] (/home/redbarbe/public_html/telegram/webapps/action/ajax_get_tren.php:61) Array
(
    [KOD] => 857496
    [TIME_FROM] => 09:00
    [TIME_TO] => 10:00               
    [CLIENTS_CNT] => 0
    [TOV_NAME] => Пілатес
    [ACC] => 0
    [CNTTRAN] => 0
    [CNTTRANRESERV] => 0
)

[2026-03-24 11:22:17] [INFO] (/home/redbarbe/public_html/telegram/webapps/action/ajax_get_tren.php:61) Array
(
    [KOD] => 857704
    [TIME_FROM] => 18:00
    [TIME_TO] => 19:00               
    [CLIENTS_CNT] => 0
    [TOV_NAME] => F.B.T. (Fat burn traning)
    [ACC] => 86
    [CNTTRAN] => 2
    [CNTTRANRESERV] => 0
)

[2026-03-24 11:22:17] [INFO] (/home/redbarbe/public_html/telegram/webapps/action/ajax_get_tren.php:61) Array
(
    [KOD] => 857288
    [TIME_FROM] => 19:00
    [TIME_TO] => 20:00               
    [CLIENTS_CNT] => 0
    [TOV_NAME] => Stretching & Mobility
    [ACC] => 86
    [CNTTRAN] => 2
    [CNTTRANRESERV] => 0
)

[2026-03-24 11:29:35] [INFO] (/home/redbarbe/public_html/telegram/webapps/action/ajax_get_tren.php:35) Array
(
    [0] => Array
        (
            [KOD] => 813598
            [TIME_FROM] => 09:00
            [TIME_TO] => 10:00               
            [CLIENTS_CNT] => 0
            [TOV_NAME] => CrossActivity
            [ACC] => 0
            [CNTTRAN] => 0
            [CNTTRANRESERV] => 0
        )

    [1] => Array
        (
            [KOD] => 813094
            [TIME_FROM] => 14:00
            [TIME_TO] => 15:00               
            [CLIENTS_CNT] => 0
            [TOV_NAME] => FitnessMix
            [ACC] => 0
            [CNTTRAN] => 0
            [CNTTRANRESERV] => 0
        )

    [2] => Array
        (
            [KOD] => 813542
            [TIME_FROM] => 18:00
            [TIME_TO] => 19:00               
            [CLIENTS_CNT] => 0
            [TOV_NAME] => Паркур Kids
            [ACC] => 0
            [CNTTRAN] => 0
            [CNTTRANRESERV] => 0
        )

    [3] => Array
        (
            [KOD] => 813318
            [TIME_FROM] => 18:30
            [TIME_TO] => 19:30               
            [CLIENTS_CNT] => 0
            [TOV_NAME] => Pilates
            [ACC] => 0
            [CNTTRAN] => 0
            [CNTTRANRESERV] => 0
        )

    [4] => Array
        (
            [KOD] => 813430
            [TIME_FROM] => 19:00
            [TIME_TO] => 20:00               
            [CLIENTS_CNT] => 0
            [TOV_NAME] => Паркур
            [ACC] => 0
            [CNTTRAN] => 0
            [CNTTRANRESERV] => 0
        )

    [5] => Array
        (
            [KOD] => 813150
            [TIME_FROM] => 19:00
            [TIME_TO] => 20:00               
            [CLIENTS_CNT] => 0
            [TOV_NAME] => CrossActivity
            [ACC] => 0
            [CNTTRAN] => 0
            [CNTTRANRESERV] => 0
        )

    [6] => Array
        (
            [KOD] => 813374
            [TIME_FROM] => 19:30
            [TIME_TO] => 20:30               
            [CLIENTS_CNT] => 0
            [TOV_NAME] => TRX
            [ACC] => 0
            [CNTTRAN] => 1
            [CNTTRANRESERV] => 0
        )

    [7] => Array
        (
            [KOD] => 813262
            [TIME_FROM] => 20:00
            [TIME_TO] => 21:00               
            [CLIENTS_CNT] => 0
            [TOV_NAME] => CrossActivity
            [ACC] => 0
            [CNTTRAN] => 0
            [CNTTRANRESERV] => 0
        )

    [8] => Array
        (
            [KOD] => 813486
            [TIME_FROM] => 20:00
            [TIME_TO] => 21:00               
            [CLIENTS_CNT] => 0
            [TOV_NAME] => Бокс
            [ACC] => 0
            [CNTTRAN] => 0
            [CNTTRANRESERV] => 0
        )

)

[2026-03-24 11:29:35] [INFO] (/home/redbarbe/public_html/telegram/webapps/action/ajax_get_tren.php:61) Array
(
    [KOD] => 813598
    [TIME_FROM] => 09:00
    [TIME_TO] => 10:00               
    [CLIENTS_CNT] => 0
    [TOV_NAME] => CrossActivity
    [ACC] => 0
    [CNTTRAN] => 0
    [CNTTRANRESERV] => 0
)

[2026-03-24 11:29:35] [INFO] (/home/redbarbe/public_html/telegram/webapps/action/ajax_get_tren.php:61) Array
(
    [KOD] => 813094
    [TIME_FROM] => 14:00
    [TIME_TO] => 15:00               
    [CLIENTS_CNT] => 0
    [TOV_NAME] => FitnessMix
    [ACC] => 0
    [CNTTRAN] => 0
    [CNTTRANRESERV] => 0
)

[2026-03-24 11:29:35] [INFO] (/home/redbarbe/public_html/telegram/webapps/action/ajax_get_tren.php:61) Array
(
    [KOD] => 813542
    [TIME_FROM] => 18:00
    [TIME_TO] => 19:00               
    [CLIENTS_CNT] => 0
    [TOV_NAME] => Паркур Kids
    [ACC] => 0
    [CNTTRAN] => 0
    [CNTTRANRESERV] => 0
)

[2026-03-24 11:29:35] [INFO] (/home/redbarbe/public_html/telegram/webapps/action/ajax_get_tren.php:61) Array
(
    [KOD] => 813318
    [TIME_FROM] => 18:30
    [TIME_TO] => 19:30               
    [CLIENTS_CNT] => 0
    [TOV_NAME] => Pilates
    [ACC] => 0
    [CNTTRAN] => 0
    [CNTTRANRESERV] => 0
)

[2026-03-24 11:29:35] [INFO] (/home/redbarbe/public_html/telegram/webapps/action/ajax_get_tren.php:61) Array
(
    [KOD] => 813430
    [TIME_FROM] => 19:00
    [TIME_TO] => 20:00               
    [CLIENTS_CNT] => 0
    [TOV_NAME] => Паркур
    [ACC] => 0
    [CNTTRAN] => 0
    [CNTTRANRESERV] => 0
)

[2026-03-24 11:29:35] [INFO] (/home/redbarbe/public_html/telegram/webapps/action/ajax_get_tren.php:61) Array
(
    [KOD] => 813150
    [TIME_FROM] => 19:00
    [TIME_TO] => 20:00               
    [CLIENTS_CNT] => 0
    [TOV_NAME] => CrossActivity
    [ACC] => 0
    [CNTTRAN] => 0
    [CNTTRANRESERV] => 0
)

[2026-03-24 11:29:35] [INFO] (/home/redbarbe/public_html/telegram/webapps/action/ajax_get_tren.php:61) Array
(
    [KOD] => 813374
    [TIME_FROM] => 19:30
    [TIME_TO] => 20:30               
    [CLIENTS_CNT] => 0
    [TOV_NAME] => TRX
    [ACC] => 0
    [CNTTRAN] => 1
    [CNTTRANRESERV] => 0
)

[2026-03-24 11:29:35] [INFO] (/home/redbarbe/public_html/telegram/webapps/action/ajax_get_tren.php:61) Array
(
    [KOD] => 813262
    [TIME_FROM] => 20:00
    [TIME_TO] => 21:00               
    [CLIENTS_CNT] => 0
    [TOV_NAME] => CrossActivity
    [ACC] => 0
    [CNTTRAN] => 0
    [CNTTRANRESERV] => 0
)

[2026-03-24 11:29:35] [INFO] (/home/redbarbe/public_html/telegram/webapps/action/ajax_get_tren.php:61) Array
(
    [KOD] => 813486
    [TIME_FROM] => 20:00
    [TIME_TO] => 21:00               
    [CLIENTS_CNT] => 0
    [TOV_NAME] => Бокс
    [ACC] => 0
    [CNTTRAN] => 0
    [CNTTRANRESERV] => 0
)

[2026-03-24 11:32:11] [INFO] (/home/redbarbe/public_html/telegram/webapps/action/ajax_get_tren.php:35) Array
(
    [0] => Array
        (
            [KOD] => 810937
            [TIME_FROM] => 10:00
            [TIME_TO] => 11:00               
            [CLIENTS_CNT] => 0
            [TOV_NAME] => Йога
            [ACC] => 0
            [CNTTRAN] => 0
            [CNTTRANRESERV] => 0
        )

    [1] => Array
        (
            [KOD] => 811157
            [TIME_FROM] => 18:00
            [TIME_TO] => 19:00               
            [CLIENTS_CNT] => 0
            [TOV_NAME] => Паркур Kids
            [ACC] => 0
            [CNTTRAN] => 0
            [CNTTRANRESERV] => 0
        )

    [2] => Array
        (
            [KOD] => 810992
            [TIME_FROM] => 19:00
            [TIME_TO] => 20:00               
            [CLIENTS_CNT] => 0
            [TOV_NAME] => Паркур
            [ACC] => 0
            [CNTTRAN] => 0
            [CNTTRANRESERV] => 0
        )

    [3] => Array
        (
            [KOD] => 811212
            [TIME_FROM] => 19:00
            [TIME_TO] => 20:00               
            [CLIENTS_CNT] => 0
            [TOV_NAME] => CrossActivity
            [ACC] => 0
            [CNTTRAN] => 0
            [CNTTRANRESERV] => 0
        )

    [4] => Array
        (
            [KOD] => 811267
            [TIME_FROM] => 19:00
            [TIME_TO] => 20:00               
            [CLIENTS_CNT] => 5
            [TOV_NAME] => Cycle
            [ACC] => 0
            [CNTTRAN] => 1
            [CNTTRANRESERV] => 0
        )

    [5] => Array
        (
            [KOD] => 811047
            [TIME_FROM] => 19:00
            [TIME_TO] => 20:00               
            [CLIENTS_CNT] => 0
            [TOV_NAME] => FitnessMix
            [ACC] => 0
            [CNTTRAN] => 0
            [CNTTRANRESERV] => 0
        )

    [6] => Array
        (
            [KOD] => 811102
            [TIME_FROM] => 19:00
            [TIME_TO] => 20:00               
            [CLIENTS_CNT] => 0
            [TOV_NAME] => Йога
            [ACC] => 0
            [CNTTRAN] => 0
            [CNTTRANRESERV] => 0
        )

)

[2026-03-24 11:32:11] [INFO] (/home/redbarbe/public_html/telegram/webapps/action/ajax_get_tren.php:61) Array
(
    [KOD] => 810937
    [TIME_FROM] => 10:00
    [TIME_TO] => 11:00               
    [CLIENTS_CNT] => 0
    [TOV_NAME] => Йога
    [ACC] => 0
    [CNTTRAN] => 0
    [CNTTRANRESERV] => 0
)

[2026-03-24 11:32:11] [INFO] (/home/redbarbe/public_html/telegram/webapps/action/ajax_get_tren.php:61) Array
(
    [KOD] => 811157
    [TIME_FROM] => 18:00
    [TIME_TO] => 19:00               
    [CLIENTS_CNT] => 0
    [TOV_NAME] => Паркур Kids
    [ACC] => 0
    [CNTTRAN] => 0
    [CNTTRANRESERV] => 0
)

[2026-03-24 11:32:11] [INFO] (/home/redbarbe/public_html/telegram/webapps/action/ajax_get_tren.php:61) Array
(
    [KOD] => 810992
    [TIME_FROM] => 19:00
    [TIME_TO] => 20:00               
    [CLIENTS_CNT] => 0
    [TOV_NAME] => Паркур
    [ACC] => 0
    [CNTTRAN] => 0
    [CNTTRANRESERV] => 0
)

[2026-03-24 11:32:11] [INFO] (/home/redbarbe/public_html/telegram/webapps/action/ajax_get_tren.php:61) Array
(
    [KOD] => 811212
    [TIME_FROM] => 19:00
    [TIME_TO] => 20:00               
    [CLIENTS_CNT] => 0
    [TOV_NAME] => CrossActivity
    [ACC] => 0
    [CNTTRAN] => 0
    [CNTTRANRESERV] => 0
)

[2026-03-24 11:32:11] [INFO] (/home/redbarbe/public_html/telegram/webapps/action/ajax_get_tren.php:61) Array
(
    [KOD] => 811267
    [TIME_FROM] => 19:00
    [TIME_TO] => 20:00               
    [CLIENTS_CNT] => 5
    [TOV_NAME] => Cycle
    [ACC] => 0
    [CNTTRAN] => 1
    [CNTTRANRESERV] => 0
)

[2026-03-24 11:32:11] [INFO] (/home/redbarbe/public_html/telegram/webapps/action/ajax_get_tren.php:61) Array
(
    [KOD] => 811047
    [TIME_FROM] => 19:00
    [TIME_TO] => 20:00               
    [CLIENTS_CNT] => 0
    [TOV_NAME] => FitnessMix
    [ACC] => 0
    [CNTTRAN] => 0
    [CNTTRANRESERV] => 0
)

[2026-03-24 11:32:11] [INFO] (/home/redbarbe/public_html/telegram/webapps/action/ajax_get_tren.php:61) Array
(
    [KOD] => 811102
    [TIME_FROM] => 19:00
    [TIME_TO] => 20:00               
    [CLIENTS_CNT] => 0
    [TOV_NAME] => Йога
    [ACC] => 0
    [CNTTRAN] => 0
    [CNTTRANRESERV] => 0
)

[2026-03-24 11:32:20] [INFO] (/home/redbarbe/public_html/telegram/webapps/action/ajax_get_tren.php:35) Array
(
    [0] => Array
        (
            [KOD] => 813598
            [TIME_FROM] => 09:00
            [TIME_TO] => 10:00               
            [CLIENTS_CNT] => 0
            [TOV_NAME] => CrossActivity
            [ACC] => 0
            [CNTTRAN] => 0
            [CNTTRANRESERV] => 0
        )

    [1] => Array
        (
            [KOD] => 813094
            [TIME_FROM] => 14:00
            [TIME_TO] => 15:00               
            [CLIENTS_CNT] => 0
            [TOV_NAME] => FitnessMix
            [ACC] => 0
            [CNTTRAN] => 0
            [CNTTRANRESERV] => 0
        )

    [2] => Array
        (
            [KOD] => 813542
            [TIME_FROM] => 18:00
            [TIME_TO] => 19:00               
            [CLIENTS_CNT] => 0
            [TOV_NAME] => Паркур Kids
            [ACC] => 0
            [CNTTRAN] => 0
            [CNTTRANRESERV] => 0
        )

    [3] => Array
        (
            [KOD] => 813318
            [TIME_FROM] => 18:30
            [TIME_TO] => 19:30               
            [CLIENTS_CNT] => 0
            [TOV_NAME] => Pilates
            [ACC] => 0
            [CNTTRAN] => 0
            [CNTTRANRESERV] => 0
        )

    [4] => Array
        (
            [KOD] => 813430
            [TIME_FROM] => 19:00
            [TIME_TO] => 20:00               
            [CLIENTS_CNT] => 0
            [TOV_NAME] => Паркур
            [ACC] => 0
            [CNTTRAN] => 0
            [CNTTRANRESERV] => 0
        )

    [5] => Array
        (
            [KOD] => 813150
            [TIME_FROM] => 19:00
            [TIME_TO] => 20:00               
            [CLIENTS_CNT] => 0
            [TOV_NAME] => CrossActivity
            [ACC] => 0
            [CNTTRAN] => 0
            [CNTTRANRESERV] => 0
        )

    [6] => Array
        (
            [KOD] => 813374
            [TIME_FROM] => 19:30
            [TIME_TO] => 20:30               
            [CLIENTS_CNT] => 0
            [TOV_NAME] => TRX
            [ACC] => 0
            [CNTTRAN] => 1
            [CNTTRANRESERV] => 0
        )

    [7] => Array
        (
            [KOD] => 813262
            [TIME_FROM] => 20:00
            [TIME_TO] => 21:00               
            [CLIENTS_CNT] => 0
            [TOV_NAME] => CrossActivity
            [ACC] => 0
            [CNTTRAN] => 0
            [CNTTRANRESERV] => 0
        )

    [8] => Array
        (
            [KOD] => 813486
            [TIME_FROM] => 20:00
            [TIME_TO] => 21:00               
            [CLIENTS_CNT] => 0
            [TOV_NAME] => Бокс
            [ACC] => 0
            [CNTTRAN] => 0
            [CNTTRANRESERV] => 0
        )

)

[2026-03-24 11:32:20] [INFO] (/home/redbarbe/public_html/telegram/webapps/action/ajax_get_tren.php:61) Array
(
    [KOD] => 813598
    [TIME_FROM] => 09:00
    [TIME_TO] => 10:00               
    [CLIENTS_CNT] => 0
    [TOV_NAME] => CrossActivity
    [ACC] => 0
    [CNTTRAN] => 0
    [CNTTRANRESERV] => 0
)

[2026-03-24 11:32:20] [INFO] (/home/redbarbe/public_html/telegram/webapps/action/ajax_get_tren.php:61) Array
(
    [KOD] => 813094
    [TIME_FROM] => 14:00
    [TIME_TO] => 15:00               
    [CLIENTS_CNT] => 0
    [TOV_NAME] => FitnessMix
    [ACC] => 0
    [CNTTRAN] => 0
    [CNTTRANRESERV] => 0
)

[2026-03-24 11:32:20] [INFO] (/home/redbarbe/public_html/telegram/webapps/action/ajax_get_tren.php:61) Array
(
    [KOD] => 813542
    [TIME_FROM] => 18:00
    [TIME_TO] => 19:00               
    [CLIENTS_CNT] => 0
    [TOV_NAME] => Паркур Kids
    [ACC] => 0
    [CNTTRAN] => 0
    [CNTTRANRESERV] => 0
)

[2026-03-24 11:32:20] [INFO] (/home/redbarbe/public_html/telegram/webapps/action/ajax_get_tren.php:61) Array
(
    [KOD] => 813318
    [TIME_FROM] => 18:30
    [TIME_TO] => 19:30               
    [CLIENTS_CNT] => 0
    [TOV_NAME] => Pilates
    [ACC] => 0
    [CNTTRAN] => 0
    [CNTTRANRESERV] => 0
)

[2026-03-24 11:32:20] [INFO] (/home/redbarbe/public_html/telegram/webapps/action/ajax_get_tren.php:61) Array
(
    [KOD] => 813430
    [TIME_FROM] => 19:00
    [TIME_TO] => 20:00               
    [CLIENTS_CNT] => 0
    [TOV_NAME] => Паркур
    [ACC] => 0
    [CNTTRAN] => 0
    [CNTTRANRESERV] => 0
)

[2026-03-24 11:32:20] [INFO] (/home/redbarbe/public_html/telegram/webapps/action/ajax_get_tren.php:61) Array
(
    [KOD] => 813150
    [TIME_FROM] => 19:00
    [TIME_TO] => 20:00               
    [CLIENTS_CNT] => 0
    [TOV_NAME] => CrossActivity
    [ACC] => 0
    [CNTTRAN] => 0
    [CNTTRANRESERV] => 0
)

[2026-03-24 11:32:20] [INFO] (/home/redbarbe/public_html/telegram/webapps/action/ajax_get_tren.php:61) Array
(
    [KOD] => 813374
    [TIME_FROM] => 19:30
    [TIME_TO] => 20:30               
    [CLIENTS_CNT] => 0
    [TOV_NAME] => TRX
    [ACC] => 0
    [CNTTRAN] => 1
    [CNTTRANRESERV] => 0
)

[2026-03-24 11:32:20] [INFO] (/home/redbarbe/public_html/telegram/webapps/action/ajax_get_tren.php:61) Array
(
    [KOD] => 813262
    [TIME_FROM] => 20:00
    [TIME_TO] => 21:00               
    [CLIENTS_CNT] => 0
    [TOV_NAME] => CrossActivity
    [ACC] => 0
    [CNTTRAN] => 0
    [CNTTRANRESERV] => 0
)

[2026-03-24 11:32:20] [INFO] (/home/redbarbe/public_html/telegram/webapps/action/ajax_get_tren.php:61) Array
(
    [KOD] => 813486
    [TIME_FROM] => 20:00
    [TIME_TO] => 21:00               
    [CLIENTS_CNT] => 0
    [TOV_NAME] => Бокс
    [ACC] => 0
    [CNTTRAN] => 0
    [CNTTRANRESERV] => 0
)

[2026-03-24 11:32:29] [INFO] (/home/redbarbe/public_html/telegram/webapps/action/ajax_fitness_zapis.php:22) Array
(
    [ajax_method] => 2
    [action] => ajax_fitness_zapis
    [dat] => 25.03.2026
    [acc] => 15519
    [trenid] => 813598
    [ost_all] => 100
    [ip_club] => 178.158.212.173
    [acctozapis] => 0
    [time_from] => 09:00
)

[2026-03-24 11:32:59] [INFO] (/home/redbarbe/public_html/telegram/webapps/action/ajax_get_tren.php:35) Array
(
    [0] => Array
        (
            [KOD] => 813598
            [TIME_FROM] => 09:00
            [TIME_TO] => 10:00               
            [CLIENTS_CNT] => 0
            [TOV_NAME] => CrossActivity
            [ACC] => 15519
            [CNTTRAN] => 1
            [CNTTRANRESERV] => 0
        )

    [1] => Array
        (
            [KOD] => 813094
            [TIME_FROM] => 14:00
            [TIME_TO] => 15:00               
            [CLIENTS_CNT] => 0
            [TOV_NAME] => FitnessMix
            [ACC] => 0
            [CNTTRAN] => 0
            [CNTTRANRESERV] => 0
        )

    [2] => Array
        (
            [KOD] => 813542
            [TIME_FROM] => 18:00
            [TIME_TO] => 19:00               
            [CLIENTS_CNT] => 0
            [TOV_NAME] => Паркур Kids
            [ACC] => 0
            [CNTTRAN] => 0
            [CNTTRANRESERV] => 0
        )

    [3] => Array
        (
            [KOD] => 813318
            [TIME_FROM] => 18:30
            [TIME_TO] => 19:30               
            [CLIENTS_CNT] => 0
            [TOV_NAME] => Pilates
            [ACC] => 0
            [CNTTRAN] => 0
            [CNTTRANRESERV] => 0
        )

    [4] => Array
        (
            [KOD] => 813430
            [TIME_FROM] => 19:00
            [TIME_TO] => 20:00               
            [CLIENTS_CNT] => 0
            [TOV_NAME] => Паркур
            [ACC] => 0
            [CNTTRAN] => 0
            [CNTTRANRESERV] => 0
        )

    [5] => Array
        (
            [KOD] => 813150
            [TIME_FROM] => 19:00
            [TIME_TO] => 20:00               
            [CLIENTS_CNT] => 0
            [TOV_NAME] => CrossActivity
            [ACC] => 0
            [CNTTRAN] => 0
            [CNTTRANRESERV] => 0
        )

    [6] => Array
        (
            [KOD] => 813374
            [TIME_FROM] => 19:30
            [TIME_TO] => 20:30               
            [CLIENTS_CNT] => 0
            [TOV_NAME] => TRX
            [ACC] => 0
            [CNTTRAN] => 1
            [CNTTRANRESERV] => 0
        )

    [7] => Array
        (
            [KOD] => 813262
            [TIME_FROM] => 20:00
            [TIME_TO] => 21:00               
            [CLIENTS_CNT] => 0
            [TOV_NAME] => CrossActivity
            [ACC] => 0
            [CNTTRAN] => 0
            [CNTTRANRESERV] => 0
        )

    [8] => Array
        (
            [KOD] => 813486
            [TIME_FROM] => 20:00
            [TIME_TO] => 21:00               
            [CLIENTS_CNT] => 0
            [TOV_NAME] => Бокс
            [ACC] => 0
            [CNTTRAN] => 0
            [CNTTRANRESERV] => 0
        )

)

[2026-03-24 11:32:59] [INFO] (/home/redbarbe/public_html/telegram/webapps/action/ajax_get_tren.php:61) Array
(
    [KOD] => 813598
    [TIME_FROM] => 09:00
    [TIME_TO] => 10:00               
    [CLIENTS_CNT] => 0
    [TOV_NAME] => CrossActivity
    [ACC] => 15519
    [CNTTRAN] => 1
    [CNTTRANRESERV] => 0
)

[2026-03-24 11:32:59] [INFO] (/home/redbarbe/public_html/telegram/webapps/action/ajax_get_tren.php:61) Array
(
    [KOD] => 813094
    [TIME_FROM] => 14:00
    [TIME_TO] => 15:00               
    [CLIENTS_CNT] => 0
    [TOV_NAME] => FitnessMix
    [ACC] => 0
    [CNTTRAN] => 0
    [CNTTRANRESERV] => 0
)

[2026-03-24 11:32:59] [INFO] (/home/redbarbe/public_html/telegram/webapps/action/ajax_get_tren.php:61) Array
(
    [KOD] => 813542
    [TIME_FROM] => 18:00
    [TIME_TO] => 19:00               
    [CLIENTS_CNT] => 0
    [TOV_NAME] => Паркур Kids
    [ACC] => 0
    [CNTTRAN] => 0
    [CNTTRANRESERV] => 0
)

[2026-03-24 11:32:59] [INFO] (/home/redbarbe/public_html/telegram/webapps/action/ajax_get_tren.php:61) Array
(
    [KOD] => 813318
    [TIME_FROM] => 18:30
    [TIME_TO] => 19:30               
    [CLIENTS_CNT] => 0
    [TOV_NAME] => Pilates
    [ACC] => 0
    [CNTTRAN] => 0
    [CNTTRANRESERV] => 0
)

[2026-03-24 11:32:59] [INFO] (/home/redbarbe/public_html/telegram/webapps/action/ajax_get_tren.php:61) Array
(
    [KOD] => 813430
    [TIME_FROM] => 19:00
    [TIME_TO] => 20:00               
    [CLIENTS_CNT] => 0
    [TOV_NAME] => Паркур
    [ACC] => 0
    [CNTTRAN] => 0
    [CNTTRANRESERV] => 0
)

[2026-03-24 11:32:59] [INFO] (/home/redbarbe/public_html/telegram/webapps/action/ajax_get_tren.php:61) Array
(
    [KOD] => 813150
    [TIME_FROM] => 19:00
    [TIME_TO] => 20:00               
    [CLIENTS_CNT] => 0
    [TOV_NAME] => CrossActivity
    [ACC] => 0
    [CNTTRAN] => 0
    [CNTTRANRESERV] => 0
)

[2026-03-24 11:32:59] [INFO] (/home/redbarbe/public_html/telegram/webapps/action/ajax_get_tren.php:61) Array
(
    [KOD] => 813374
    [TIME_FROM] => 19:30
    [TIME_TO] => 20:30               
    [CLIENTS_CNT] => 0
    [TOV_NAME] => TRX
    [ACC] => 0
    [CNTTRAN] => 1
    [CNTTRANRESERV] => 0
)

[2026-03-24 11:32:59] [INFO] (/home/redbarbe/public_html/telegram/webapps/action/ajax_get_tren.php:61) Array
(
    [KOD] => 813262
    [TIME_FROM] => 20:00
    [TIME_TO] => 21:00               
    [CLIENTS_CNT] => 0
    [TOV_NAME] => CrossActivity
    [ACC] => 0
    [CNTTRAN] => 0
    [CNTTRANRESERV] => 0
)

[2026-03-24 11:32:59] [INFO] (/home/redbarbe/public_html/telegram/webapps/action/ajax_get_tren.php:61) Array
(
    [KOD] => 813486
    [TIME_FROM] => 20:00
    [TIME_TO] => 21:00               
    [CLIENTS_CNT] => 0
    [TOV_NAME] => Бокс
    [ACC] => 0
    [CNTTRAN] => 0
    [CNTTRANRESERV] => 0
)

[2026-03-24 11:33:50] [INFO] (/home/redbarbe/public_html/telegram/webapps/reports/report_pers_detal.php:22) Array
(
)

[2026-03-24 11:34:01] [INFO] (/home/redbarbe/public_html/telegram/webapps/reports/report_pers_detal.php:22) Array
(
    [ajax_method] => 2
    [action] => report_pers_detal
    [action_report] => report_view
    [admin] => 5
    [date_from] => 24.03.2026
    [date_to] => 24.03.2026
    [ip_club] => 178.151.119.180
    [podr] => grp
    [sotr] => 0316
)

[2026-03-24 11:37:44] [INFO] (/home/redbarbe/public_html/telegram/webapps/action/hist_ind.php:16) SELECT a.name FROM `spr_acc` a, spr_users u WHERE u.active_account=a.acc and u.chat_id=a.chat_id and a.acc=13290 
and u.club=(select id from spr_clubs where ip_club="178.151.119.180") limit 1
[2026-03-24 11:37:44] [INFO] (/home/redbarbe/public_html/telegram/webapps/action/hist_ind.php:17) hist_grp
[2026-03-24 11:37:44] [INFO] (/home/redbarbe/public_html/telegram/webapps/action/hist_ind.php:108) Array
(
    [dbeg] => 24.12.2025
    [dend] => today
    [acc] => 13290
    [command] => get_ind_history
)

[2026-03-24 11:37:44] [INFO] (/home/redbarbe/public_html/telegram/webapps/action/hist_ind.php:109) ip=178.151.119.180
[2026-03-24 11:44:57] [INFO] (/home/redbarbe/public_html/telegram/webapps/reports/report_kassa.php:216) reports1
[2026-03-24 11:44:57] [INFO] (/home/redbarbe/public_html/telegram/webapps/reports/report_kassa.php:219) Array
(
    [dbeg] => 23.03.2026
    [dend] => 23.03.2026
    [kasa] => 
    [command] => GET_REPORT1_KASSA
)

[2026-03-24 11:46:34] [INFO] (/home/redbarbe/public_html/telegram/webapps/action/ajax_get_tren.php:35) Array
(
    [0] => Array
        (
            [KOD] => 857496
            [TIME_FROM] => 09:00
            [TIME_TO] => 10:00               
            [CLIENTS_CNT] => 0
            [TOV_NAME] => Пілатес
            [ACC] => 0
            [CNTTRAN] => 0
            [CNTTRANRESERV] => 0
        )

    [1] => Array
        (
            [KOD] => 857704
            [TIME_FROM] => 18:00
            [TIME_TO] => 19:00               
            [CLIENTS_CNT] => 0
            [TOV_NAME] => F.B.T. (Fat burn traning)
            [ACC] => 86
            [CNTTRAN] => 2
            [CNTTRANRESERV] => 0
        )

    [2] => Array
        (
            [KOD] => 857288
            [TIME_FROM] => 19:00
            [TIME_TO] => 20:00               
            [CLIENTS_CNT] => 0
            [TOV_NAME] => Stretching & Mobility
            [ACC] => 86
            [CNTTRAN] => 2
            [CNTTRANRESERV] => 0
        )

)

[2026-03-24 11:46:34] [INFO] (/home/redbarbe/public_html/telegram/webapps/action/ajax_get_tren.php:61) Array
(
    [KOD] => 857496
    [TIME_FROM] => 09:00
    [TIME_TO] => 10:00               
    [CLIENTS_CNT] => 0
    [TOV_NAME] => Пілатес
    [ACC] => 0
    [CNTTRAN] => 0
    [CNTTRANRESERV] => 0
)

[2026-03-24 11:46:34] [INFO] (/home/redbarbe/public_html/telegram/webapps/action/ajax_get_tren.php:61) Array
(
    [KOD] => 857704
    [TIME_FROM] => 18:00
    [TIME_TO] => 19:00               
    [CLIENTS_CNT] => 0
    [TOV_NAME] => F.B.T. (Fat burn traning)
    [ACC] => 86
    [CNTTRAN] => 2
    [CNTTRANRESERV] => 0
)

[2026-03-24 11:46:34] [INFO] (/home/redbarbe/public_html/telegram/webapps/action/ajax_get_tren.php:61) Array
(
    [KOD] => 857288
    [TIME_FROM] => 19:00
    [TIME_TO] => 20:00               
    [CLIENTS_CNT] => 0
    [TOV_NAME] => Stretching & Mobility
    [ACC] => 86
    [CNTTRAN] => 2
    [CNTTRANRESERV] => 0
)

[2026-03-24 11:47:48] [INFO] (/home/redbarbe/public_html/telegram/webapps/reports/report_pers_detal.php:22) Array
(
)

[2026-03-24 11:48:05] [INFO] (/home/redbarbe/public_html/telegram/webapps/reports/report_pers_detal.php:22) Array
(
)

[2026-03-24 11:48:26] [INFO] (/home/redbarbe/public_html/telegram/webapps/reports/report_pers_detal.php:22) Array
(
)

[2026-03-24 11:48:34] [INFO] (/home/redbarbe/public_html/telegram/webapps/reports/report_pers_detal.php:22) Array
(
    [ajax_method] => 2
    [action] => report_pers_detal
    [action_report] => report_view
    [admin] => 5
    [date_from] => 24.03.2026
    [date_to] => 24.03.2026
    [ip_club] => 212.26.139.90
    [podr] => all
    [sotr] => 03352
)

[2026-03-24 12:30:30] [INFO] (/home/redbarbe/public_html/telegram/webapps/action/ajax_get_tren.php:35) Array
(
    [0] => Array
        (
            [KOD] => 809700
            [TIME_FROM] => 10:00
            [TIME_TO] => 11:00               
            [CLIENTS_CNT] => 0
            [TOV_NAME] => Йога
            [ACC] => 0
            [CNTTRAN] => 0
            [CNTTRANRESERV] => 0
        )

    [1] => Array
        (
            [KOD] => 810320
            [TIME_FROM] => 18:00
            [TIME_TO] => 19:00               
            [CLIENTS_CNT] => 0
            [TOV_NAME] => Паркур Kids
            [ACC] => 0
            [CNTTRAN] => 0
            [CNTTRANRESERV] => 0
        )

    [2] => Array
        (
            [KOD] => 809855
            [TIME_FROM] => 19:00
            [TIME_TO] => 20:00               
            [CLIENTS_CNT] => 0
            [TOV_NAME] => Паркур
            [ACC] => 0
            [CNTTRAN] => 0
            [CNTTRANRESERV] => 0
        )

    [3] => Array
        (
            [KOD] => 810475
            [TIME_FROM] => 19:00
            [TIME_TO] => 20:00               
            [CLIENTS_CNT] => 0
            [TOV_NAME] => CrossActivity
            [ACC] => 0
            [CNTTRAN] => 0
            [CNTTRANRESERV] => 0
        )

    [4] => Array
        (
            [KOD] => 810630
            [TIME_FROM] => 19:00
            [TIME_TO] => 20:00               
            [CLIENTS_CNT] => 5
            [TOV_NAME] => Cycle
            [ACC] => 11011
            [CNTTRAN] => 2
            [CNTTRANRESERV] => 0
        )

    [5] => Array
        (
            [KOD] => 810010
            [TIME_FROM] => 19:00
            [TIME_TO] => 20:00               
            [CLIENTS_CNT] => 0
            [TOV_NAME] => FitnessMix
            [ACC] => 0
            [CNTTRAN] => 1
            [CNTTRANRESERV] => 0
        )

    [6] => Array
        (
            [KOD] => 810165
            [TIME_FROM] => 19:00
            [TIME_TO] => 20:00               
            [CLIENTS_CNT] => 0
            [TOV_NAME] => Йога
            [ACC] => 0
            [CNTTRAN] => 0
            [CNTTRANRESERV] => 0
        )

)

[2026-03-24 12:30:30] [INFO] (/home/redbarbe/public_html/telegram/webapps/action/ajax_get_tren.php:61) Array
(
    [KOD] => 809700
    [TIME_FROM] => 10:00
    [TIME_TO] => 11:00               
    [CLIENTS_CNT] => 0
    [TOV_NAME] => Йога
    [ACC] => 0
    [CNTTRAN] => 0
    [CNTTRANRESERV] => 0
)

[2026-03-24 12:30:30] [INFO] (/home/redbarbe/public_html/telegram/webapps/action/ajax_get_tren.php:61) Array
(
    [KOD] => 810320
    [TIME_FROM] => 18:00
    [TIME_TO] => 19:00               
    [CLIENTS_CNT] => 0
    [TOV_NAME] => Паркур Kids
    [ACC] => 0
    [CNTTRAN] => 0
    [CNTTRANRESERV] => 0
)

[2026-03-24 12:30:30] [INFO] (/home/redbarbe/public_html/telegram/webapps/action/ajax_get_tren.php:61) Array
(
    [KOD] => 809855
    [TIME_FROM] => 19:00
    [TIME_TO] => 20:00               
    [CLIENTS_CNT] => 0
    [TOV_NAME] => Паркур
    [ACC] => 0
    [CNTTRAN] => 0
    [CNTTRANRESERV] => 0
)

[2026-03-24 12:30:30] [INFO] (/home/redbarbe/public_html/telegram/webapps/action/ajax_get_tren.php:61) Array
(
    [KOD] => 810475
    [TIME_FROM] => 19:00
    [TIME_TO] => 20:00               
    [CLIENTS_CNT] => 0
    [TOV_NAME] => CrossActivity
    [ACC] => 0
    [CNTTRAN] => 0
    [CNTTRANRESERV] => 0
)

[2026-03-24 12:30:30] [INFO] (/home/redbarbe/public_html/telegram/webapps/action/ajax_get_tren.php:61) Array
(
    [KOD] => 810630
    [TIME_FROM] => 19:00
    [TIME_TO] => 20:00               
    [CLIENTS_CNT] => 5
    [TOV_NAME] => Cycle
    [ACC] => 11011
    [CNTTRAN] => 2
    [CNTTRANRESERV] => 0
)

[2026-03-24 12:30:30] [INFO] (/home/redbarbe/public_html/telegram/webapps/action/ajax_get_tren.php:61) Array
(
    [KOD] => 810010
    [TIME_FROM] => 19:00
    [TIME_TO] => 20:00               
    [CLIENTS_CNT] => 0
    [TOV_NAME] => FitnessMix
    [ACC] => 0
    [CNTTRAN] => 1
    [CNTTRANRESERV] => 0
)

[2026-03-24 12:30:30] [INFO] (/home/redbarbe/public_html/telegram/webapps/action/ajax_get_tren.php:61) Array
(
    [KOD] => 810165
    [TIME_FROM] => 19:00
    [TIME_TO] => 20:00               
    [CLIENTS_CNT] => 0
    [TOV_NAME] => Йога
    [ACC] => 0
    [CNTTRAN] => 0
    [CNTTRANRESERV] => 0
)

[2026-03-24 12:39:01] [INFO] (/home/redbarbe/public_html/telegram/webapps/action/select_sotr.php:17) Array
(
    [action] => select_sotr
    [club] => -
    [club_ip] => 109.86.110.220
)

[2026-03-24 12:39:01] [INFO] (/home/redbarbe/public_html/telegram/webapps/action/select_sotr.php:27) Array
(
    [0] => Array
        (
            [ROLE] => Тренер
            [ID] => 5757
            [NAME] =>  Калініченко Ліана Анатоліївна
        )

    [1] => Array
        (
            [ROLE] => Тренер
            [ID] => 0154
            [NAME] =>  Сівак Катерина Володимирівна
        )

    [2] => Array
        (
            [ROLE] => Головний адміністратор
            [ID] => 2132
            [NAME] => Делєкатна Олена Олександрівна
        )

    [3] => Array
        (
            [ROLE] => Администратор фитнеса
            [ID] => 6548
            [NAME] => Ніколаєва Тетяна Сергіївна
        )

    [4] => Array
        (
            [ROLE] => Тренер
            [ID] => 0002
            [NAME] => Неділенко Олег Олександрович
        )

    [5] => Array
        (
            [ROLE] => Тренер
            [ID] => 8676
            [NAME] => Панюхно Євгеній Владиславович
        )

    [6] => Array
        (
            [ROLE] => Администратор фитнеса
            [ID] => 0005
            [NAME] => Спічакова Вероніка Володимирівна
        )

    [7] => Array
        (
            [ROLE] => Тренер
            [ID] => 8888
            [NAME] => Фрейдун Андрій Тарасович
        )

    [8] => Array
        (
            [ROLE] => Администратор фитнеса
            [ID] => 0003
            [NAME] => Черговий
        )

    [9] => Array
        (
            [ROLE] => Тренер
            [ID] => 0056
            [NAME] => Черговий тренер
        )

    [10] => Array
        (
            [ROLE] => Администратор фитнеса
            [ID] => 0223
            [NAME] => Чумак Аліса Анатоліївна
        )

    [11] => Array
        (
            [ROLE] => Тренер
            [ID] => 0548
            [NAME] => Чусова Ольга Анатоліївна
        )

    [12] => Array
        (
            [ROLE] => Тренер
            [ID] => 0458
            [NAME] => Шевченко Євгенія Богданівна
        )

    [13] => Array
        (
            [ROLE] => Головний адміністратор
            [ID] => 0901
            [NAME] => системный
        )

)

[2026-03-24 12:42:53] [INFO] (/home/redbarbe/public_html/telegram/webapps/action/ajax_get_tren.php:35) Array
(
    [0] => Array
        (
            [KOD] => 809700
            [TIME_FROM] => 10:00
            [TIME_TO] => 11:00               
            [CLIENTS_CNT] => 0
            [TOV_NAME] => Йога
            [ACC] => 0
            [CNTTRAN] => 0
            [CNTTRANRESERV] => 0
        )

    [1] => Array
        (
            [KOD] => 810320
            [TIME_FROM] => 18:00
            [TIME_TO] => 19:00               
            [CLIENTS_CNT] => 0
            [TOV_NAME] => Паркур Kids
            [ACC] => 0
            [CNTTRAN] => 0
            [CNTTRANRESERV] => 0
        )

    [2] => Array
        (
            [KOD] => 809855
            [TIME_FROM] => 19:00
            [TIME_TO] => 20:00               
            [CLIENTS_CNT] => 0
            [TOV_NAME] => Паркур
            [ACC] => 0
            [CNTTRAN] => 0
            [CNTTRANRESERV] => 0
        )

    [3] => Array
        (
            [KOD] => 810475
            [TIME_FROM] => 19:00
            [TIME_TO] => 20:00               
            [CLIENTS_CNT] => 0
            [TOV_NAME] => CrossActivity
            [ACC] => 0
            [CNTTRAN] => 0
            [CNTTRANRESERV] => 0
        )

    [4] => Array
        (
            [KOD] => 810630
            [TIME_FROM] => 19:00
            [TIME_TO] => 20:00               
            [CLIENTS_CNT] => 5
            [TOV_NAME] => Cycle
            [ACC] => 0
            [CNTTRAN] => 2
            [CNTTRANRESERV] => 0
        )

    [5] => Array
        (
            [KOD] => 810010
            [TIME_FROM] => 19:00
            [TIME_TO] => 20:00               
            [CLIENTS_CNT] => 0
            [TOV_NAME] => FitnessMix
            [ACC] => 0
            [CNTTRAN] => 1
            [CNTTRANRESERV] => 0
        )

    [6] => Array
        (
            [KOD] => 810165
            [TIME_FROM] => 19:00
            [TIME_TO] => 20:00               
            [CLIENTS_CNT] => 0
            [TOV_NAME] => Йога
            [ACC] => 0
            [CNTTRAN] => 0
            [CNTTRANRESERV] => 0
        )

)

[2026-03-24 12:42:53] [INFO] (/home/redbarbe/public_html/telegram/webapps/action/ajax_get_tren.php:61) Array
(
    [KOD] => 809700
    [TIME_FROM] => 10:00
    [TIME_TO] => 11:00               
    [CLIENTS_CNT] => 0
    [TOV_NAME] => Йога
    [ACC] => 0
    [CNTTRAN] => 0
    [CNTTRANRESERV] => 0
)

[2026-03-24 12:42:53] [INFO] (/home/redbarbe/public_html/telegram/webapps/action/ajax_get_tren.php:61) Array
(
    [KOD] => 810320
    [TIME_FROM] => 18:00
    [TIME_TO] => 19:00               
    [CLIENTS_CNT] => 0
    [TOV_NAME] => Паркур Kids
    [ACC] => 0
    [CNTTRAN] => 0
    [CNTTRANRESERV] => 0
)

[2026-03-24 12:42:53] [INFO] (/home/redbarbe/public_html/telegram/webapps/action/ajax_get_tren.php:61) Array
(
    [KOD] => 809855
    [TIME_FROM] => 19:00
    [TIME_TO] => 20:00               
    [CLIENTS_CNT] => 0
    [TOV_NAME] => Паркур
    [ACC] => 0
    [CNTTRAN] => 0
    [CNTTRANRESERV] => 0
)

[2026-03-24 12:42:53] [INFO] (/home/redbarbe/public_html/telegram/webapps/action/ajax_get_tren.php:61) Array
(
    [KOD] => 810475
    [TIME_FROM] => 19:00
    [TIME_TO] => 20:00               
    [CLIENTS_CNT] => 0
    [TOV_NAME] => CrossActivity
    [ACC] => 0
    [CNTTRAN] => 0
    [CNTTRANRESERV] => 0
)

[2026-03-24 12:42:53] [INFO] (/home/redbarbe/public_html/telegram/webapps/action/ajax_get_tren.php:61) Array
(
    [KOD] => 810630
    [TIME_FROM] => 19:00
    [TIME_TO] => 20:00               
    [CLIENTS_CNT] => 5
    [TOV_NAME] => Cycle
    [ACC] => 0
    [CNTTRAN] => 2
    [CNTTRANRESERV] => 0
)

[2026-03-24 12:42:53] [INFO] (/home/redbarbe/public_html/telegram/webapps/action/ajax_get_tren.php:61) Array
(
    [KOD] => 810010
    [TIME_FROM] => 19:00
    [TIME_TO] => 20:00               
    [CLIENTS_CNT] => 0
    [TOV_NAME] => FitnessMix
    [ACC] => 0
    [CNTTRAN] => 1
    [CNTTRANRESERV] => 0
)

[2026-03-24 12:42:53] [INFO] (/home/redbarbe/public_html/telegram/webapps/action/ajax_get_tren.php:61) Array
(
    [KOD] => 810165
    [TIME_FROM] => 19:00
    [TIME_TO] => 20:00               
    [CLIENTS_CNT] => 0
    [TOV_NAME] => Йога
    [ACC] => 0
    [CNTTRAN] => 0
    [CNTTRANRESERV] => 0
)

[2026-03-24 12:48:02] [INFO] (/home/redbarbe/public_html/telegram/webapps/action/ajax_get_tren.php:35) Array
(
    [0] => Array
        (
            [KOD] => 809700
            [TIME_FROM] => 10:00
            [TIME_TO] => 11:00               
            [CLIENTS_CNT] => 0
            [TOV_NAME] => Йога
            [ACC] => 0
            [CNTTRAN] => 0
            [CNTTRANRESERV] => 0
        )

    [1] => Array
        (
            [KOD] => 810320
            [TIME_FROM] => 18:00
            [TIME_TO] => 19:00               
            [CLIENTS_CNT] => 0
            [TOV_NAME] => Паркур Kids
            [ACC] => 0
            [CNTTRAN] => 0
            [CNTTRANRESERV] => 0
        )

    [2] => Array
        (
            [KOD] => 809855
            [TIME_FROM] => 19:00
            [TIME_TO] => 20:00               
            [CLIENTS_CNT] => 0
            [TOV_NAME] => Паркур
            [ACC] => 0
            [CNTTRAN] => 0
            [CNTTRANRESERV] => 0
        )

    [3] => Array
        (
            [KOD] => 810475
            [TIME_FROM] => 19:00
            [TIME_TO] => 20:00               
            [CLIENTS_CNT] => 0
            [TOV_NAME] => CrossActivity
            [ACC] => 0
            [CNTTRAN] => 0
            [CNTTRANRESERV] => 0
        )

    [4] => Array
        (
            [KOD] => 810630
            [TIME_FROM] => 19:00
            [TIME_TO] => 20:00               
            [CLIENTS_CNT] => 5
            [TOV_NAME] => Cycle
            [ACC] => 0
            [CNTTRAN] => 2
            [CNTTRANRESERV] => 0
        )

    [5] => Array
        (
            [KOD] => 810010
            [TIME_FROM] => 19:00
            [TIME_TO] => 20:00               
            [CLIENTS_CNT] => 0
            [TOV_NAME] => FitnessMix
            [ACC] => 0
            [CNTTRAN] => 1
            [CNTTRANRESERV] => 0
        )

    [6] => Array
        (
            [KOD] => 810165
            [TIME_FROM] => 19:00
            [TIME_TO] => 20:00               
            [CLIENTS_CNT] => 0
            [TOV_NAME] => Йога
            [ACC] => 0
            [CNTTRAN] => 0
            [CNTTRANRESERV] => 0
        )

)

[2026-03-24 12:48:02] [INFO] (/home/redbarbe/public_html/telegram/webapps/action/ajax_get_tren.php:61) Array
(
    [KOD] => 809700
    [TIME_FROM] => 10:00
    [TIME_TO] => 11:00               
    [CLIENTS_CNT] => 0
    [TOV_NAME] => Йога
    [ACC] => 0
    [CNTTRAN] => 0
    [CNTTRANRESERV] => 0
)

[2026-03-24 12:48:02] [INFO] (/home/redbarbe/public_html/telegram/webapps/action/ajax_get_tren.php:61) Array
(
    [KOD] => 810320
    [TIME_FROM] => 18:00
    [TIME_TO] => 19:00               
    [CLIENTS_CNT] => 0
    [TOV_NAME] => Паркур Kids
    [ACC] => 0
    [CNTTRAN] => 0
    [CNTTRANRESERV] => 0
)

[2026-03-24 12:48:02] [INFO] (/home/redbarbe/public_html/telegram/webapps/action/ajax_get_tren.php:61) Array
(
    [KOD] => 809855
    [TIME_FROM] => 19:00
    [TIME_TO] => 20:00               
    [CLIENTS_CNT] => 0
    [TOV_NAME] => Паркур
    [ACC] => 0
    [CNTTRAN] => 0
    [CNTTRANRESERV] => 0
)

[2026-03-24 12:48:02] [INFO] (/home/redbarbe/public_html/telegram/webapps/action/ajax_get_tren.php:61) Array
(
    [KOD] => 810475
    [TIME_FROM] => 19:00
    [TIME_TO] => 20:00               
    [CLIENTS_CNT] => 0
    [TOV_NAME] => CrossActivity
    [ACC] => 0
    [CNTTRAN] => 0
    [CNTTRANRESERV] => 0
)

[2026-03-24 12:48:02] [INFO] (/home/redbarbe/public_html/telegram/webapps/action/ajax_get_tren.php:61) Array
(
    [KOD] => 810630
    [TIME_FROM] => 19:00
    [TIME_TO] => 20:00               
    [CLIENTS_CNT] => 5
    [TOV_NAME] => Cycle
    [ACC] => 0
    [CNTTRAN] => 2
    [CNTTRANRESERV] => 0
)

[2026-03-24 12:48:02] [INFO] (/home/redbarbe/public_html/telegram/webapps/action/ajax_get_tren.php:61) Array
(
    [KOD] => 810010
    [TIME_FROM] => 19:00
    [TIME_TO] => 20:00               
    [CLIENTS_CNT] => 0
    [TOV_NAME] => FitnessMix
    [ACC] => 0
    [CNTTRAN] => 1
    [CNTTRANRESERV] => 0
)

[2026-03-24 12:48:02] [INFO] (/home/redbarbe/public_html/telegram/webapps/action/ajax_get_tren.php:61) Array
(
    [KOD] => 810165
    [TIME_FROM] => 19:00
    [TIME_TO] => 20:00               
    [CLIENTS_CNT] => 0
    [TOV_NAME] => Йога
    [ACC] => 0
    [CNTTRAN] => 0
    [CNTTRANRESERV] => 0
)

[2026-03-24 12:48:21] [INFO] (/home/redbarbe/public_html/telegram/webapps/action/ajax_get_tren.php:35) Array
(
    [0] => Array
        (
            [KOD] => 810937
            [TIME_FROM] => 10:00
            [TIME_TO] => 11:00               
            [CLIENTS_CNT] => 0
            [TOV_NAME] => Йога
            [ACC] => 0
            [CNTTRAN] => 0
            [CNTTRANRESERV] => 0
        )

    [1] => Array
        (
            [KOD] => 811157
            [TIME_FROM] => 18:00
            [TIME_TO] => 19:00               
            [CLIENTS_CNT] => 0
            [TOV_NAME] => Паркур Kids
            [ACC] => 0
            [CNTTRAN] => 0
            [CNTTRANRESERV] => 0
        )

    [2] => Array
        (
            [KOD] => 810992
            [TIME_FROM] => 19:00
            [TIME_TO] => 20:00               
            [CLIENTS_CNT] => 0
            [TOV_NAME] => Паркур
            [ACC] => 0
            [CNTTRAN] => 0
            [CNTTRANRESERV] => 0
        )

    [3] => Array
        (
            [KOD] => 811212
            [TIME_FROM] => 19:00
            [TIME_TO] => 20:00               
            [CLIENTS_CNT] => 0
            [TOV_NAME] => CrossActivity
            [ACC] => 0
            [CNTTRAN] => 0
            [CNTTRANRESERV] => 0
        )

    [4] => Array
        (
            [KOD] => 811267
            [TIME_FROM] => 19:00
            [TIME_TO] => 20:00               
            [CLIENTS_CNT] => 5
            [TOV_NAME] => Cycle
            [ACC] => 0
            [CNTTRAN] => 1
            [CNTTRANRESERV] => 0
        )

    [5] => Array
        (
            [KOD] => 811047
            [TIME_FROM] => 19:00
            [TIME_TO] => 20:00               
            [CLIENTS_CNT] => 0
            [TOV_NAME] => FitnessMix
            [ACC] => 0
            [CNTTRAN] => 0
            [CNTTRANRESERV] => 0
        )

    [6] => Array
        (
            [KOD] => 811102
            [TIME_FROM] => 19:00
            [TIME_TO] => 20:00               
            [CLIENTS_CNT] => 0
            [TOV_NAME] => Йога
            [ACC] => 0
            [CNTTRAN] => 0
            [CNTTRANRESERV] => 0
        )

)

[2026-03-24 12:48:21] [INFO] (/home/redbarbe/public_html/telegram/webapps/action/ajax_get_tren.php:61) Array
(
    [KOD] => 810937
    [TIME_FROM] => 10:00
    [TIME_TO] => 11:00               
    [CLIENTS_CNT] => 0
    [TOV_NAME] => Йога
    [ACC] => 0
    [CNTTRAN] => 0
    [CNTTRANRESERV] => 0
)

[2026-03-24 12:48:21] [INFO] (/home/redbarbe/public_html/telegram/webapps/action/ajax_get_tren.php:61) Array
(
    [KOD] => 811157
    [TIME_FROM] => 18:00
    [TIME_TO] => 19:00               
    [CLIENTS_CNT] => 0
    [TOV_NAME] => Паркур Kids
    [ACC] => 0
    [CNTTRAN] => 0
    [CNTTRANRESERV] => 0
)

[2026-03-24 12:48:21] [INFO] (/home/redbarbe/public_html/telegram/webapps/action/ajax_get_tren.php:61) Array
(
    [KOD] => 810992
    [TIME_FROM] => 19:00
    [TIME_TO] => 20:00               
    [CLIENTS_CNT] => 0
    [TOV_NAME] => Паркур
    [ACC] => 0
    [CNTTRAN] => 0
    [CNTTRANRESERV] => 0
)

[2026-03-24 12:48:21] [INFO] (/home/redbarbe/public_html/telegram/webapps/action/ajax_get_tren.php:61) Array
(
    [KOD] => 811212
    [TIME_FROM] => 19:00
    [TIME_TO] => 20:00               
    [CLIENTS_CNT] => 0
    [TOV_NAME] => CrossActivity
    [ACC] => 0
    [CNTTRAN] => 0
    [CNTTRANRESERV] => 0
)

[2026-03-24 12:48:21] [INFO] (/home/redbarbe/public_html/telegram/webapps/action/ajax_get_tren.php:61) Array
(
    [KOD] => 811267
    [TIME_FROM] => 19:00
    [TIME_TO] => 20:00               
    [CLIENTS_CNT] => 5
    [TOV_NAME] => Cycle
    [ACC] => 0
    [CNTTRAN] => 1
    [CNTTRANRESERV] => 0
)

[2026-03-24 12:48:21] [INFO] (/home/redbarbe/public_html/telegram/webapps/action/ajax_get_tren.php:61) Array
(
    [KOD] => 811047
    [TIME_FROM] => 19:00
    [TIME_TO] => 20:00               
    [CLIENTS_CNT] => 0
    [TOV_NAME] => FitnessMix
    [ACC] => 0
    [CNTTRAN] => 0
    [CNTTRANRESERV] => 0
)

[2026-03-24 12:48:21] [INFO] (/home/redbarbe/public_html/telegram/webapps/action/ajax_get_tren.php:61) Array
(
    [KOD] => 811102
    [TIME_FROM] => 19:00
    [TIME_TO] => 20:00               
    [CLIENTS_CNT] => 0
    [TOV_NAME] => Йога
    [ACC] => 0
    [CNTTRAN] => 0
    [CNTTRANRESERV] => 0
)

[2026-03-24 12:50:08] [INFO] (/home/redbarbe/public_html/telegram/webapps/action/ajax_get_tren.php:35) Array
(
    [0] => Array
        (
            [KOD] => 809700
            [TIME_FROM] => 10:00
            [TIME_TO] => 11:00               
            [CLIENTS_CNT] => 0
            [TOV_NAME] => Йога
            [ACC] => 0
            [CNTTRAN] => 0
            [CNTTRANRESERV] => 0
        )

    [1] => Array
        (
            [KOD] => 810320
            [TIME_FROM] => 18:00
            [TIME_TO] => 19:00               
            [CLIENTS_CNT] => 0
            [TOV_NAME] => Паркур Kids
            [ACC] => 0
            [CNTTRAN] => 0
            [CNTTRANRESERV] => 0
        )

    [2] => Array
        (
            [KOD] => 809855
            [TIME_FROM] => 19:00
            [TIME_TO] => 20:00               
            [CLIENTS_CNT] => 0
            [TOV_NAME] => Паркур
            [ACC] => 0
            [CNTTRAN] => 0
            [CNTTRANRESERV] => 0
        )

    [3] => Array
        (
            [KOD] => 810475
            [TIME_FROM] => 19:00
            [TIME_TO] => 20:00               
            [CLIENTS_CNT] => 0
            [TOV_NAME] => CrossActivity
            [ACC] => 0
            [CNTTRAN] => 0
            [CNTTRANRESERV] => 0
        )

    [4] => Array
        (
            [KOD] => 810630
            [TIME_FROM] => 19:00
            [TIME_TO] => 20:00               
            [CLIENTS_CNT] => 5
            [TOV_NAME] => Cycle
            [ACC] => 0
            [CNTTRAN] => 2
            [CNTTRANRESERV] => 0
        )

    [5] => Array
        (
            [KOD] => 810010
            [TIME_FROM] => 19:00
            [TIME_TO] => 20:00               
            [CLIENTS_CNT] => 0
            [TOV_NAME] => FitnessMix
            [ACC] => 0
            [CNTTRAN] => 1
            [CNTTRANRESERV] => 0
        )

    [6] => Array
        (
            [KOD] => 810165
            [TIME_FROM] => 19:00
            [TIME_TO] => 20:00               
            [CLIENTS_CNT] => 0
            [TOV_NAME] => Йога
            [ACC] => 0
            [CNTTRAN] => 0
            [CNTTRANRESERV] => 0
        )

)

[2026-03-24 12:50:08] [INFO] (/home/redbarbe/public_html/telegram/webapps/action/ajax_get_tren.php:61) Array
(
    [KOD] => 809700
    [TIME_FROM] => 10:00
    [TIME_TO] => 11:00               
    [CLIENTS_CNT] => 0
    [TOV_NAME] => Йога
    [ACC] => 0
    [CNTTRAN] => 0
    [CNTTRANRESERV] => 0
)

[2026-03-24 12:50:08] [INFO] (/home/redbarbe/public_html/telegram/webapps/action/ajax_get_tren.php:61) Array
(
    [KOD] => 810320
    [TIME_FROM] => 18:00
    [TIME_TO] => 19:00               
    [CLIENTS_CNT] => 0
    [TOV_NAME] => Паркур Kids
    [ACC] => 0
    [CNTTRAN] => 0
    [CNTTRANRESERV] => 0
)

[2026-03-24 12:50:08] [INFO] (/home/redbarbe/public_html/telegram/webapps/action/ajax_get_tren.php:61) Array
(
    [KOD] => 809855
    [TIME_FROM] => 19:00
    [TIME_TO] => 20:00               
    [CLIENTS_CNT] => 0
    [TOV_NAME] => Паркур
    [ACC] => 0
    [CNTTRAN] => 0
    [CNTTRANRESERV] => 0
)

[2026-03-24 12:50:08] [INFO] (/home/redbarbe/public_html/telegram/webapps/action/ajax_get_tren.php:61) Array
(
    [KOD] => 810475
    [TIME_FROM] => 19:00
    [TIME_TO] => 20:00               
    [CLIENTS_CNT] => 0
    [TOV_NAME] => CrossActivity
    [ACC] => 0
    [CNTTRAN] => 0
    [CNTTRANRESERV] => 0
)

[2026-03-24 12:50:08] [INFO] (/home/redbarbe/public_html/telegram/webapps/action/ajax_get_tren.php:61) Array
(
    [KOD] => 810630
    [TIME_FROM] => 19:00
    [TIME_TO] => 20:00               
    [CLIENTS_CNT] => 5
    [TOV_NAME] => Cycle
    [ACC] => 0
    [CNTTRAN] => 2
    [CNTTRANRESERV] => 0
)

[2026-03-24 12:50:08] [INFO] (/home/redbarbe/public_html/telegram/webapps/action/ajax_get_tren.php:61) Array
(
    [KOD] => 810010
    [TIME_FROM] => 19:00
    [TIME_TO] => 20:00               
    [CLIENTS_CNT] => 0
    [TOV_NAME] => FitnessMix
    [ACC] => 0
    [CNTTRAN] => 1
    [CNTTRANRESERV] => 0
)

[2026-03-24 12:50:08] [INFO] (/home/redbarbe/public_html/telegram/webapps/action/ajax_get_tren.php:61) Array
(
    [KOD] => 810165
    [TIME_FROM] => 19:00
    [TIME_TO] => 20:00               
    [CLIENTS_CNT] => 0
    [TOV_NAME] => Йога
    [ACC] => 0
    [CNTTRAN] => 0
    [CNTTRANRESERV] => 0
)

[2026-03-24 12:50:27] [INFO] (/home/redbarbe/public_html/telegram/webapps/action/ajax_get_tren.php:35) Array
(
    [0] => Array
        (
            [KOD] => 810937
            [TIME_FROM] => 10:00
            [TIME_TO] => 11:00               
            [CLIENTS_CNT] => 0
            [TOV_NAME] => Йога
            [ACC] => 0
            [CNTTRAN] => 0
            [CNTTRANRESERV] => 0
        )

    [1] => Array
        (
            [KOD] => 811157
            [TIME_FROM] => 18:00
            [TIME_TO] => 19:00               
            [CLIENTS_CNT] => 0
            [TOV_NAME] => Паркур Kids
            [ACC] => 0
            [CNTTRAN] => 0
            [CNTTRANRESERV] => 0
        )

    [2] => Array
        (
            [KOD] => 810992
            [TIME_FROM] => 19:00
            [TIME_TO] => 20:00               
            [CLIENTS_CNT] => 0
            [TOV_NAME] => Паркур
            [ACC] => 0
            [CNTTRAN] => 0
            [CNTTRANRESERV] => 0
        )

    [3] => Array
        (
            [KOD] => 811212
            [TIME_FROM] => 19:00
            [TIME_TO] => 20:00               
            [CLIENTS_CNT] => 0
            [TOV_NAME] => CrossActivity
            [ACC] => 0
            [CNTTRAN] => 0
            [CNTTRANRESERV] => 0
        )

    [4] => Array
        (
            [KOD] => 811267
            [TIME_FROM] => 19:00
            [TIME_TO] => 20:00               
            [CLIENTS_CNT] => 5
            [TOV_NAME] => Cycle
            [ACC] => 0
            [CNTTRAN] => 1
            [CNTTRANRESERV] => 0
        )

    [5] => Array
        (
            [KOD] => 811047
            [TIME_FROM] => 19:00
            [TIME_TO] => 20:00               
            [CLIENTS_CNT] => 0
            [TOV_NAME] => FitnessMix
            [ACC] => 0
            [CNTTRAN] => 0
            [CNTTRANRESERV] => 0
        )

    [6] => Array
        (
            [KOD] => 811102
            [TIME_FROM] => 19:00
            [TIME_TO] => 20:00               
            [CLIENTS_CNT] => 0
            [TOV_NAME] => Йога
            [ACC] => 0
            [CNTTRAN] => 0
            [CNTTRANRESERV] => 0
        )

)

[2026-03-24 12:50:27] [INFO] (/home/redbarbe/public_html/telegram/webapps/action/ajax_get_tren.php:61) Array
(
    [KOD] => 810937
    [TIME_FROM] => 10:00
    [TIME_TO] => 11:00               
    [CLIENTS_CNT] => 0
    [TOV_NAME] => Йога
    [ACC] => 0
    [CNTTRAN] => 0
    [CNTTRANRESERV] => 0
)

[2026-03-24 12:50:27] [INFO] (/home/redbarbe/public_html/telegram/webapps/action/ajax_get_tren.php:61) Array
(
    [KOD] => 811157
    [TIME_FROM] => 18:00
    [TIME_TO] => 19:00               
    [CLIENTS_CNT] => 0
    [TOV_NAME] => Паркур Kids
    [ACC] => 0
    [CNTTRAN] => 0
    [CNTTRANRESERV] => 0
)

[2026-03-24 12:50:27] [INFO] (/home/redbarbe/public_html/telegram/webapps/action/ajax_get_tren.php:61) Array
(
    [KOD] => 810992
    [TIME_FROM] => 19:00
    [TIME_TO] => 20:00               
    [CLIENTS_CNT] => 0
    [TOV_NAME] => Паркур
    [ACC] => 0
    [CNTTRAN] => 0
    [CNTTRANRESERV] => 0
)

[2026-03-24 12:50:27] [INFO] (/home/redbarbe/public_html/telegram/webapps/action/ajax_get_tren.php:61) Array
(
    [KOD] => 811212
    [TIME_FROM] => 19:00
    [TIME_TO] => 20:00               
    [CLIENTS_CNT] => 0
    [TOV_NAME] => CrossActivity
    [ACC] => 0
    [CNTTRAN] => 0
    [CNTTRANRESERV] => 0
)

[2026-03-24 12:50:27] [INFO] (/home/redbarbe/public_html/telegram/webapps/action/ajax_get_tren.php:61) Array
(
    [KOD] => 811267
    [TIME_FROM] => 19:00
    [TIME_TO] => 20:00               
    [CLIENTS_CNT] => 5
    [TOV_NAME] => Cycle
    [ACC] => 0
    [CNTTRAN] => 1
    [CNTTRANRESERV] => 0
)

[2026-03-24 12:50:27] [INFO] (/home/redbarbe/public_html/telegram/webapps/action/ajax_get_tren.php:61) Array
(
    [KOD] => 811047
    [TIME_FROM] => 19:00
    [TIME_TO] => 20:00               
    [CLIENTS_CNT] => 0
    [TOV_NAME] => FitnessMix
    [ACC] => 0
    [CNTTRAN] => 0
    [CNTTRANRESERV] => 0
)

[2026-03-24 12:50:27] [INFO] (/home/redbarbe/public_html/telegram/webapps/action/ajax_get_tren.php:61) Array
(
    [KOD] => 811102
    [TIME_FROM] => 19:00
    [TIME_TO] => 20:00               
    [CLIENTS_CNT] => 0
    [TOV_NAME] => Йога
    [ACC] => 0
    [CNTTRAN] => 0
    [CNTTRANRESERV] => 0
)

[2026-03-24 13:09:07] [INFO] (/home/redbarbe/public_html/telegram/webapps/action/hist_ind.php:16) SELECT a.name FROM `spr_acc` a, spr_users u WHERE u.active_account=a.acc and u.chat_id=a.chat_id and a.acc=12850 
and u.club=(select id from spr_clubs where ip_club="212.26.139.90") limit 1
[2026-03-24 13:09:07] [INFO] (/home/redbarbe/public_html/telegram/webapps/action/hist_ind.php:17) hist_grp
[2026-03-24 13:09:07] [INFO] (/home/redbarbe/public_html/telegram/webapps/action/hist_ind.php:108) Array
(
    [dbeg] => 24.12.2025
    [dend] => today
    [acc] => 12850
    [command] => get_ind_history
)

[2026-03-24 13:09:07] [INFO] (/home/redbarbe/public_html/telegram/webapps/action/hist_ind.php:109) ip=212.26.139.90
[2026-03-24 13:09:15] [INFO] (/home/redbarbe/public_html/telegram/webapps/action/hist_ost_poslug.php:19) SELECT a.name FROM `spr_acc` a, spr_users u WHERE u.active_account=a.acc and u.chat_id=a.chat_id and a.acc=12850 
and u.club=(select id from spr_clubs where ip_club="212.26.139.90") limit 1
[2026-03-24 13:09:15] [INFO] (/home/redbarbe/public_html/telegram/webapps/action/hist_ost_poslug.php:20) hist_ost_poslug
[2026-03-24 13:09:15] [INFO] (/home/redbarbe/public_html/telegram/webapps/action/hist_ost_poslug.php:111) Array
(
    [acc] => 12850
    [command] => GET_OST_POSLUG_ACC
)

[2026-03-24 13:09:15] [INFO] (/home/redbarbe/public_html/telegram/webapps/action/hist_ost_poslug.php:112) ip=212.26.139.90
[2026-03-24 13:10:22] [INFO] (/home/redbarbe/public_html/telegram/webapps/action/hist_ind.php:16) SELECT a.name FROM `spr_acc` a, spr_users u WHERE u.active_account=a.acc and u.chat_id=a.chat_id and a.acc=15521 
and u.club=(select id from spr_clubs where ip_club="178.158.212.173") limit 1
[2026-03-24 13:10:22] [INFO] (/home/redbarbe/public_html/telegram/webapps/action/hist_ind.php:17) hist_grp
[2026-03-24 13:10:22] [INFO] (/home/redbarbe/public_html/telegram/webapps/action/hist_ind.php:108) Array
(
    [dbeg] => 24.12.2025
    [dend] => today
    [acc] => 15521
    [command] => get_ind_history
)

[2026-03-24 13:10:22] [INFO] (/home/redbarbe/public_html/telegram/webapps/action/hist_ind.php:109) ip=178.158.212.173
[2026-03-24 13:11:52] [INFO] (/home/redbarbe/public_html/telegram/webapps/action/hist_grp.php:16) SELECT a.name FROM `spr_acc` a, spr_users u WHERE u.active_account=a.acc and u.chat_id=a.chat_id and a.acc=15521 
and u.club=(select id from spr_clubs where ip_club="178.158.212.173") limit 1
[2026-03-24 13:11:52] [INFO] (/home/redbarbe/public_html/telegram/webapps/action/hist_grp.php:17) hist_grp
[2026-03-24 13:11:52] [INFO] (/home/redbarbe/public_html/telegram/webapps/action/hist_grp.php:108) Array
(
    [dbeg] => 24.12.2025
    [dend] => today
    [acc] => 15521
    [command] => get_grp_history
)

[2026-03-24 13:11:52] [INFO] (/home/redbarbe/public_html/telegram/webapps/action/hist_grp.php:109) ip=178.158.212.173
[2026-03-24 13:12:00] [INFO] (/home/redbarbe/public_html/telegram/webapps/action/hist_ind.php:16) SELECT a.name FROM `spr_acc` a, spr_users u WHERE u.active_account=a.acc and u.chat_id=a.chat_id and a.acc=15521 
and u.club=(select id from spr_clubs where ip_club="178.158.212.173") limit 1
[2026-03-24 13:12:00] [INFO] (/home/redbarbe/public_html/telegram/webapps/action/hist_ind.php:17) hist_grp
[2026-03-24 13:12:00] [INFO] (/home/redbarbe/public_html/telegram/webapps/action/hist_ind.php:108) Array
(
    [dbeg] => 24.12.2025
    [dend] => today
    [acc] => 15521
    [command] => get_ind_history
)

[2026-03-24 13:12:00] [INFO] (/home/redbarbe/public_html/telegram/webapps/action/hist_ind.php:109) ip=178.158.212.173
[2026-03-24 13:13:44] [INFO] (/home/redbarbe/public_html/telegram/webapps/action/hist_ind.php:16) SELECT a.name FROM `spr_acc` a, spr_users u WHERE u.active_account=a.acc and u.chat_id=a.chat_id and a.acc=11818 
and u.club=(select id from spr_clubs where ip_club="212.26.139.90") limit 1
[2026-03-24 13:13:44] [INFO] (/home/redbarbe/public_html/telegram/webapps/action/hist_ind.php:17) hist_grp
[2026-03-24 13:13:44] [INFO] (/home/redbarbe/public_html/telegram/webapps/action/hist_ind.php:108) Array
(
    [dbeg] => 24.12.2025
    [dend] => today
    [acc] => 11818
    [command] => get_ind_history
)

[2026-03-24 13:13:44] [INFO] (/home/redbarbe/public_html/telegram/webapps/action/hist_ind.php:109) ip=212.26.139.90
[2026-03-24 13:13:50] [INFO] (/home/redbarbe/public_html/telegram/webapps/action/hist_ost_poslug.php:19) SELECT a.name FROM `spr_acc` a, spr_users u WHERE u.active_account=a.acc and u.chat_id=a.chat_id and a.acc=11818 
and u.club=(select id from spr_clubs where ip_club="212.26.139.90") limit 1
[2026-03-24 13:13:50] [INFO] (/home/redbarbe/public_html/telegram/webapps/action/hist_ost_poslug.php:20) hist_ost_poslug
[2026-03-24 13:13:50] [INFO] (/home/redbarbe/public_html/telegram/webapps/action/hist_ost_poslug.php:111) Array
(
    [acc] => 11818
    [command] => GET_OST_POSLUG_ACC
)

[2026-03-24 13:13:50] [INFO] (/home/redbarbe/public_html/telegram/webapps/action/hist_ost_poslug.php:112) ip=212.26.139.90
[2026-03-24 13:14:57] [INFO] (/home/redbarbe/public_html/telegram/webapps/action/my_zapis.php:105) 
[2026-03-24 13:25:50] [INFO] (/home/redbarbe/public_html/telegram/webapps/action/ajax_get_tren.php:35) Array
(
    [0] => Array
        (
            [KOD] => 809700
            [TIME_FROM] => 10:00
            [TIME_TO] => 11:00               
            [CLIENTS_CNT] => 0
            [TOV_NAME] => Йога
            [ACC] => 0
            [CNTTRAN] => 0
            [CNTTRANRESERV] => 0
        )

    [1] => Array
        (
            [KOD] => 810320
            [TIME_FROM] => 18:00
            [TIME_TO] => 19:00               
            [CLIENTS_CNT] => 0
            [TOV_NAME] => Паркур Kids
            [ACC] => 0
            [CNTTRAN] => 0
            [CNTTRANRESERV] => 0
        )

    [2] => Array
        (
            [KOD] => 809855
            [TIME_FROM] => 19:00
            [TIME_TO] => 20:00               
            [CLIENTS_CNT] => 0
            [TOV_NAME] => Паркур
            [ACC] => 0
            [CNTTRAN] => 0
            [CNTTRANRESERV] => 0
        )

    [3] => Array
        (
            [KOD] => 810475
            [TIME_FROM] => 19:00
            [TIME_TO] => 20:00               
            [CLIENTS_CNT] => 0
            [TOV_NAME] => CrossActivity
            [ACC] => 0
            [CNTTRAN] => 0
            [CNTTRANRESERV] => 0
        )

    [4] => Array
        (
            [KOD] => 810630
            [TIME_FROM] => 19:00
            [TIME_TO] => 20:00               
            [CLIENTS_CNT] => 5
            [TOV_NAME] => Cycle
            [ACC] => 0
            [CNTTRAN] => 2
            [CNTTRANRESERV] => 0
        )

    [5] => Array
        (
            [KOD] => 810010
            [TIME_FROM] => 19:00
            [TIME_TO] => 20:00               
            [CLIENTS_CNT] => 0
            [TOV_NAME] => FitnessMix
            [ACC] => 0
            [CNTTRAN] => 1
            [CNTTRANRESERV] => 0
        )

    [6] => Array
        (
            [KOD] => 810165
            [TIME_FROM] => 19:00
            [TIME_TO] => 20:00               
            [CLIENTS_CNT] => 0
            [TOV_NAME] => Йога
            [ACC] => 0
            [CNTTRAN] => 0
            [CNTTRANRESERV] => 0
        )

)

[2026-03-24 13:25:50] [INFO] (/home/redbarbe/public_html/telegram/webapps/action/ajax_get_tren.php:61) Array
(
    [KOD] => 809700
    [TIME_FROM] => 10:00
    [TIME_TO] => 11:00               
    [CLIENTS_CNT] => 0
    [TOV_NAME] => Йога
    [ACC] => 0
    [CNTTRAN] => 0
    [CNTTRANRESERV] => 0
)

[2026-03-24 13:25:50] [INFO] (/home/redbarbe/public_html/telegram/webapps/action/ajax_get_tren.php:61) Array
(
    [KOD] => 810320
    [TIME_FROM] => 18:00
    [TIME_TO] => 19:00               
    [CLIENTS_CNT] => 0
    [TOV_NAME] => Паркур Kids
    [ACC] => 0
    [CNTTRAN] => 0
    [CNTTRANRESERV] => 0
)

[2026-03-24 13:25:50] [INFO] (/home/redbarbe/public_html/telegram/webapps/action/ajax_get_tren.php:61) Array
(
    [KOD] => 809855
    [TIME_FROM] => 19:00
    [TIME_TO] => 20:00               
    [CLIENTS_CNT] => 0
    [TOV_NAME] => Паркур
    [ACC] => 0
    [CNTTRAN] => 0
    [CNTTRANRESERV] => 0
)

[2026-03-24 13:25:50] [INFO] (/home/redbarbe/public_html/telegram/webapps/action/ajax_get_tren.php:61) Array
(
    [KOD] => 810475
    [TIME_FROM] => 19:00
    [TIME_TO] => 20:00               
    [CLIENTS_CNT] => 0
    [TOV_NAME] => CrossActivity
    [ACC] => 0
    [CNTTRAN] => 0
    [CNTTRANRESERV] => 0
)

[2026-03-24 13:25:50] [INFO] (/home/redbarbe/public_html/telegram/webapps/action/ajax_get_tren.php:61) Array
(
    [KOD] => 810630
    [TIME_FROM] => 19:00
    [TIME_TO] => 20:00               
    [CLIENTS_CNT] => 5
    [TOV_NAME] => Cycle
    [ACC] => 0
    [CNTTRAN] => 2
    [CNTTRANRESERV] => 0
)

[2026-03-24 13:25:50] [INFO] (/home/redbarbe/public_html/telegram/webapps/action/ajax_get_tren.php:61) Array
(
    [KOD] => 810010
    [TIME_FROM] => 19:00
    [TIME_TO] => 20:00               
    [CLIENTS_CNT] => 0
    [TOV_NAME] => FitnessMix
    [ACC] => 0
    [CNTTRAN] => 1
    [CNTTRANRESERV] => 0
)

[2026-03-24 13:25:50] [INFO] (/home/redbarbe/public_html/telegram/webapps/action/ajax_get_tren.php:61) Array
(
    [KOD] => 810165
    [TIME_FROM] => 19:00
    [TIME_TO] => 20:00               
    [CLIENTS_CNT] => 0
    [TOV_NAME] => Йога
    [ACC] => 0
    [CNTTRAN] => 0
    [CNTTRANRESERV] => 0
)

[2026-03-24 13:26:39] [INFO] (/home/redbarbe/public_html/telegram/webapps/action/select_sotr.php:17) Array
(
    [action] => select_sotr
    [club] => -
    [club_ip] => 178.158.212.173
)

[2026-03-24 13:26:39] [INFO] (/home/redbarbe/public_html/telegram/webapps/action/select_sotr.php:27) Array
(
    [0] => Array
        (
            [ROLE] => Администратор фитнеса
            [ID] => 0102
            [NAME] => -
        )

    [1] => Array
        (
            [ROLE] => Тренер
            [ID] => 0303
            [NAME] => -
        )

    [2] => Array
        (
            [ROLE] => Тренер
            [ID] => 0305
            [NAME] => -
        )

    [3] => Array
        (
            [ROLE] => Тренер
            [ID] => 0307
            [NAME] => -
        )

    [4] => Array
        (
            [ROLE] => Тренер
            [ID] => 0311
            [NAME] => -
        )

    [5] => Array
        (
            [ROLE] => Тренер
            [ID] => 0317
            [NAME] => -
        )

    [6] => Array
        (
            [ROLE] => Тренер
            [ID] => 0320
            [NAME] => -
        )

    [7] => Array
        (
            [ROLE] => Тренер
            [ID] => 0323
            [NAME] => -
        )

    [8] => Array
        (
            [ROLE] => Тренер
            [ID] => 0325
            [NAME] => -
        )

    [9] => Array
        (
            [ROLE] => Тренер
            [ID] => 0321
            [NAME] => Афанасьев Радион
        )

    [10] => Array
        (
            [ROLE] => Тренер
            [ID] => 0708
            [NAME] => Баранников Артем
        )

    [11] => Array
        (
            [ROLE] => Тренер
            [ID] => 0308
            [NAME] => Божкова Світлана
        )

    [12] => Array
        (
            [ROLE] => Тренер
            [ID] => 0302
            [NAME] => Борисюк Богдан
        )

    [13] => Array
        (
            [ROLE] => Тренер
            [ID] => 0327
            [NAME] => Вороновська Анастасія
        )

    [14] => Array
        (
            [ROLE] => Тренер
            [ID] => 0714
            [NAME] => Герасименко Татьяна
        )

    [15] => Array
        (
            [ROLE] => Главний бухгалтер
            [ID] => 0902
            [NAME] => Глав. Бух.
        )

    [16] => Array
        (
            [ROLE] => Администратор фитнеса
            [ID] => 0101
            [NAME] => Дежурный
        )

    [17] => Array
        (
            [ROLE] => Тренер
            [ID] => 0314
            [NAME] => Диденко Алексей
        )

    [18] => Array
        (
            [ROLE] => Тренер
            [ID] => 0331
            [NAME] => Драба Анастасия
        )

    [19] => Array
        (
            [ROLE] => Тренер
            [ID] => 0112
            [NAME] => Егоров Александр
        )

    [20] => Array
        (
            [ROLE] => Тренер
            [ID] => 0304
            [NAME] => Иванчик Руслан
        )

    [21] => Array
        (
            [ROLE] => Тренер
            [ID] => 0717
            [NAME] => Козак Віктор
        )

    [22] => Array
        (
            [ROLE] => Тренер
            [ID] => 0707
            [NAME] => Кравченко Анісія
        )

    [23] => Array
        (
            [ROLE] => Тренер
            [ID] => 0815
            [NAME] => Красовський Ілля
        )

    [24] => Array
        (
            [ROLE] => Тренер
            [ID] => 0312
            [NAME] => Крыжановский Павел
        )

    [25] => Array
        (
            [ROLE] => Тренер
            [ID] => 0313
            [NAME] => Кукурудзяк Руслан
        )

    [26] => Array
        (
            [ROLE] => Тренер
            [ID] => 0330
            [NAME] => Лещишак Анастасія
        )

    [27] => Array
        (
            [ROLE] => Администратор фитнеса
            [ID] => 0103
            [NAME] => Мірко Анна
        )

    [28] => Array
        (
            [ROLE] => Тренер
            [ID] => 0715
            [NAME] => Максим Лещишак
        )

    [29] => Array
        (
            [ROLE] => Тренер
            [ID] => 0710
            [NAME] => Мельник Назар
        )

    [30] => Array
        (
            [ROLE] => Тренер
            [ID] => 0324
            [NAME] => Мошенець Анна
        )

    [31] => Array
        (
            [ROLE] => Тренер
            [ID] => 0328
            [NAME] => Никитюк Никита
        )

    [32] => Array
        (
            [ROLE] => Тренер
            [ID] => 0301
            [NAME] => Новіцька Діана
        )

    [33] => Array
        (
            [ROLE] => Администратор фитнеса
            [ID] => 0400
            [NAME] => Ольга Ващук
        )

    [34] => Array
        (
            [ROLE] => Тренер
            [ID] => 0319
            [NAME] => Пономаренко Оксана
        )

    [35] => Array
        (
            [ROLE] => Администратор фитнеса
            [ID] => 0402
            [NAME] => Потураєва Катя
        )

    [36] => Array
        (
            [ROLE] => Тренер
            [ID] => 0326
            [NAME] => Рац Лілія
        )

    [37] => Array
        (
            [ROLE] => Тренер
            [ID] => 0713
            [NAME] => Романова Світлана
        )

    [38] => Array
        (
            [ROLE] => Тренер
            [ID] => 0310
            [NAME] => Степанець Андрій
        )

    [39] => Array
        (
            [ROLE] => Тренер
            [ID] => 0718
            [NAME] => Трофименко Иван
        )

    [40] => Array
        (
            [ROLE] => Тренер
            [ID] => 0719
            [NAME] => Хмарский Денис
        )

    [41] => Array
        (
            [ROLE] => Администратор фитнеса
            [ID] => 0104
            [NAME] => Чередніченко Поліна
        )

    [42] => Array
        (
            [ROLE] => Тренер
            [ID] => 0711
            [NAME] => Чорнобай Дмитро
        )

    [43] => Array
        (
            [ROLE] => Тренер
            [ID] => 0712
            [NAME] => Шанько Яна
        )

    [44] => Array
        (
            [ROLE] => Тренер
            [ID] => 0329
            [NAME] => Шульга Стас
        )

    [45] => Array
        (
            [ROLE] => Администратор фитнеса
            [ID] => 0401
            [NAME] => Юлия Воєвода 
        )

    [46] => Array
        (
            [ROLE] => Тренер
            [ID] => 0309
            [NAME] => ол
        )

    [47] => Array
        (
            [ROLE] => Головний адміністратор
            [ID] => 0901
            [NAME] => системный
        )

)

[2026-03-24 13:34:46] [INFO] (/home/redbarbe/public_html/telegram/webapps/action/select_sotr.php:17) Array
(
    [action] => select_sotr
    [club] => -
    [club_ip] => 178.158.212.173
)

[2026-03-24 13:34:46] [INFO] (/home/redbarbe/public_html/telegram/webapps/action/select_sotr.php:27) Array
(
    [0] => Array
        (
            [ROLE] => Администратор фитнеса
            [ID] => 0102
            [NAME] => -
        )

    [1] => Array
        (
            [ROLE] => Тренер
            [ID] => 0303
            [NAME] => -
        )

    [2] => Array
        (
            [ROLE] => Тренер
            [ID] => 0305
            [NAME] => -
        )

    [3] => Array
        (
            [ROLE] => Тренер
            [ID] => 0307
            [NAME] => -
        )

    [4] => Array
        (
            [ROLE] => Тренер
            [ID] => 0311
            [NAME] => -
        )

    [5] => Array
        (
            [ROLE] => Тренер
            [ID] => 0317
            [NAME] => -
        )

    [6] => Array
        (
            [ROLE] => Тренер
            [ID] => 0320
            [NAME] => -
        )

    [7] => Array
        (
            [ROLE] => Тренер
            [ID] => 0323
            [NAME] => -
        )

    [8] => Array
        (
            [ROLE] => Тренер
            [ID] => 0325
            [NAME] => -
        )

    [9] => Array
        (
            [ROLE] => Тренер
            [ID] => 0321
            [NAME] => Афанасьев Радион
        )

    [10] => Array
        (
            [ROLE] => Тренер
            [ID] => 0708
            [NAME] => Баранников Артем
        )

    [11] => Array
        (
            [ROLE] => Тренер
            [ID] => 0308
            [NAME] => Божкова Світлана
        )

    [12] => Array
        (
            [ROLE] => Тренер
            [ID] => 0302
            [NAME] => Борисюк Богдан
        )

    [13] => Array
        (
            [ROLE] => Тренер
            [ID] => 0327
            [NAME] => Вороновська Анастасія
        )

    [14] => Array
        (
            [ROLE] => Тренер
            [ID] => 0714
            [NAME] => Герасименко Татьяна
        )

    [15] => Array
        (
            [ROLE] => Главний бухгалтер
            [ID] => 0902
            [NAME] => Глав. Бух.
        )

    [16] => Array
        (
            [ROLE] => Администратор фитнеса
            [ID] => 0101
            [NAME] => Дежурный
        )

    [17] => Array
        (
            [ROLE] => Тренер
            [ID] => 0314
            [NAME] => Диденко Алексей
        )

    [18] => Array
        (
            [ROLE] => Тренер
            [ID] => 0331
            [NAME] => Драба Анастасия
        )

    [19] => Array
        (
            [ROLE] => Тренер
            [ID] => 0112
            [NAME] => Егоров Александр
        )

    [20] => Array
        (
            [ROLE] => Тренер
            [ID] => 0304
            [NAME] => Иванчик Руслан
        )

    [21] => Array
        (
            [ROLE] => Тренер
            [ID] => 0717
            [NAME] => Козак Віктор
        )

    [22] => Array
        (
            [ROLE] => Тренер
            [ID] => 0707
            [NAME] => Кравченко Анісія
        )

    [23] => Array
        (
            [ROLE] => Тренер
            [ID] => 0815
            [NAME] => Красовський Ілля
        )

    [24] => Array
        (
            [ROLE] => Тренер
            [ID] => 0312
            [NAME] => Крыжановский Павел
        )

    [25] => Array
        (
            [ROLE] => Тренер
            [ID] => 0313
            [NAME] => Кукурудзяк Руслан
        )

    [26] => Array
        (
            [ROLE] => Тренер
            [ID] => 0330
            [NAME] => Лещишак Анастасія
        )

    [27] => Array
        (
            [ROLE] => Администратор фитнеса
            [ID] => 0103
            [NAME] => Мірко Анна
        )

    [28] => Array
        (
            [ROLE] => Тренер
            [ID] => 0715
            [NAME] => Максим Лещишак
        )

    [29] => Array
        (
            [ROLE] => Тренер
            [ID] => 0710
            [NAME] => Мельник Назар
        )

    [30] => Array
        (
            [ROLE] => Тренер
            [ID] => 0324
            [NAME] => Мошенець Анна
        )

    [31] => Array
        (
            [ROLE] => Тренер
            [ID] => 0328
            [NAME] => Никитюк Никита
        )

    [32] => Array
        (
            [ROLE] => Тренер
            [ID] => 0301
            [NAME] => Новіцька Діана
        )

    [33] => Array
        (
            [ROLE] => Администратор фитнеса
            [ID] => 0400
            [NAME] => Ольга Ващук
        )

    [34] => Array
        (
            [ROLE] => Тренер
            [ID] => 0319
            [NAME] => Пономаренко Оксана
        )

    [35] => Array
        (
            [ROLE] => Администратор фитнеса
            [ID] => 0402
            [NAME] => Потураєва Катя
        )

    [36] => Array
        (
            [ROLE] => Тренер
            [ID] => 0326
            [NAME] => Рац Лілія
        )

    [37] => Array
        (
            [ROLE] => Тренер
            [ID] => 0713
            [NAME] => Романова Світлана
        )

    [38] => Array
        (
            [ROLE] => Тренер
            [ID] => 0310
            [NAME] => Степанець Андрій
        )

    [39] => Array
        (
            [ROLE] => Тренер
            [ID] => 0718
            [NAME] => Трофименко Иван
        )

    [40] => Array
        (
            [ROLE] => Тренер
            [ID] => 0719
            [NAME] => Хмарский Денис
        )

    [41] => Array
        (
            [ROLE] => Администратор фитнеса
            [ID] => 0104
            [NAME] => Чередніченко Поліна
        )

    [42] => Array
        (
            [ROLE] => Тренер
            [ID] => 0711
            [NAME] => Чорнобай Дмитро
        )

    [43] => Array
        (
            [ROLE] => Тренер
            [ID] => 0712
            [NAME] => Шанько Яна
        )

    [44] => Array
        (
            [ROLE] => Тренер
            [ID] => 0329
            [NAME] => Шульга Стас
        )

    [45] => Array
        (
            [ROLE] => Администратор фитнеса
            [ID] => 0401
            [NAME] => Юлия Воєвода 
        )

    [46] => Array
        (
            [ROLE] => Тренер
            [ID] => 0309
            [NAME] => ол
        )

    [47] => Array
        (
            [ROLE] => Головний адміністратор
            [ID] => 0901
            [NAME] => системный
        )

)

[2026-03-24 13:37:26] [INFO] (/home/redbarbe/public_html/telegram/webapps/action/ajax_get_tren.php:35) Array
(
    [0] => Array
        (
            [KOD] => 857496
            [TIME_FROM] => 09:00
            [TIME_TO] => 10:00               
            [CLIENTS_CNT] => 0
            [TOV_NAME] => Пілатес
            [ACC] => 0
            [CNTTRAN] => 0
            [CNTTRANRESERV] => 0
        )

    [1] => Array
        (
            [KOD] => 857704
            [TIME_FROM] => 18:00
            [TIME_TO] => 19:00               
            [CLIENTS_CNT] => 0
            [TOV_NAME] => F.B.T. (Fat burn traning)
            [ACC] => 0
            [CNTTRAN] => 2
            [CNTTRANRESERV] => 0
        )

    [2] => Array
        (
            [KOD] => 857288
            [TIME_FROM] => 19:00
            [TIME_TO] => 20:00               
            [CLIENTS_CNT] => 0
            [TOV_NAME] => Stretching & Mobility
            [ACC] => 0
            [CNTTRAN] => 2
            [CNTTRANRESERV] => 0
        )

)

[2026-03-24 13:37:26] [INFO] (/home/redbarbe/public_html/telegram/webapps/action/ajax_get_tren.php:61) Array
(
    [KOD] => 857496
    [TIME_FROM] => 09:00
    [TIME_TO] => 10:00               
    [CLIENTS_CNT] => 0
    [TOV_NAME] => Пілатес
    [ACC] => 0
    [CNTTRAN] => 0
    [CNTTRANRESERV] => 0
)

[2026-03-24 13:37:26] [INFO] (/home/redbarbe/public_html/telegram/webapps/action/ajax_get_tren.php:61) Array
(
    [KOD] => 857704
    [TIME_FROM] => 18:00
    [TIME_TO] => 19:00               
    [CLIENTS_CNT] => 0
    [TOV_NAME] => F.B.T. (Fat burn traning)
    [ACC] => 0
    [CNTTRAN] => 2
    [CNTTRANRESERV] => 0
)

[2026-03-24 13:37:26] [INFO] (/home/redbarbe/public_html/telegram/webapps/action/ajax_get_tren.php:61) Array
(
    [KOD] => 857288
    [TIME_FROM] => 19:00
    [TIME_TO] => 20:00               
    [CLIENTS_CNT] => 0
    [TOV_NAME] => Stretching & Mobility
    [ACC] => 0
    [CNTTRAN] => 2
    [CNTTRANRESERV] => 0
)

[2026-03-24 13:44:45] [INFO] (/home/redbarbe/public_html/telegram/webapps/action/ajax_get_tren.php:35) Array
(
    [0] => Array
        (
            [KOD] => 809700
            [TIME_FROM] => 10:00
            [TIME_TO] => 11:00               
            [CLIENTS_CNT] => 0
            [TOV_NAME] => Йога
            [ACC] => 0
            [CNTTRAN] => 0
            [CNTTRANRESERV] => 0
        )

    [1] => Array
        (
            [KOD] => 810320
            [TIME_FROM] => 18:00
            [TIME_TO] => 19:00               
            [CLIENTS_CNT] => 0
            [TOV_NAME] => Паркур Kids
            [ACC] => 0
            [CNTTRAN] => 0
            [CNTTRANRESERV] => 0
        )

    [2] => Array
        (
            [KOD] => 809855
            [TIME_FROM] => 19:00
            [TIME_TO] => 20:00               
            [CLIENTS_CNT] => 0
            [TOV_NAME] => Паркур
            [ACC] => 0
            [CNTTRAN] => 0
            [CNTTRANRESERV] => 0
        )

    [3] => Array
        (
            [KOD] => 810475
            [TIME_FROM] => 19:00
            [TIME_TO] => 20:00               
            [CLIENTS_CNT] => 0
            [TOV_NAME] => CrossActivity
            [ACC] => 0
            [CNTTRAN] => 0
            [CNTTRANRESERV] => 0
        )

    [4] => Array
        (
            [KOD] => 810630
            [TIME_FROM] => 19:00
            [TIME_TO] => 20:00               
            [CLIENTS_CNT] => 5
            [TOV_NAME] => Cycle
            [ACC] => 0
            [CNTTRAN] => 2
            [CNTTRANRESERV] => 0
        )

    [5] => Array
        (
            [KOD] => 810010
            [TIME_FROM] => 19:00
            [TIME_TO] => 20:00               
            [CLIENTS_CNT] => 0
            [TOV_NAME] => FitnessMix
            [ACC] => 0
            [CNTTRAN] => 1
            [CNTTRANRESERV] => 0
        )

    [6] => Array
        (
            [KOD] => 810165
            [TIME_FROM] => 19:00
            [TIME_TO] => 20:00               
            [CLIENTS_CNT] => 0
            [TOV_NAME] => Йога
            [ACC] => 0
            [CNTTRAN] => 0
            [CNTTRANRESERV] => 0
        )

)

[2026-03-24 13:44:45] [INFO] (/home/redbarbe/public_html/telegram/webapps/action/ajax_get_tren.php:61) Array
(
    [KOD] => 809700
    [TIME_FROM] => 10:00
    [TIME_TO] => 11:00               
    [CLIENTS_CNT] => 0
    [TOV_NAME] => Йога
    [ACC] => 0
    [CNTTRAN] => 0
    [CNTTRANRESERV] => 0
)

[2026-03-24 13:44:45] [INFO] (/home/redbarbe/public_html/telegram/webapps/action/ajax_get_tren.php:61) Array
(
    [KOD] => 810320
    [TIME_FROM] => 18:00
    [TIME_TO] => 19:00               
    [CLIENTS_CNT] => 0
    [TOV_NAME] => Паркур Kids
    [ACC] => 0
    [CNTTRAN] => 0
    [CNTTRANRESERV] => 0
)

[2026-03-24 13:44:45] [INFO] (/home/redbarbe/public_html/telegram/webapps/action/ajax_get_tren.php:61) Array
(
    [KOD] => 809855
    [TIME_FROM] => 19:00
    [TIME_TO] => 20:00               
    [CLIENTS_CNT] => 0
    [TOV_NAME] => Паркур
    [ACC] => 0
    [CNTTRAN] => 0
    [CNTTRANRESERV] => 0
)

[2026-03-24 13:44:45] [INFO] (/home/redbarbe/public_html/telegram/webapps/action/ajax_get_tren.php:61) Array
(
    [KOD] => 810475
    [TIME_FROM] => 19:00
    [TIME_TO] => 20:00               
    [CLIENTS_CNT] => 0
    [TOV_NAME] => CrossActivity
    [ACC] => 0
    [CNTTRAN] => 0
    [CNTTRANRESERV] => 0
)

[2026-03-24 13:44:45] [INFO] (/home/redbarbe/public_html/telegram/webapps/action/ajax_get_tren.php:61) Array
(
    [KOD] => 810630
    [TIME_FROM] => 19:00
    [TIME_TO] => 20:00               
    [CLIENTS_CNT] => 5
    [TOV_NAME] => Cycle
    [ACC] => 0
    [CNTTRAN] => 2
    [CNTTRANRESERV] => 0
)

[2026-03-24 13:44:45] [INFO] (/home/redbarbe/public_html/telegram/webapps/action/ajax_get_tren.php:61) Array
(
    [KOD] => 810010
    [TIME_FROM] => 19:00
    [TIME_TO] => 20:00               
    [CLIENTS_CNT] => 0
    [TOV_NAME] => FitnessMix
    [ACC] => 0
    [CNTTRAN] => 1
    [CNTTRANRESERV] => 0
)

[2026-03-24 13:44:45] [INFO] (/home/redbarbe/public_html/telegram/webapps/action/ajax_get_tren.php:61) Array
(
    [KOD] => 810165
    [TIME_FROM] => 19:00
    [TIME_TO] => 20:00               
    [CLIENTS_CNT] => 0
    [TOV_NAME] => Йога
    [ACC] => 0
    [CNTTRAN] => 0
    [CNTTRANRESERV] => 0
)

[2026-03-24 13:54:55] [INFO] (/home/redbarbe/public_html/telegram/webapps/reports/report_pers_detal.php:22) Array
(
)

[2026-03-24 13:54:58] [INFO] (/home/redbarbe/public_html/telegram/webapps/reports/report_pers_detal.php:22) Array
(
    [ajax_method] => 2
    [action] => report_pers_detal
    [action_report] => report_view
    [admin] => 5
    [date_from] => 24.03.2026
    [date_to] => 24.03.2026
    [ip_club] => 178.151.119.180
    [podr] => all
    [sotr] => 0103
)

[2026-03-24 14:00:08] [INFO] (/home/redbarbe/public_html/telegram/webapps/action/hist_ost_poslug.php:19) SELECT a.name FROM `spr_acc` a, spr_users u WHERE u.active_account=a.acc and u.chat_id=a.chat_id and a.acc=367 
and u.club=(select id from spr_clubs where ip_club="109.86.110.220") limit 1
[2026-03-24 14:00:08] [INFO] (/home/redbarbe/public_html/telegram/webapps/action/hist_ost_poslug.php:20) hist_ost_poslug
[2026-03-24 14:00:08] [INFO] (/home/redbarbe/public_html/telegram/webapps/action/hist_ost_poslug.php:111) Array
(
    [acc] => 367
    [command] => GET_OST_POSLUG_ACC
)

[2026-03-24 14:00:08] [INFO] (/home/redbarbe/public_html/telegram/webapps/action/hist_ost_poslug.php:112) ip=109.86.110.220
[2026-03-24 14:00:27] [INFO] (/home/redbarbe/public_html/telegram/webapps/action/hist_grp.php:16) SELECT a.name FROM `spr_acc` a, spr_users u WHERE u.active_account=a.acc and u.chat_id=a.chat_id and a.acc=367 
and u.club=(select id from spr_clubs where ip_club="109.86.110.220") limit 1
[2026-03-24 14:00:27] [INFO] (/home/redbarbe/public_html/telegram/webapps/action/hist_grp.php:17) hist_grp
[2026-03-24 14:00:27] [INFO] (/home/redbarbe/public_html/telegram/webapps/action/hist_grp.php:108) Array
(
    [dbeg] => 24.12.2025
    [dend] => today
    [acc] => 367
    [command] => get_grp_history
)

[2026-03-24 14:00:27] [INFO] (/home/redbarbe/public_html/telegram/webapps/action/hist_grp.php:109) ip=109.86.110.220
[2026-03-24 14:00:33] [INFO] (/home/redbarbe/public_html/telegram/webapps/action/hist_ost_poslug.php:19) SELECT a.name FROM `spr_acc` a, spr_users u WHERE u.active_account=a.acc and u.chat_id=a.chat_id and a.acc=367 
and u.club=(select id from spr_clubs where ip_club="109.86.110.220") limit 1
[2026-03-24 14:00:33] [INFO] (/home/redbarbe/public_html/telegram/webapps/action/hist_ost_poslug.php:20) hist_ost_poslug
[2026-03-24 14:00:33] [INFO] (/home/redbarbe/public_html/telegram/webapps/action/hist_ost_poslug.php:111) Array
(
    [acc] => 367
    [command] => GET_OST_POSLUG_ACC
)

[2026-03-24 14:00:33] [INFO] (/home/redbarbe/public_html/telegram/webapps/action/hist_ost_poslug.php:112) ip=109.86.110.220
[2026-03-24 14:12:49] [INFO] (/home/redbarbe/public_html/telegram/webapps/action/select_sotr.php:17) Array
(
    [action] => select_sotr
    [club] => -
    [club_ip] => 193.194.107.2
)

[2026-03-24 14:12:49] [INFO] (/home/redbarbe/public_html/telegram/webapps/action/select_sotr.php:27) Array
(
    [0] => Array
        (
            [ROLE] => Тренер
            [ID] => 0302
            [NAME] => Брагин Денис
        )

    [1] => Array
        (
            [ROLE] => Тренер
            [ID] => 0323
            [NAME] => Букач Олег
        )

    [2] => Array
        (
            [ROLE] => Администратор фитнеса
            [ID] => 0103
            [NAME] => Бухтеева Ангелина
        )

    [3] => Array
        (
            [ROLE] => Тренер
            [ID] => 0350
            [NAME] => Воротинцева Анастасия
        )

    [4] => Array
        (
            [ROLE] => Главний бухгалтер
            [ID] => 0902
            [NAME] => Глав. Бух.
        )

    [5] => Array
        (
            [ROLE] => Тренер
            [ID] => 0304
            [NAME] => Данильченко Антон
        )

    [6] => Array
        (
            [ROLE] => Тренер
            [ID] => 0331
            [NAME] => Еднак Назар
        )

    [7] => Array
        (
            [ROLE] => Тренер
            [ID] => 0301
            [NAME] => Ивашина Анастасия
        )

    [8] => Array
        (
            [ROLE] => Тренер
            [ID] => 0328
            [NAME] => Ивашко Евгений
        )

    [9] => Array
        (
            [ROLE] => Тренер
            [ID] => 0307
            [NAME] => Колесник Ирина
        )

    [10] => Array
        (
            [ROLE] => Тренер
            [ID] => 0319
            [NAME] => Компричевська Таня
        )

    [11] => Array
        (
            [ROLE] => Тренер
            [ID] => 0326
            [NAME] => Корпан Анжелика
        )

    [12] => Array
        (
            [ROLE] => Тренер
            [ID] => 0312
            [NAME] => Крыжановский Павел
        )

    [13] => Array
        (
            [ROLE] => Тренер
            [ID] => 0313
            [NAME] => Кукурудзяк Руслан
        )

    [14] => Array
        (
            [ROLE] => Тренер
            [ID] => 0310
            [NAME] => Кушнир Андрей
        )

    [15] => Array
        (
            [ROLE] => Тренер
            [ID] => 0315
            [NAME] => Ломака Дмитро
        )

    [16] => Array
        (
            [ROLE] => Администратор фитнеса
            [ID] => 0101
            [NAME] => Мамай Вероніка
        )

    [17] => Array
        (
            [ROLE] => Тренер
            [ID] => 0324
            [NAME] => Нечаева Анастасия
        )

    [18] => Array
        (
            [ROLE] => Тренер
            [ID] => 0318
            [NAME] => Попова Анна
        )

    [19] => Array
        (
            [ROLE] => Тренер
            [ID] => 0311
            [NAME] => Резанов Александр
        )

    [20] => Array
        (
            [ROLE] => Администратор фитнеса
            [ID] => 0333
            [NAME] => Розколодько Марина
        )

    [21] => Array
        (
            [ROLE] => Тренер
            [ID] => 192
            [NAME] => Смишляк Денис
        )

    [22] => Array
        (
            [ROLE] => Администратор фитнеса
            [ID] => 0104
            [NAME] => Тихонюк Дарина Анатоліївна
        )

    [23] => Array
        (
            [ROLE] => Тренер
            [ID] => 0316
            [NAME] => Федащин Артур
        )

    [24] => Array
        (
            [ROLE] => Тренер
            [ID] => 0305
            [NAME] => Фортуна Дмитрий
        )

    [25] => Array
        (
            [ROLE] => Тренер
            [ID] => 0321
            [NAME] => Черняк Владислав
        )

    [26] => Array
        (
            [ROLE] => Головний адміністратор
            [ID] => 0901
            [NAME] => системный
        )

)

[2026-03-24 14:14:44] [INFO] (/home/redbarbe/public_html/telegram/webapps/action/hist_ost_poslug.php:19) SELECT a.name FROM `spr_acc` a, spr_users u WHERE u.active_account=a.acc and u.chat_id=a.chat_id and a.acc=13927 
and u.club=(select id from spr_clubs where ip_club="178.151.119.180") limit 1
[2026-03-24 14:14:44] [INFO] (/home/redbarbe/public_html/telegram/webapps/action/hist_ost_poslug.php:20) hist_ost_poslug
[2026-03-24 14:14:44] [INFO] (/home/redbarbe/public_html/telegram/webapps/action/hist_ost_poslug.php:111) Array
(
    [acc] => 13927
    [command] => GET_OST_POSLUG_ACC
)

[2026-03-24 14:14:44] [INFO] (/home/redbarbe/public_html/telegram/webapps/action/hist_ost_poslug.php:112) ip=178.151.119.180
[2026-03-24 14:14:56] [INFO] (/home/redbarbe/public_html/telegram/webapps/action/hist_ind.php:16) SELECT a.name FROM `spr_acc` a, spr_users u WHERE u.active_account=a.acc and u.chat_id=a.chat_id and a.acc=13927 
and u.club=(select id from spr_clubs where ip_club="178.151.119.180") limit 1
[2026-03-24 14:14:56] [INFO] (/home/redbarbe/public_html/telegram/webapps/action/hist_ind.php:17) hist_grp
[2026-03-24 14:14:56] [INFO] (/home/redbarbe/public_html/telegram/webapps/action/hist_ind.php:108) Array
(
    [dbeg] => 24.12.2025
    [dend] => today
    [acc] => 13927
    [command] => get_ind_history
)

[2026-03-24 14:14:56] [INFO] (/home/redbarbe/public_html/telegram/webapps/action/hist_ind.php:109) ip=178.151.119.180
[2026-03-24 14:18:42] [INFO] (/home/redbarbe/public_html/telegram/webapps/reports/report_pers_detal.php:22) Array
(
)

[2026-03-24 14:22:10] [INFO] (/home/redbarbe/public_html/telegram/webapps/action/ajax_get_tren.php:35) Array
(
    [0] => Array
        (
            [KOD] => 809700
            [TIME_FROM] => 10:00
            [TIME_TO] => 11:00               
            [CLIENTS_CNT] => 0
            [TOV_NAME] => Йога
            [ACC] => 0
            [CNTTRAN] => 0
            [CNTTRANRESERV] => 0
        )

    [1] => Array
        (
            [KOD] => 810320
            [TIME_FROM] => 18:00
            [TIME_TO] => 19:00               
            [CLIENTS_CNT] => 0
            [TOV_NAME] => Паркур Kids
            [ACC] => 0
            [CNTTRAN] => 0
            [CNTTRANRESERV] => 0
        )

    [2] => Array
        (
            [KOD] => 809855
            [TIME_FROM] => 19:00
            [TIME_TO] => 20:00               
            [CLIENTS_CNT] => 0
            [TOV_NAME] => Паркур
            [ACC] => 0
            [CNTTRAN] => 0
            [CNTTRANRESERV] => 0
        )

    [3] => Array
        (
            [KOD] => 810475
            [TIME_FROM] => 19:00
            [TIME_TO] => 20:00               
            [CLIENTS_CNT] => 0
            [TOV_NAME] => CrossActivity
            [ACC] => 0
            [CNTTRAN] => 0
            [CNTTRANRESERV] => 0
        )

    [4] => Array
        (
            [KOD] => 810630
            [TIME_FROM] => 19:00
            [TIME_TO] => 20:00               
            [CLIENTS_CNT] => 5
            [TOV_NAME] => Cycle
            [ACC] => 0
            [CNTTRAN] => 2
            [CNTTRANRESERV] => 0
        )

    [5] => Array
        (
            [KOD] => 810010
            [TIME_FROM] => 19:00
            [TIME_TO] => 20:00               
            [CLIENTS_CNT] => 0
            [TOV_NAME] => FitnessMix
            [ACC] => 0
            [CNTTRAN] => 1
            [CNTTRANRESERV] => 0
        )

    [6] => Array
        (
            [KOD] => 810165
            [TIME_FROM] => 19:00
            [TIME_TO] => 20:00               
            [CLIENTS_CNT] => 0
            [TOV_NAME] => Йога
            [ACC] => 0
            [CNTTRAN] => 0
            [CNTTRANRESERV] => 0
        )

)

[2026-03-24 14:22:10] [INFO] (/home/redbarbe/public_html/telegram/webapps/action/ajax_get_tren.php:61) Array
(
    [KOD] => 809700
    [TIME_FROM] => 10:00
    [TIME_TO] => 11:00               
    [CLIENTS_CNT] => 0
    [TOV_NAME] => Йога
    [ACC] => 0
    [CNTTRAN] => 0
    [CNTTRANRESERV] => 0
)

[2026-03-24 14:22:10] [INFO] (/home/redbarbe/public_html/telegram/webapps/action/ajax_get_tren.php:61) Array
(
    [KOD] => 810320
    [TIME_FROM] => 18:00
    [TIME_TO] => 19:00               
    [CLIENTS_CNT] => 0
    [TOV_NAME] => Паркур Kids
    [ACC] => 0
    [CNTTRAN] => 0
    [CNTTRANRESERV] => 0
)

[2026-03-24 14:22:10] [INFO] (/home/redbarbe/public_html/telegram/webapps/action/ajax_get_tren.php:61) Array
(
    [KOD] => 809855
    [TIME_FROM] => 19:00
    [TIME_TO] => 20:00               
    [CLIENTS_CNT] => 0
    [TOV_NAME] => Паркур
    [ACC] => 0
    [CNTTRAN] => 0
    [CNTTRANRESERV] => 0
)

[2026-03-24 14:22:10] [INFO] (/home/redbarbe/public_html/telegram/webapps/action/ajax_get_tren.php:61) Array
(
    [KOD] => 810475
    [TIME_FROM] => 19:00
    [TIME_TO] => 20:00               
    [CLIENTS_CNT] => 0
    [TOV_NAME] => CrossActivity
    [ACC] => 0
    [CNTTRAN] => 0
    [CNTTRANRESERV] => 0
)

[2026-03-24 14:22:10] [INFO] (/home/redbarbe/public_html/telegram/webapps/action/ajax_get_tren.php:61) Array
(
    [KOD] => 810630
    [TIME_FROM] => 19:00
    [TIME_TO] => 20:00               
    [CLIENTS_CNT] => 5
    [TOV_NAME] => Cycle
    [ACC] => 0
    [CNTTRAN] => 2
    [CNTTRANRESERV] => 0
)

[2026-03-24 14:22:10] [INFO] (/home/redbarbe/public_html/telegram/webapps/action/ajax_get_tren.php:61) Array
(
    [KOD] => 810010
    [TIME_FROM] => 19:00
    [TIME_TO] => 20:00               
    [CLIENTS_CNT] => 0
    [TOV_NAME] => FitnessMix
    [ACC] => 0
    [CNTTRAN] => 1
    [CNTTRANRESERV] => 0
)

[2026-03-24 14:22:10] [INFO] (/home/redbarbe/public_html/telegram/webapps/action/ajax_get_tren.php:61) Array
(
    [KOD] => 810165
    [TIME_FROM] => 19:00
    [TIME_TO] => 20:00               
    [CLIENTS_CNT] => 0
    [TOV_NAME] => Йога
    [ACC] => 0
    [CNTTRAN] => 0
    [CNTTRANRESERV] => 0
)

[2026-03-24 14:27:01] [INFO] (/home/redbarbe/public_html/telegram/webapps/action/select_sotr.php:17) Array
(
    [action] => select_sotr
    [club] => -
    [club_ip] => 212.26.139.90
)

[2026-03-24 14:27:01] [INFO] (/home/redbarbe/public_html/telegram/webapps/action/select_sotr.php:27) Array
(
    [0] => Array
        (
            [ROLE] => Тренер
            [ID] => 2357
            [NAME] => Ілюк Діана
        )

    [1] => Array
        (
            [ROLE] => Тренер
            [ID] => 697814
            [NAME] => Горева Анастасія
        )

    [2] => Array
        (
            [ROLE] => Администратор фитнеса
            [ID] => 0101
            [NAME] => Дежурный
        )

    [3] => Array
        (
            [ROLE] => Администратор фитнеса
            [ID] => 0103
            [NAME] => Йова Катерина
        )

    [4] => Array
        (
            [ROLE] => Тренер
            [ID] => 03354
            [NAME] => Колесник Богдан
        )

    [5] => Array
        (
            [ROLE] => Тренер
            [ID] => 2564
            [NAME] => Кулаковський Сергій
        )

    [6] => Array
        (
            [ROLE] => Администратор фитнеса
            [ID] => 0102
            [NAME] => Лазаренко Ліна
        )

    [7] => Array
        (
            [ROLE] => Тренер
            [ID] => 2452
            [NAME] => Лешковят Наталія
        )

    [8] => Array
        (
            [ROLE] => Администратор фитнеса
            [ID] => 0235
            [NAME] => Лучко Кирил
        )

    [9] => Array
        (
            [ROLE] => Администратор фитнеса
            [ID] => 0333
            [NAME] => Мамедова Ельнара
        )

    [10] => Array
        (
            [ROLE] => Тренер
            [ID] => 03336
            [NAME] => Мельниченко Надія
        )

    [11] => Array
        (
            [ROLE] => Тренер
            [ID] => 8760
            [NAME] => Москалець Тетяна
        )

    [12] => Array
        (
            [ROLE] => Тренер
            [ID] => 007989
            [NAME] => Підгурська Влада
        )

    [13] => Array
        (
            [ROLE] => Тренер
            [ID] => 03337
            [NAME] => Погорєлов Євгеній
        )

    [14] => Array
        (
            [ROLE] => Тренер
            [ID] => 03589
            [NAME] => Присняк Владислав
        )

    [15] => Array
        (
            [ROLE] => Тренер
            [ID] => 03352
            [NAME] => Рибак Роман
        )

    [16] => Array
        (
            [ROLE] => Тренер
            [ID] => 0334
            [NAME] => Самусенко Альона
        )

    [17] => Array
        (
            [ROLE] => Тренер
            [ID] => 03339
            [NAME] => Стрілець Данило
        )

    [18] => Array
        (
            [ROLE] => Тренер
            [ID] => 7895
            [NAME] => Тулаінов Андрій
        )

    [19] => Array
        (
            [ROLE] => Тренер
            [ID] => 0325
            [NAME] => Худоба Ігор
        )

    [20] => Array
        (
            [ROLE] => Тренер
            [ID] => 03342
            [NAME] => Шматко Ярослав
        )

    [21] => Array
        (
            [ROLE] => Тренер
            [ID] => 8987
            [NAME] => Яковенко Ганна
        )

)

[2026-03-24 14:30:22] [INFO] (/home/redbarbe/public_html/telegram/webapps/action/my_zapis.php:105) 
[2026-03-24 14:31:15] [INFO] (/home/redbarbe/public_html/telegram/webapps/action/hist_ost_poslug.php:19) SELECT a.name FROM `spr_acc` a, spr_users u WHERE u.active_account=a.acc and u.chat_id=a.chat_id and a.acc=13142 
and u.club=(select id from spr_clubs where ip_club="193.194.107.2") limit 1
[2026-03-24 14:31:15] [INFO] (/home/redbarbe/public_html/telegram/webapps/action/hist_ost_poslug.php:20) hist_ost_poslug
[2026-03-24 14:31:15] [INFO] (/home/redbarbe/public_html/telegram/webapps/action/hist_ost_poslug.php:111) Array
(
    [acc] => 13142
    [command] => GET_OST_POSLUG_ACC
)

[2026-03-24 14:31:15] [INFO] (/home/redbarbe/public_html/telegram/webapps/action/hist_ost_poslug.php:112) ip=193.194.107.2
[2026-03-24 14:31:25] [INFO] (/home/redbarbe/public_html/telegram/webapps/action/ajax_get_tren.php:35) Array
(
    [0] => Array
        (
            [KOD] => 809700
            [TIME_FROM] => 10:00
            [TIME_TO] => 11:00               
            [CLIENTS_CNT] => 0
            [TOV_NAME] => Йога
            [ACC] => 0
            [CNTTRAN] => 0
            [CNTTRANRESERV] => 0
        )

    [1] => Array
        (
            [KOD] => 810320
            [TIME_FROM] => 18:00
            [TIME_TO] => 19:00               
            [CLIENTS_CNT] => 0
            [TOV_NAME] => Паркур Kids
            [ACC] => 0
            [CNTTRAN] => 0
            [CNTTRANRESERV] => 0
        )

    [2] => Array
        (
            [KOD] => 809855
            [TIME_FROM] => 19:00
            [TIME_TO] => 20:00               
            [CLIENTS_CNT] => 0
            [TOV_NAME] => Паркур
            [ACC] => 0
            [CNTTRAN] => 0
            [CNTTRANRESERV] => 0
        )

    [3] => Array
        (
            [KOD] => 810475
            [TIME_FROM] => 19:00
            [TIME_TO] => 20:00               
            [CLIENTS_CNT] => 0
            [TOV_NAME] => CrossActivity
            [ACC] => 0
            [CNTTRAN] => 0
            [CNTTRANRESERV] => 0
        )

    [4] => Array
        (
            [KOD] => 810630
            [TIME_FROM] => 19:00
            [TIME_TO] => 20:00               
            [CLIENTS_CNT] => 5
            [TOV_NAME] => Cycle
            [ACC] => 0
            [CNTTRAN] => 2
            [CNTTRANRESERV] => 0
        )

    [5] => Array
        (
            [KOD] => 810010
            [TIME_FROM] => 19:00
            [TIME_TO] => 20:00               
            [CLIENTS_CNT] => 0
            [TOV_NAME] => FitnessMix
            [ACC] => 0
            [CNTTRAN] => 1
            [CNTTRANRESERV] => 0
        )

    [6] => Array
        (
            [KOD] => 810165
            [TIME_FROM] => 19:00
            [TIME_TO] => 20:00               
            [CLIENTS_CNT] => 0
            [TOV_NAME] => Йога
            [ACC] => 0
            [CNTTRAN] => 0
            [CNTTRANRESERV] => 0
        )

)

[2026-03-24 14:31:25] [INFO] (/home/redbarbe/public_html/telegram/webapps/action/ajax_get_tren.php:61) Array
(
    [KOD] => 809700
    [TIME_FROM] => 10:00
    [TIME_TO] => 11:00               
    [CLIENTS_CNT] => 0
    [TOV_NAME] => Йога
    [ACC] => 0
    [CNTTRAN] => 0
    [CNTTRANRESERV] => 0
)

[2026-03-24 14:31:25] [INFO] (/home/redbarbe/public_html/telegram/webapps/action/ajax_get_tren.php:61) Array
(
    [KOD] => 810320
    [TIME_FROM] => 18:00
    [TIME_TO] => 19:00               
    [CLIENTS_CNT] => 0
    [TOV_NAME] => Паркур Kids
    [ACC] => 0
    [CNTTRAN] => 0
    [CNTTRANRESERV] => 0
)

[2026-03-24 14:31:25] [INFO] (/home/redbarbe/public_html/telegram/webapps/action/ajax_get_tren.php:61) Array
(
    [KOD] => 809855
    [TIME_FROM] => 19:00
    [TIME_TO] => 20:00               
    [CLIENTS_CNT] => 0
    [TOV_NAME] => Паркур
    [ACC] => 0
    [CNTTRAN] => 0
    [CNTTRANRESERV] => 0
)

[2026-03-24 14:31:25] [INFO] (/home/redbarbe/public_html/telegram/webapps/action/ajax_get_tren.php:61) Array
(
    [KOD] => 810475
    [TIME_FROM] => 19:00
    [TIME_TO] => 20:00               
    [CLIENTS_CNT] => 0
    [TOV_NAME] => CrossActivity
    [ACC] => 0
    [CNTTRAN] => 0
    [CNTTRANRESERV] => 0
)

[2026-03-24 14:31:25] [INFO] (/home/redbarbe/public_html/telegram/webapps/action/ajax_get_tren.php:61) Array
(
    [KOD] => 810630
    [TIME_FROM] => 19:00
    [TIME_TO] => 20:00               
    [CLIENTS_CNT] => 5
    [TOV_NAME] => Cycle
    [ACC] => 0
    [CNTTRAN] => 2
    [CNTTRANRESERV] => 0
)

[2026-03-24 14:31:25] [INFO] (/home/redbarbe/public_html/telegram/webapps/action/ajax_get_tren.php:61) Array
(
    [KOD] => 810010
    [TIME_FROM] => 19:00
    [TIME_TO] => 20:00               
    [CLIENTS_CNT] => 0
    [TOV_NAME] => FitnessMix
    [ACC] => 0
    [CNTTRAN] => 1
    [CNTTRANRESERV] => 0
)

[2026-03-24 14:31:25] [INFO] (/home/redbarbe/public_html/telegram/webapps/action/ajax_get_tren.php:61) Array
(
    [KOD] => 810165
    [TIME_FROM] => 19:00
    [TIME_TO] => 20:00               
    [CLIENTS_CNT] => 0
    [TOV_NAME] => Йога
    [ACC] => 0
    [CNTTRAN] => 0
    [CNTTRANRESERV] => 0
)

[2026-03-24 14:31:30] [INFO] (/home/redbarbe/public_html/telegram/webapps/action/ajax_get_tren.php:35) Array
(
    [0] => Array
        (
            [KOD] => 815180
            [TIME_FROM] => 08:00
            [TIME_TO] => 09:00               
            [CLIENTS_CNT] => 0
            [TOV_NAME] => Бокс(хлопці, з 13 років)
            [ACC] => 0
            [CNTTRAN] => 0
            [CNTTRANRESERV] => 0
        )

    [1] => Array
        (
            [KOD] => 814868
            [TIME_FROM] => 16:00
            [TIME_TO] => 17:00               
            [CLIENTS_CNT] => 0
            [TOV_NAME] => Паркур kids
            [ACC] => 0
            [CNTTRAN] => 0
            [CNTTRANRESERV] => 0
        )

    [2] => Array
        (
            [KOD] => 814556
            [TIME_FROM] => 17:00
            [TIME_TO] => 18:00               
            [CLIENTS_CNT] => 0
            [TOV_NAME] => Паркур teens
            [ACC] => 0
            [CNTTRAN] => 0
            [CNTTRANRESERV] => 0
        )

    [3] => Array
        (
            [KOD] => 813776
            [TIME_FROM] => 18:00
            [TIME_TO] => 19:00               
            [CLIENTS_CNT] => 0
            [TOV_NAME] => Йога
            [ACC] => 14080
            [CNTTRAN] => 3
            [CNTTRANRESERV] => 0
        )

    [4] => Array
        (
            [KOD] => 814712
            [TIME_FROM] => 18:00
            [TIME_TO] => 19:00               
            [CLIENTS_CNT] => 0
            [TOV_NAME] => Бокс/Кікбоксинг  Kids
            [ACC] => 0
            [CNTTRAN] => 1
            [CNTTRANRESERV] => 0
        )

    [5] => Array
        (
            [KOD] => 815024
            [TIME_FROM] => 19:00
            [TIME_TO] => 20:00               
            [CLIENTS_CNT] => 0
            [TOV_NAME] => Jazz funk
            [ACC] => 0
            [CNTTRAN] => 0
            [CNTTRANRESERV] => 0
        )

    [6] => Array
        (
            [KOD] => 813932
            [TIME_FROM] => 19:40
            [TIME_TO] => 20:40               
            [CLIENTS_CNT] => 0
            [TOV_NAME] => Акробатика Kids
            [ACC] => 0
            [CNTTRAN] => 0
            [CNTTRANRESERV] => 0
        )

    [7] => Array
        (
            [KOD] => 814244
            [TIME_FROM] => 20:00
            [TIME_TO] => 21:00               
            [CLIENTS_CNT] => 0
            [TOV_NAME] => Cross activity
            [ACC] => 0
            [CNTTRAN] => 0
            [CNTTRANRESERV] => 0
        )

    [8] => Array
        (
            [KOD] => 814088
            [TIME_FROM] => 20:00
            [TIME_TO] => 21:00               
            [CLIENTS_CNT] => 0
            [TOV_NAME] => Бокс
            [ACC] => 0
            [CNTTRAN] => 1
            [CNTTRANRESERV] => 0
        )

    [9] => Array
        (
            [KOD] => 814400
            [TIME_FROM] => 20:00
            [TIME_TO] => 21:00               
            [CLIENTS_CNT] => 0
            [TOV_NAME] => Stretching
            [ACC] => 0
            [CNTTRAN] => 1
            [CNTTRANRESERV] => 0
        )

)

[2026-03-24 14:31:30] [INFO] (/home/redbarbe/public_html/telegram/webapps/action/ajax_get_tren.php:61) Array
(
    [KOD] => 815180
    [TIME_FROM] => 08:00
    [TIME_TO] => 09:00               
    [CLIENTS_CNT] => 0
    [TOV_NAME] => Бокс(хлопці, з 13 років)
    [ACC] => 0
    [CNTTRAN] => 0
    [CNTTRANRESERV] => 0
)

[2026-03-24 14:31:30] [INFO] (/home/redbarbe/public_html/telegram/webapps/action/ajax_get_tren.php:61) Array
(
    [KOD] => 814868
    [TIME_FROM] => 16:00
    [TIME_TO] => 17:00               
    [CLIENTS_CNT] => 0
    [TOV_NAME] => Паркур kids
    [ACC] => 0
    [CNTTRAN] => 0
    [CNTTRANRESERV] => 0
)

[2026-03-24 14:31:30] [INFO] (/home/redbarbe/public_html/telegram/webapps/action/ajax_get_tren.php:61) Array
(
    [KOD] => 814556
    [TIME_FROM] => 17:00
    [TIME_TO] => 18:00               
    [CLIENTS_CNT] => 0
    [TOV_NAME] => Паркур teens
    [ACC] => 0
    [CNTTRAN] => 0
    [CNTTRANRESERV] => 0
)

[2026-03-24 14:31:30] [INFO] (/home/redbarbe/public_html/telegram/webapps/action/ajax_get_tren.php:61) Array
(
    [KOD] => 813776
    [TIME_FROM] => 18:00
    [TIME_TO] => 19:00               
    [CLIENTS_CNT] => 0
    [TOV_NAME] => Йога
    [ACC] => 14080
    [CNTTRAN] => 3
    [CNTTRANRESERV] => 0
)

[2026-03-24 14:31:30] [INFO] (/home/redbarbe/public_html/telegram/webapps/action/ajax_get_tren.php:61) Array
(
    [KOD] => 814712
    [TIME_FROM] => 18:00
    [TIME_TO] => 19:00               
    [CLIENTS_CNT] => 0
    [TOV_NAME] => Бокс/Кікбоксинг  Kids
    [ACC] => 0
    [CNTTRAN] => 1
    [CNTTRANRESERV] => 0
)

[2026-03-24 14:31:30] [INFO] (/home/redbarbe/public_html/telegram/webapps/action/ajax_get_tren.php:61) Array
(
    [KOD] => 815024
    [TIME_FROM] => 19:00
    [TIME_TO] => 20:00               
    [CLIENTS_CNT] => 0
    [TOV_NAME] => Jazz funk
    [ACC] => 0
    [CNTTRAN] => 0
    [CNTTRANRESERV] => 0
)

[2026-03-24 14:31:30] [INFO] (/home/redbarbe/public_html/telegram/webapps/action/ajax_get_tren.php:61) Array
(
    [KOD] => 813932
    [TIME_FROM] => 19:40
    [TIME_TO] => 20:40               
    [CLIENTS_CNT] => 0
    [TOV_NAME] => Акробатика Kids
    [ACC] => 0
    [CNTTRAN] => 0
    [CNTTRANRESERV] => 0
)

[2026-03-24 14:31:30] [INFO] (/home/redbarbe/public_html/telegram/webapps/action/ajax_get_tren.php:61) Array
(
    [KOD] => 814244
    [TIME_FROM] => 20:00
    [TIME_TO] => 21:00               
    [CLIENTS_CNT] => 0
    [TOV_NAME] => Cross activity
    [ACC] => 0
    [CNTTRAN] => 0
    [CNTTRANRESERV] => 0
)

[2026-03-24 14:31:30] [INFO] (/home/redbarbe/public_html/telegram/webapps/action/ajax_get_tren.php:61) Array
(
    [KOD] => 814088
    [TIME_FROM] => 20:00
    [TIME_TO] => 21:00               
    [CLIENTS_CNT] => 0
    [TOV_NAME] => Бокс
    [ACC] => 0
    [CNTTRAN] => 1
    [CNTTRANRESERV] => 0
)

[2026-03-24 14:31:30] [INFO] (/home/redbarbe/public_html/telegram/webapps/action/ajax_get_tren.php:61) Array
(
    [KOD] => 814400
    [TIME_FROM] => 20:00
    [TIME_TO] => 21:00               
    [CLIENTS_CNT] => 0
    [TOV_NAME] => Stretching
    [ACC] => 0
    [CNTTRAN] => 1
    [CNTTRANRESERV] => 0
)

[2026-03-24 14:40:49] [INFO] (/home/redbarbe/public_html/telegram/webapps/action/my_zapis.php:105) 
[2026-03-24 14:41:13] [INFO] (/home/redbarbe/public_html/telegram/webapps/action/ajax_get_tren.php:35) Array
(
    [0] => Array
        (
            [KOD] => 878283
            [TIME_FROM] => 08:00
            [TIME_TO] => 09:00               
            [CLIENTS_CNT] => 0
            [TOV_NAME] => Base fitness (Ліана)
            [ACC] => 0
            [CNTTRAN] => 0
            [CNTTRANRESERV] => 0
        )

    [1] => Array
        (
            [KOD] => 869099
            [TIME_FROM] => 17:00
            [TIME_TO] => 18:00               
            [CLIENTS_CNT] => 0
            [TOV_NAME] => Бокс Kids
            [ACC] => 0
            [CNTTRAN] => 0
            [CNTTRANRESERV] => 0
        )

    [2] => Array
        (
            [KOD] => 875987
            [TIME_FROM] => 18:00
            [TIME_TO] => 19:00               
            [CLIENTS_CNT] => 5
            [TOV_NAME] => B.F.B
            [ACC] => 0
            [CNTTRAN] => 0
            [CNTTRANRESERV] => 0
        )

    [3] => Array
        (
            [KOD] => 873691
            [TIME_FROM] => 19:00
            [TIME_TO] => 20:00               
            [CLIENTS_CNT] => 0
            [TOV_NAME] => Mind Body
            [ACC] => 0
            [CNTTRAN] => 0
            [CNTTRANRESERV] => 0
        )

    [4] => Array
        (
            [KOD] => 871395
            [TIME_FROM] => 19:00
            [TIME_TO] => 20:00               
            [CLIENTS_CNT] => 0
            [TOV_NAME] => No Limits
            [ACC] => 0
            [CNTTRAN] => 0
            [CNTTRANRESERV] => 0
        )

)

[2026-03-24 14:41:13] [INFO] (/home/redbarbe/public_html/telegram/webapps/action/ajax_get_tren.php:61) Array
(
    [KOD] => 878283
    [TIME_FROM] => 08:00
    [TIME_TO] => 09:00               
    [CLIENTS_CNT] => 0
    [TOV_NAME] => Base fitness (Ліана)
    [ACC] => 0
    [CNTTRAN] => 0
    [CNTTRANRESERV] => 0
)

[2026-03-24 14:41:13] [INFO] (/home/redbarbe/public_html/telegram/webapps/action/ajax_get_tren.php:61) Array
(
    [KOD] => 869099
    [TIME_FROM] => 17:00
    [TIME_TO] => 18:00               
    [CLIENTS_CNT] => 0
    [TOV_NAME] => Бокс Kids
    [ACC] => 0
    [CNTTRAN] => 0
    [CNTTRANRESERV] => 0
)

[2026-03-24 14:41:13] [INFO] (/home/redbarbe/public_html/telegram/webapps/action/ajax_get_tren.php:61) Array
(
    [KOD] => 875987
    [TIME_FROM] => 18:00
    [TIME_TO] => 19:00               
    [CLIENTS_CNT] => 5
    [TOV_NAME] => B.F.B
    [ACC] => 0
    [CNTTRAN] => 0
    [CNTTRANRESERV] => 0
)

[2026-03-24 14:41:13] [INFO] (/home/redbarbe/public_html/telegram/webapps/action/ajax_get_tren.php:61) Array
(
    [KOD] => 873691
    [TIME_FROM] => 19:00
    [TIME_TO] => 20:00               
    [CLIENTS_CNT] => 0
    [TOV_NAME] => Mind Body
    [ACC] => 0
    [CNTTRAN] => 0
    [CNTTRANRESERV] => 0
)

[2026-03-24 14:41:13] [INFO] (/home/redbarbe/public_html/telegram/webapps/action/ajax_get_tren.php:61) Array
(
    [KOD] => 871395
    [TIME_FROM] => 19:00
    [TIME_TO] => 20:00               
    [CLIENTS_CNT] => 0
    [TOV_NAME] => No Limits
    [ACC] => 0
    [CNTTRAN] => 0
    [CNTTRANRESERV] => 0
)

[2026-03-24 14:41:19] [INFO] (/home/redbarbe/public_html/telegram/webapps/action/ajax_get_tren.php:35) Array
(
    [0] => Array
        (
            [KOD] => 857496
            [TIME_FROM] => 09:00
            [TIME_TO] => 10:00               
            [CLIENTS_CNT] => 0
            [TOV_NAME] => Пілатес
            [ACC] => 0
            [CNTTRAN] => 0
            [CNTTRANRESERV] => 0
        )

    [1] => Array
        (
            [KOD] => 857704
            [TIME_FROM] => 18:00
            [TIME_TO] => 19:00               
            [CLIENTS_CNT] => 0
            [TOV_NAME] => F.B.T. (Fat burn traning)
            [ACC] => 0
            [CNTTRAN] => 2
            [CNTTRANRESERV] => 0
        )

    [2] => Array
        (
            [KOD] => 857288
            [TIME_FROM] => 19:00
            [TIME_TO] => 20:00               
            [CLIENTS_CNT] => 0
            [TOV_NAME] => Stretching & Mobility
            [ACC] => 0
            [CNTTRAN] => 2
            [CNTTRANRESERV] => 0
        )

)

[2026-03-24 14:41:19] [INFO] (/home/redbarbe/public_html/telegram/webapps/action/ajax_get_tren.php:61) Array
(
    [KOD] => 857496
    [TIME_FROM] => 09:00
    [TIME_TO] => 10:00               
    [CLIENTS_CNT] => 0
    [TOV_NAME] => Пілатес
    [ACC] => 0
    [CNTTRAN] => 0
    [CNTTRANRESERV] => 0
)

[2026-03-24 14:41:19] [INFO] (/home/redbarbe/public_html/telegram/webapps/action/ajax_get_tren.php:61) Array
(
    [KOD] => 857704
    [TIME_FROM] => 18:00
    [TIME_TO] => 19:00               
    [CLIENTS_CNT] => 0
    [TOV_NAME] => F.B.T. (Fat burn traning)
    [ACC] => 0
    [CNTTRAN] => 2
    [CNTTRANRESERV] => 0
)

[2026-03-24 14:41:19] [INFO] (/home/redbarbe/public_html/telegram/webapps/action/ajax_get_tren.php:61) Array
(
    [KOD] => 857288
    [TIME_FROM] => 19:00
    [TIME_TO] => 20:00               
    [CLIENTS_CNT] => 0
    [TOV_NAME] => Stretching & Mobility
    [ACC] => 0
    [CNTTRAN] => 2
    [CNTTRANRESERV] => 0
)

[2026-03-24 14:41:57] [INFO] (/home/redbarbe/public_html/telegram/webapps/action/ajax_fitness_zapis.php:22) Array
(
    [ajax_method] => 2
    [action] => ajax_fitness_zapis
    [dat] => 24.03.2026
    [acc] => 348
    [trenid] => 857288
    [ost_all] => 100
    [ip_club] => 109.86.110.220
    [acctozapis] => 0
    [time_from] => 19:00
)

[2026-03-24 14:42:25] [INFO] (/home/redbarbe/public_html/telegram/webapps/action/ajax_get_tren.php:35) Array
(
    [0] => Array
        (
            [KOD] => 857496
            [TIME_FROM] => 09:00
            [TIME_TO] => 10:00               
            [CLIENTS_CNT] => 0
            [TOV_NAME] => Пілатес
            [ACC] => 0
            [CNTTRAN] => 0
            [CNTTRANRESERV] => 0
        )

    [1] => Array
        (
            [KOD] => 857704
            [TIME_FROM] => 18:00
            [TIME_TO] => 19:00               
            [CLIENTS_CNT] => 0
            [TOV_NAME] => F.B.T. (Fat burn traning)
            [ACC] => 0
            [CNTTRAN] => 2
            [CNTTRANRESERV] => 0
        )

    [2] => Array
        (
            [KOD] => 857288
            [TIME_FROM] => 19:00
            [TIME_TO] => 20:00               
            [CLIENTS_CNT] => 0
            [TOV_NAME] => Stretching & Mobility
            [ACC] => 348
            [CNTTRAN] => 3
            [CNTTRANRESERV] => 0
        )

)

[2026-03-24 14:42:25] [INFO] (/home/redbarbe/public_html/telegram/webapps/action/ajax_get_tren.php:61) Array
(
    [KOD] => 857496
    [TIME_FROM] => 09:00
    [TIME_TO] => 10:00               
    [CLIENTS_CNT] => 0
    [TOV_NAME] => Пілатес
    [ACC] => 0
    [CNTTRAN] => 0
    [CNTTRANRESERV] => 0
)

[2026-03-24 14:42:25] [INFO] (/home/redbarbe/public_html/telegram/webapps/action/ajax_get_tren.php:61) Array
(
    [KOD] => 857704
    [TIME_FROM] => 18:00
    [TIME_TO] => 19:00               
    [CLIENTS_CNT] => 0
    [TOV_NAME] => F.B.T. (Fat burn traning)
    [ACC] => 0
    [CNTTRAN] => 2
    [CNTTRANRESERV] => 0
)

[2026-03-24 14:42:25] [INFO] (/home/redbarbe/public_html/telegram/webapps/action/ajax_get_tren.php:61) Array
(
    [KOD] => 857288
    [TIME_FROM] => 19:00
    [TIME_TO] => 20:00               
    [CLIENTS_CNT] => 0
    [TOV_NAME] => Stretching & Mobility
    [ACC] => 348
    [CNTTRAN] => 3
    [CNTTRANRESERV] => 0
)

[2026-03-24 14:43:08] [INFO] (/home/redbarbe/public_html/telegram/webapps/action/ajax_get_tren.php:35) Array
(
    [0] => Array
        (
            [KOD] => 857496
            [TIME_FROM] => 09:00
            [TIME_TO] => 10:00               
            [CLIENTS_CNT] => 0
            [TOV_NAME] => Пілатес
            [ACC] => 0
            [CNTTRAN] => 0
            [CNTTRANRESERV] => 0
        )

    [1] => Array
        (
            [KOD] => 857704
            [TIME_FROM] => 18:00
            [TIME_TO] => 19:00               
            [CLIENTS_CNT] => 0
            [TOV_NAME] => F.B.T. (Fat burn traning)
            [ACC] => 0
            [CNTTRAN] => 2
            [CNTTRANRESERV] => 0
        )

    [2] => Array
        (
            [KOD] => 857288
            [TIME_FROM] => 19:00
            [TIME_TO] => 20:00               
            [CLIENTS_CNT] => 0
            [TOV_NAME] => Stretching & Mobility
            [ACC] => 0
            [CNTTRAN] => 3
            [CNTTRANRESERV] => 0
        )

)

[2026-03-24 14:43:08] [INFO] (/home/redbarbe/public_html/telegram/webapps/action/ajax_get_tren.php:61) Array
(
    [KOD] => 857496
    [TIME_FROM] => 09:00
    [TIME_TO] => 10:00               
    [CLIENTS_CNT] => 0
    [TOV_NAME] => Пілатес
    [ACC] => 0
    [CNTTRAN] => 0
    [CNTTRANRESERV] => 0
)

[2026-03-24 14:43:08] [INFO] (/home/redbarbe/public_html/telegram/webapps/action/ajax_get_tren.php:61) Array
(
    [KOD] => 857704
    [TIME_FROM] => 18:00
    [TIME_TO] => 19:00               
    [CLIENTS_CNT] => 0
    [TOV_NAME] => F.B.T. (Fat burn traning)
    [ACC] => 0
    [CNTTRAN] => 2
    [CNTTRANRESERV] => 0
)

[2026-03-24 14:43:08] [INFO] (/home/redbarbe/public_html/telegram/webapps/action/ajax_get_tren.php:61) Array
(
    [KOD] => 857288
    [TIME_FROM] => 19:00
    [TIME_TO] => 20:00               
    [CLIENTS_CNT] => 0
    [TOV_NAME] => Stretching & Mobility
    [ACC] => 0
    [CNTTRAN] => 3
    [CNTTRANRESERV] => 0
)

[2026-03-24 14:43:24] [INFO] (/home/redbarbe/public_html/telegram/webapps/action/ajax_get_tren.php:35) Array
(
    [0] => Array
        (
            [KOD] => 857496
            [TIME_FROM] => 09:00
            [TIME_TO] => 10:00               
            [CLIENTS_CNT] => 0
            [TOV_NAME] => Пілатес
            [ACC] => 0
            [CNTTRAN] => 0
            [CNTTRANRESERV] => 0
        )

    [1] => Array
        (
            [KOD] => 857704
            [TIME_FROM] => 18:00
            [TIME_TO] => 19:00               
            [CLIENTS_CNT] => 0
            [TOV_NAME] => F.B.T. (Fat burn traning)
            [ACC] => 0
            [CNTTRAN] => 2
            [CNTTRANRESERV] => 0
        )

    [2] => Array
        (
            [KOD] => 857288
            [TIME_FROM] => 19:00
            [TIME_TO] => 20:00               
            [CLIENTS_CNT] => 0
            [TOV_NAME] => Stretching & Mobility
            [ACC] => 0
            [CNTTRAN] => 3
            [CNTTRANRESERV] => 0
        )

)

[2026-03-24 14:43:24] [INFO] (/home/redbarbe/public_html/telegram/webapps/action/ajax_get_tren.php:61) Array
(
    [KOD] => 857496
    [TIME_FROM] => 09:00
    [TIME_TO] => 10:00               
    [CLIENTS_CNT] => 0
    [TOV_NAME] => Пілатес
    [ACC] => 0
    [CNTTRAN] => 0
    [CNTTRANRESERV] => 0
)

[2026-03-24 14:43:24] [INFO] (/home/redbarbe/public_html/telegram/webapps/action/ajax_get_tren.php:61) Array
(
    [KOD] => 857704
    [TIME_FROM] => 18:00
    [TIME_TO] => 19:00               
    [CLIENTS_CNT] => 0
    [TOV_NAME] => F.B.T. (Fat burn traning)
    [ACC] => 0
    [CNTTRAN] => 2
    [CNTTRANRESERV] => 0
)

[2026-03-24 14:43:24] [INFO] (/home/redbarbe/public_html/telegram/webapps/action/ajax_get_tren.php:61) Array
(
    [KOD] => 857288
    [TIME_FROM] => 19:00
    [TIME_TO] => 20:00               
    [CLIENTS_CNT] => 0
    [TOV_NAME] => Stretching & Mobility
    [ACC] => 0
    [CNTTRAN] => 3
    [CNTTRANRESERV] => 0
)

[2026-03-24 14:44:49] [INFO] (/home/redbarbe/public_html/telegram/webapps/action/select_sotr.php:17) Array
(
    [action] => select_sotr
    [club] => -
    [club_ip] => 178.158.212.173
)

[2026-03-24 14:44:49] [INFO] (/home/redbarbe/public_html/telegram/webapps/action/select_sotr.php:27) Array
(
    [0] => Array
        (
            [ROLE] => Администратор фитнеса
            [ID] => 0102
            [NAME] => -
        )

    [1] => Array
        (
            [ROLE] => Тренер
            [ID] => 0303
            [NAME] => -
        )

    [2] => Array
        (
            [ROLE] => Тренер
            [ID] => 0305
            [NAME] => -
        )

    [3] => Array
        (
            [ROLE] => Тренер
            [ID] => 0307
            [NAME] => -
        )

    [4] => Array
        (
            [ROLE] => Тренер
            [ID] => 0311
            [NAME] => -
        )

    [5] => Array
        (
            [ROLE] => Тренер
            [ID] => 0317
            [NAME] => -
        )

    [6] => Array
        (
            [ROLE] => Тренер
            [ID] => 0320
            [NAME] => -
        )

    [7] => Array
        (
            [ROLE] => Тренер
            [ID] => 0323
            [NAME] => -
        )

    [8] => Array
        (
            [ROLE] => Тренер
            [ID] => 0325
            [NAME] => -
        )

    [9] => Array
        (
            [ROLE] => Тренер
            [ID] => 0321
            [NAME] => Афанасьев Радион
        )

    [10] => Array
        (
            [ROLE] => Тренер
            [ID] => 0708
            [NAME] => Баранников Артем
        )

    [11] => Array
        (
            [ROLE] => Тренер
            [ID] => 0308
            [NAME] => Божкова Світлана
        )

    [12] => Array
        (
            [ROLE] => Тренер
            [ID] => 0302
            [NAME] => Борисюк Богдан
        )

    [13] => Array
        (
            [ROLE] => Тренер
            [ID] => 0327
            [NAME] => Вороновська Анастасія
        )

    [14] => Array
        (
            [ROLE] => Тренер
            [ID] => 0714
            [NAME] => Герасименко Татьяна
        )

    [15] => Array
        (
            [ROLE] => Главний бухгалтер
            [ID] => 0902
            [NAME] => Глав. Бух.
        )

    [16] => Array
        (
            [ROLE] => Администратор фитнеса
            [ID] => 0101
            [NAME] => Дежурный
        )

    [17] => Array
        (
            [ROLE] => Тренер
            [ID] => 0314
            [NAME] => Диденко Алексей
        )

    [18] => Array
        (
            [ROLE] => Тренер
            [ID] => 0331
            [NAME] => Драба Анастасия
        )

    [19] => Array
        (
            [ROLE] => Тренер
            [ID] => 0112
            [NAME] => Егоров Александр
        )

    [20] => Array
        (
            [ROLE] => Тренер
            [ID] => 0304
            [NAME] => Иванчик Руслан
        )

    [21] => Array
        (
            [ROLE] => Тренер
            [ID] => 0717
            [NAME] => Козак Віктор
        )

    [22] => Array
        (
            [ROLE] => Тренер
            [ID] => 0707
            [NAME] => Кравченко Анісія
        )

    [23] => Array
        (
            [ROLE] => Тренер
            [ID] => 0815
            [NAME] => Красовський Ілля
        )

    [24] => Array
        (
            [ROLE] => Тренер
            [ID] => 0312
            [NAME] => Крыжановский Павел
        )

    [25] => Array
        (
            [ROLE] => Тренер
            [ID] => 0313
            [NAME] => Кукурудзяк Руслан
        )

    [26] => Array
        (
            [ROLE] => Тренер
            [ID] => 0330
            [NAME] => Лещишак Анастасія
        )

    [27] => Array
        (
            [ROLE] => Администратор фитнеса
            [ID] => 0103
            [NAME] => Мірко Анна
        )

    [28] => Array
        (
            [ROLE] => Тренер
            [ID] => 0715
            [NAME] => Максим Лещишак
        )

    [29] => Array
        (
            [ROLE] => Тренер
            [ID] => 0710
            [NAME] => Мельник Назар
        )

    [30] => Array
        (
            [ROLE] => Тренер
            [ID] => 0324
            [NAME] => Мошенець Анна
        )

    [31] => Array
        (
            [ROLE] => Тренер
            [ID] => 0328
            [NAME] => Никитюк Никита
        )

    [32] => Array
        (
            [ROLE] => Тренер
            [ID] => 0301
            [NAME] => Новіцька Діана
        )

    [33] => Array
        (
            [ROLE] => Администратор фитнеса
            [ID] => 0400
            [NAME] => Ольга Ващук
        )

    [34] => Array
        (
            [ROLE] => Тренер
            [ID] => 0319
            [NAME] => Пономаренко Оксана
        )

    [35] => Array
        (
            [ROLE] => Администратор фитнеса
            [ID] => 0402
            [NAME] => Потураєва Катя
        )

    [36] => Array
        (
            [ROLE] => Тренер
            [ID] => 0326
            [NAME] => Рац Лілія
        )

    [37] => Array
        (
            [ROLE] => Тренер
            [ID] => 0713
            [NAME] => Романова Світлана
        )

    [38] => Array
        (
            [ROLE] => Тренер
            [ID] => 0310
            [NAME] => Степанець Андрій
        )

    [39] => Array
        (
            [ROLE] => Тренер
            [ID] => 0718
            [NAME] => Трофименко Иван
        )

    [40] => Array
        (
            [ROLE] => Тренер
            [ID] => 0719
            [NAME] => Хмарский Денис
        )

    [41] => Array
        (
            [ROLE] => Администратор фитнеса
            [ID] => 0104
            [NAME] => Чередніченко Поліна
        )

    [42] => Array
        (
            [ROLE] => Тренер
            [ID] => 0711
            [NAME] => Чорнобай Дмитро
        )

    [43] => Array
        (
            [ROLE] => Тренер
            [ID] => 0712
            [NAME] => Шанько Яна
        )

    [44] => Array
        (
            [ROLE] => Тренер
            [ID] => 0329
            [NAME] => Шульга Стас
        )

    [45] => Array
        (
            [ROLE] => Администратор фитнеса
            [ID] => 0401
            [NAME] => Юлия Воєвода 
        )

    [46] => Array
        (
            [ROLE] => Тренер
            [ID] => 0309
            [NAME] => ол
        )

    [47] => Array
        (
            [ROLE] => Головний адміністратор
            [ID] => 0901
            [NAME] => системный
        )

)

[2026-03-24 14:45:19] [INFO] (/home/redbarbe/public_html/telegram/webapps/action/select_sotr.php:17) Array
(
    [action] => select_sotr
    [club] => -
    [club_ip] => 178.158.212.173
)

[2026-03-24 14:45:20] [INFO] (/home/redbarbe/public_html/telegram/webapps/action/select_sotr.php:27) Array
(
    [0] => Array
        (
            [ROLE] => Администратор фитнеса
            [ID] => 0102
            [NAME] => -
        )

    [1] => Array
        (
            [ROLE] => Тренер
            [ID] => 0303
            [NAME] => -
        )

    [2] => Array
        (
            [ROLE] => Тренер
            [ID] => 0305
            [NAME] => -
        )

    [3] => Array
        (
            [ROLE] => Тренер
            [ID] => 0307
            [NAME] => -
        )

    [4] => Array
        (
            [ROLE] => Тренер
            [ID] => 0311
            [NAME] => -
        )

    [5] => Array
        (
            [ROLE] => Тренер
            [ID] => 0317
            [NAME] => -
        )

    [6] => Array
        (
            [ROLE] => Тренер
            [ID] => 0320
            [NAME] => -
        )

    [7] => Array
        (
            [ROLE] => Тренер
            [ID] => 0323
            [NAME] => -
        )

    [8] => Array
        (
            [ROLE] => Тренер
            [ID] => 0325
            [NAME] => -
        )

    [9] => Array
        (
            [ROLE] => Тренер
            [ID] => 0321
            [NAME] => Афанасьев Радион
        )

    [10] => Array
        (
            [ROLE] => Тренер
            [ID] => 0708
            [NAME] => Баранников Артем
        )

    [11] => Array
        (
            [ROLE] => Тренер
            [ID] => 0308
            [NAME] => Божкова Світлана
        )

    [12] => Array
        (
            [ROLE] => Тренер
            [ID] => 0302
            [NAME] => Борисюк Богдан
        )

    [13] => Array
        (
            [ROLE] => Тренер
            [ID] => 0327
            [NAME] => Вороновська Анастасія
        )

    [14] => Array
        (
            [ROLE] => Тренер
            [ID] => 0714
            [NAME] => Герасименко Татьяна
        )

    [15] => Array
        (
            [ROLE] => Главний бухгалтер
            [ID] => 0902
            [NAME] => Глав. Бух.
        )

    [16] => Array
        (
            [ROLE] => Администратор фитнеса
            [ID] => 0101
            [NAME] => Дежурный
        )

    [17] => Array
        (
            [ROLE] => Тренер
            [ID] => 0314
            [NAME] => Диденко Алексей
        )

    [18] => Array
        (
            [ROLE] => Тренер
            [ID] => 0331
            [NAME] => Драба Анастасия
        )

    [19] => Array
        (
            [ROLE] => Тренер
            [ID] => 0112
            [NAME] => Егоров Александр
        )

    [20] => Array
        (
            [ROLE] => Тренер
            [ID] => 0304
            [NAME] => Иванчик Руслан
        )

    [21] => Array
        (
            [ROLE] => Тренер
            [ID] => 0717
            [NAME] => Козак Віктор
        )

    [22] => Array
        (
            [ROLE] => Тренер
            [ID] => 0707
            [NAME] => Кравченко Анісія
        )

    [23] => Array
        (
            [ROLE] => Тренер
            [ID] => 0815
            [NAME] => Красовський Ілля
        )

    [24] => Array
        (
            [ROLE] => Тренер
            [ID] => 0312
            [NAME] => Крыжановский Павел
        )

    [25] => Array
        (
            [ROLE] => Тренер
            [ID] => 0313
            [NAME] => Кукурудзяк Руслан
        )

    [26] => Array
        (
            [ROLE] => Тренер
            [ID] => 0330
            [NAME] => Лещишак Анастасія
        )

    [27] => Array
        (
            [ROLE] => Администратор фитнеса
            [ID] => 0103
            [NAME] => Мірко Анна
        )

    [28] => Array
        (
            [ROLE] => Тренер
            [ID] => 0715
            [NAME] => Максим Лещишак
        )

    [29] => Array
        (
            [ROLE] => Тренер
            [ID] => 0710
            [NAME] => Мельник Назар
        )

    [30] => Array
        (
            [ROLE] => Тренер
            [ID] => 0324
            [NAME] => Мошенець Анна
        )

    [31] => Array
        (
            [ROLE] => Тренер
            [ID] => 0328
            [NAME] => Никитюк Никита
        )

    [32] => Array
        (
            [ROLE] => Тренер
            [ID] => 0301
            [NAME] => Новіцька Діана
        )

    [33] => Array
        (
            [ROLE] => Администратор фитнеса
            [ID] => 0400
            [NAME] => Ольга Ващук
        )

    [34] => Array
        (
            [ROLE] => Тренер
            [ID] => 0319
            [NAME] => Пономаренко Оксана
        )

    [35] => Array
        (
            [ROLE] => Администратор фитнеса
            [ID] => 0402
            [NAME] => Потураєва Катя
        )

    [36] => Array
        (
            [ROLE] => Тренер
            [ID] => 0326
            [NAME] => Рац Лілія
        )

    [37] => Array
        (
            [ROLE] => Тренер
            [ID] => 0713
            [NAME] => Романова Світлана
        )

    [38] => Array
        (
            [ROLE] => Тренер
            [ID] => 0310
            [NAME] => Степанець Андрій
        )

    [39] => Array
        (
            [ROLE] => Тренер
            [ID] => 0718
            [NAME] => Трофименко Иван
        )

    [40] => Array
        (
            [ROLE] => Тренер
            [ID] => 0719
            [NAME] => Хмарский Денис
        )

    [41] => Array
        (
            [ROLE] => Администратор фитнеса
            [ID] => 0104
            [NAME] => Чередніченко Поліна
        )

    [42] => Array
        (
            [ROLE] => Тренер
            [ID] => 0711
            [NAME] => Чорнобай Дмитро
        )

    [43] => Array
        (
            [ROLE] => Тренер
            [ID] => 0712
            [NAME] => Шанько Яна
        )

    [44] => Array
        (
            [ROLE] => Тренер
            [ID] => 0329
            [NAME] => Шульга Стас
        )

    [45] => Array
        (
            [ROLE] => Администратор фитнеса
            [ID] => 0401
            [NAME] => Юлия Воєвода 
        )

    [46] => Array
        (
            [ROLE] => Тренер
            [ID] => 0309
            [NAME] => ол
        )

    [47] => Array
        (
            [ROLE] => Головний адміністратор
            [ID] => 0901
            [NAME] => системный
        )

)

[2026-03-24 14:46:54] [INFO] (/home/redbarbe/public_html/telegram/webapps/action/select_sotr.php:17) Array
(
    [action] => select_sotr
    [club] => -
    [club_ip] => 212.26.139.90
)

[2026-03-24 14:46:54] [INFO] (/home/redbarbe/public_html/telegram/webapps/action/select_sotr.php:27) Array
(
    [0] => Array
        (
            [ROLE] => Тренер
            [ID] => 2357
            [NAME] => Ілюк Діана
        )

    [1] => Array
        (
            [ROLE] => Тренер
            [ID] => 697814
            [NAME] => Горева Анастасія
        )

    [2] => Array
        (
            [ROLE] => Администратор фитнеса
            [ID] => 0101
            [NAME] => Дежурный
        )

    [3] => Array
        (
            [ROLE] => Администратор фитнеса
            [ID] => 0103
            [NAME] => Йова Катерина
        )

    [4] => Array
        (
            [ROLE] => Тренер
            [ID] => 03354
            [NAME] => Колесник Богдан
        )

    [5] => Array
        (
            [ROLE] => Тренер
            [ID] => 2564
            [NAME] => Кулаковський Сергій
        )

    [6] => Array
        (
            [ROLE] => Администратор фитнеса
            [ID] => 0102
            [NAME] => Лазаренко Ліна
        )

    [7] => Array
        (
            [ROLE] => Тренер
            [ID] => 2452
            [NAME] => Лешковят Наталія
        )

    [8] => Array
        (
            [ROLE] => Администратор фитнеса
            [ID] => 0235
            [NAME] => Лучко Кирил
        )

    [9] => Array
        (
            [ROLE] => Администратор фитнеса
            [ID] => 0333
            [NAME] => Мамедова Ельнара
        )

    [10] => Array
        (
            [ROLE] => Тренер
            [ID] => 03336
            [NAME] => Мельниченко Надія
        )

    [11] => Array
        (
            [ROLE] => Тренер
            [ID] => 8760
            [NAME] => Москалець Тетяна
        )

    [12] => Array
        (
            [ROLE] => Тренер
            [ID] => 007989
            [NAME] => Підгурська Влада
        )

    [13] => Array
        (
            [ROLE] => Тренер
            [ID] => 03337
            [NAME] => Погорєлов Євгеній
        )

    [14] => Array
        (
            [ROLE] => Тренер
            [ID] => 03589
            [NAME] => Присняк Владислав
        )

    [15] => Array
        (
            [ROLE] => Тренер
            [ID] => 03352
            [NAME] => Рибак Роман
        )

    [16] => Array
        (
            [ROLE] => Тренер
            [ID] => 0334
            [NAME] => Самусенко Альона
        )

    [17] => Array
        (
            [ROLE] => Тренер
            [ID] => 03339
            [NAME] => Стрілець Данило
        )

    [18] => Array
        (
            [ROLE] => Тренер
            [ID] => 7895
            [NAME] => Тулаінов Андрій
        )

    [19] => Array
        (
            [ROLE] => Тренер
            [ID] => 0325
            [NAME] => Худоба Ігор
        )

    [20] => Array
        (
            [ROLE] => Тренер
            [ID] => 03342
            [NAME] => Шматко Ярослав
        )

    [21] => Array
        (
            [ROLE] => Тренер
            [ID] => 8987
            [NAME] => Яковенко Ганна
        )

)

[2026-03-24 14:48:51] [INFO] (/home/redbarbe/public_html/telegram/webapps/action/select_sotr.php:17) Array
(
    [action] => select_sotr
    [club] => -
    [club_ip] => 212.26.139.90
)

[2026-03-24 14:48:51] [INFO] (/home/redbarbe/public_html/telegram/webapps/action/select_sotr.php:27) Array
(
    [0] => Array
        (
            [ROLE] => Тренер
            [ID] => 2357
            [NAME] => Ілюк Діана
        )

    [1] => Array
        (
            [ROLE] => Тренер
            [ID] => 697814
            [NAME] => Горева Анастасія
        )

    [2] => Array
        (
            [ROLE] => Администратор фитнеса
            [ID] => 0101
            [NAME] => Дежурный
        )

    [3] => Array
        (
            [ROLE] => Администратор фитнеса
            [ID] => 0103
            [NAME] => Йова Катерина
        )

    [4] => Array
        (
            [ROLE] => Тренер
            [ID] => 03354
            [NAME] => Колесник Богдан
        )

    [5] => Array
        (
            [ROLE] => Тренер
            [ID] => 2564
            [NAME] => Кулаковський Сергій
        )

    [6] => Array
        (
            [ROLE] => Администратор фитнеса
            [ID] => 0102
            [NAME] => Лазаренко Ліна
        )

    [7] => Array
        (
            [ROLE] => Тренер
            [ID] => 2452
            [NAME] => Лешковят Наталія
        )

    [8] => Array
        (
            [ROLE] => Администратор фитнеса
            [ID] => 0235
            [NAME] => Лучко Кирил
        )

    [9] => Array
        (
            [ROLE] => Администратор фитнеса
            [ID] => 0333
            [NAME] => Мамедова Ельнара
        )

    [10] => Array
        (
            [ROLE] => Тренер
            [ID] => 03336
            [NAME] => Мельниченко Надія
        )

    [11] => Array
        (
            [ROLE] => Тренер
            [ID] => 8760
            [NAME] => Москалець Тетяна
        )

    [12] => Array
        (
            [ROLE] => Тренер
            [ID] => 007989
            [NAME] => Підгурська Влада
        )

    [13] => Array
        (
            [ROLE] => Тренер
            [ID] => 03337
            [NAME] => Погорєлов Євгеній
        )

    [14] => Array
        (
            [ROLE] => Тренер
            [ID] => 03589
            [NAME] => Присняк Владислав
        )

    [15] => Array
        (
            [ROLE] => Тренер
            [ID] => 03352
            [NAME] => Рибак Роман
        )

    [16] => Array
        (
            [ROLE] => Тренер
            [ID] => 0334
            [NAME] => Самусенко Альона
        )

    [17] => Array
        (
            [ROLE] => Тренер
            [ID] => 03339
            [NAME] => Стрілець Данило
        )

    [18] => Array
        (
            [ROLE] => Тренер
            [ID] => 7895
            [NAME] => Тулаінов Андрій
        )

    [19] => Array
        (
            [ROLE] => Тренер
            [ID] => 0325
            [NAME] => Худоба Ігор
        )

    [20] => Array
        (
            [ROLE] => Тренер
            [ID] => 03342
            [NAME] => Шматко Ярослав
        )

    [21] => Array
        (
            [ROLE] => Тренер
            [ID] => 8987
            [NAME] => Яковенко Ганна
        )

)

[2026-03-24 14:52:42] [INFO] (/home/redbarbe/public_html/telegram/webapps/action/select_sotr.php:17) Array
(
    [action] => select_sotr
    [club] => -
    [club_ip] => 212.26.139.90
)

[2026-03-24 14:52:42] [INFO] (/home/redbarbe/public_html/telegram/webapps/action/select_sotr.php:27) Array
(
    [0] => Array
        (
            [ROLE] => Тренер
            [ID] => 2357
            [NAME] => Ілюк Діана
        )

    [1] => Array
        (
            [ROLE] => Тренер
            [ID] => 697814
            [NAME] => Горева Анастасія
        )

    [2] => Array
        (
            [ROLE] => Администратор фитнеса
            [ID] => 0101
            [NAME] => Дежурный
        )

    [3] => Array
        (
            [ROLE] => Администратор фитнеса
            [ID] => 0103
            [NAME] => Йова Катерина
        )

    [4] => Array
        (
            [ROLE] => Тренер
            [ID] => 03354
            [NAME] => Колесник Богдан
        )

    [5] => Array
        (
            [ROLE] => Тренер
            [ID] => 2564
            [NAME] => Кулаковський Сергій
        )

    [6] => Array
        (
            [ROLE] => Администратор фитнеса
            [ID] => 0102
            [NAME] => Лазаренко Ліна
        )

    [7] => Array
        (
            [ROLE] => Тренер
            [ID] => 2452
            [NAME] => Лешковят Наталія
        )

    [8] => Array
        (
            [ROLE] => Администратор фитнеса
            [ID] => 0235
            [NAME] => Лучко Кирил
        )

    [9] => Array
        (
            [ROLE] => Администратор фитнеса
            [ID] => 0333
            [NAME] => Мамедова Ельнара
        )

    [10] => Array
        (
            [ROLE] => Тренер
            [ID] => 03336
            [NAME] => Мельниченко Надія
        )

    [11] => Array
        (
            [ROLE] => Тренер
            [ID] => 8760
            [NAME] => Москалець Тетяна
        )

    [12] => Array
        (
            [ROLE] => Тренер
            [ID] => 007989
            [NAME] => Підгурська Влада
        )

    [13] => Array
        (
            [ROLE] => Тренер
            [ID] => 03337
            [NAME] => Погорєлов Євгеній
        )

    [14] => Array
        (
            [ROLE] => Тренер
            [ID] => 03589
            [NAME] => Присняк Владислав
        )

    [15] => Array
        (
            [ROLE] => Тренер
            [ID] => 03352
            [NAME] => Рибак Роман
        )

    [16] => Array
        (
            [ROLE] => Тренер
            [ID] => 0334
            [NAME] => Самусенко Альона
        )

    [17] => Array
        (
            [ROLE] => Тренер
            [ID] => 03339
            [NAME] => Стрілець Данило
        )

    [18] => Array
        (
            [ROLE] => Тренер
            [ID] => 7895
            [NAME] => Тулаінов Андрій
        )

    [19] => Array
        (
            [ROLE] => Тренер
            [ID] => 0325
            [NAME] => Худоба Ігор
        )

    [20] => Array
        (
            [ROLE] => Тренер
            [ID] => 03342
            [NAME] => Шматко Ярослав
        )

    [21] => Array
        (
            [ROLE] => Тренер
            [ID] => 8987
            [NAME] => Яковенко Ганна
        )

)

[2026-03-24 14:52:59] [INFO] (/home/redbarbe/public_html/telegram/webapps/action/ajax_get_tren.php:35) Array
(
    [0] => Array
        (
            [KOD] => 857496
            [TIME_FROM] => 09:00
            [TIME_TO] => 10:00               
            [CLIENTS_CNT] => 0
            [TOV_NAME] => Пілатес
            [ACC] => 0
            [CNTTRAN] => 0
            [CNTTRANRESERV] => 0
        )

    [1] => Array
        (
            [KOD] => 857704
            [TIME_FROM] => 18:00
            [TIME_TO] => 19:00               
            [CLIENTS_CNT] => 0
            [TOV_NAME] => F.B.T. (Fat burn traning)
            [ACC] => 0
            [CNTTRAN] => 2
            [CNTTRANRESERV] => 0
        )

    [2] => Array
        (
            [KOD] => 857288
            [TIME_FROM] => 19:00
            [TIME_TO] => 20:00               
            [CLIENTS_CNT] => 0
            [TOV_NAME] => Stretching & Mobility
            [ACC] => 0
            [CNTTRAN] => 3
            [CNTTRANRESERV] => 0
        )

)

[2026-03-24 14:52:59] [INFO] (/home/redbarbe/public_html/telegram/webapps/action/ajax_get_tren.php:61) Array
(
    [KOD] => 857496
    [TIME_FROM] => 09:00
    [TIME_TO] => 10:00               
    [CLIENTS_CNT] => 0
    [TOV_NAME] => Пілатес
    [ACC] => 0
    [CNTTRAN] => 0
    [CNTTRANRESERV] => 0
)

[2026-03-24 14:52:59] [INFO] (/home/redbarbe/public_html/telegram/webapps/action/ajax_get_tren.php:61) Array
(
    [KOD] => 857704
    [TIME_FROM] => 18:00
    [TIME_TO] => 19:00               
    [CLIENTS_CNT] => 0
    [TOV_NAME] => F.B.T. (Fat burn traning)
    [ACC] => 0
    [CNTTRAN] => 2
    [CNTTRANRESERV] => 0
)

[2026-03-24 14:52:59] [INFO] (/home/redbarbe/public_html/telegram/webapps/action/ajax_get_tren.php:61) Array
(
    [KOD] => 857288
    [TIME_FROM] => 19:00
    [TIME_TO] => 20:00               
    [CLIENTS_CNT] => 0
    [TOV_NAME] => Stretching & Mobility
    [ACC] => 0
    [CNTTRAN] => 3
    [CNTTRANRESERV] => 0
)

[2026-03-24 14:53:03] [INFO] (/home/redbarbe/public_html/telegram/webapps/action/ajax_fitness_zapis.php:22) Array
(
    [ajax_method] => 2
    [action] => ajax_fitness_zapis
    [dat] => 24.03.2026
    [acc] => 368
    [trenid] => 857704
    [ost_all] => 100
    [ip_club] => 109.86.110.220
    [acctozapis] => 0
    [time_from] => 18:00
)

[2026-03-24 14:53:39] [INFO] (/home/redbarbe/public_html/telegram/webapps/action/ajax_get_tren.php:35) Array
(
    [0] => Array
        (
            [KOD] => 812944
            [TIME_FROM] => 09:00
            [TIME_TO] => 10:00               
            [CLIENTS_CNT] => 0
            [TOV_NAME] => CrossActivity
            [ACC] => 0
            [CNTTRAN] => 0
            [CNTTRANRESERV] => 0
        )

    [1] => Array
        (
            [KOD] => 811852
            [TIME_FROM] => 09:00
            [TIME_TO] => 10:00               
            [CLIENTS_CNT] => 0
            [TOV_NAME] => Total Body
            [ACC] => 0
            [CNTTRAN] => 0
            [CNTTRANRESERV] => 0
        )

    [2] => Array
        (
            [KOD] => 811384
            [TIME_FROM] => 14:00
            [TIME_TO] => 15:00               
            [CLIENTS_CNT] => 0
            [TOV_NAME] => FitnessMix
            [ACC] => 0
            [CNTTRAN] => 0
            [CNTTRANRESERV] => 0
        )

    [3] => Array
        (
            [KOD] => 812788
            [TIME_FROM] => 18:00
            [TIME_TO] => 19:00               
            [CLIENTS_CNT] => 0
            [TOV_NAME] => Паркур Kids
            [ACC] => 0
            [CNTTRAN] => 0
            [CNTTRANRESERV] => 0
        )

    [4] => Array
        (
            [KOD] => 812164
            [TIME_FROM] => 18:30
            [TIME_TO] => 19:30               
            [CLIENTS_CNT] => 0
            [TOV_NAME] => Pilates
            [ACC] => 0
            [CNTTRAN] => 0
            [CNTTRANRESERV] => 0
        )

    [5] => Array
        (
            [KOD] => 812476
            [TIME_FROM] => 19:00
            [TIME_TO] => 20:00               
            [CLIENTS_CNT] => 0
            [TOV_NAME] => Паркур
            [ACC] => 0
            [CNTTRAN] => 0
            [CNTTRANRESERV] => 0
        )

    [6] => Array
        (
            [KOD] => 811696
            [TIME_FROM] => 19:00
            [TIME_TO] => 20:00               
            [CLIENTS_CNT] => 0
            [TOV_NAME] => CrossActivity
            [ACC] => 0
            [CNTTRAN] => 0
            [CNTTRANRESERV] => 0
        )

    [7] => Array
        (
            [KOD] => 812320
            [TIME_FROM] => 19:30
            [TIME_TO] => 20:30               
            [CLIENTS_CNT] => 0
            [TOV_NAME] => TRX
            [ACC] => 0
            [CNTTRAN] => 0
            [CNTTRANRESERV] => 0
        )

    [8] => Array
        (
            [KOD] => 812008
            [TIME_FROM] => 20:00
            [TIME_TO] => 21:00               
            [CLIENTS_CNT] => 0
            [TOV_NAME] => CrossActivity
            [ACC] => 0
            [CNTTRAN] => 0
            [CNTTRANRESERV] => 0
        )

    [9] => Array
        (
            [KOD] => 812632
            [TIME_FROM] => 20:00
            [TIME_TO] => 21:00               
            [CLIENTS_CNT] => 0
            [TOV_NAME] => Бокс
            [ACC] => 0
            [CNTTRAN] => 0
            [CNTTRANRESERV] => 0
        )

)

[2026-03-24 14:53:39] [INFO] (/home/redbarbe/public_html/telegram/webapps/action/ajax_get_tren.php:61) Array
(
    [KOD] => 812944
    [TIME_FROM] => 09:00
    [TIME_TO] => 10:00               
    [CLIENTS_CNT] => 0
    [TOV_NAME] => CrossActivity
    [ACC] => 0
    [CNTTRAN] => 0
    [CNTTRANRESERV] => 0
)

[2026-03-24 14:53:39] [INFO] (/home/redbarbe/public_html/telegram/webapps/action/ajax_get_tren.php:61) Array
(
    [KOD] => 811852
    [TIME_FROM] => 09:00
    [TIME_TO] => 10:00               
    [CLIENTS_CNT] => 0
    [TOV_NAME] => Total Body
    [ACC] => 0
    [CNTTRAN] => 0
    [CNTTRANRESERV] => 0
)

[2026-03-24 14:53:39] [INFO] (/home/redbarbe/public_html/telegram/webapps/action/ajax_get_tren.php:61) Array
(
    [KOD] => 811384
    [TIME_FROM] => 14:00
    [TIME_TO] => 15:00               
    [CLIENTS_CNT] => 0
    [TOV_NAME] => FitnessMix
    [ACC] => 0
    [CNTTRAN] => 0
    [CNTTRANRESERV] => 0
)

[2026-03-24 14:53:39] [INFO] (/home/redbarbe/public_html/telegram/webapps/action/ajax_get_tren.php:61) Array
(
    [KOD] => 812788
    [TIME_FROM] => 18:00
    [TIME_TO] => 19:00               
    [CLIENTS_CNT] => 0
    [TOV_NAME] => Паркур Kids
    [ACC] => 0
    [CNTTRAN] => 0
    [CNTTRANRESERV] => 0
)

[2026-03-24 14:53:39] [INFO] (/home/redbarbe/public_html/telegram/webapps/action/ajax_get_tren.php:61) Array
(
    [KOD] => 812164
    [TIME_FROM] => 18:30
    [TIME_TO] => 19:30               
    [CLIENTS_CNT] => 0
    [TOV_NAME] => Pilates
    [ACC] => 0
    [CNTTRAN] => 0
    [CNTTRANRESERV] => 0
)

[2026-03-24 14:53:39] [INFO] (/home/redbarbe/public_html/telegram/webapps/action/ajax_get_tren.php:61) Array
(
    [KOD] => 812476
    [TIME_FROM] => 19:00
    [TIME_TO] => 20:00               
    [CLIENTS_CNT] => 0
    [TOV_NAME] => Паркур
    [ACC] => 0
    [CNTTRAN] => 0
    [CNTTRANRESERV] => 0
)

[2026-03-24 14:53:39] [INFO] (/home/redbarbe/public_html/telegram/webapps/action/ajax_get_tren.php:61) Array
(
    [KOD] => 811696
    [TIME_FROM] => 19:00
    [TIME_TO] => 20:00               
    [CLIENTS_CNT] => 0
    [TOV_NAME] => CrossActivity
    [ACC] => 0
    [CNTTRAN] => 0
    [CNTTRANRESERV] => 0
)

[2026-03-24 14:53:39] [INFO] (/home/redbarbe/public_html/telegram/webapps/action/ajax_get_tren.php:61) Array
(
    [KOD] => 812320
    [TIME_FROM] => 19:30
    [TIME_TO] => 20:30               
    [CLIENTS_CNT] => 0
    [TOV_NAME] => TRX
    [ACC] => 0
    [CNTTRAN] => 0
    [CNTTRANRESERV] => 0
)

[2026-03-24 14:53:39] [INFO] (/home/redbarbe/public_html/telegram/webapps/action/ajax_get_tren.php:61) Array
(
    [KOD] => 812008
    [TIME_FROM] => 20:00
    [TIME_TO] => 21:00               
    [CLIENTS_CNT] => 0
    [TOV_NAME] => CrossActivity
    [ACC] => 0
    [CNTTRAN] => 0
    [CNTTRANRESERV] => 0
)

[2026-03-24 14:53:39] [INFO] (/home/redbarbe/public_html/telegram/webapps/action/ajax_get_tren.php:61) Array
(
    [KOD] => 812632
    [TIME_FROM] => 20:00
    [TIME_TO] => 21:00               
    [CLIENTS_CNT] => 0
    [TOV_NAME] => Бокс
    [ACC] => 0
    [CNTTRAN] => 0
    [CNTTRANRESERV] => 0
)

[2026-03-24 14:57:21] [INFO] (/home/redbarbe/public_html/telegram/webapps/action/chart.php:29) SELECT a.name FROM `spr_acc` a, spr_users u 
WHERE u.active_account=a.acc and u.chat_id=a.chat_id and a.chat_id="281789715"
and u.club=2 limit 1
[2026-03-24 14:57:21] [INFO] (/home/redbarbe/public_html/telegram/webapps/action/chart.php:30) Array
(
    [action] => chart
    [club] => 2
    [acc] => 13998
    [chatadmin] => 1847184190
    [who_user_write] => 281789715
    [chatid] => 281789715
    [ip_club] => 178.151.119.180
)

[2026-03-24 14:57:46] [INFO] (/home/redbarbe/public_html/telegram/webapps/action/select_sotr.php:17) Array
(
    [action] => select_sotr
    [club] => -
    [club_ip] => 178.158.212.173
)

[2026-03-24 14:57:46] [INFO] (/home/redbarbe/public_html/telegram/webapps/action/select_sotr.php:27) Array
(
    [0] => Array
        (
            [ROLE] => Администратор фитнеса
            [ID] => 0102
            [NAME] => -
        )

    [1] => Array
        (
            [ROLE] => Тренер
            [ID] => 0303
            [NAME] => -
        )

    [2] => Array
        (
            [ROLE] => Тренер
            [ID] => 0305
            [NAME] => -
        )

    [3] => Array
        (
            [ROLE] => Тренер
            [ID] => 0307
            [NAME] => -
        )

    [4] => Array
        (
            [ROLE] => Тренер
            [ID] => 0311
            [NAME] => -
        )

    [5] => Array
        (
            [ROLE] => Тренер
            [ID] => 0317
            [NAME] => -
        )

    [6] => Array
        (
            [ROLE] => Тренер
            [ID] => 0320
            [NAME] => -
        )

    [7] => Array
        (
            [ROLE] => Тренер
            [ID] => 0323
            [NAME] => -
        )

    [8] => Array
        (
            [ROLE] => Тренер
            [ID] => 0325
            [NAME] => -
        )

    [9] => Array
        (
            [ROLE] => Тренер
            [ID] => 0321
            [NAME] => Афанасьев Радион
        )

    [10] => Array
        (
            [ROLE] => Тренер
            [ID] => 0708
            [NAME] => Баранников Артем
        )

    [11] => Array
        (
            [ROLE] => Тренер
            [ID] => 0308
            [NAME] => Божкова Світлана
        )

    [12] => Array
        (
            [ROLE] => Тренер
            [ID] => 0302
            [NAME] => Борисюк Богдан
        )

    [13] => Array
        (
            [ROLE] => Тренер
            [ID] => 0327
            [NAME] => Вороновська Анастасія
        )

    [14] => Array
        (
            [ROLE] => Тренер
            [ID] => 0714
            [NAME] => Герасименко Татьяна
        )

    [15] => Array
        (
            [ROLE] => Главний бухгалтер
            [ID] => 0902
            [NAME] => Глав. Бух.
        )

    [16] => Array
        (
            [ROLE] => Администратор фитнеса
            [ID] => 0101
            [NAME] => Дежурный
        )

    [17] => Array
        (
            [ROLE] => Тренер
            [ID] => 0314
            [NAME] => Диденко Алексей
        )

    [18] => Array
        (
            [ROLE] => Тренер
            [ID] => 0331
            [NAME] => Драба Анастасия
        )

    [19] => Array
        (
            [ROLE] => Тренер
            [ID] => 0112
            [NAME] => Егоров Александр
        )

    [20] => Array
        (
            [ROLE] => Тренер
            [ID] => 0304
            [NAME] => Иванчик Руслан
        )

    [21] => Array
        (
            [ROLE] => Тренер
            [ID] => 0717
            [NAME] => Козак Віктор
        )

    [22] => Array
        (
            [ROLE] => Тренер
            [ID] => 0707
            [NAME] => Кравченко Анісія
        )

    [23] => Array
        (
            [ROLE] => Тренер
            [ID] => 0815
            [NAME] => Красовський Ілля
        )

    [24] => Array
        (
            [ROLE] => Тренер
            [ID] => 0312
            [NAME] => Крыжановский Павел
        )

    [25] => Array
        (
            [ROLE] => Тренер
            [ID] => 0313
            [NAME] => Кукурудзяк Руслан
        )

    [26] => Array
        (
            [ROLE] => Тренер
            [ID] => 0330
            [NAME] => Лещишак Анастасія
        )

    [27] => Array
        (
            [ROLE] => Администратор фитнеса
            [ID] => 0103
            [NAME] => Мірко Анна
        )

    [28] => Array
        (
            [ROLE] => Тренер
            [ID] => 0715
            [NAME] => Максим Лещишак
        )

    [29] => Array
        (
            [ROLE] => Тренер
            [ID] => 0710
            [NAME] => Мельник Назар
        )

    [30] => Array
        (
            [ROLE] => Тренер
            [ID] => 0324
            [NAME] => Мошенець Анна
        )

    [31] => Array
        (
            [ROLE] => Тренер
            [ID] => 0328
            [NAME] => Никитюк Никита
        )

    [32] => Array
        (
            [ROLE] => Тренер
            [ID] => 0301
            [NAME] => Новіцька Діана
        )

    [33] => Array
        (
            [ROLE] => Администратор фитнеса
            [ID] => 0400
            [NAME] => Ольга Ващук
        )

    [34] => Array
        (
            [ROLE] => Тренер
            [ID] => 0319
            [NAME] => Пономаренко Оксана
        )

    [35] => Array
        (
            [ROLE] => Администратор фитнеса
            [ID] => 0402
            [NAME] => Потураєва Катя
        )

    [36] => Array
        (
            [ROLE] => Тренер
            [ID] => 0326
            [NAME] => Рац Лілія
        )

    [37] => Array
        (
            [ROLE] => Тренер
            [ID] => 0713
            [NAME] => Романова Світлана
        )

    [38] => Array
        (
            [ROLE] => Тренер
            [ID] => 0310
            [NAME] => Степанець Андрій
        )

    [39] => Array
        (
            [ROLE] => Тренер
            [ID] => 0718
            [NAME] => Трофименко Иван
        )

    [40] => Array
        (
            [ROLE] => Тренер
            [ID] => 0719
            [NAME] => Хмарский Денис
        )

    [41] => Array
        (
            [ROLE] => Администратор фитнеса
            [ID] => 0104
            [NAME] => Чередніченко Поліна
        )

    [42] => Array
        (
            [ROLE] => Тренер
            [ID] => 0711
            [NAME] => Чорнобай Дмитро
        )

    [43] => Array
        (
            [ROLE] => Тренер
            [ID] => 0712
            [NAME] => Шанько Яна
        )

    [44] => Array
        (
            [ROLE] => Тренер
            [ID] => 0329
            [NAME] => Шульга Стас
        )

    [45] => Array
        (
            [ROLE] => Администратор фитнеса
            [ID] => 0401
            [NAME] => Юлия Воєвода 
        )

    [46] => Array
        (
            [ROLE] => Тренер
            [ID] => 0309
            [NAME] => ол
        )

    [47] => Array
        (
            [ROLE] => Головний адміністратор
            [ID] => 0901
            [NAME] => системный
        )

)

[2026-03-24 14:59:51] [INFO] (/home/redbarbe/public_html/telegram/webapps/action/chart.php:29) SELECT a.name FROM `spr_acc` a, spr_users u 
WHERE u.active_account=a.acc and u.chat_id=a.chat_id and a.chat_id="281789715"
and u.club=2 limit 1
[2026-03-24 14:59:51] [INFO] (/home/redbarbe/public_html/telegram/webapps/action/chart.php:30) Array
(
    [action] => chart
    [club] => 2
    [admin] => 1
    [who_user_write] => 1847184190
    [chatid] => 281789715
)

[2026-03-24 15:02:25] [INFO] (/home/redbarbe/public_html/telegram/webapps/action/chart.php:29) SELECT a.name FROM `spr_acc` a, spr_users u 
WHERE u.active_account=a.acc and u.chat_id=a.chat_id and a.chat_id="281789715"
and u.club=2 limit 1
[2026-03-24 15:02:25] [INFO] (/home/redbarbe/public_html/telegram/webapps/action/chart.php:30) Array
(
    [action] => chart
    [club] => 2
    [admin] => 1
    [who_user_write] => 1847184190
    [chatid] => 281789715
)

[2026-03-24 15:10:37] [INFO] (/home/redbarbe/public_html/telegram/webapps/reports/report_pers_detal.php:22) Array
(
)

[2026-03-24 15:10:42] [INFO] (/home/redbarbe/public_html/telegram/webapps/reports/report_pers_detal.php:22) Array
(
    [ajax_method] => 2
    [action] => report_pers_detal
    [action_report] => report_view
    [admin] => 5
    [date_from] => 24.03.2026
    [date_to] => 24.03.2026
    [ip_club] => 178.158.212.173
    [podr] => pt
    [sotr] => 0329
)

[2026-03-24 15:13:54] [INFO] (/home/redbarbe/public_html/telegram/webapps/action/ajax_get_tren.php:35) Array
(
    [0] => Array
        (
            [KOD] => 809700
            [TIME_FROM] => 10:00
            [TIME_TO] => 11:00               
            [CLIENTS_CNT] => 0
            [TOV_NAME] => Йога
            [ACC] => 0
            [CNTTRAN] => 0
            [CNTTRANRESERV] => 0
        )

    [1] => Array
        (
            [KOD] => 810320
            [TIME_FROM] => 18:00
            [TIME_TO] => 19:00               
            [CLIENTS_CNT] => 0
            [TOV_NAME] => Паркур Kids
            [ACC] => 0
            [CNTTRAN] => 0
            [CNTTRANRESERV] => 0
        )

    [2] => Array
        (
            [KOD] => 809855
            [TIME_FROM] => 19:00
            [TIME_TO] => 20:00               
            [CLIENTS_CNT] => 0
            [TOV_NAME] => Паркур
            [ACC] => 0
            [CNTTRAN] => 0
            [CNTTRANRESERV] => 0
        )

    [3] => Array
        (
            [KOD] => 810475
            [TIME_FROM] => 19:00
            [TIME_TO] => 20:00               
            [CLIENTS_CNT] => 0
            [TOV_NAME] => CrossActivity
            [ACC] => 0
            [CNTTRAN] => 0
            [CNTTRANRESERV] => 0
        )

    [4] => Array
        (
            [KOD] => 810630
            [TIME_FROM] => 19:00
            [TIME_TO] => 20:00               
            [CLIENTS_CNT] => 5
            [TOV_NAME] => Cycle
            [ACC] => 11011
            [CNTTRAN] => 2
            [CNTTRANRESERV] => 0
        )

    [5] => Array
        (
            [KOD] => 810010
            [TIME_FROM] => 19:00
            [TIME_TO] => 20:00               
            [CLIENTS_CNT] => 0
            [TOV_NAME] => FitnessMix
            [ACC] => 0
            [CNTTRAN] => 1
            [CNTTRANRESERV] => 0
        )

    [6] => Array
        (
            [KOD] => 810165
            [TIME_FROM] => 19:00
            [TIME_TO] => 20:00               
            [CLIENTS_CNT] => 0
            [TOV_NAME] => Йога
            [ACC] => 0
            [CNTTRAN] => 0
            [CNTTRANRESERV] => 0
        )

)

[2026-03-24 15:13:54] [INFO] (/home/redbarbe/public_html/telegram/webapps/action/ajax_get_tren.php:61) Array
(
    [KOD] => 809700
    [TIME_FROM] => 10:00
    [TIME_TO] => 11:00               
    [CLIENTS_CNT] => 0
    [TOV_NAME] => Йога
    [ACC] => 0
    [CNTTRAN] => 0
    [CNTTRANRESERV] => 0
)

[2026-03-24 15:13:54] [INFO] (/home/redbarbe/public_html/telegram/webapps/action/ajax_get_tren.php:61) Array
(
    [KOD] => 810320
    [TIME_FROM] => 18:00
    [TIME_TO] => 19:00               
    [CLIENTS_CNT] => 0
    [TOV_NAME] => Паркур Kids
    [ACC] => 0
    [CNTTRAN] => 0
    [CNTTRANRESERV] => 0
)

[2026-03-24 15:13:54] [INFO] (/home/redbarbe/public_html/telegram/webapps/action/ajax_get_tren.php:61) Array
(
    [KOD] => 809855
    [TIME_FROM] => 19:00
    [TIME_TO] => 20:00               
    [CLIENTS_CNT] => 0
    [TOV_NAME] => Паркур
    [ACC] => 0
    [CNTTRAN] => 0
    [CNTTRANRESERV] => 0
)

[2026-03-24 15:13:54] [INFO] (/home/redbarbe/public_html/telegram/webapps/action/ajax_get_tren.php:61) Array
(
    [KOD] => 810475
    [TIME_FROM] => 19:00
    [TIME_TO] => 20:00               
    [CLIENTS_CNT] => 0
    [TOV_NAME] => CrossActivity
    [ACC] => 0
    [CNTTRAN] => 0
    [CNTTRANRESERV] => 0
)

[2026-03-24 15:13:54] [INFO] (/home/redbarbe/public_html/telegram/webapps/action/ajax_get_tren.php:61) Array
(
    [KOD] => 810630
    [TIME_FROM] => 19:00
    [TIME_TO] => 20:00               
    [CLIENTS_CNT] => 5
    [TOV_NAME] => Cycle
    [ACC] => 11011
    [CNTTRAN] => 2
    [CNTTRANRESERV] => 0
)

[2026-03-24 15:13:54] [INFO] (/home/redbarbe/public_html/telegram/webapps/action/ajax_get_tren.php:61) Array
(
    [KOD] => 810010
    [TIME_FROM] => 19:00
    [TIME_TO] => 20:00               
    [CLIENTS_CNT] => 0
    [TOV_NAME] => FitnessMix
    [ACC] => 0
    [CNTTRAN] => 1
    [CNTTRANRESERV] => 0
)

[2026-03-24 15:13:54] [INFO] (/home/redbarbe/public_html/telegram/webapps/action/ajax_get_tren.php:61) Array
(
    [KOD] => 810165
    [TIME_FROM] => 19:00
    [TIME_TO] => 20:00               
    [CLIENTS_CNT] => 0
    [TOV_NAME] => Йога
    [ACC] => 0
    [CNTTRAN] => 0
    [CNTTRANRESERV] => 0
)

[2026-03-24 15:17:22] [INFO] (/home/redbarbe/public_html/telegram/webapps/action/ajax_get_tren.php:35) Array
(
    [0] => Array
        (
            [KOD] => 857496
            [TIME_FROM] => 09:00
            [TIME_TO] => 10:00               
            [CLIENTS_CNT] => 0
            [TOV_NAME] => Пілатес
            [ACC] => 0
            [CNTTRAN] => 0
            [CNTTRANRESERV] => 0
        )

    [1] => Array
        (
            [KOD] => 857704
            [TIME_FROM] => 18:00
            [TIME_TO] => 19:00               
            [CLIENTS_CNT] => 0
            [TOV_NAME] => F.B.T. (Fat burn traning)
            [ACC] => 86
            [CNTTRAN] => 3
            [CNTTRANRESERV] => 0
        )

    [2] => Array
        (
            [KOD] => 857288
            [TIME_FROM] => 19:00
            [TIME_TO] => 20:00               
            [CLIENTS_CNT] => 0
            [TOV_NAME] => Stretching & Mobility
            [ACC] => 86
            [CNTTRAN] => 3
            [CNTTRANRESERV] => 0
        )

)

[2026-03-24 15:17:22] [INFO] (/home/redbarbe/public_html/telegram/webapps/action/ajax_get_tren.php:61) Array
(
    [KOD] => 857496
    [TIME_FROM] => 09:00
    [TIME_TO] => 10:00               
    [CLIENTS_CNT] => 0
    [TOV_NAME] => Пілатес
    [ACC] => 0
    [CNTTRAN] => 0
    [CNTTRANRESERV] => 0
)

[2026-03-24 15:17:22] [INFO] (/home/redbarbe/public_html/telegram/webapps/action/ajax_get_tren.php:61) Array
(
    [KOD] => 857704
    [TIME_FROM] => 18:00
    [TIME_TO] => 19:00               
    [CLIENTS_CNT] => 0
    [TOV_NAME] => F.B.T. (Fat burn traning)
    [ACC] => 86
    [CNTTRAN] => 3
    [CNTTRANRESERV] => 0
)

[2026-03-24 15:17:22] [INFO] (/home/redbarbe/public_html/telegram/webapps/action/ajax_get_tren.php:61) Array
(
    [KOD] => 857288
    [TIME_FROM] => 19:00
    [TIME_TO] => 20:00               
    [CLIENTS_CNT] => 0
    [TOV_NAME] => Stretching & Mobility
    [ACC] => 86
    [CNTTRAN] => 3
    [CNTTRANRESERV] => 0
)

[2026-03-24 15:18:54] [INFO] (/home/redbarbe/public_html/telegram/webapps/action/select_sotr.php:17) Array
(
    [action] => select_sotr
    [club] => -
    [club_ip] => 178.151.119.180
)

[2026-03-24 15:18:54] [INFO] (/home/redbarbe/public_html/telegram/webapps/action/select_sotr.php:27) Array
(
    [0] => Array
        (
            [ROLE] => Тренер
            [ID] => 0717
            [NAME] => Єфремова Олександра
        )

    [1] => Array
        (
            [ROLE] => Тренер
            [ID] => 0707
            [NAME] => Андрияш Анна
        )

    [2] => Array
        (
            [ROLE] => Тренер
            [ID] => 0399
            [NAME] => Біліч Лариса
        )

    [3] => Array
        (
            [ROLE] => Тренер
            [ID] => 0302
            [NAME] => Барсегян Анна
        )

    [4] => Array
        (
            [ROLE] => Тренер
            [ID] => 0316
            [NAME] => Вєтрова Катя
        )

    [5] => Array
        (
            [ROLE] => Тренер
            [ID] => 0708
            [NAME] => Виноградов Александр
        )

    [6] => Array
        (
            [ROLE] => Администратор фитнеса
            [ID] => 0402
            [NAME] => Войтюк Мар'яна
        )

    [7] => Array
        (
            [ROLE] => Тренер
            [ID] => 0327
            [NAME] => Гармаш Владимир
        )

    [8] => Array
        (
            [ROLE] => Главний бухгалтер
            [ID] => 0902
            [NAME] => Глав. Бух.
        )

    [9] => Array
        (
            [ROLE] => Тренер
            [ID] => 0718
            [NAME] => Дворніков Дмитро 
        )

    [10] => Array
        (
            [ROLE] => Администратор фитнеса
            [ID] => 0101
            [NAME] => Дежурный
        )

    [11] => Array
        (
            [ROLE] => Администратор фитнеса
            [ID] => 0104
            [NAME] => Демченко Александра
        )

    [12] => Array
        (
            [ROLE] => Администратор фитнеса
            [ID] => 0102
            [NAME] => Дубинчук Наталья
        )

    [13] => Array
        (
            [ROLE] => Тренер
            [ID] => 0304
            [NAME] => Елецкая Светлана
        )

    [14] => Array
        (
            [ROLE] => Тренер
            [ID] => 0308
            [NAME] => Колесник Богдан
        )

    [15] => Array
        (
            [ROLE] => Тренер
            [ID] => 0312
            [NAME] => Крыжановский Павел
        )

    [16] => Array
        (
            [ROLE] => Тренер
            [ID] => 0313
            [NAME] => Кукурудзяк Руслан
        )

    [17] => Array
        (
            [ROLE] => Тренер
            [ID] => 0325
            [NAME] => Оруджева Юлія
        )

    [18] => Array
        (
            [ROLE] => Тренер
            [ID] => 0710
            [NAME] => Остафи Денис
        )

    [19] => Array
        (
            [ROLE] => Тренер
            [ID] => 0715
            [NAME] => Проломов Данил
        )

    [20] => Array
        (
            [ROLE] => Тренер
            [ID] => 0311
            [NAME] => Романовская Наталья
        )

    [21] => Array
        (
            [ROLE] => Администратор фитнеса
            [ID] => 0903
            [NAME] => Сванідзе Юлія 
        )

    [22] => Array
        (
            [ROLE] => Тренер
            [ID] => 0711
            [NAME] => Солянов Владислав
        )

    [23] => Array
        (
            [ROLE] => Тренер
            [ID] => 0326
            [NAME] => Тищенко Ольга
        )

    [24] => Array
        (
            [ROLE] => Тренер
            [ID] => 0310
            [NAME] => Фесенко Ира
        )

    [25] => Array
        (
            [ROLE] => Тренер
            [ID] => 0103
            [NAME] => Шевелько Руслан
        )

    [26] => Array
        (
            [ROLE] => Тренер
            [ID] => 0712
            [NAME] => Шевчук Вікторія
        )

    [27] => Array
        (
            [ROLE] => Головний адміністратор
            [ID] => 0901
            [NAME] => системный
        )

)

[2026-03-24 15:20:05] [INFO] (/home/redbarbe/public_html/telegram/webapps/action/ajax_get_tren.php:35) Array
(
    [0] => Array
        (
            [KOD] => 809700
            [TIME_FROM] => 10:00
            [TIME_TO] => 11:00               
            [CLIENTS_CNT] => 0
            [TOV_NAME] => Йога
            [ACC] => 0
            [CNTTRAN] => 0
            [CNTTRANRESERV] => 0
        )

    [1] => Array
        (
            [KOD] => 810320
            [TIME_FROM] => 18:00
            [TIME_TO] => 19:00               
            [CLIENTS_CNT] => 0
            [TOV_NAME] => Паркур Kids
            [ACC] => 0
            [CNTTRAN] => 0
            [CNTTRANRESERV] => 0
        )

    [2] => Array
        (
            [KOD] => 809855
            [TIME_FROM] => 19:00
            [TIME_TO] => 20:00               
            [CLIENTS_CNT] => 0
            [TOV_NAME] => Паркур
            [ACC] => 0
            [CNTTRAN] => 0
            [CNTTRANRESERV] => 0
        )

    [3] => Array
        (
            [KOD] => 810475
            [TIME_FROM] => 19:00
            [TIME_TO] => 20:00               
            [CLIENTS_CNT] => 0
            [TOV_NAME] => CrossActivity
            [ACC] => 0
            [CNTTRAN] => 0
            [CNTTRANRESERV] => 0
        )

    [4] => Array
        (
            [KOD] => 810630
            [TIME_FROM] => 19:00
            [TIME_TO] => 20:00               
            [CLIENTS_CNT] => 5
            [TOV_NAME] => Cycle
            [ACC] => 0
            [CNTTRAN] => 2
            [CNTTRANRESERV] => 0
        )

    [5] => Array
        (
            [KOD] => 810010
            [TIME_FROM] => 19:00
            [TIME_TO] => 20:00               
            [CLIENTS_CNT] => 0
            [TOV_NAME] => FitnessMix
            [ACC] => 0
            [CNTTRAN] => 1
            [CNTTRANRESERV] => 0
        )

    [6] => Array
        (
            [KOD] => 810165
            [TIME_FROM] => 19:00
            [TIME_TO] => 20:00               
            [CLIENTS_CNT] => 0
            [TOV_NAME] => Йога
            [ACC] => 0
            [CNTTRAN] => 0
            [CNTTRANRESERV] => 0
        )

)

[2026-03-24 15:20:05] [INFO] (/home/redbarbe/public_html/telegram/webapps/action/ajax_get_tren.php:61) Array
(
    [KOD] => 809700
    [TIME_FROM] => 10:00
    [TIME_TO] => 11:00               
    [CLIENTS_CNT] => 0
    [TOV_NAME] => Йога
    [ACC] => 0
    [CNTTRAN] => 0
    [CNTTRANRESERV] => 0
)

[2026-03-24 15:20:05] [INFO] (/home/redbarbe/public_html/telegram/webapps/action/ajax_get_tren.php:61) Array
(
    [KOD] => 810320
    [TIME_FROM] => 18:00
    [TIME_TO] => 19:00               
    [CLIENTS_CNT] => 0
    [TOV_NAME] => Паркур Kids
    [ACC] => 0
    [CNTTRAN] => 0
    [CNTTRANRESERV] => 0
)

[2026-03-24 15:20:05] [INFO] (/home/redbarbe/public_html/telegram/webapps/action/ajax_get_tren.php:61) Array
(
    [KOD] => 809855
    [TIME_FROM] => 19:00
    [TIME_TO] => 20:00               
    [CLIENTS_CNT] => 0
    [TOV_NAME] => Паркур
    [ACC] => 0
    [CNTTRAN] => 0
    [CNTTRANRESERV] => 0
)

[2026-03-24 15:20:05] [INFO] (/home/redbarbe/public_html/telegram/webapps/action/ajax_get_tren.php:61) Array
(
    [KOD] => 810475
    [TIME_FROM] => 19:00
    [TIME_TO] => 20:00               
    [CLIENTS_CNT] => 0
    [TOV_NAME] => CrossActivity
    [ACC] => 0
    [CNTTRAN] => 0
    [CNTTRANRESERV] => 0
)

[2026-03-24 15:20:05] [INFO] (/home/redbarbe/public_html/telegram/webapps/action/ajax_get_tren.php:61) Array
(
    [KOD] => 810630
    [TIME_FROM] => 19:00
    [TIME_TO] => 20:00               
    [CLIENTS_CNT] => 5
    [TOV_NAME] => Cycle
    [ACC] => 0
    [CNTTRAN] => 2
    [CNTTRANRESERV] => 0
)

[2026-03-24 15:20:05] [INFO] (/home/redbarbe/public_html/telegram/webapps/action/ajax_get_tren.php:61) Array
(
    [KOD] => 810010
    [TIME_FROM] => 19:00
    [TIME_TO] => 20:00               
    [CLIENTS_CNT] => 0
    [TOV_NAME] => FitnessMix
    [ACC] => 0
    [CNTTRAN] => 1
    [CNTTRANRESERV] => 0
)

[2026-03-24 15:20:05] [INFO] (/home/redbarbe/public_html/telegram/webapps/action/ajax_get_tren.php:61) Array
(
    [KOD] => 810165
    [TIME_FROM] => 19:00
    [TIME_TO] => 20:00               
    [CLIENTS_CNT] => 0
    [TOV_NAME] => Йога
    [ACC] => 0
    [CNTTRAN] => 0
    [CNTTRANRESERV] => 0
)

[2026-03-24 15:20:10] [INFO] (/home/redbarbe/public_html/telegram/webapps/action/ajax_get_tren.php:35) Array
(
    [0] => Array
        (
            [KOD] => 810937
            [TIME_FROM] => 10:00
            [TIME_TO] => 11:00               
            [CLIENTS_CNT] => 0
            [TOV_NAME] => Йога
            [ACC] => 0
            [CNTTRAN] => 0
            [CNTTRANRESERV] => 0
        )

    [1] => Array
        (
            [KOD] => 811157
            [TIME_FROM] => 18:00
            [TIME_TO] => 19:00               
            [CLIENTS_CNT] => 0
            [TOV_NAME] => Паркур Kids
            [ACC] => 0
            [CNTTRAN] => 0
            [CNTTRANRESERV] => 0
        )

    [2] => Array
        (
            [KOD] => 810992
            [TIME_FROM] => 19:00
            [TIME_TO] => 20:00               
            [CLIENTS_CNT] => 0
            [TOV_NAME] => Паркур
            [ACC] => 0
            [CNTTRAN] => 0
            [CNTTRANRESERV] => 0
        )

    [3] => Array
        (
            [KOD] => 811212
            [TIME_FROM] => 19:00
            [TIME_TO] => 20:00               
            [CLIENTS_CNT] => 0
            [TOV_NAME] => CrossActivity
            [ACC] => 0
            [CNTTRAN] => 0
            [CNTTRANRESERV] => 0
        )

    [4] => Array
        (
            [KOD] => 811267
            [TIME_FROM] => 19:00
            [TIME_TO] => 20:00               
            [CLIENTS_CNT] => 5
            [TOV_NAME] => Cycle
            [ACC] => 0
            [CNTTRAN] => 1
            [CNTTRANRESERV] => 0
        )

    [5] => Array
        (
            [KOD] => 811047
            [TIME_FROM] => 19:00
            [TIME_TO] => 20:00               
            [CLIENTS_CNT] => 0
            [TOV_NAME] => FitnessMix
            [ACC] => 0
            [CNTTRAN] => 0
            [CNTTRANRESERV] => 0
        )

    [6] => Array
        (
            [KOD] => 811102
            [TIME_FROM] => 19:00
            [TIME_TO] => 20:00               
            [CLIENTS_CNT] => 0
            [TOV_NAME] => Йога
            [ACC] => 0
            [CNTTRAN] => 0
            [CNTTRANRESERV] => 0
        )

)

[2026-03-24 15:20:10] [INFO] (/home/redbarbe/public_html/telegram/webapps/action/ajax_get_tren.php:61) Array
(
    [KOD] => 810937
    [TIME_FROM] => 10:00
    [TIME_TO] => 11:00               
    [CLIENTS_CNT] => 0
    [TOV_NAME] => Йога
    [ACC] => 0
    [CNTTRAN] => 0
    [CNTTRANRESERV] => 0
)

[2026-03-24 15:20:10] [INFO] (/home/redbarbe/public_html/telegram/webapps/action/ajax_get_tren.php:61) Array
(
    [KOD] => 811157
    [TIME_FROM] => 18:00
    [TIME_TO] => 19:00               
    [CLIENTS_CNT] => 0
    [TOV_NAME] => Паркур Kids
    [ACC] => 0
    [CNTTRAN] => 0
    [CNTTRANRESERV] => 0
)

[2026-03-24 15:20:10] [INFO] (/home/redbarbe/public_html/telegram/webapps/action/ajax_get_tren.php:61) Array
(
    [KOD] => 810992
    [TIME_FROM] => 19:00
    [TIME_TO] => 20:00               
    [CLIENTS_CNT] => 0
    [TOV_NAME] => Паркур
    [ACC] => 0
    [CNTTRAN] => 0
    [CNTTRANRESERV] => 0
)

[2026-03-24 15:20:10] [INFO] (/home/redbarbe/public_html/telegram/webapps/action/ajax_get_tren.php:61) Array
(
    [KOD] => 811212
    [TIME_FROM] => 19:00
    [TIME_TO] => 20:00               
    [CLIENTS_CNT] => 0
    [TOV_NAME] => CrossActivity
    [ACC] => 0
    [CNTTRAN] => 0
    [CNTTRANRESERV] => 0
)

[2026-03-24 15:20:10] [INFO] (/home/redbarbe/public_html/telegram/webapps/action/ajax_get_tren.php:61) Array
(
    [KOD] => 811267
    [TIME_FROM] => 19:00
    [TIME_TO] => 20:00               
    [CLIENTS_CNT] => 5
    [TOV_NAME] => Cycle
    [ACC] => 0
    [CNTTRAN] => 1
    [CNTTRANRESERV] => 0
)

[2026-03-24 15:20:10] [INFO] (/home/redbarbe/public_html/telegram/webapps/action/ajax_get_tren.php:61) Array
(
    [KOD] => 811047
    [TIME_FROM] => 19:00
    [TIME_TO] => 20:00               
    [CLIENTS_CNT] => 0
    [TOV_NAME] => FitnessMix
    [ACC] => 0
    [CNTTRAN] => 0
    [CNTTRANRESERV] => 0
)

[2026-03-24 15:20:10] [INFO] (/home/redbarbe/public_html/telegram/webapps/action/ajax_get_tren.php:61) Array
(
    [KOD] => 811102
    [TIME_FROM] => 19:00
    [TIME_TO] => 20:00               
    [CLIENTS_CNT] => 0
    [TOV_NAME] => Йога
    [ACC] => 0
    [CNTTRAN] => 0
    [CNTTRANRESERV] => 0
)

[2026-03-24 15:28:26] [INFO] (/home/redbarbe/public_html/telegram/webapps/action/select_sotr.php:17) Array
(
    [action] => select_sotr
    [club] => -
    [club_ip] => 212.26.139.90
)

[2026-03-24 15:28:26] [INFO] (/home/redbarbe/public_html/telegram/webapps/action/select_sotr.php:27) Array
(
    [0] => Array
        (
            [ROLE] => Тренер
            [ID] => 2357
            [NAME] => Ілюк Діана
        )

    [1] => Array
        (
            [ROLE] => Тренер
            [ID] => 697814
            [NAME] => Горева Анастасія
        )

    [2] => Array
        (
            [ROLE] => Администратор фитнеса
            [ID] => 0101
            [NAME] => Дежурный
        )

    [3] => Array
        (
            [ROLE] => Администратор фитнеса
            [ID] => 0103
            [NAME] => Йова Катерина
        )

    [4] => Array
        (
            [ROLE] => Тренер
            [ID] => 03354
            [NAME] => Колесник Богдан
        )

    [5] => Array
        (
            [ROLE] => Тренер
            [ID] => 2564
            [NAME] => Кулаковський Сергій
        )

    [6] => Array
        (
            [ROLE] => Администратор фитнеса
            [ID] => 0102
            [NAME] => Лазаренко Ліна
        )

    [7] => Array
        (
            [ROLE] => Тренер
            [ID] => 2452
            [NAME] => Лешковят Наталія
        )

    [8] => Array
        (
            [ROLE] => Администратор фитнеса
            [ID] => 0235
            [NAME] => Лучко Кирил
        )

    [9] => Array
        (
            [ROLE] => Администратор фитнеса
            [ID] => 0333
            [NAME] => Мамедова Ельнара
        )

    [10] => Array
        (
            [ROLE] => Тренер
            [ID] => 03336
            [NAME] => Мельниченко Надія
        )

    [11] => Array
        (
            [ROLE] => Тренер
            [ID] => 8760
            [NAME] => Москалець Тетяна
        )

    [12] => Array
        (
            [ROLE] => Тренер
            [ID] => 007989
            [NAME] => Підгурська Влада
        )

    [13] => Array
        (
            [ROLE] => Тренер
            [ID] => 03337
            [NAME] => Погорєлов Євгеній
        )

    [14] => Array
        (
            [ROLE] => Тренер
            [ID] => 03589
            [NAME] => Присняк Владислав
        )

    [15] => Array
        (
            [ROLE] => Тренер
            [ID] => 03352
            [NAME] => Рибак Роман
        )

    [16] => Array
        (
            [ROLE] => Тренер
            [ID] => 0334
            [NAME] => Самусенко Альона
        )

    [17] => Array
        (
            [ROLE] => Тренер
            [ID] => 03339
            [NAME] => Стрілець Данило
        )

    [18] => Array
        (
            [ROLE] => Тренер
            [ID] => 7895
            [NAME] => Тулаінов Андрій
        )

    [19] => Array
        (
            [ROLE] => Тренер
            [ID] => 0325
            [NAME] => Худоба Ігор
        )

    [20] => Array
        (
            [ROLE] => Тренер
            [ID] => 03342
            [NAME] => Шматко Ярослав
        )

    [21] => Array
        (
            [ROLE] => Тренер
            [ID] => 8987
            [NAME] => Яковенко Ганна
        )

)

[2026-03-24 15:30:52] [INFO] (/home/redbarbe/public_html/telegram/webapps/action/get_check.php:47) SELECT (select name from spr_clubs where id=u.club) as club_name, a.* FROM spr_acc a,spr_users u WHERE a.chat_id=u.chat_id and    (a.phone like '%Іваницький '  or a.NAME like '%Іваницький %')  ORDER BY u.id DESC 
[2026-03-24 15:31:00] [INFO] (/home/redbarbe/public_html/telegram/webapps/action/select_sotr.php:17) Array
(
    [action] => select_sotr
    [club] => 4
)

[2026-03-24 15:31:00] [INFO] (/home/redbarbe/public_html/telegram/webapps/action/select_sotr.php:27) Array
(
    [0] => Array
        (
            [ROLE] => Тренер
            [ID] => 2357
            [NAME] => Ілюк Діана
        )

    [1] => Array
        (
            [ROLE] => Тренер
            [ID] => 697814
            [NAME] => Горева Анастасія
        )

    [2] => Array
        (
            [ROLE] => Администратор фитнеса
            [ID] => 0101
            [NAME] => Дежурный
        )

    [3] => Array
        (
            [ROLE] => Администратор фитнеса
            [ID] => 0103
            [NAME] => Йова Катерина
        )

    [4] => Array
        (
            [ROLE] => Тренер
            [ID] => 03354
            [NAME] => Колесник Богдан
        )

    [5] => Array
        (
            [ROLE] => Тренер
            [ID] => 2564
            [NAME] => Кулаковський Сергій
        )

    [6] => Array
        (
            [ROLE] => Администратор фитнеса
            [ID] => 0102
            [NAME] => Лазаренко Ліна
        )

    [7] => Array
        (
            [ROLE] => Тренер
            [ID] => 2452
            [NAME] => Лешковят Наталія
        )

    [8] => Array
        (
            [ROLE] => Администратор фитнеса
            [ID] => 0235
            [NAME] => Лучко Кирил
        )

    [9] => Array
        (
            [ROLE] => Администратор фитнеса
            [ID] => 0333
            [NAME] => Мамедова Ельнара
        )

    [10] => Array
        (
            [ROLE] => Тренер
            [ID] => 03336
            [NAME] => Мельниченко Надія
        )

    [11] => Array
        (
            [ROLE] => Тренер
            [ID] => 8760
            [NAME] => Москалець Тетяна
        )

    [12] => Array
        (
            [ROLE] => Тренер
            [ID] => 007989
            [NAME] => Підгурська Влада
        )

    [13] => Array
        (
            [ROLE] => Тренер
            [ID] => 03337
            [NAME] => Погорєлов Євгеній
        )

    [14] => Array
        (
            [ROLE] => Тренер
            [ID] => 03589
            [NAME] => Присняк Владислав
        )

    [15] => Array
        (
            [ROLE] => Тренер
            [ID] => 03352
            [NAME] => Рибак Роман
        )

    [16] => Array
        (
            [ROLE] => Тренер
            [ID] => 0334
            [NAME] => Самусенко Альона
        )

    [17] => Array
        (
            [ROLE] => Тренер
            [ID] => 03339
            [NAME] => Стрілець Данило
        )

    [18] => Array
        (
            [ROLE] => Тренер
            [ID] => 7895
            [NAME] => Тулаінов Андрій
        )

    [19] => Array
        (
            [ROLE] => Тренер
            [ID] => 0325
            [NAME] => Худоба Ігор
        )

    [20] => Array
        (
            [ROLE] => Тренер
            [ID] => 03342
            [NAME] => Шматко Ярослав
        )

    [21] => Array
        (
            [ROLE] => Тренер
            [ID] => 8987
            [NAME] => Яковенко Ганна
        )

)

[2026-03-24 15:31:32] [INFO] (/home/redbarbe/public_html/telegram/webapps/action/get_check.php:47) SELECT (select name from spr_clubs where id=u.club) as club_name, a.* FROM spr_acc a,spr_users u WHERE a.chat_id=u.chat_id and    (a.phone like '%Іваницький '  or a.NAME like '%Іваницький %')  ORDER BY u.id DESC 
[2026-03-24 15:31:38] [INFO] (/home/redbarbe/public_html/telegram/webapps/action/select_sotr.php:17) Array
(
    [action] => select_sotr
    [club] => 4
)

[2026-03-24 15:31:38] [INFO] (/home/redbarbe/public_html/telegram/webapps/action/select_sotr.php:27) Array
(
    [0] => Array
        (
            [ROLE] => Тренер
            [ID] => 2357
            [NAME] => Ілюк Діана
        )

    [1] => Array
        (
            [ROLE] => Тренер
            [ID] => 697814
            [NAME] => Горева Анастасія
        )

    [2] => Array
        (
            [ROLE] => Администратор фитнеса
            [ID] => 0101
            [NAME] => Дежурный
        )

    [3] => Array
        (
            [ROLE] => Администратор фитнеса
            [ID] => 0103
            [NAME] => Йова Катерина
        )

    [4] => Array
        (
            [ROLE] => Тренер
            [ID] => 03354
            [NAME] => Колесник Богдан
        )

    [5] => Array
        (
            [ROLE] => Тренер
            [ID] => 2564
            [NAME] => Кулаковський Сергій
        )

    [6] => Array
        (
            [ROLE] => Администратор фитнеса
            [ID] => 0102
            [NAME] => Лазаренко Ліна
        )

    [7] => Array
        (
            [ROLE] => Тренер
            [ID] => 2452
            [NAME] => Лешковят Наталія
        )

    [8] => Array
        (
            [ROLE] => Администратор фитнеса
            [ID] => 0235
            [NAME] => Лучко Кирил
        )

    [9] => Array
        (
            [ROLE] => Администратор фитнеса
            [ID] => 0333
            [NAME] => Мамедова Ельнара
        )

    [10] => Array
        (
            [ROLE] => Тренер
            [ID] => 03336
            [NAME] => Мельниченко Надія
        )

    [11] => Array
        (
            [ROLE] => Тренер
            [ID] => 8760
            [NAME] => Москалець Тетяна
        )

    [12] => Array
        (
            [ROLE] => Тренер
            [ID] => 007989
            [NAME] => Підгурська Влада
        )

    [13] => Array
        (
            [ROLE] => Тренер
            [ID] => 03337
            [NAME] => Погорєлов Євгеній
        )

    [14] => Array
        (
            [ROLE] => Тренер
            [ID] => 03589
            [NAME] => Присняк Владислав
        )

    [15] => Array
        (
            [ROLE] => Тренер
            [ID] => 03352
            [NAME] => Рибак Роман
        )

    [16] => Array
        (
            [ROLE] => Тренер
            [ID] => 0334
            [NAME] => Самусенко Альона
        )

    [17] => Array
        (
            [ROLE] => Тренер
            [ID] => 03339
            [NAME] => Стрілець Данило
        )

    [18] => Array
        (
            [ROLE] => Тренер
            [ID] => 7895
            [NAME] => Тулаінов Андрій
        )

    [19] => Array
        (
            [ROLE] => Тренер
            [ID] => 0325
            [NAME] => Худоба Ігор
        )

    [20] => Array
        (
            [ROLE] => Тренер
            [ID] => 03342
            [NAME] => Шматко Ярослав
        )

    [21] => Array
        (
            [ROLE] => Тренер
            [ID] => 8987
            [NAME] => Яковенко Ганна
        )

)

[2026-03-24 15:38:08] [INFO] (/home/redbarbe/public_html/telegram/webapps/action/chart.php:29) SELECT a.name FROM `spr_acc` a, spr_users u 
WHERE u.active_account=a.acc and u.chat_id=a.chat_id and a.chat_id="402875702"
and u.club=3 limit 1
[2026-03-24 15:38:08] [INFO] (/home/redbarbe/public_html/telegram/webapps/action/chart.php:30) Array
(
    [action] => chart
    [club] => 3
    [admin] => 1
    [who_user_write] => 5890364519
    [chatid] => 402875702
)

[2026-03-24 15:38:17] [INFO] (/home/redbarbe/public_html/telegram/webapps/action/hist_ost_poslug.php:19) SELECT a.name FROM `spr_acc` a, spr_users u WHERE u.active_account=a.acc and u.chat_id=a.chat_id and a.acc=8799 
and u.club=(select id from spr_clubs where ip_club="193.194.107.2") limit 1
[2026-03-24 15:38:17] [INFO] (/home/redbarbe/public_html/telegram/webapps/action/hist_ost_poslug.php:20) hist_ost_poslug
[2026-03-24 15:38:17] [INFO] (/home/redbarbe/public_html/telegram/webapps/action/hist_ost_poslug.php:111) Array
(
    [acc] => 8799
    [command] => GET_OST_POSLUG_ACC
)

[2026-03-24 15:38:17] [INFO] (/home/redbarbe/public_html/telegram/webapps/action/hist_ost_poslug.php:112) ip=193.194.107.2
[2026-03-24 16:15:56] [INFO] (/home/redbarbe/public_html/telegram/webapps/action/ajax_get_tren.php:35) Array
(
    [0] => Array
        (
            [KOD] => 809700
            [TIME_FROM] => 10:00
            [TIME_TO] => 11:00               
            [CLIENTS_CNT] => 0
            [TOV_NAME] => Йога
            [ACC] => 0
            [CNTTRAN] => 0
            [CNTTRANRESERV] => 0
        )

    [1] => Array
        (
            [KOD] => 810320
            [TIME_FROM] => 18:00
            [TIME_TO] => 19:00               
            [CLIENTS_CNT] => 0
            [TOV_NAME] => Паркур Kids
            [ACC] => 0
            [CNTTRAN] => 0
            [CNTTRANRESERV] => 0
        )

    [2] => Array
        (
            [KOD] => 809855
            [TIME_FROM] => 19:00
            [TIME_TO] => 20:00               
            [CLIENTS_CNT] => 0
            [TOV_NAME] => Паркур
            [ACC] => 0
            [CNTTRAN] => 0
            [CNTTRANRESERV] => 0
        )

    [3] => Array
        (
            [KOD] => 810475
            [TIME_FROM] => 19:00
            [TIME_TO] => 20:00               
            [CLIENTS_CNT] => 0
            [TOV_NAME] => CrossActivity
            [ACC] => 0
            [CNTTRAN] => 0
            [CNTTRANRESERV] => 0
        )

    [4] => Array
        (
            [KOD] => 810630
            [TIME_FROM] => 19:00
            [TIME_TO] => 20:00               
            [CLIENTS_CNT] => 5
            [TOV_NAME] => Cycle
            [ACC] => 14964
            [CNTTRAN] => 2
            [CNTTRANRESERV] => 0
        )

    [5] => Array
        (
            [KOD] => 810010
            [TIME_FROM] => 19:00
            [TIME_TO] => 20:00               
            [CLIENTS_CNT] => 0
            [TOV_NAME] => FitnessMix
            [ACC] => 0
            [CNTTRAN] => 1
            [CNTTRANRESERV] => 0
        )

    [6] => Array
        (
            [KOD] => 810165
            [TIME_FROM] => 19:00
            [TIME_TO] => 20:00               
            [CLIENTS_CNT] => 0
            [TOV_NAME] => Йога
            [ACC] => 0
            [CNTTRAN] => 0
            [CNTTRANRESERV] => 0
        )

)

[2026-03-24 16:15:56] [INFO] (/home/redbarbe/public_html/telegram/webapps/action/ajax_get_tren.php:61) Array
(
    [KOD] => 809700
    [TIME_FROM] => 10:00
    [TIME_TO] => 11:00               
    [CLIENTS_CNT] => 0
    [TOV_NAME] => Йога
    [ACC] => 0
    [CNTTRAN] => 0
    [CNTTRANRESERV] => 0
)

[2026-03-24 16:15:56] [INFO] (/home/redbarbe/public_html/telegram/webapps/action/ajax_get_tren.php:61) Array
(
    [KOD] => 810320
    [TIME_FROM] => 18:00
    [TIME_TO] => 19:00               
    [CLIENTS_CNT] => 0
    [TOV_NAME] => Паркур Kids
    [ACC] => 0
    [CNTTRAN] => 0
    [CNTTRANRESERV] => 0
)

[2026-03-24 16:15:56] [INFO] (/home/redbarbe/public_html/telegram/webapps/action/ajax_get_tren.php:61) Array
(
    [KOD] => 809855
    [TIME_FROM] => 19:00
    [TIME_TO] => 20:00               
    [CLIENTS_CNT] => 0
    [TOV_NAME] => Паркур
    [ACC] => 0
    [CNTTRAN] => 0
    [CNTTRANRESERV] => 0
)

[2026-03-24 16:15:56] [INFO] (/home/redbarbe/public_html/telegram/webapps/action/ajax_get_tren.php:61) Array
(
    [KOD] => 810475
    [TIME_FROM] => 19:00
    [TIME_TO] => 20:00               
    [CLIENTS_CNT] => 0
    [TOV_NAME] => CrossActivity
    [ACC] => 0
    [CNTTRAN] => 0
    [CNTTRANRESERV] => 0
)

[2026-03-24 16:15:56] [INFO] (/home/redbarbe/public_html/telegram/webapps/action/ajax_get_tren.php:61) Array
(
    [KOD] => 810630
    [TIME_FROM] => 19:00
    [TIME_TO] => 20:00               
    [CLIENTS_CNT] => 5
    [TOV_NAME] => Cycle
    [ACC] => 14964
    [CNTTRAN] => 2
    [CNTTRANRESERV] => 0
)

[2026-03-24 16:15:56] [INFO] (/home/redbarbe/public_html/telegram/webapps/action/ajax_get_tren.php:61) Array
(
    [KOD] => 810010
    [TIME_FROM] => 19:00
    [TIME_TO] => 20:00               
    [CLIENTS_CNT] => 0
    [TOV_NAME] => FitnessMix
    [ACC] => 0
    [CNTTRAN] => 1
    [CNTTRANRESERV] => 0
)

[2026-03-24 16:15:56] [INFO] (/home/redbarbe/public_html/telegram/webapps/action/ajax_get_tren.php:61) Array
(
    [KOD] => 810165
    [TIME_FROM] => 19:00
    [TIME_TO] => 20:00               
    [CLIENTS_CNT] => 0
    [TOV_NAME] => Йога
    [ACC] => 0
    [CNTTRAN] => 0
    [CNTTRANRESERV] => 0
)

[2026-03-24 16:16:17] [INFO] (/home/redbarbe/public_html/telegram/webapps/action/ajax_fitness_zapis.php:22) Array
(
    [ajax_method] => 2
    [action] => ajax_fitness_zapis
    [dat] => 24.03.2026
    [acc] => 14964
    [trenid] => 810630
    [ost_all] => 3
    [ip_club] => 178.158.212.173
    [acctozapis] => 14964
    [time_from] => 19:00
)

[2026-03-24 16:16:18] [INFO] (/home/redbarbe/public_html/telegram/webapps/action/ajax_del_tren.php:46) Array
(
    [queryString] => delete from CB_TRANING_LIST where TRANING=810630 and ACCOUNT=14964
)

[2026-03-24 16:17:05] [INFO] (/home/redbarbe/public_html/telegram/webapps/reports/report_pers_detal.php:22) Array
(
)

[2026-03-24 16:17:08] [INFO] (/home/redbarbe/public_html/telegram/webapps/reports/report_pers_detal.php:22) Array
(
    [ajax_method] => 2
    [action] => report_pers_detal
    [action_report] => report_view
    [admin] => 5
    [date_from] => 01.03.2026
    [date_to] => 29.03.2026
    [ip_club] => 212.26.139.90
    [podr] => all
    [sotr] => 007989
)

[2026-03-24 16:22:28] [INFO] (/home/redbarbe/public_html/telegram/webapps/action/hist_ost_poslug.php:19) SELECT a.name FROM `spr_acc` a, spr_users u WHERE u.active_account=a.acc and u.chat_id=a.chat_id and a.acc=15496 
and u.club=(select id from spr_clubs where ip_club="178.158.212.173") limit 1
[2026-03-24 16:22:28] [INFO] (/home/redbarbe/public_html/telegram/webapps/action/hist_ost_poslug.php:20) hist_ost_poslug
[2026-03-24 16:22:28] [INFO] (/home/redbarbe/public_html/telegram/webapps/action/hist_ost_poslug.php:111) Array
(
    [acc] => 15496
    [command] => GET_OST_POSLUG_ACC
)

[2026-03-24 16:22:28] [INFO] (/home/redbarbe/public_html/telegram/webapps/action/hist_ost_poslug.php:112) ip=178.158.212.173
[2026-03-24 16:28:13] [INFO] (/home/redbarbe/public_html/telegram/webapps/action/my_zapis.php:105) 
[2026-03-24 16:29:10] [INFO] (/home/redbarbe/public_html/telegram/webapps/reports/report_pers_detal.php:22) Array
(
)

[2026-03-24 16:29:16] [INFO] (/home/redbarbe/public_html/telegram/webapps/reports/report_pers_detal.php:22) Array
(
    [ajax_method] => 2
    [action] => report_pers_detal
    [action_report] => report_view
    [admin] => 5
    [date_from] => 24.03.2026
    [date_to] => 24.03.2026
    [ip_club] => 212.26.139.90
    [podr] => pt
    [sotr] => 03352
)

[2026-03-24 16:40:46] [INFO] (/home/redbarbe/public_html/telegram/webapps/action/hist_ind.php:16) SELECT a.name FROM `spr_acc` a, spr_users u WHERE u.active_account=a.acc and u.chat_id=a.chat_id and a.acc=14065 
and u.club=(select id from spr_clubs where ip_club="212.26.139.90") limit 1
[2026-03-24 16:40:46] [INFO] (/home/redbarbe/public_html/telegram/webapps/action/hist_ind.php:17) hist_grp
[2026-03-24 16:40:46] [INFO] (/home/redbarbe/public_html/telegram/webapps/action/hist_ind.php:108) Array
(
    [dbeg] => 24.12.2025
    [dend] => today
    [acc] => 14065
    [command] => get_ind_history
)

[2026-03-24 16:40:46] [INFO] (/home/redbarbe/public_html/telegram/webapps/action/hist_ind.php:109) ip=212.26.139.90
[2026-03-24 16:40:50] [INFO] (/home/redbarbe/public_html/telegram/webapps/action/hist_grp.php:16) SELECT a.name FROM `spr_acc` a, spr_users u WHERE u.active_account=a.acc and u.chat_id=a.chat_id and a.acc=14065 
and u.club=(select id from spr_clubs where ip_club="212.26.139.90") limit 1
[2026-03-24 16:40:50] [INFO] (/home/redbarbe/public_html/telegram/webapps/action/hist_grp.php:17) hist_grp
[2026-03-24 16:40:50] [INFO] (/home/redbarbe/public_html/telegram/webapps/action/hist_grp.php:108) Array
(
    [dbeg] => 24.12.2025
    [dend] => today
    [acc] => 14065
    [command] => get_grp_history
)

[2026-03-24 16:40:50] [INFO] (/home/redbarbe/public_html/telegram/webapps/action/hist_grp.php:109) ip=212.26.139.90
[2026-03-24 16:40:54] [INFO] (/home/redbarbe/public_html/telegram/webapps/action/hist_ost_poslug.php:19) SELECT a.name FROM `spr_acc` a, spr_users u WHERE u.active_account=a.acc and u.chat_id=a.chat_id and a.acc=14065 
and u.club=(select id from spr_clubs where ip_club="212.26.139.90") limit 1
[2026-03-24 16:40:54] [INFO] (/home/redbarbe/public_html/telegram/webapps/action/hist_ost_poslug.php:20) hist_ost_poslug
[2026-03-24 16:40:54] [INFO] (/home/redbarbe/public_html/telegram/webapps/action/hist_ost_poslug.php:111) Array
(
    [acc] => 14065
    [command] => GET_OST_POSLUG_ACC
)

[2026-03-24 16:40:54] [INFO] (/home/redbarbe/public_html/telegram/webapps/action/hist_ost_poslug.php:112) ip=212.26.139.90
[2026-03-24 16:44:21] [INFO] (/home/redbarbe/public_html/telegram/webapps/action/select_sotr.php:17) Array
(
    [action] => select_sotr
    [club] => -
    [club_ip] => 178.158.212.173
)

[2026-03-24 16:44:21] [INFO] (/home/redbarbe/public_html/telegram/webapps/action/select_sotr.php:27) Array
(
    [0] => Array
        (
            [ROLE] => Администратор фитнеса
            [ID] => 0102
            [NAME] => -
        )

    [1] => Array
        (
            [ROLE] => Тренер
            [ID] => 0303
            [NAME] => -
        )

    [2] => Array
        (
            [ROLE] => Тренер
            [ID] => 0305
            [NAME] => -
        )

    [3] => Array
        (
            [ROLE] => Тренер
            [ID] => 0307
            [NAME] => -
        )

    [4] => Array
        (
            [ROLE] => Тренер
            [ID] => 0311
            [NAME] => -
        )

    [5] => Array
        (
            [ROLE] => Тренер
            [ID] => 0317
            [NAME] => -
        )

    [6] => Array
        (
            [ROLE] => Тренер
            [ID] => 0320
            [NAME] => -
        )

    [7] => Array
        (
            [ROLE] => Тренер
            [ID] => 0323
            [NAME] => -
        )

    [8] => Array
        (
            [ROLE] => Тренер
            [ID] => 0325
            [NAME] => -
        )

    [9] => Array
        (
            [ROLE] => Тренер
            [ID] => 0321
            [NAME] => Афанасьев Радион
        )

    [10] => Array
        (
            [ROLE] => Тренер
            [ID] => 0708
            [NAME] => Баранников Артем
        )

    [11] => Array
        (
            [ROLE] => Тренер
            [ID] => 0308
            [NAME] => Божкова Світлана
        )

    [12] => Array
        (
            [ROLE] => Тренер
            [ID] => 0302
            [NAME] => Борисюк Богдан
        )

    [13] => Array
        (
            [ROLE] => Тренер
            [ID] => 0327
            [NAME] => Вороновська Анастасія
        )

    [14] => Array
        (
            [ROLE] => Тренер
            [ID] => 0714
            [NAME] => Герасименко Татьяна
        )

    [15] => Array
        (
            [ROLE] => Главний бухгалтер
            [ID] => 0902
            [NAME] => Глав. Бух.
        )

    [16] => Array
        (
            [ROLE] => Администратор фитнеса
            [ID] => 0101
            [NAME] => Дежурный
        )

    [17] => Array
        (
            [ROLE] => Тренер
            [ID] => 0314
            [NAME] => Диденко Алексей
        )

    [18] => Array
        (
            [ROLE] => Тренер
            [ID] => 0331
            [NAME] => Драба Анастасия
        )

    [19] => Array
        (
            [ROLE] => Тренер
            [ID] => 0112
            [NAME] => Егоров Александр
        )

    [20] => Array
        (
            [ROLE] => Тренер
            [ID] => 0304
            [NAME] => Иванчик Руслан
        )

    [21] => Array
        (
            [ROLE] => Тренер
            [ID] => 0717
            [NAME] => Козак Віктор
        )

    [22] => Array
        (
            [ROLE] => Тренер
            [ID] => 0707
            [NAME] => Кравченко Анісія
        )

    [23] => Array
        (
            [ROLE] => Тренер
            [ID] => 0815
            [NAME] => Красовський Ілля
        )

    [24] => Array
        (
            [ROLE] => Тренер
            [ID] => 0312
            [NAME] => Крыжановский Павел
        )

    [25] => Array
        (
            [ROLE] => Тренер
            [ID] => 0313
            [NAME] => Кукурудзяк Руслан
        )

    [26] => Array
        (
            [ROLE] => Тренер
            [ID] => 0330
            [NAME] => Лещишак Анастасія
        )

    [27] => Array
        (
            [ROLE] => Администратор фитнеса
            [ID] => 0103
            [NAME] => Мірко Анна
        )

    [28] => Array
        (
            [ROLE] => Тренер
            [ID] => 0715
            [NAME] => Максим Лещишак
        )

    [29] => Array
        (
            [ROLE] => Тренер
            [ID] => 0710
            [NAME] => Мельник Назар
        )

    [30] => Array
        (
            [ROLE] => Тренер
            [ID] => 0324
            [NAME] => Мошенець Анна
        )

    [31] => Array
        (
            [ROLE] => Тренер
            [ID] => 0328
            [NAME] => Никитюк Никита
        )

    [32] => Array
        (
            [ROLE] => Тренер
            [ID] => 0301
            [NAME] => Новіцька Діана
        )

    [33] => Array
        (
            [ROLE] => Администратор фитнеса
            [ID] => 0400
            [NAME] => Ольга Ващук
        )

    [34] => Array
        (
            [ROLE] => Тренер
            [ID] => 0319
            [NAME] => Пономаренко Оксана
        )

    [35] => Array
        (
            [ROLE] => Администратор фитнеса
            [ID] => 0402
            [NAME] => Потураєва Катя
        )

    [36] => Array
        (
            [ROLE] => Тренер
            [ID] => 0326
            [NAME] => Рац Лілія
        )

    [37] => Array
        (
            [ROLE] => Тренер
            [ID] => 0713
            [NAME] => Романова Світлана
        )

    [38] => Array
        (
            [ROLE] => Тренер
            [ID] => 0310
            [NAME] => Степанець Андрій
        )

    [39] => Array
        (
            [ROLE] => Тренер
            [ID] => 0718
            [NAME] => Трофименко Иван
        )

    [40] => Array
        (
            [ROLE] => Тренер
            [ID] => 0719
            [NAME] => Хмарский Денис
        )

    [41] => Array
        (
            [ROLE] => Администратор фитнеса
            [ID] => 0104
            [NAME] => Чередніченко Поліна
        )

    [42] => Array
        (
            [ROLE] => Тренер
            [ID] => 0711
            [NAME] => Чорнобай Дмитро
        )

    [43] => Array
        (
            [ROLE] => Тренер
            [ID] => 0712
            [NAME] => Шанько Яна
        )

    [44] => Array
        (
            [ROLE] => Тренер
            [ID] => 0329
            [NAME] => Шульга Стас
        )

    [45] => Array
        (
            [ROLE] => Администратор фитнеса
            [ID] => 0401
            [NAME] => Юлия Воєвода 
        )

    [46] => Array
        (
            [ROLE] => Тренер
            [ID] => 0309
            [NAME] => ол
        )

    [47] => Array
        (
            [ROLE] => Головний адміністратор
            [ID] => 0901
            [NAME] => системный
        )

)

[2026-03-24 16:46:40] [INFO] (/home/redbarbe/public_html/telegram/webapps/action/ajax_get_tren.php:35) Array
(
    [0] => Array
        (
            [KOD] => 880569
            [TIME_FROM] => 10:00
            [TIME_TO] => 11:00               
            [CLIENTS_CNT] => 6
            [TOV_NAME] => F.B.T. (Fat burn traning)
            [ACC] => 0
            [CNTTRAN] => 0
            [CNTTRANRESERV] => 0
        )

)

[2026-03-24 16:46:40] [INFO] (/home/redbarbe/public_html/telegram/webapps/action/ajax_get_tren.php:61) Array
(
    [KOD] => 880569
    [TIME_FROM] => 10:00
    [TIME_TO] => 11:00               
    [CLIENTS_CNT] => 6
    [TOV_NAME] => F.B.T. (Fat burn traning)
    [ACC] => 0
    [CNTTRAN] => 0
    [CNTTRANRESERV] => 0
)

[2026-03-24 16:46:57] [INFO] (/home/redbarbe/public_html/telegram/webapps/action/ajax_fitness_zapis.php:22) Array
(
    [ajax_method] => 2
    [action] => ajax_fitness_zapis
    [dat] => 28.03.2026
    [acc] => 369
    [trenid] => 880569
    [ost_all] => 6
    [ip_club] => 109.86.110.220
    [acctozapis] => 0
    [time_from] => 10:00
)

[2026-03-24 16:47:51] [INFO] (/home/redbarbe/public_html/telegram/webapps/action/select_sotr.php:17) Array
(
    [action] => select_sotr
    [club] => -
    [club_ip] => 178.151.119.180
)

[2026-03-24 16:47:51] [INFO] (/home/redbarbe/public_html/telegram/webapps/action/select_sotr.php:27) Array
(
    [0] => Array
        (
            [ROLE] => Тренер
            [ID] => 0717
            [NAME] => Єфремова Олександра
        )

    [1] => Array
        (
            [ROLE] => Тренер
            [ID] => 0707
            [NAME] => Андрияш Анна
        )

    [2] => Array
        (
            [ROLE] => Тренер
            [ID] => 0399
            [NAME] => Біліч Лариса
        )

    [3] => Array
        (
            [ROLE] => Тренер
            [ID] => 0302
            [NAME] => Барсегян Анна
        )

    [4] => Array
        (
            [ROLE] => Тренер
            [ID] => 0316
            [NAME] => Вєтрова Катя
        )

    [5] => Array
        (
            [ROLE] => Тренер
            [ID] => 0708
            [NAME] => Виноградов Александр
        )

    [6] => Array
        (
            [ROLE] => Администратор фитнеса
            [ID] => 0402
            [NAME] => Войтюк Мар'яна
        )

    [7] => Array
        (
            [ROLE] => Тренер
            [ID] => 0327
            [NAME] => Гармаш Владимир
        )

    [8] => Array
        (
            [ROLE] => Главний бухгалтер
            [ID] => 0902
            [NAME] => Глав. Бух.
        )

    [9] => Array
        (
            [ROLE] => Тренер
            [ID] => 0718
            [NAME] => Дворніков Дмитро 
        )

    [10] => Array
        (
            [ROLE] => Администратор фитнеса
            [ID] => 0101
            [NAME] => Дежурный
        )

    [11] => Array
        (
            [ROLE] => Администратор фитнеса
            [ID] => 0104
            [NAME] => Демченко Александра
        )

    [12] => Array
        (
            [ROLE] => Администратор фитнеса
            [ID] => 0102
            [NAME] => Дубинчук Наталья
        )

    [13] => Array
        (
            [ROLE] => Тренер
            [ID] => 0304
            [NAME] => Елецкая Светлана
        )

    [14] => Array
        (
            [ROLE] => Тренер
            [ID] => 0308
            [NAME] => Колесник Богдан
        )

    [15] => Array
        (
            [ROLE] => Тренер
            [ID] => 0312
            [NAME] => Крыжановский Павел
        )

    [16] => Array
        (
            [ROLE] => Тренер
            [ID] => 0313
            [NAME] => Кукурудзяк Руслан
        )

    [17] => Array
        (
            [ROLE] => Тренер
            [ID] => 0325
            [NAME] => Оруджева Юлія
        )

    [18] => Array
        (
            [ROLE] => Тренер
            [ID] => 0710
            [NAME] => Остафи Денис
        )

    [19] => Array
        (
            [ROLE] => Тренер
            [ID] => 0715
            [NAME] => Проломов Данил
        )

    [20] => Array
        (
            [ROLE] => Тренер
            [ID] => 0311
            [NAME] => Романовская Наталья
        )

    [21] => Array
        (
            [ROLE] => Администратор фитнеса
            [ID] => 0903
            [NAME] => Сванідзе Юлія 
        )

    [22] => Array
        (
            [ROLE] => Тренер
            [ID] => 0711
            [NAME] => Солянов Владислав
        )

    [23] => Array
        (
            [ROLE] => Тренер
            [ID] => 0326
            [NAME] => Тищенко Ольга
        )

    [24] => Array
        (
            [ROLE] => Тренер
            [ID] => 0310
            [NAME] => Фесенко Ира
        )

    [25] => Array
        (
            [ROLE] => Тренер
            [ID] => 0103
            [NAME] => Шевелько Руслан
        )

    [26] => Array
        (
            [ROLE] => Тренер
            [ID] => 0712
            [NAME] => Шевчук Вікторія
        )

    [27] => Array
        (
            [ROLE] => Головний адміністратор
            [ID] => 0901
            [NAME] => системный
        )

)

[2026-03-24 16:51:06] [INFO] (/home/redbarbe/public_html/telegram/webapps/action/ajax_get_tren.php:35) Array
(
    [0] => Array
        (
            [KOD] => 809700
            [TIME_FROM] => 10:00
            [TIME_TO] => 11:00               
            [CLIENTS_CNT] => 0
            [TOV_NAME] => Йога
            [ACC] => 0
            [CNTTRAN] => 0
            [CNTTRANRESERV] => 0
        )

    [1] => Array
        (
            [KOD] => 810320
            [TIME_FROM] => 18:00
            [TIME_TO] => 19:00               
            [CLIENTS_CNT] => 0
            [TOV_NAME] => Паркур Kids
            [ACC] => 0
            [CNTTRAN] => 0
            [CNTTRANRESERV] => 0
        )

    [2] => Array
        (
            [KOD] => 809855
            [TIME_FROM] => 19:00
            [TIME_TO] => 20:00               
            [CLIENTS_CNT] => 0
            [TOV_NAME] => Паркур
            [ACC] => 0
            [CNTTRAN] => 0
            [CNTTRANRESERV] => 0
        )

    [3] => Array
        (
            [KOD] => 810475
            [TIME_FROM] => 19:00
            [TIME_TO] => 20:00               
            [CLIENTS_CNT] => 0
            [TOV_NAME] => CrossActivity
            [ACC] => 0
            [CNTTRAN] => 0
            [CNTTRANRESERV] => 0
        )

    [4] => Array
        (
            [KOD] => 810630
            [TIME_FROM] => 19:00
            [TIME_TO] => 20:00               
            [CLIENTS_CNT] => 5
            [TOV_NAME] => Cycle
            [ACC] => 0
            [CNTTRAN] => 1
            [CNTTRANRESERV] => 0
        )

    [5] => Array
        (
            [KOD] => 810010
            [TIME_FROM] => 19:00
            [TIME_TO] => 20:00               
            [CLIENTS_CNT] => 0
            [TOV_NAME] => FitnessMix
            [ACC] => 0
            [CNTTRAN] => 1
            [CNTTRANRESERV] => 0
        )

    [6] => Array
        (
            [KOD] => 810165
            [TIME_FROM] => 19:00
            [TIME_TO] => 20:00               
            [CLIENTS_CNT] => 0
            [TOV_NAME] => Йога
            [ACC] => 0
            [CNTTRAN] => 0
            [CNTTRANRESERV] => 0
        )

)

[2026-03-24 16:51:06] [INFO] (/home/redbarbe/public_html/telegram/webapps/action/ajax_get_tren.php:61) Array
(
    [KOD] => 809700
    [TIME_FROM] => 10:00
    [TIME_TO] => 11:00               
    [CLIENTS_CNT] => 0
    [TOV_NAME] => Йога
    [ACC] => 0
    [CNTTRAN] => 0
    [CNTTRANRESERV] => 0
)

[2026-03-24 16:51:06] [INFO] (/home/redbarbe/public_html/telegram/webapps/action/ajax_get_tren.php:61) Array
(
    [KOD] => 810320
    [TIME_FROM] => 18:00
    [TIME_TO] => 19:00               
    [CLIENTS_CNT] => 0
    [TOV_NAME] => Паркур Kids
    [ACC] => 0
    [CNTTRAN] => 0
    [CNTTRANRESERV] => 0
)

[2026-03-24 16:51:06] [INFO] (/home/redbarbe/public_html/telegram/webapps/action/ajax_get_tren.php:61) Array
(
    [KOD] => 809855
    [TIME_FROM] => 19:00
    [TIME_TO] => 20:00               
    [CLIENTS_CNT] => 0
    [TOV_NAME] => Паркур
    [ACC] => 0
    [CNTTRAN] => 0
    [CNTTRANRESERV] => 0
)

[2026-03-24 16:51:06] [INFO] (/home/redbarbe/public_html/telegram/webapps/action/ajax_get_tren.php:61) Array
(
    [KOD] => 810475
    [TIME_FROM] => 19:00
    [TIME_TO] => 20:00               
    [CLIENTS_CNT] => 0
    [TOV_NAME] => CrossActivity
    [ACC] => 0
    [CNTTRAN] => 0
    [CNTTRANRESERV] => 0
)

[2026-03-24 16:51:06] [INFO] (/home/redbarbe/public_html/telegram/webapps/action/ajax_get_tren.php:61) Array
(
    [KOD] => 810630
    [TIME_FROM] => 19:00
    [TIME_TO] => 20:00               
    [CLIENTS_CNT] => 5
    [TOV_NAME] => Cycle
    [ACC] => 0
    [CNTTRAN] => 1
    [CNTTRANRESERV] => 0
)

[2026-03-24 16:51:06] [INFO] (/home/redbarbe/public_html/telegram/webapps/action/ajax_get_tren.php:61) Array
(
    [KOD] => 810010
    [TIME_FROM] => 19:00
    [TIME_TO] => 20:00               
    [CLIENTS_CNT] => 0
    [TOV_NAME] => FitnessMix
    [ACC] => 0
    [CNTTRAN] => 1
    [CNTTRANRESERV] => 0
)

[2026-03-24 16:51:06] [INFO] (/home/redbarbe/public_html/telegram/webapps/action/ajax_get_tren.php:61) Array
(
    [KOD] => 810165
    [TIME_FROM] => 19:00
    [TIME_TO] => 20:00               
    [CLIENTS_CNT] => 0
    [TOV_NAME] => Йога
    [ACC] => 0
    [CNTTRAN] => 0
    [CNTTRANRESERV] => 0
)

[2026-03-24 16:51:13] [INFO] (/home/redbarbe/public_html/telegram/webapps/action/select_sotr.php:17) Array
(
    [action] => select_sotr
    [club] => -
    [club_ip] => 109.86.110.220
)

[2026-03-24 16:51:13] [INFO] (/home/redbarbe/public_html/telegram/webapps/action/select_sotr.php:27) Array
(
    [0] => Array
        (
            [ROLE] => Тренер
            [ID] => 5757
            [NAME] =>  Калініченко Ліана Анатоліївна
        )

    [1] => Array
        (
            [ROLE] => Тренер
            [ID] => 0154
            [NAME] =>  Сівак Катерина Володимирівна
        )

    [2] => Array
        (
            [ROLE] => Головний адміністратор
            [ID] => 2132
            [NAME] => Делєкатна Олена Олександрівна
        )

    [3] => Array
        (
            [ROLE] => Администратор фитнеса
            [ID] => 6548
            [NAME] => Ніколаєва Тетяна Сергіївна
        )

    [4] => Array
        (
            [ROLE] => Тренер
            [ID] => 0002
            [NAME] => Неділенко Олег Олександрович
        )

    [5] => Array
        (
            [ROLE] => Тренер
            [ID] => 8676
            [NAME] => Панюхно Євгеній Владиславович
        )

    [6] => Array
        (
            [ROLE] => Администратор фитнеса
            [ID] => 0005
            [NAME] => Спічакова Вероніка Володимирівна
        )

    [7] => Array
        (
            [ROLE] => Тренер
            [ID] => 8888
            [NAME] => Фрейдун Андрій Тарасович
        )

    [8] => Array
        (
            [ROLE] => Администратор фитнеса
            [ID] => 0003
            [NAME] => Черговий
        )

    [9] => Array
        (
            [ROLE] => Тренер
            [ID] => 0056
            [NAME] => Черговий тренер
        )

    [10] => Array
        (
            [ROLE] => Администратор фитнеса
            [ID] => 0223
            [NAME] => Чумак Аліса Анатоліївна
        )

    [11] => Array
        (
            [ROLE] => Тренер
            [ID] => 0548
            [NAME] => Чусова Ольга Анатоліївна
        )

    [12] => Array
        (
            [ROLE] => Тренер
            [ID] => 0458
            [NAME] => Шевченко Євгенія Богданівна
        )

    [13] => Array
        (
            [ROLE] => Головний адміністратор
            [ID] => 0901
            [NAME] => системный
        )

)

[2026-03-24 16:51:33] [INFO] (/home/redbarbe/public_html/telegram/webapps/action/select_sotr.php:17) Array
(
    [action] => select_sotr
    [club] => -
    [club_ip] => 212.26.139.90
)

[2026-03-24 16:51:33] [INFO] (/home/redbarbe/public_html/telegram/webapps/action/select_sotr.php:27) Array
(
    [0] => Array
        (
            [ROLE] => Тренер
            [ID] => 2357
            [NAME] => Ілюк Діана
        )

    [1] => Array
        (
            [ROLE] => Тренер
            [ID] => 697814
            [NAME] => Горева Анастасія
        )

    [2] => Array
        (
            [ROLE] => Администратор фитнеса
            [ID] => 0101
            [NAME] => Дежурный
        )

    [3] => Array
        (
            [ROLE] => Администратор фитнеса
            [ID] => 0103
            [NAME] => Йова Катерина
        )

    [4] => Array
        (
            [ROLE] => Тренер
            [ID] => 03354
            [NAME] => Колесник Богдан
        )

    [5] => Array
        (
            [ROLE] => Тренер
            [ID] => 2564
            [NAME] => Кулаковський Сергій
        )

    [6] => Array
        (
            [ROLE] => Администратор фитнеса
            [ID] => 0102
            [NAME] => Лазаренко Ліна
        )

    [7] => Array
        (
            [ROLE] => Тренер
            [ID] => 2452
            [NAME] => Лешковят Наталія
        )

    [8] => Array
        (
            [ROLE] => Администратор фитнеса
            [ID] => 0235
            [NAME] => Лучко Кирил
        )

    [9] => Array
        (
            [ROLE] => Администратор фитнеса
            [ID] => 0333
            [NAME] => Мамедова Ельнара
        )

    [10] => Array
        (
            [ROLE] => Тренер
            [ID] => 03336
            [NAME] => Мельниченко Надія
        )

    [11] => Array
        (
            [ROLE] => Тренер
            [ID] => 8760
            [NAME] => Москалець Тетяна
        )

    [12] => Array
        (
            [ROLE] => Тренер
            [ID] => 007989
            [NAME] => Підгурська Влада
        )

    [13] => Array
        (
            [ROLE] => Тренер
            [ID] => 03337
            [NAME] => Погорєлов Євгеній
        )

    [14] => Array
        (
            [ROLE] => Тренер
            [ID] => 03589
            [NAME] => Присняк Владислав
        )

    [15] => Array
        (
            [ROLE] => Тренер
            [ID] => 03352
            [NAME] => Рибак Роман
        )

    [16] => Array
        (
            [ROLE] => Тренер
            [ID] => 0334
            [NAME] => Самусенко Альона
        )

    [17] => Array
        (
            [ROLE] => Тренер
            [ID] => 03339
            [NAME] => Стрілець Данило
        )

    [18] => Array
        (
            [ROLE] => Тренер
            [ID] => 7895
            [NAME] => Тулаінов Андрій
        )

    [19] => Array
        (
            [ROLE] => Тренер
            [ID] => 0325
            [NAME] => Худоба Ігор
        )

    [20] => Array
        (
            [ROLE] => Тренер
            [ID] => 03342
            [NAME] => Шматко Ярослав
        )

    [21] => Array
        (
            [ROLE] => Тренер
            [ID] => 8987
            [NAME] => Яковенко Ганна
        )

)

[2026-03-24 16:52:11] [INFO] (/home/redbarbe/public_html/telegram/webapps/reports/report_pers_detal.php:22) Array
(
)

[2026-03-24 16:52:18] [INFO] (/home/redbarbe/public_html/telegram/webapps/reports/report_pers_detal.php:22) Array
(
    [ajax_method] => 2
    [action] => report_pers_detal
    [action_report] => report_view
    [admin] => 5
    [date_from] => 01.03.2026
    [date_to] => 29.03.2026
    [ip_club] => 212.26.139.90
    [podr] => all
    [sotr] => 007989
)

[2026-03-24 16:52:21] [INFO] (/home/redbarbe/public_html/telegram/webapps/action/select_sotr.php:17) Array
(
    [action] => select_sotr
    [club] => -
    [club_ip] => 178.151.119.180
)

[2026-03-24 16:52:21] [INFO] (/home/redbarbe/public_html/telegram/webapps/action/select_sotr.php:27) Array
(
    [0] => Array
        (
            [ROLE] => Тренер
            [ID] => 0717
            [NAME] => Єфремова Олександра
        )

    [1] => Array
        (
            [ROLE] => Тренер
            [ID] => 0707
            [NAME] => Андрияш Анна
        )

    [2] => Array
        (
            [ROLE] => Тренер
            [ID] => 0399
            [NAME] => Біліч Лариса
        )

    [3] => Array
        (
            [ROLE] => Тренер
            [ID] => 0302
            [NAME] => Барсегян Анна
        )

    [4] => Array
        (
            [ROLE] => Тренер
            [ID] => 0316
            [NAME] => Вєтрова Катя
        )

    [5] => Array
        (
            [ROLE] => Тренер
            [ID] => 0708
            [NAME] => Виноградов Александр
        )

    [6] => Array
        (
            [ROLE] => Администратор фитнеса
            [ID] => 0402
            [NAME] => Войтюк Мар'яна
        )

    [7] => Array
        (
            [ROLE] => Тренер
            [ID] => 0327
            [NAME] => Гармаш Владимир
        )

    [8] => Array
        (
            [ROLE] => Главний бухгалтер
            [ID] => 0902
            [NAME] => Глав. Бух.
        )

    [9] => Array
        (
            [ROLE] => Тренер
            [ID] => 0718
            [NAME] => Дворніков Дмитро 
        )

    [10] => Array
        (
            [ROLE] => Администратор фитнеса
            [ID] => 0101
            [NAME] => Дежурный
        )

    [11] => Array
        (
            [ROLE] => Администратор фитнеса
            [ID] => 0104
            [NAME] => Демченко Александра
        )

    [12] => Array
        (
            [ROLE] => Администратор фитнеса
            [ID] => 0102
            [NAME] => Дубинчук Наталья
        )

    [13] => Array
        (
            [ROLE] => Тренер
            [ID] => 0304
            [NAME] => Елецкая Светлана
        )

    [14] => Array
        (
            [ROLE] => Тренер
            [ID] => 0308
            [NAME] => Колесник Богдан
        )

    [15] => Array
        (
            [ROLE] => Тренер
            [ID] => 0312
            [NAME] => Крыжановский Павел
        )

    [16] => Array
        (
            [ROLE] => Тренер
            [ID] => 0313
            [NAME] => Кукурудзяк Руслан
        )

    [17] => Array
        (
            [ROLE] => Тренер
            [ID] => 0325
            [NAME] => Оруджева Юлія
        )

    [18] => Array
        (
            [ROLE] => Тренер
            [ID] => 0710
            [NAME] => Остафи Денис
        )

    [19] => Array
        (
            [ROLE] => Тренер
            [ID] => 0715
            [NAME] => Проломов Данил
        )

    [20] => Array
        (
            [ROLE] => Тренер
            [ID] => 0311
            [NAME] => Романовская Наталья
        )

    [21] => Array
        (
            [ROLE] => Администратор фитнеса
            [ID] => 0903
            [NAME] => Сванідзе Юлія 
        )

    [22] => Array
        (
            [ROLE] => Тренер
            [ID] => 0711
            [NAME] => Солянов Владислав
        )

    [23] => Array
        (
            [ROLE] => Тренер
            [ID] => 0326
            [NAME] => Тищенко Ольга
        )

    [24] => Array
        (
            [ROLE] => Тренер
            [ID] => 0310
            [NAME] => Фесенко Ира
        )

    [25] => Array
        (
            [ROLE] => Тренер
            [ID] => 0103
            [NAME] => Шевелько Руслан
        )

    [26] => Array
        (
            [ROLE] => Тренер
            [ID] => 0712
            [NAME] => Шевчук Вікторія
        )

    [27] => Array
        (
            [ROLE] => Головний адміністратор
            [ID] => 0901
            [NAME] => системный
        )

)

[2026-03-24 16:52:36] [INFO] (/home/redbarbe/public_html/telegram/webapps/action/ajax_get_tren.php:35) Array
(
    [0] => Array
        (
            [KOD] => 809700
            [TIME_FROM] => 10:00
            [TIME_TO] => 11:00               
            [CLIENTS_CNT] => 0
            [TOV_NAME] => Йога
            [ACC] => 0
            [CNTTRAN] => 0
            [CNTTRANRESERV] => 0
        )

    [1] => Array
        (
            [KOD] => 810320
            [TIME_FROM] => 18:00
            [TIME_TO] => 19:00               
            [CLIENTS_CNT] => 0
            [TOV_NAME] => Паркур Kids
            [ACC] => 0
            [CNTTRAN] => 0
            [CNTTRANRESERV] => 0
        )

    [2] => Array
        (
            [KOD] => 809855
            [TIME_FROM] => 19:00
            [TIME_TO] => 20:00               
            [CLIENTS_CNT] => 0
            [TOV_NAME] => Паркур
            [ACC] => 0
            [CNTTRAN] => 0
            [CNTTRANRESERV] => 0
        )

    [3] => Array
        (
            [KOD] => 810475
            [TIME_FROM] => 19:00
            [TIME_TO] => 20:00               
            [CLIENTS_CNT] => 0
            [TOV_NAME] => CrossActivity
            [ACC] => 0
            [CNTTRAN] => 0
            [CNTTRANRESERV] => 0
        )

    [4] => Array
        (
            [KOD] => 810630
            [TIME_FROM] => 19:00
            [TIME_TO] => 20:00               
            [CLIENTS_CNT] => 5
            [TOV_NAME] => Cycle
            [ACC] => 0
            [CNTTRAN] => 1
            [CNTTRANRESERV] => 0
        )

    [5] => Array
        (
            [KOD] => 810010
            [TIME_FROM] => 19:00
            [TIME_TO] => 20:00               
            [CLIENTS_CNT] => 0
            [TOV_NAME] => FitnessMix
            [ACC] => 0
            [CNTTRAN] => 1
            [CNTTRANRESERV] => 0
        )

    [6] => Array
        (
            [KOD] => 810165
            [TIME_FROM] => 19:00
            [TIME_TO] => 20:00               
            [CLIENTS_CNT] => 0
            [TOV_NAME] => Йога
            [ACC] => 0
            [CNTTRAN] => 0
            [CNTTRANRESERV] => 0
        )

)

[2026-03-24 16:52:36] [INFO] (/home/redbarbe/public_html/telegram/webapps/action/ajax_get_tren.php:61) Array
(
    [KOD] => 809700
    [TIME_FROM] => 10:00
    [TIME_TO] => 11:00               
    [CLIENTS_CNT] => 0
    [TOV_NAME] => Йога
    [ACC] => 0
    [CNTTRAN] => 0
    [CNTTRANRESERV] => 0
)

[2026-03-24 16:52:36] [INFO] (/home/redbarbe/public_html/telegram/webapps/action/ajax_get_tren.php:61) Array
(
    [KOD] => 810320
    [TIME_FROM] => 18:00
    [TIME_TO] => 19:00               
    [CLIENTS_CNT] => 0
    [TOV_NAME] => Паркур Kids
    [ACC] => 0
    [CNTTRAN] => 0
    [CNTTRANRESERV] => 0
)

[2026-03-24 16:52:36] [INFO] (/home/redbarbe/public_html/telegram/webapps/action/ajax_get_tren.php:61) Array
(
    [KOD] => 809855
    [TIME_FROM] => 19:00
    [TIME_TO] => 20:00               
    [CLIENTS_CNT] => 0
    [TOV_NAME] => Паркур
    [ACC] => 0
    [CNTTRAN] => 0
    [CNTTRANRESERV] => 0
)

[2026-03-24 16:52:36] [INFO] (/home/redbarbe/public_html/telegram/webapps/action/ajax_get_tren.php:61) Array
(
    [KOD] => 810475
    [TIME_FROM] => 19:00
    [TIME_TO] => 20:00               
    [CLIENTS_CNT] => 0
    [TOV_NAME] => CrossActivity
    [ACC] => 0
    [CNTTRAN] => 0
    [CNTTRANRESERV] => 0
)

[2026-03-24 16:52:36] [INFO] (/home/redbarbe/public_html/telegram/webapps/action/ajax_get_tren.php:61) Array
(
    [KOD] => 810630
    [TIME_FROM] => 19:00
    [TIME_TO] => 20:00               
    [CLIENTS_CNT] => 5
    [TOV_NAME] => Cycle
    [ACC] => 0
    [CNTTRAN] => 1
    [CNTTRANRESERV] => 0
)

[2026-03-24 16:52:36] [INFO] (/home/redbarbe/public_html/telegram/webapps/action/ajax_get_tren.php:61) Array
(
    [KOD] => 810010
    [TIME_FROM] => 19:00
    [TIME_TO] => 20:00               
    [CLIENTS_CNT] => 0
    [TOV_NAME] => FitnessMix
    [ACC] => 0
    [CNTTRAN] => 1
    [CNTTRANRESERV] => 0
)

[2026-03-24 16:52:36] [INFO] (/home/redbarbe/public_html/telegram/webapps/action/ajax_get_tren.php:61) Array
(
    [KOD] => 810165
    [TIME_FROM] => 19:00
    [TIME_TO] => 20:00               
    [CLIENTS_CNT] => 0
    [TOV_NAME] => Йога
    [ACC] => 0
    [CNTTRAN] => 0
    [CNTTRANRESERV] => 0
)

[2026-03-24 16:52:50] [INFO] (/home/redbarbe/public_html/telegram/webapps/action/ajax_get_tren.php:35) Array
(
    [0] => Array
        (
            [KOD] => 809700
            [TIME_FROM] => 10:00
            [TIME_TO] => 11:00               
            [CLIENTS_CNT] => 0
            [TOV_NAME] => Йога
            [ACC] => 0
            [CNTTRAN] => 0
            [CNTTRANRESERV] => 0
        )

    [1] => Array
        (
            [KOD] => 810320
            [TIME_FROM] => 18:00
            [TIME_TO] => 19:00               
            [CLIENTS_CNT] => 0
            [TOV_NAME] => Паркур Kids
            [ACC] => 0
            [CNTTRAN] => 0
            [CNTTRANRESERV] => 0
        )

    [2] => Array
        (
            [KOD] => 809855
            [TIME_FROM] => 19:00
            [TIME_TO] => 20:00               
            [CLIENTS_CNT] => 0
            [TOV_NAME] => Паркур
            [ACC] => 0
            [CNTTRAN] => 0
            [CNTTRANRESERV] => 0
        )

    [3] => Array
        (
            [KOD] => 810475
            [TIME_FROM] => 19:00
            [TIME_TO] => 20:00               
            [CLIENTS_CNT] => 0
            [TOV_NAME] => CrossActivity
            [ACC] => 0
            [CNTTRAN] => 0
            [CNTTRANRESERV] => 0
        )

    [4] => Array
        (
            [KOD] => 810630
            [TIME_FROM] => 19:00
            [TIME_TO] => 20:00               
            [CLIENTS_CNT] => 5
            [TOV_NAME] => Cycle
            [ACC] => 0
            [CNTTRAN] => 1
            [CNTTRANRESERV] => 0
        )

    [5] => Array
        (
            [KOD] => 810010
            [TIME_FROM] => 19:00
            [TIME_TO] => 20:00               
            [CLIENTS_CNT] => 0
            [TOV_NAME] => FitnessMix
            [ACC] => 0
            [CNTTRAN] => 1
            [CNTTRANRESERV] => 0
        )

    [6] => Array
        (
            [KOD] => 810165
            [TIME_FROM] => 19:00
            [TIME_TO] => 20:00               
            [CLIENTS_CNT] => 0
            [TOV_NAME] => Йога
            [ACC] => 0
            [CNTTRAN] => 0
            [CNTTRANRESERV] => 0
        )

)

[2026-03-24 16:52:50] [INFO] (/home/redbarbe/public_html/telegram/webapps/action/ajax_get_tren.php:61) Array
(
    [KOD] => 809700
    [TIME_FROM] => 10:00
    [TIME_TO] => 11:00               
    [CLIENTS_CNT] => 0
    [TOV_NAME] => Йога
    [ACC] => 0
    [CNTTRAN] => 0
    [CNTTRANRESERV] => 0
)

[2026-03-24 16:52:50] [INFO] (/home/redbarbe/public_html/telegram/webapps/action/ajax_get_tren.php:61) Array
(
    [KOD] => 810320
    [TIME_FROM] => 18:00
    [TIME_TO] => 19:00               
    [CLIENTS_CNT] => 0
    [TOV_NAME] => Паркур Kids
    [ACC] => 0
    [CNTTRAN] => 0
    [CNTTRANRESERV] => 0
)

[2026-03-24 16:52:50] [INFO] (/home/redbarbe/public_html/telegram/webapps/action/ajax_get_tren.php:61) Array
(
    [KOD] => 809855
    [TIME_FROM] => 19:00
    [TIME_TO] => 20:00               
    [CLIENTS_CNT] => 0
    [TOV_NAME] => Паркур
    [ACC] => 0
    [CNTTRAN] => 0
    [CNTTRANRESERV] => 0
)

[2026-03-24 16:52:50] [INFO] (/home/redbarbe/public_html/telegram/webapps/action/ajax_get_tren.php:61) Array
(
    [KOD] => 810475
    [TIME_FROM] => 19:00
    [TIME_TO] => 20:00               
    [CLIENTS_CNT] => 0
    [TOV_NAME] => CrossActivity
    [ACC] => 0
    [CNTTRAN] => 0
    [CNTTRANRESERV] => 0
)

[2026-03-24 16:52:50] [INFO] (/home/redbarbe/public_html/telegram/webapps/action/ajax_get_tren.php:61) Array
(
    [KOD] => 810630
    [TIME_FROM] => 19:00
    [TIME_TO] => 20:00               
    [CLIENTS_CNT] => 5
    [TOV_NAME] => Cycle
    [ACC] => 0
    [CNTTRAN] => 1
    [CNTTRANRESERV] => 0
)

[2026-03-24 16:52:50] [INFO] (/home/redbarbe/public_html/telegram/webapps/action/ajax_get_tren.php:61) Array
(
    [KOD] => 810010
    [TIME_FROM] => 19:00
    [TIME_TO] => 20:00               
    [CLIENTS_CNT] => 0
    [TOV_NAME] => FitnessMix
    [ACC] => 0
    [CNTTRAN] => 1
    [CNTTRANRESERV] => 0
)

[2026-03-24 16:52:50] [INFO] (/home/redbarbe/public_html/telegram/webapps/action/ajax_get_tren.php:61) Array
(
    [KOD] => 810165
    [TIME_FROM] => 19:00
    [TIME_TO] => 20:00               
    [CLIENTS_CNT] => 0
    [TOV_NAME] => Йога
    [ACC] => 0
    [CNTTRAN] => 0
    [CNTTRANRESERV] => 0
)

[2026-03-24 16:52:57] [INFO] (/home/redbarbe/public_html/telegram/webapps/action/ajax_get_tren.php:35) Array
(
    [0] => Array
        (
            [KOD] => 809700
            [TIME_FROM] => 10:00
            [TIME_TO] => 11:00               
            [CLIENTS_CNT] => 0
            [TOV_NAME] => Йога
            [ACC] => 0
            [CNTTRAN] => 0
            [CNTTRANRESERV] => 0
        )

    [1] => Array
        (
            [KOD] => 810320
            [TIME_FROM] => 18:00
            [TIME_TO] => 19:00               
            [CLIENTS_CNT] => 0
            [TOV_NAME] => Паркур Kids
            [ACC] => 0
            [CNTTRAN] => 0
            [CNTTRANRESERV] => 0
        )

    [2] => Array
        (
            [KOD] => 809855
            [TIME_FROM] => 19:00
            [TIME_TO] => 20:00               
            [CLIENTS_CNT] => 0
            [TOV_NAME] => Паркур
            [ACC] => 0
            [CNTTRAN] => 0
            [CNTTRANRESERV] => 0
        )

    [3] => Array
        (
            [KOD] => 810475
            [TIME_FROM] => 19:00
            [TIME_TO] => 20:00               
            [CLIENTS_CNT] => 0
            [TOV_NAME] => CrossActivity
            [ACC] => 0
            [CNTTRAN] => 0
            [CNTTRANRESERV] => 0
        )

    [4] => Array
        (
            [KOD] => 810630
            [TIME_FROM] => 19:00
            [TIME_TO] => 20:00               
            [CLIENTS_CNT] => 5
            [TOV_NAME] => Cycle
            [ACC] => 0
            [CNTTRAN] => 1
            [CNTTRANRESERV] => 0
        )

    [5] => Array
        (
            [KOD] => 810010
            [TIME_FROM] => 19:00
            [TIME_TO] => 20:00               
            [CLIENTS_CNT] => 0
            [TOV_NAME] => FitnessMix
            [ACC] => 0
            [CNTTRAN] => 1
            [CNTTRANRESERV] => 0
        )

    [6] => Array
        (
            [KOD] => 810165
            [TIME_FROM] => 19:00
            [TIME_TO] => 20:00               
            [CLIENTS_CNT] => 0
            [TOV_NAME] => Йога
            [ACC] => 0
            [CNTTRAN] => 0
            [CNTTRANRESERV] => 0
        )

)

[2026-03-24 16:52:57] [INFO] (/home/redbarbe/public_html/telegram/webapps/action/ajax_get_tren.php:61) Array
(
    [KOD] => 809700
    [TIME_FROM] => 10:00
    [TIME_TO] => 11:00               
    [CLIENTS_CNT] => 0
    [TOV_NAME] => Йога
    [ACC] => 0
    [CNTTRAN] => 0
    [CNTTRANRESERV] => 0
)

[2026-03-24 16:52:57] [INFO] (/home/redbarbe/public_html/telegram/webapps/action/ajax_get_tren.php:61) Array
(
    [KOD] => 810320
    [TIME_FROM] => 18:00
    [TIME_TO] => 19:00               
    [CLIENTS_CNT] => 0
    [TOV_NAME] => Паркур Kids
    [ACC] => 0
    [CNTTRAN] => 0
    [CNTTRANRESERV] => 0
)

[2026-03-24 16:52:57] [INFO] (/home/redbarbe/public_html/telegram/webapps/action/ajax_get_tren.php:61) Array
(
    [KOD] => 809855
    [TIME_FROM] => 19:00
    [TIME_TO] => 20:00               
    [CLIENTS_CNT] => 0
    [TOV_NAME] => Паркур
    [ACC] => 0
    [CNTTRAN] => 0
    [CNTTRANRESERV] => 0
)

[2026-03-24 16:52:57] [INFO] (/home/redbarbe/public_html/telegram/webapps/action/ajax_get_tren.php:61) Array
(
    [KOD] => 810475
    [TIME_FROM] => 19:00
    [TIME_TO] => 20:00               
    [CLIENTS_CNT] => 0
    [TOV_NAME] => CrossActivity
    [ACC] => 0
    [CNTTRAN] => 0
    [CNTTRANRESERV] => 0
)

[2026-03-24 16:52:57] [INFO] (/home/redbarbe/public_html/telegram/webapps/action/ajax_get_tren.php:61) Array
(
    [KOD] => 810630
    [TIME_FROM] => 19:00
    [TIME_TO] => 20:00               
    [CLIENTS_CNT] => 5
    [TOV_NAME] => Cycle
    [ACC] => 0
    [CNTTRAN] => 1
    [CNTTRANRESERV] => 0
)

[2026-03-24 16:52:57] [INFO] (/home/redbarbe/public_html/telegram/webapps/action/ajax_get_tren.php:61) Array
(
    [KOD] => 810010
    [TIME_FROM] => 19:00
    [TIME_TO] => 20:00               
    [CLIENTS_CNT] => 0
    [TOV_NAME] => FitnessMix
    [ACC] => 0
    [CNTTRAN] => 1
    [CNTTRANRESERV] => 0
)

[2026-03-24 16:52:57] [INFO] (/home/redbarbe/public_html/telegram/webapps/action/ajax_get_tren.php:61) Array
(
    [KOD] => 810165
    [TIME_FROM] => 19:00
    [TIME_TO] => 20:00               
    [CLIENTS_CNT] => 0
    [TOV_NAME] => Йога
    [ACC] => 0
    [CNTTRAN] => 0
    [CNTTRANRESERV] => 0
)

[2026-03-24 16:58:11] [INFO] (/home/redbarbe/public_html/telegram/webapps/action/select_sotr.php:17) Array
(
    [action] => select_sotr
    [club] => -
    [club_ip] => 178.158.212.173
)

[2026-03-24 16:58:11] [INFO] (/home/redbarbe/public_html/telegram/webapps/action/select_sotr.php:27) Array
(
    [0] => Array
        (
            [ROLE] => Администратор фитнеса
            [ID] => 0102
            [NAME] => -
        )

    [1] => Array
        (
            [ROLE] => Тренер
            [ID] => 0303
            [NAME] => -
        )

    [2] => Array
        (
            [ROLE] => Тренер
            [ID] => 0305
            [NAME] => -
        )

    [3] => Array
        (
            [ROLE] => Тренер
            [ID] => 0307
            [NAME] => -
        )

    [4] => Array
        (
            [ROLE] => Тренер
            [ID] => 0311
            [NAME] => -
        )

    [5] => Array
        (
            [ROLE] => Тренер
            [ID] => 0317
            [NAME] => -
        )

    [6] => Array
        (
            [ROLE] => Тренер
            [ID] => 0320
            [NAME] => -
        )

    [7] => Array
        (
            [ROLE] => Тренер
            [ID] => 0323
            [NAME] => -
        )

    [8] => Array
        (
            [ROLE] => Тренер
            [ID] => 0325
            [NAME] => -
        )

    [9] => Array
        (
            [ROLE] => Тренер
            [ID] => 0321
            [NAME] => Афанасьев Радион
        )

    [10] => Array
        (
            [ROLE] => Тренер
            [ID] => 0708
            [NAME] => Баранников Артем
        )

    [11] => Array
        (
            [ROLE] => Тренер
            [ID] => 0308
            [NAME] => Божкова Світлана
        )

    [12] => Array
        (
            [ROLE] => Тренер
            [ID] => 0302
            [NAME] => Борисюк Богдан
        )

    [13] => Array
        (
            [ROLE] => Тренер
            [ID] => 0327
            [NAME] => Вороновська Анастасія
        )

    [14] => Array
        (
            [ROLE] => Тренер
            [ID] => 0714
            [NAME] => Герасименко Татьяна
        )

    [15] => Array
        (
            [ROLE] => Главний бухгалтер
            [ID] => 0902
            [NAME] => Глав. Бух.
        )

    [16] => Array
        (
            [ROLE] => Администратор фитнеса
            [ID] => 0101
            [NAME] => Дежурный
        )

    [17] => Array
        (
            [ROLE] => Тренер
            [ID] => 0314
            [NAME] => Диденко Алексей
        )

    [18] => Array
        (
            [ROLE] => Тренер
            [ID] => 0331
            [NAME] => Драба Анастасия
        )

    [19] => Array
        (
            [ROLE] => Тренер
            [ID] => 0112
            [NAME] => Егоров Александр
        )

    [20] => Array
        (
            [ROLE] => Тренер
            [ID] => 0304
            [NAME] => Иванчик Руслан
        )

    [21] => Array
        (
            [ROLE] => Тренер
            [ID] => 0717
            [NAME] => Козак Віктор
        )

    [22] => Array
        (
            [ROLE] => Тренер
            [ID] => 0707
            [NAME] => Кравченко Анісія
        )

    [23] => Array
        (
            [ROLE] => Тренер
            [ID] => 0815
            [NAME] => Красовський Ілля
        )

    [24] => Array
        (
            [ROLE] => Тренер
            [ID] => 0312
            [NAME] => Крыжановский Павел
        )

    [25] => Array
        (
            [ROLE] => Тренер
            [ID] => 0313
            [NAME] => Кукурудзяк Руслан
        )

    [26] => Array
        (
            [ROLE] => Тренер
            [ID] => 0330
            [NAME] => Лещишак Анастасія
        )

    [27] => Array
        (
            [ROLE] => Администратор фитнеса
            [ID] => 0103
            [NAME] => Мірко Анна
        )

    [28] => Array
        (
            [ROLE] => Тренер
            [ID] => 0715
            [NAME] => Максим Лещишак
        )

    [29] => Array
        (
            [ROLE] => Тренер
            [ID] => 0710
            [NAME] => Мельник Назар
        )

    [30] => Array
        (
            [ROLE] => Тренер
            [ID] => 0324
            [NAME] => Мошенець Анна
        )

    [31] => Array
        (
            [ROLE] => Тренер
            [ID] => 0328
            [NAME] => Никитюк Никита
        )

    [32] => Array
        (
            [ROLE] => Тренер
            [ID] => 0301
            [NAME] => Новіцька Діана
        )

    [33] => Array
        (
            [ROLE] => Администратор фитнеса
            [ID] => 0400
            [NAME] => Ольга Ващук
        )

    [34] => Array
        (
            [ROLE] => Тренер
            [ID] => 0319
            [NAME] => Пономаренко Оксана
        )

    [35] => Array
        (
            [ROLE] => Администратор фитнеса
            [ID] => 0402
            [NAME] => Потураєва Катя
        )

    [36] => Array
        (
            [ROLE] => Тренер
            [ID] => 0326
            [NAME] => Рац Лілія
        )

    [37] => Array
        (
            [ROLE] => Тренер
            [ID] => 0713
            [NAME] => Романова Світлана
        )

    [38] => Array
        (
            [ROLE] => Тренер
            [ID] => 0310
            [NAME] => Степанець Андрій
        )

    [39] => Array
        (
            [ROLE] => Тренер
            [ID] => 0718
            [NAME] => Трофименко Иван
        )

    [40] => Array
        (
            [ROLE] => Тренер
            [ID] => 0719
            [NAME] => Хмарский Денис
        )

    [41] => Array
        (
            [ROLE] => Администратор фитнеса
            [ID] => 0104
            [NAME] => Чередніченко Поліна
        )

    [42] => Array
        (
            [ROLE] => Тренер
            [ID] => 0711
            [NAME] => Чорнобай Дмитро
        )

    [43] => Array
        (
            [ROLE] => Тренер
            [ID] => 0712
            [NAME] => Шанько Яна
        )

    [44] => Array
        (
            [ROLE] => Тренер
            [ID] => 0329
            [NAME] => Шульга Стас
        )

    [45] => Array
        (
            [ROLE] => Администратор фитнеса
            [ID] => 0401
            [NAME] => Юлия Воєвода 
        )

    [46] => Array
        (
            [ROLE] => Тренер
            [ID] => 0309
            [NAME] => ол
        )

    [47] => Array
        (
            [ROLE] => Головний адміністратор
            [ID] => 0901
            [NAME] => системный
        )

)

[2026-03-24 16:58:59] [INFO] (/home/redbarbe/public_html/telegram/webapps/action/select_sotr.php:17) Array
(
    [action] => select_sotr
    [club] => -
    [club_ip] => 178.151.119.180
)

[2026-03-24 16:59:00] [INFO] (/home/redbarbe/public_html/telegram/webapps/action/select_sotr.php:27) Array
(
    [0] => Array
        (
            [ROLE] => Тренер
            [ID] => 0717
            [NAME] => Єфремова Олександра
        )

    [1] => Array
        (
            [ROLE] => Тренер
            [ID] => 0707
            [NAME] => Андрияш Анна
        )

    [2] => Array
        (
            [ROLE] => Тренер
            [ID] => 0399
            [NAME] => Біліч Лариса
        )

    [3] => Array
        (
            [ROLE] => Тренер
            [ID] => 0302
            [NAME] => Барсегян Анна
        )

    [4] => Array
        (
            [ROLE] => Тренер
            [ID] => 0316
            [NAME] => Вєтрова Катя
        )

    [5] => Array
        (
            [ROLE] => Тренер
            [ID] => 0708
            [NAME] => Виноградов Александр
        )

    [6] => Array
        (
            [ROLE] => Администратор фитнеса
            [ID] => 0402
            [NAME] => Войтюк Мар'яна
        )

    [7] => Array
        (
            [ROLE] => Тренер
            [ID] => 0327
            [NAME] => Гармаш Владимир
        )

    [8] => Array
        (
            [ROLE] => Главний бухгалтер
            [ID] => 0902
            [NAME] => Глав. Бух.
        )

    [9] => Array
        (
            [ROLE] => Тренер
            [ID] => 0718
            [NAME] => Дворніков Дмитро 
        )

    [10] => Array
        (
            [ROLE] => Администратор фитнеса
            [ID] => 0101
            [NAME] => Дежурный
        )

    [11] => Array
        (
            [ROLE] => Администратор фитнеса
            [ID] => 0104
            [NAME] => Демченко Александра
        )

    [12] => Array
        (
            [ROLE] => Администратор фитнеса
            [ID] => 0102
            [NAME] => Дубинчук Наталья
        )

    [13] => Array
        (
            [ROLE] => Тренер
            [ID] => 0304
            [NAME] => Елецкая Светлана
        )

    [14] => Array
        (
            [ROLE] => Тренер
            [ID] => 0308
            [NAME] => Колесник Богдан
        )

    [15] => Array
        (
            [ROLE] => Тренер
            [ID] => 0312
            [NAME] => Крыжановский Павел
        )

    [16] => Array
        (
            [ROLE] => Тренер
            [ID] => 0313
            [NAME] => Кукурудзяк Руслан
        )

    [17] => Array
        (
            [ROLE] => Тренер
            [ID] => 0325
            [NAME] => Оруджева Юлія
        )

    [18] => Array
        (
            [ROLE] => Тренер
            [ID] => 0710
            [NAME] => Остафи Денис
        )

    [19] => Array
        (
            [ROLE] => Тренер
            [ID] => 0715
            [NAME] => Проломов Данил
        )

    [20] => Array
        (
            [ROLE] => Тренер
            [ID] => 0311
            [NAME] => Романовская Наталья
        )

    [21] => Array
        (
            [ROLE] => Администратор фитнеса
            [ID] => 0903
            [NAME] => Сванідзе Юлія 
        )

    [22] => Array
        (
            [ROLE] => Тренер
            [ID] => 0711
            [NAME] => Солянов Владислав
        )

    [23] => Array
        (
            [ROLE] => Тренер
            [ID] => 0326
            [NAME] => Тищенко Ольга
        )

    [24] => Array
        (
            [ROLE] => Тренер
            [ID] => 0310
            [NAME] => Фесенко Ира
        )

    [25] => Array
        (
            [ROLE] => Тренер
            [ID] => 0103
            [NAME] => Шевелько Руслан
        )

    [26] => Array
        (
            [ROLE] => Тренер
            [ID] => 0712
            [NAME] => Шевчук Вікторія
        )

    [27] => Array
        (
            [ROLE] => Головний адміністратор
            [ID] => 0901
            [NAME] => системный
        )

)

[2026-03-24 16:59:18] [INFO] (/home/redbarbe/public_html/telegram/webapps/action/select_sotr.php:17) Array
(
    [action] => select_sotr
    [club] => -
    [club_ip] => 193.194.107.2
)

[2026-03-24 16:59:18] [INFO] (/home/redbarbe/public_html/telegram/webapps/action/select_sotr.php:27) Array
(
    [0] => Array
        (
            [ROLE] => Тренер
            [ID] => 0302
            [NAME] => Брагин Денис
        )

    [1] => Array
        (
            [ROLE] => Тренер
            [ID] => 0323
            [NAME] => Букач Олег
        )

    [2] => Array
        (
            [ROLE] => Администратор фитнеса
            [ID] => 0103
            [NAME] => Бухтеева Ангелина
        )

    [3] => Array
        (
            [ROLE] => Тренер
            [ID] => 0350
            [NAME] => Воротинцева Анастасия
        )

    [4] => Array
        (
            [ROLE] => Главний бухгалтер
            [ID] => 0902
            [NAME] => Глав. Бух.
        )

    [5] => Array
        (
            [ROLE] => Тренер
            [ID] => 0304
            [NAME] => Данильченко Антон
        )

    [6] => Array
        (
            [ROLE] => Тренер
            [ID] => 0331
            [NAME] => Еднак Назар
        )

    [7] => Array
        (
            [ROLE] => Тренер
            [ID] => 0301
            [NAME] => Ивашина Анастасия
        )

    [8] => Array
        (
            [ROLE] => Тренер
            [ID] => 0328
            [NAME] => Ивашко Евгений
        )

    [9] => Array
        (
            [ROLE] => Тренер
            [ID] => 0307
            [NAME] => Колесник Ирина
        )

    [10] => Array
        (
            [ROLE] => Тренер
            [ID] => 0319
            [NAME] => Компричевська Таня
        )

    [11] => Array
        (
            [ROLE] => Тренер
            [ID] => 0326
            [NAME] => Корпан Анжелика
        )

    [12] => Array
        (
            [ROLE] => Тренер
            [ID] => 0312
            [NAME] => Крыжановский Павел
        )

    [13] => Array
        (
            [ROLE] => Тренер
            [ID] => 0313
            [NAME] => Кукурудзяк Руслан
        )

    [14] => Array
        (
            [ROLE] => Тренер
            [ID] => 0310
            [NAME] => Кушнир Андрей
        )

    [15] => Array
        (
            [ROLE] => Тренер
            [ID] => 0315
            [NAME] => Ломака Дмитро
        )

    [16] => Array
        (
            [ROLE] => Администратор фитнеса
            [ID] => 0101
            [NAME] => Мамай Вероніка
        )

    [17] => Array
        (
            [ROLE] => Тренер
            [ID] => 0324
            [NAME] => Нечаева Анастасия
        )

    [18] => Array
        (
            [ROLE] => Тренер
            [ID] => 0318
            [NAME] => Попова Анна
        )

    [19] => Array
        (
            [ROLE] => Тренер
            [ID] => 0311
            [NAME] => Резанов Александр
        )

    [20] => Array
        (
            [ROLE] => Администратор фитнеса
            [ID] => 0333
            [NAME] => Розколодько Марина
        )

    [21] => Array
        (
            [ROLE] => Тренер
            [ID] => 192
            [NAME] => Смишляк Денис
        )

    [22] => Array
        (
            [ROLE] => Администратор фитнеса
            [ID] => 0104
            [NAME] => Тихонюк Дарина Анатоліївна
        )

    [23] => Array
        (
            [ROLE] => Тренер
            [ID] => 0316
            [NAME] => Федащин Артур
        )

    [24] => Array
        (
            [ROLE] => Тренер
            [ID] => 0305
            [NAME] => Фортуна Дмитрий
        )

    [25] => Array
        (
            [ROLE] => Тренер
            [ID] => 0321
            [NAME] => Черняк Владислав
        )

    [26] => Array
        (
            [ROLE] => Головний адміністратор
            [ID] => 0901
            [NAME] => системный
        )

)

[2026-03-24 17:01:25] [INFO] (/home/redbarbe/public_html/telegram/webapps/action/ajax_get_tren.php:35) Array
(
    [0] => Array
        (
            [KOD] => 809700
            [TIME_FROM] => 10:00
            [TIME_TO] => 11:00               
            [CLIENTS_CNT] => 0
            [TOV_NAME] => Йога
            [ACC] => 0
            [CNTTRAN] => 0
            [CNTTRANRESERV] => 0
        )

    [1] => Array
        (
            [KOD] => 810320
            [TIME_FROM] => 18:00
            [TIME_TO] => 19:00               
            [CLIENTS_CNT] => 0
            [TOV_NAME] => Паркур Kids
            [ACC] => 0
            [CNTTRAN] => 0
            [CNTTRANRESERV] => 0
        )

    [2] => Array
        (
            [KOD] => 809855
            [TIME_FROM] => 19:00
            [TIME_TO] => 20:00               
            [CLIENTS_CNT] => 0
            [TOV_NAME] => Паркур
            [ACC] => 0
            [CNTTRAN] => 0
            [CNTTRANRESERV] => 0
        )

    [3] => Array
        (
            [KOD] => 810475
            [TIME_FROM] => 19:00
            [TIME_TO] => 20:00               
            [CLIENTS_CNT] => 0
            [TOV_NAME] => CrossActivity
            [ACC] => 0
            [CNTTRAN] => 0
            [CNTTRANRESERV] => 0
        )

    [4] => Array
        (
            [KOD] => 810630
            [TIME_FROM] => 19:00
            [TIME_TO] => 20:00               
            [CLIENTS_CNT] => 5
            [TOV_NAME] => Cycle
            [ACC] => 11011
            [CNTTRAN] => 1
            [CNTTRANRESERV] => 0
        )

    [5] => Array
        (
            [KOD] => 810010
            [TIME_FROM] => 19:00
            [TIME_TO] => 20:00               
            [CLIENTS_CNT] => 0
            [TOV_NAME] => FitnessMix
            [ACC] => 0
            [CNTTRAN] => 1
            [CNTTRANRESERV] => 0
        )

    [6] => Array
        (
            [KOD] => 810165
            [TIME_FROM] => 19:00
            [TIME_TO] => 20:00               
            [CLIENTS_CNT] => 0
            [TOV_NAME] => Йога
            [ACC] => 0
            [CNTTRAN] => 0
            [CNTTRANRESERV] => 0
        )

)

[2026-03-24 17:01:25] [INFO] (/home/redbarbe/public_html/telegram/webapps/action/ajax_get_tren.php:61) Array
(
    [KOD] => 809700
    [TIME_FROM] => 10:00
    [TIME_TO] => 11:00               
    [CLIENTS_CNT] => 0
    [TOV_NAME] => Йога
    [ACC] => 0
    [CNTTRAN] => 0
    [CNTTRANRESERV] => 0
)

[2026-03-24 17:01:25] [INFO] (/home/redbarbe/public_html/telegram/webapps/action/ajax_get_tren.php:61) Array
(
    [KOD] => 810320
    [TIME_FROM] => 18:00
    [TIME_TO] => 19:00               
    [CLIENTS_CNT] => 0
    [TOV_NAME] => Паркур Kids
    [ACC] => 0
    [CNTTRAN] => 0
    [CNTTRANRESERV] => 0
)

[2026-03-24 17:01:25] [INFO] (/home/redbarbe/public_html/telegram/webapps/action/ajax_get_tren.php:61) Array
(
    [KOD] => 809855
    [TIME_FROM] => 19:00
    [TIME_TO] => 20:00               
    [CLIENTS_CNT] => 0
    [TOV_NAME] => Паркур
    [ACC] => 0
    [CNTTRAN] => 0
    [CNTTRANRESERV] => 0
)

[2026-03-24 17:01:25] [INFO] (/home/redbarbe/public_html/telegram/webapps/action/ajax_get_tren.php:61) Array
(
    [KOD] => 810475
    [TIME_FROM] => 19:00
    [TIME_TO] => 20:00               
    [CLIENTS_CNT] => 0
    [TOV_NAME] => CrossActivity
    [ACC] => 0
    [CNTTRAN] => 0
    [CNTTRANRESERV] => 0
)

[2026-03-24 17:01:25] [INFO] (/home/redbarbe/public_html/telegram/webapps/action/ajax_get_tren.php:61) Array
(
    [KOD] => 810630
    [TIME_FROM] => 19:00
    [TIME_TO] => 20:00               
    [CLIENTS_CNT] => 5
    [TOV_NAME] => Cycle
    [ACC] => 11011
    [CNTTRAN] => 1
    [CNTTRANRESERV] => 0
)

[2026-03-24 17:01:25] [INFO] (/home/redbarbe/public_html/telegram/webapps/action/ajax_get_tren.php:61) Array
(
    [KOD] => 810010
    [TIME_FROM] => 19:00
    [TIME_TO] => 20:00               
    [CLIENTS_CNT] => 0
    [TOV_NAME] => FitnessMix
    [ACC] => 0
    [CNTTRAN] => 1
    [CNTTRANRESERV] => 0
)

[2026-03-24 17:01:25] [INFO] (/home/redbarbe/public_html/telegram/webapps/action/ajax_get_tren.php:61) Array
(
    [KOD] => 810165
    [TIME_FROM] => 19:00
    [TIME_TO] => 20:00               
    [CLIENTS_CNT] => 0
    [TOV_NAME] => Йога
    [ACC] => 0
    [CNTTRAN] => 0
    [CNTTRANRESERV] => 0
)

[2026-03-24 17:13:29] [INFO] (/home/redbarbe/public_html/telegram/webapps/action/hist_ost_poslug.php:19) SELECT a.name FROM `spr_acc` a, spr_users u WHERE u.active_account=a.acc and u.chat_id=a.chat_id and a.acc=13419 
and u.club=(select id from spr_clubs where ip_club="178.151.119.180") limit 1
[2026-03-24 17:13:29] [INFO] (/home/redbarbe/public_html/telegram/webapps/action/hist_ost_poslug.php:20) hist_ost_poslug
[2026-03-24 17:13:29] [INFO] (/home/redbarbe/public_html/telegram/webapps/action/hist_ost_poslug.php:111) Array
(
    [acc] => 13419
    [command] => GET_OST_POSLUG_ACC
)

[2026-03-24 17:13:29] [INFO] (/home/redbarbe/public_html/telegram/webapps/action/hist_ost_poslug.php:112) ip=178.151.119.180
[2026-03-24 17:14:14] [INFO] (/home/redbarbe/public_html/telegram/webapps/action/hist_ind.php:16) SELECT a.name FROM `spr_acc` a, spr_users u WHERE u.active_account=a.acc and u.chat_id=a.chat_id and a.acc=13419 
and u.club=(select id from spr_clubs where ip_club="178.151.119.180") limit 1
[2026-03-24 17:14:14] [INFO] (/home/redbarbe/public_html/telegram/webapps/action/hist_ind.php:17) hist_grp
[2026-03-24 17:14:14] [INFO] (/home/redbarbe/public_html/telegram/webapps/action/hist_ind.php:108) Array
(
    [dbeg] => 24.12.2025
    [dend] => today
    [acc] => 13419
    [command] => get_ind_history
)

[2026-03-24 17:14:14] [INFO] (/home/redbarbe/public_html/telegram/webapps/action/hist_ind.php:109) ip=178.151.119.180
[2026-03-24 17:14:16] [INFO] (/home/redbarbe/public_html/telegram/webapps/action/hist_grp.php:16) SELECT a.name FROM `spr_acc` a, spr_users u WHERE u.active_account=a.acc and u.chat_id=a.chat_id and a.acc=13419 
and u.club=(select id from spr_clubs where ip_club="178.151.119.180") limit 1
[2026-03-24 17:14:16] [INFO] (/home/redbarbe/public_html/telegram/webapps/action/hist_grp.php:17) hist_grp
[2026-03-24 17:14:16] [INFO] (/home/redbarbe/public_html/telegram/webapps/action/hist_grp.php:108) Array
(
    [dbeg] => 24.12.2025
    [dend] => today
    [acc] => 13419
    [command] => get_grp_history
)

[2026-03-24 17:14:16] [INFO] (/home/redbarbe/public_html/telegram/webapps/action/hist_grp.php:109) ip=178.151.119.180
[2026-03-24 17:19:00] [INFO] (/home/redbarbe/public_html/telegram/webapps/action/ajax_get_tren.php:35) Array
(
    [0] => Array
        (
            [KOD] => 834040
            [TIME_FROM] => 10:00
            [TIME_TO] => 11:00               
            [CLIENTS_CNT] => 0
            [TOV_NAME] => Body Training
            [ACC] => 0
            [CNTTRAN] => 0
            [CNTTRANRESERV] => 0
        )

    [1] => Array
        (
            [KOD] => 833422
            [TIME_FROM] => 10:00
            [TIME_TO] => 11:00               
            [CLIENTS_CNT] => 0
            [TOV_NAME] => Stretching
            [ACC] => 0
            [CNTTRAN] => 0
            [CNTTRANRESERV] => 0
        )

    [2] => Array
        (
            [KOD] => 833834
            [TIME_FROM] => 18:00
            [TIME_TO] => 19:00               
            [CLIENTS_CNT] => 0
            [TOV_NAME] => Кiкбоксинг
            [ACC] => 0
            [CNTTRAN] => 0
            [CNTTRANRESERV] => 0
        )

    [3] => Array
        (
            [KOD] => 833525
            [TIME_FROM] => 19:00
            [TIME_TO] => 20:00               
            [CLIENTS_CNT] => 0
            [TOV_NAME] => Body Training
            [ACC] => 0
            [CNTTRAN] => 0
            [CNTTRANRESERV] => 0
        )

    [4] => Array
        (
            [KOD] => 833319
            [TIME_FROM] => 19:00
            [TIME_TO] => 20:00               
            [CLIENTS_CNT] => 0
            [TOV_NAME] => Кругове тренування
            [ACC] => 0
            [CNTTRAN] => 0
            [CNTTRANRESERV] => 0
        )

    [5] => Array
        (
            [KOD] => 833628
            [TIME_FROM] => 19:30
            [TIME_TO] => 20:30               
            [CLIENTS_CNT] => 0
            [TOV_NAME] => Акробатика Kids
            [ACC] => 0
            [CNTTRAN] => 0
            [CNTTRANRESERV] => 0
        )

    [6] => Array
        (
            [KOD] => 833937
            [TIME_FROM] => 20:00
            [TIME_TO] => 21:00               
            [CLIENTS_CNT] => 0
            [TOV_NAME] => Степ-аеробіка
            [ACC] => 0
            [CNTTRAN] => 0
            [CNTTRANRESERV] => 0
        )

    [7] => Array
        (
            [KOD] => 833731
            [TIME_FROM] => 20:30
            [TIME_TO] => 21:30               
            [CLIENTS_CNT] => 0
            [TOV_NAME] => Акробатика
            [ACC] => 0
            [CNTTRAN] => 0
            [CNTTRANRESERV] => 0
        )

)

[2026-03-24 17:19:00] [INFO] (/home/redbarbe/public_html/telegram/webapps/action/ajax_get_tren.php:61) Array
(
    [KOD] => 834040
    [TIME_FROM] => 10:00
    [TIME_TO] => 11:00               
    [CLIENTS_CNT] => 0
    [TOV_NAME] => Body Training
    [ACC] => 0
    [CNTTRAN] => 0
    [CNTTRANRESERV] => 0
)

[2026-03-24 17:19:00] [INFO] (/home/redbarbe/public_html/telegram/webapps/action/ajax_get_tren.php:61) Array
(
    [KOD] => 833422
    [TIME_FROM] => 10:00
    [TIME_TO] => 11:00               
    [CLIENTS_CNT] => 0
    [TOV_NAME] => Stretching
    [ACC] => 0
    [CNTTRAN] => 0
    [CNTTRANRESERV] => 0
)

[2026-03-24 17:19:00] [INFO] (/home/redbarbe/public_html/telegram/webapps/action/ajax_get_tren.php:61) Array
(
    [KOD] => 833834
    [TIME_FROM] => 18:00
    [TIME_TO] => 19:00               
    [CLIENTS_CNT] => 0
    [TOV_NAME] => Кiкбоксинг
    [ACC] => 0
    [CNTTRAN] => 0
    [CNTTRANRESERV] => 0
)

[2026-03-24 17:19:00] [INFO] (/home/redbarbe/public_html/telegram/webapps/action/ajax_get_tren.php:61) Array
(
    [KOD] => 833525
    [TIME_FROM] => 19:00
    [TIME_TO] => 20:00               
    [CLIENTS_CNT] => 0
    [TOV_NAME] => Body Training
    [ACC] => 0
    [CNTTRAN] => 0
    [CNTTRANRESERV] => 0
)

[2026-03-24 17:19:00] [INFO] (/home/redbarbe/public_html/telegram/webapps/action/ajax_get_tren.php:61) Array
(
    [KOD] => 833319
    [TIME_FROM] => 19:00
    [TIME_TO] => 20:00               
    [CLIENTS_CNT] => 0
    [TOV_NAME] => Кругове тренування
    [ACC] => 0
    [CNTTRAN] => 0
    [CNTTRANRESERV] => 0
)

[2026-03-24 17:19:00] [INFO] (/home/redbarbe/public_html/telegram/webapps/action/ajax_get_tren.php:61) Array
(
    [KOD] => 833628
    [TIME_FROM] => 19:30
    [TIME_TO] => 20:30               
    [CLIENTS_CNT] => 0
    [TOV_NAME] => Акробатика Kids
    [ACC] => 0
    [CNTTRAN] => 0
    [CNTTRANRESERV] => 0
)

[2026-03-24 17:19:00] [INFO] (/home/redbarbe/public_html/telegram/webapps/action/ajax_get_tren.php:61) Array
(
    [KOD] => 833937
    [TIME_FROM] => 20:00
    [TIME_TO] => 21:00               
    [CLIENTS_CNT] => 0
    [TOV_NAME] => Степ-аеробіка
    [ACC] => 0
    [CNTTRAN] => 0
    [CNTTRANRESERV] => 0
)

[2026-03-24 17:19:00] [INFO] (/home/redbarbe/public_html/telegram/webapps/action/ajax_get_tren.php:61) Array
(
    [KOD] => 833731
    [TIME_FROM] => 20:30
    [TIME_TO] => 21:30               
    [CLIENTS_CNT] => 0
    [TOV_NAME] => Акробатика
    [ACC] => 0
    [CNTTRAN] => 0
    [CNTTRANRESERV] => 0
)

[2026-03-24 17:22:18] [INFO] (/home/redbarbe/public_html/telegram/webapps/action/ajax_get_tren.php:35) Array
(
    [0] => Array
        (
            [KOD] => 857496
            [TIME_FROM] => 09:00
            [TIME_TO] => 10:00               
            [CLIENTS_CNT] => 0
            [TOV_NAME] => Пілатес
            [ACC] => 0
            [CNTTRAN] => 0
            [CNTTRANRESERV] => 0
        )

    [1] => Array
        (
            [KOD] => 857704
            [TIME_FROM] => 18:00
            [TIME_TO] => 19:00               
            [CLIENTS_CNT] => 0
            [TOV_NAME] => F.B.T. (Fat burn traning)
            [ACC] => 86
            [CNTTRAN] => 3
            [CNTTRANRESERV] => 0
        )

    [2] => Array
        (
            [KOD] => 857288
            [TIME_FROM] => 19:00
            [TIME_TO] => 20:00               
            [CLIENTS_CNT] => 0
            [TOV_NAME] => Stretching & Mobility
            [ACC] => 86
            [CNTTRAN] => 3
            [CNTTRANRESERV] => 0
        )

)

[2026-03-24 17:22:18] [INFO] (/home/redbarbe/public_html/telegram/webapps/action/ajax_get_tren.php:61) Array
(
    [KOD] => 857496
    [TIME_FROM] => 09:00
    [TIME_TO] => 10:00               
    [CLIENTS_CNT] => 0
    [TOV_NAME] => Пілатес
    [ACC] => 0
    [CNTTRAN] => 0
    [CNTTRANRESERV] => 0
)

[2026-03-24 17:22:18] [INFO] (/home/redbarbe/public_html/telegram/webapps/action/ajax_get_tren.php:61) Array
(
    [KOD] => 857704
    [TIME_FROM] => 18:00
    [TIME_TO] => 19:00               
    [CLIENTS_CNT] => 0
    [TOV_NAME] => F.B.T. (Fat burn traning)
    [ACC] => 86
    [CNTTRAN] => 3
    [CNTTRANRESERV] => 0
)

[2026-03-24 17:22:18] [INFO] (/home/redbarbe/public_html/telegram/webapps/action/ajax_get_tren.php:61) Array
(
    [KOD] => 857288
    [TIME_FROM] => 19:00
    [TIME_TO] => 20:00               
    [CLIENTS_CNT] => 0
    [TOV_NAME] => Stretching & Mobility
    [ACC] => 86
    [CNTTRAN] => 3
    [CNTTRANRESERV] => 0
)

[2026-03-24 17:27:16] [INFO] (/home/redbarbe/public_html/telegram/webapps/action/ajax_get_tren.php:35) Array
(
    [0] => Array
        (
            [KOD] => 809700
            [TIME_FROM] => 10:00
            [TIME_TO] => 11:00               
            [CLIENTS_CNT] => 0
            [TOV_NAME] => Йога
            [ACC] => 0
            [CNTTRAN] => 0
            [CNTTRANRESERV] => 0
        )

    [1] => Array
        (
            [KOD] => 810320
            [TIME_FROM] => 18:00
            [TIME_TO] => 19:00               
            [CLIENTS_CNT] => 0
            [TOV_NAME] => Паркур Kids
            [ACC] => 0
            [CNTTRAN] => 0
            [CNTTRANRESERV] => 0
        )

    [2] => Array
        (
            [KOD] => 809855
            [TIME_FROM] => 19:00
            [TIME_TO] => 20:00               
            [CLIENTS_CNT] => 0
            [TOV_NAME] => Паркур
            [ACC] => 0
            [CNTTRAN] => 0
            [CNTTRANRESERV] => 0
        )

    [3] => Array
        (
            [KOD] => 810475
            [TIME_FROM] => 19:00
            [TIME_TO] => 20:00               
            [CLIENTS_CNT] => 0
            [TOV_NAME] => CrossActivity
            [ACC] => 0
            [CNTTRAN] => 0
            [CNTTRANRESERV] => 0
        )

    [4] => Array
        (
            [KOD] => 810630
            [TIME_FROM] => 19:00
            [TIME_TO] => 20:00               
            [CLIENTS_CNT] => 5
            [TOV_NAME] => Cycle
            [ACC] => 0
            [CNTTRAN] => 1
            [CNTTRANRESERV] => 0
        )

    [5] => Array
        (
            [KOD] => 810010
            [TIME_FROM] => 19:00
            [TIME_TO] => 20:00               
            [CLIENTS_CNT] => 0
            [TOV_NAME] => FitnessMix
            [ACC] => 0
            [CNTTRAN] => 1
            [CNTTRANRESERV] => 0
        )

    [6] => Array
        (
            [KOD] => 810165
            [TIME_FROM] => 19:00
            [TIME_TO] => 20:00               
            [CLIENTS_CNT] => 0
            [TOV_NAME] => Йога
            [ACC] => 0
            [CNTTRAN] => 0
            [CNTTRANRESERV] => 0
        )

)

[2026-03-24 17:27:16] [INFO] (/home/redbarbe/public_html/telegram/webapps/action/ajax_get_tren.php:61) Array
(
    [KOD] => 809700
    [TIME_FROM] => 10:00
    [TIME_TO] => 11:00               
    [CLIENTS_CNT] => 0
    [TOV_NAME] => Йога
    [ACC] => 0
    [CNTTRAN] => 0
    [CNTTRANRESERV] => 0
)

[2026-03-24 17:27:16] [INFO] (/home/redbarbe/public_html/telegram/webapps/action/ajax_get_tren.php:61) Array
(
    [KOD] => 810320
    [TIME_FROM] => 18:00
    [TIME_TO] => 19:00               
    [CLIENTS_CNT] => 0
    [TOV_NAME] => Паркур Kids
    [ACC] => 0
    [CNTTRAN] => 0
    [CNTTRANRESERV] => 0
)

[2026-03-24 17:27:16] [INFO] (/home/redbarbe/public_html/telegram/webapps/action/ajax_get_tren.php:61) Array
(
    [KOD] => 809855
    [TIME_FROM] => 19:00
    [TIME_TO] => 20:00               
    [CLIENTS_CNT] => 0
    [TOV_NAME] => Паркур
    [ACC] => 0
    [CNTTRAN] => 0
    [CNTTRANRESERV] => 0
)

[2026-03-24 17:27:16] [INFO] (/home/redbarbe/public_html/telegram/webapps/action/ajax_get_tren.php:61) Array
(
    [KOD] => 810475
    [TIME_FROM] => 19:00
    [TIME_TO] => 20:00               
    [CLIENTS_CNT] => 0
    [TOV_NAME] => CrossActivity
    [ACC] => 0
    [CNTTRAN] => 0
    [CNTTRANRESERV] => 0
)

[2026-03-24 17:27:16] [INFO] (/home/redbarbe/public_html/telegram/webapps/action/ajax_get_tren.php:61) Array
(
    [KOD] => 810630
    [TIME_FROM] => 19:00
    [TIME_TO] => 20:00               
    [CLIENTS_CNT] => 5
    [TOV_NAME] => Cycle
    [ACC] => 0
    [CNTTRAN] => 1
    [CNTTRANRESERV] => 0
)

[2026-03-24 17:27:16] [INFO] (/home/redbarbe/public_html/telegram/webapps/action/ajax_get_tren.php:61) Array
(
    [KOD] => 810010
    [TIME_FROM] => 19:00
    [TIME_TO] => 20:00               
    [CLIENTS_CNT] => 0
    [TOV_NAME] => FitnessMix
    [ACC] => 0
    [CNTTRAN] => 1
    [CNTTRANRESERV] => 0
)

[2026-03-24 17:27:16] [INFO] (/home/redbarbe/public_html/telegram/webapps/action/ajax_get_tren.php:61) Array
(
    [KOD] => 810165
    [TIME_FROM] => 19:00
    [TIME_TO] => 20:00               
    [CLIENTS_CNT] => 0
    [TOV_NAME] => Йога
    [ACC] => 0
    [CNTTRAN] => 0
    [CNTTRANRESERV] => 0
)

[2026-03-24 17:32:57] [INFO] (/home/redbarbe/public_html/telegram/webapps/reports/report_kassa.php:216) reports1
[2026-03-24 17:32:57] [INFO] (/home/redbarbe/public_html/telegram/webapps/reports/report_kassa.php:219) Array
(
    [dbeg] => 20.03.2026
    [dend] => 23.03.2026
    [kasa] => 
    [command] => GET_REPORT1_KASSA
)

[2026-03-24 17:40:05] [INFO] (/home/redbarbe/public_html/telegram/webapps/action/ajax_get_tren.php:35) Array
(
    [0] => Array
        (
            [KOD] => 838196
            [TIME_FROM] => 10:00
            [TIME_TO] => 11:00               
            [CLIENTS_CNT] => 0
            [TOV_NAME] => Степ-аеробіка
            [ACC] => 0
            [CNTTRAN] => 0
            [CNTTRANRESERV] => 0
        )

    [1] => Array
        (
            [KOD] => 838300
            [TIME_FROM] => 18:00
            [TIME_TO] => 19:00               
            [CLIENTS_CNT] => 0
            [TOV_NAME] => Пілатес
            [ACC] => 0
            [CNTTRAN] => 0
            [CNTTRANRESERV] => 0
        )

    [2] => Array
        (
            [KOD] => 837884
            [TIME_FROM] => 19:00
            [TIME_TO] => 20:00               
            [CLIENTS_CNT] => 0
            [TOV_NAME] => Степ-аеробіка
            [ACC] => 0
            [CNTTRAN] => 0
            [CNTTRANRESERV] => 0
        )

    [3] => Array
        (
            [KOD] => 837988
            [TIME_FROM] => 19:00
            [TIME_TO] => 20:00               
            [CLIENTS_CNT] => 0
            [TOV_NAME] => Бокс Kids
            [ACC] => 0
            [CNTTRAN] => 0
            [CNTTRANRESERV] => 0
        )

    [4] => Array
        (
            [KOD] => 838092
            [TIME_FROM] => 20:00
            [TIME_TO] => 21:00               
            [CLIENTS_CNT] => 0
            [TOV_NAME] => Cross Activity
            [ACC] => 0
            [CNTTRAN] => 0
            [CNTTRANRESERV] => 0
        )

    [5] => Array
        (
            [KOD] => 838508
            [TIME_FROM] => 20:00
            [TIME_TO] => 21:00               
            [CLIENTS_CNT] => 0
            [TOV_NAME] => Бокс
            [ACC] => 0
            [CNTTRAN] => 0
            [CNTTRANRESERV] => 0
        )

    [6] => Array
        (
            [KOD] => 838404
            [TIME_FROM] => 20:00
            [TIME_TO] => 21:00               
            [CLIENTS_CNT] => 0
            [TOV_NAME] => Functional Body
            [ACC] => 0
            [CNTTRAN] => 0
            [CNTTRANRESERV] => 0
        )

)

[2026-03-24 17:40:05] [INFO] (/home/redbarbe/public_html/telegram/webapps/action/ajax_get_tren.php:61) Array
(
    [KOD] => 838196
    [TIME_FROM] => 10:00
    [TIME_TO] => 11:00               
    [CLIENTS_CNT] => 0
    [TOV_NAME] => Степ-аеробіка
    [ACC] => 0
    [CNTTRAN] => 0
    [CNTTRANRESERV] => 0
)

[2026-03-24 17:40:05] [INFO] (/home/redbarbe/public_html/telegram/webapps/action/ajax_get_tren.php:61) Array
(
    [KOD] => 838300
    [TIME_FROM] => 18:00
    [TIME_TO] => 19:00               
    [CLIENTS_CNT] => 0
    [TOV_NAME] => Пілатес
    [ACC] => 0
    [CNTTRAN] => 0
    [CNTTRANRESERV] => 0
)

[2026-03-24 17:40:05] [INFO] (/home/redbarbe/public_html/telegram/webapps/action/ajax_get_tren.php:61) Array
(
    [KOD] => 837884
    [TIME_FROM] => 19:00
    [TIME_TO] => 20:00               
    [CLIENTS_CNT] => 0
    [TOV_NAME] => Степ-аеробіка
    [ACC] => 0
    [CNTTRAN] => 0
    [CNTTRANRESERV] => 0
)

[2026-03-24 17:40:05] [INFO] (/home/redbarbe/public_html/telegram/webapps/action/ajax_get_tren.php:61) Array
(
    [KOD] => 837988
    [TIME_FROM] => 19:00
    [TIME_TO] => 20:00               
    [CLIENTS_CNT] => 0
    [TOV_NAME] => Бокс Kids
    [ACC] => 0
    [CNTTRAN] => 0
    [CNTTRANRESERV] => 0
)

[2026-03-24 17:40:05] [INFO] (/home/redbarbe/public_html/telegram/webapps/action/ajax_get_tren.php:61) Array
(
    [KOD] => 838092
    [TIME_FROM] => 20:00
    [TIME_TO] => 21:00               
    [CLIENTS_CNT] => 0
    [TOV_NAME] => Cross Activity
    [ACC] => 0
    [CNTTRAN] => 0
    [CNTTRANRESERV] => 0
)

[2026-03-24 17:40:05] [INFO] (/home/redbarbe/public_html/telegram/webapps/action/ajax_get_tren.php:61) Array
(
    [KOD] => 838508
    [TIME_FROM] => 20:00
    [TIME_TO] => 21:00               
    [CLIENTS_CNT] => 0
    [TOV_NAME] => Бокс
    [ACC] => 0
    [CNTTRAN] => 0
    [CNTTRANRESERV] => 0
)

[2026-03-24 17:40:05] [INFO] (/home/redbarbe/public_html/telegram/webapps/action/ajax_get_tren.php:61) Array
(
    [KOD] => 838404
    [TIME_FROM] => 20:00
    [TIME_TO] => 21:00               
    [CLIENTS_CNT] => 0
    [TOV_NAME] => Functional Body
    [ACC] => 0
    [CNTTRAN] => 0
    [CNTTRANRESERV] => 0
)

[2026-03-24 17:47:09] [INFO] (/home/redbarbe/public_html/telegram/webapps/action/select_sotr.php:17) Array
(
    [action] => select_sotr
    [club] => -
    [club_ip] => 109.86.110.220
)

[2026-03-24 17:47:09] [INFO] (/home/redbarbe/public_html/telegram/webapps/action/select_sotr.php:27) Array
(
    [0] => Array
        (
            [ROLE] => Тренер
            [ID] => 5757
            [NAME] =>  Калініченко Ліана Анатоліївна
        )

    [1] => Array
        (
            [ROLE] => Тренер
            [ID] => 0154
            [NAME] =>  Сівак Катерина Володимирівна
        )

    [2] => Array
        (
            [ROLE] => Головний адміністратор
            [ID] => 2132
            [NAME] => Делєкатна Олена Олександрівна
        )

    [3] => Array
        (
            [ROLE] => Администратор фитнеса
            [ID] => 6548
            [NAME] => Ніколаєва Тетяна Сергіївна
        )

    [4] => Array
        (
            [ROLE] => Тренер
            [ID] => 0002
            [NAME] => Неділенко Олег Олександрович
        )

    [5] => Array
        (
            [ROLE] => Тренер
            [ID] => 8676
            [NAME] => Панюхно Євгеній Владиславович
        )

    [6] => Array
        (
            [ROLE] => Администратор фитнеса
            [ID] => 0005
            [NAME] => Спічакова Вероніка Володимирівна
        )

    [7] => Array
        (
            [ROLE] => Тренер
            [ID] => 8888
            [NAME] => Фрейдун Андрій Тарасович
        )

    [8] => Array
        (
            [ROLE] => Администратор фитнеса
            [ID] => 0003
            [NAME] => Черговий
        )

    [9] => Array
        (
            [ROLE] => Тренер
            [ID] => 0056
            [NAME] => Черговий тренер
        )

    [10] => Array
        (
            [ROLE] => Администратор фитнеса
            [ID] => 0223
            [NAME] => Чумак Аліса Анатоліївна
        )

    [11] => Array
        (
            [ROLE] => Тренер
            [ID] => 0548
            [NAME] => Чусова Ольга Анатоліївна
        )

    [12] => Array
        (
            [ROLE] => Тренер
            [ID] => 0458
            [NAME] => Шевченко Євгенія Богданівна
        )

    [13] => Array
        (
            [ROLE] => Головний адміністратор
            [ID] => 0901
            [NAME] => системный
        )

)

[2026-03-24 17:52:09] [INFO] (/home/redbarbe/public_html/telegram/webapps/reports/report_pers_detal.php:22) Array
(
)

[2026-03-24 17:52:16] [INFO] (/home/redbarbe/public_html/telegram/webapps/reports/report_pers_detal.php:22) Array
(
    [ajax_method] => 2
    [action] => report_pers_detal
    [action_report] => report_view
    [admin] => 5
    [date_from] => 24.03.2026
    [date_to] => 24.03.2026
    [ip_club] => 212.26.139.90
    [podr] => pt
    [sotr] => 03336
)

[2026-03-24 17:54:00] [INFO] (/home/redbarbe/public_html/telegram/webapps/reports/report_pers_detal.php:22) Array
(
)

[2026-03-24 17:55:08] [INFO] (/home/redbarbe/public_html/telegram/webapps/action/select_sotr.php:17) Array
(
    [action] => select_sotr
    [club] => -
    [club_ip] => 178.151.119.180
)

[2026-03-24 17:55:08] [INFO] (/home/redbarbe/public_html/telegram/webapps/action/select_sotr.php:27) Array
(
    [0] => Array
        (
            [ROLE] => Тренер
            [ID] => 0717
            [NAME] => Єфремова Олександра
        )

    [1] => Array
        (
            [ROLE] => Тренер
            [ID] => 0707
            [NAME] => Андрияш Анна
        )

    [2] => Array
        (
            [ROLE] => Тренер
            [ID] => 0399
            [NAME] => Біліч Лариса
        )

    [3] => Array
        (
            [ROLE] => Тренер
            [ID] => 0302
            [NAME] => Барсегян Анна
        )

    [4] => Array
        (
            [ROLE] => Тренер
            [ID] => 0316
            [NAME] => Вєтрова Катя
        )

    [5] => Array
        (
            [ROLE] => Тренер
            [ID] => 0708
            [NAME] => Виноградов Александр
        )

    [6] => Array
        (
            [ROLE] => Администратор фитнеса
            [ID] => 0402
            [NAME] => Войтюк Мар'яна
        )

    [7] => Array
        (
            [ROLE] => Тренер
            [ID] => 0327
            [NAME] => Гармаш Владимир
        )

    [8] => Array
        (
            [ROLE] => Главний бухгалтер
            [ID] => 0902
            [NAME] => Глав. Бух.
        )

    [9] => Array
        (
            [ROLE] => Тренер
            [ID] => 0718
            [NAME] => Дворніков Дмитро 
        )

    [10] => Array
        (
            [ROLE] => Администратор фитнеса
            [ID] => 0101
            [NAME] => Дежурный
        )

    [11] => Array
        (
            [ROLE] => Администратор фитнеса
            [ID] => 0104
            [NAME] => Демченко Александра
        )

    [12] => Array
        (
            [ROLE] => Администратор фитнеса
            [ID] => 0102
            [NAME] => Дубинчук Наталья
        )

    [13] => Array
        (
            [ROLE] => Тренер
            [ID] => 0304
            [NAME] => Елецкая Светлана
        )

    [14] => Array
        (
            [ROLE] => Тренер
            [ID] => 0308
            [NAME] => Колесник Богдан
        )

    [15] => Array
        (
            [ROLE] => Тренер
            [ID] => 0312
            [NAME] => Крыжановский Павел
        )

    [16] => Array
        (
            [ROLE] => Тренер
            [ID] => 0313
            [NAME] => Кукурудзяк Руслан
        )

    [17] => Array
        (
            [ROLE] => Тренер
            [ID] => 0325
            [NAME] => Оруджева Юлія
        )

    [18] => Array
        (
            [ROLE] => Тренер
            [ID] => 0710
            [NAME] => Остафи Денис
        )

    [19] => Array
        (
            [ROLE] => Тренер
            [ID] => 0715
            [NAME] => Проломов Данил
        )

    [20] => Array
        (
            [ROLE] => Тренер
            [ID] => 0311
            [NAME] => Романовская Наталья
        )

    [21] => Array
        (
            [ROLE] => Администратор фитнеса
            [ID] => 0903
            [NAME] => Сванідзе Юлія 
        )

    [22] => Array
        (
            [ROLE] => Тренер
            [ID] => 0711
            [NAME] => Солянов Владислав
        )

    [23] => Array
        (
            [ROLE] => Тренер
            [ID] => 0326
            [NAME] => Тищенко Ольга
        )

    [24] => Array
        (
            [ROLE] => Тренер
            [ID] => 0310
            [NAME] => Фесенко Ира
        )

    [25] => Array
        (
            [ROLE] => Тренер
            [ID] => 0103
            [NAME] => Шевелько Руслан
        )

    [26] => Array
        (
            [ROLE] => Тренер
            [ID] => 0712
            [NAME] => Шевчук Вікторія
        )

    [27] => Array
        (
            [ROLE] => Головний адміністратор
            [ID] => 0901
            [NAME] => системный
        )

)

[2026-03-24 18:09:51] [INFO] (/home/redbarbe/public_html/telegram/webapps/reports/report_pers_detal.php:22) Array
(
)

[2026-03-24 18:10:02] [INFO] (/home/redbarbe/public_html/telegram/webapps/reports/report_pers_detal.php:22) Array
(
    [ajax_method] => 2
    [action] => report_pers_detal
    [action_report] => report_view
    [admin] => 5
    [date_from] => 24.03.2026
    [date_to] => 24.03.2026
    [ip_club] => 212.26.139.90
    [podr] => pt
    [sotr] => 03352
)

[2026-03-24 18:26:22] [INFO] (/home/redbarbe/public_html/telegram/webapps/reports/report_pers_detal.php:22) Array
(
)

[2026-03-24 18:26:26] [INFO] (/home/redbarbe/public_html/telegram/webapps/reports/report_pers_detal.php:22) Array
(
    [ajax_method] => 2
    [action] => report_pers_detal
    [action_report] => report_view
    [admin] => 5
    [date_from] => 01.03.2026
    [date_to] => 29.03.2026
    [ip_club] => 212.26.139.90
    [podr] => all
    [sotr] => 007989
)

[2026-03-24 18:28:32] [INFO] (/home/redbarbe/public_html/telegram/webapps/action/select_sotr.php:17) Array
(
    [action] => select_sotr
    [club] => -
    [club_ip] => 212.26.139.90
)

[2026-03-24 18:28:32] [INFO] (/home/redbarbe/public_html/telegram/webapps/action/select_sotr.php:27) Array
(
    [0] => Array
        (
            [ROLE] => Тренер
            [ID] => 2357
            [NAME] => Ілюк Діана
        )

    [1] => Array
        (
            [ROLE] => Тренер
            [ID] => 697814
            [NAME] => Горева Анастасія
        )

    [2] => Array
        (
            [ROLE] => Администратор фитнеса
            [ID] => 0101
            [NAME] => Дежурный
        )

    [3] => Array
        (
            [ROLE] => Администратор фитнеса
            [ID] => 0103
            [NAME] => Йова Катерина
        )

    [4] => Array
        (
            [ROLE] => Тренер
            [ID] => 03354
            [NAME] => Колесник Богдан
        )

    [5] => Array
        (
            [ROLE] => Тренер
            [ID] => 2564
            [NAME] => Кулаковський Сергій
        )

    [6] => Array
        (
            [ROLE] => Администратор фитнеса
            [ID] => 0102
            [NAME] => Лазаренко Ліна
        )

    [7] => Array
        (
            [ROLE] => Тренер
            [ID] => 2452
            [NAME] => Лешковят Наталія
        )

    [8] => Array
        (
            [ROLE] => Администратор фитнеса
            [ID] => 0235
            [NAME] => Лучко Кирил
        )

    [9] => Array
        (
            [ROLE] => Администратор фитнеса
            [ID] => 0333
            [NAME] => Мамедова Ельнара
        )

    [10] => Array
        (
            [ROLE] => Тренер
            [ID] => 03336
            [NAME] => Мельниченко Надія
        )

    [11] => Array
        (
            [ROLE] => Тренер
            [ID] => 8760
            [NAME] => Москалець Тетяна
        )

    [12] => Array
        (
            [ROLE] => Тренер
            [ID] => 007989
            [NAME] => Підгурська Влада
        )

    [13] => Array
        (
            [ROLE] => Тренер
            [ID] => 03337
            [NAME] => Погорєлов Євгеній
        )

    [14] => Array
        (
            [ROLE] => Тренер
            [ID] => 03589
            [NAME] => Присняк Владислав
        )

    [15] => Array
        (
            [ROLE] => Тренер
            [ID] => 03352
            [NAME] => Рибак Роман
        )

    [16] => Array
        (
            [ROLE] => Тренер
            [ID] => 0334
            [NAME] => Самусенко Альона
        )

    [17] => Array
        (
            [ROLE] => Тренер
            [ID] => 03339
            [NAME] => Стрілець Данило
        )

    [18] => Array
        (
            [ROLE] => Тренер
            [ID] => 7895
            [NAME] => Тулаінов Андрій
        )

    [19] => Array
        (
            [ROLE] => Тренер
            [ID] => 0325
            [NAME] => Худоба Ігор
        )

    [20] => Array
        (
            [ROLE] => Тренер
            [ID] => 03342
            [NAME] => Шматко Ярослав
        )

    [21] => Array
        (
            [ROLE] => Тренер
            [ID] => 8987
            [NAME] => Яковенко Ганна
        )

)

[2026-03-24 18:42:16] [INFO] (/home/redbarbe/public_html/telegram/webapps/action/ajax_get_tren.php:35) Array
(
    [0] => Array
        (
            [KOD] => 857496
            [TIME_FROM] => 09:00
            [TIME_TO] => 10:00               
            [CLIENTS_CNT] => 0
            [TOV_NAME] => Пілатес
            [ACC] => 0
            [CNTTRAN] => 0
            [CNTTRANRESERV] => 0
        )

    [1] => Array
        (
            [KOD] => 857704
            [TIME_FROM] => 18:00
            [TIME_TO] => 19:00               
            [CLIENTS_CNT] => 0
            [TOV_NAME] => F.B.T. (Fat burn traning)
            [ACC] => 0
            [CNTTRAN] => 3
            [CNTTRANRESERV] => 0
        )

    [2] => Array
        (
            [KOD] => 857288
            [TIME_FROM] => 19:00
            [TIME_TO] => 20:00               
            [CLIENTS_CNT] => 0
            [TOV_NAME] => Stretching & Mobility
            [ACC] => 348
            [CNTTRAN] => 3
            [CNTTRANRESERV] => 0
        )

)

[2026-03-24 18:42:16] [INFO] (/home/redbarbe/public_html/telegram/webapps/action/ajax_get_tren.php:61) Array
(
    [KOD] => 857496
    [TIME_FROM] => 09:00
    [TIME_TO] => 10:00               
    [CLIENTS_CNT] => 0
    [TOV_NAME] => Пілатес
    [ACC] => 0
    [CNTTRAN] => 0
    [CNTTRANRESERV] => 0
)

[2026-03-24 18:42:16] [INFO] (/home/redbarbe/public_html/telegram/webapps/action/ajax_get_tren.php:61) Array
(
    [KOD] => 857704
    [TIME_FROM] => 18:00
    [TIME_TO] => 19:00               
    [CLIENTS_CNT] => 0
    [TOV_NAME] => F.B.T. (Fat burn traning)
    [ACC] => 0
    [CNTTRAN] => 3
    [CNTTRANRESERV] => 0
)

[2026-03-24 18:42:16] [INFO] (/home/redbarbe/public_html/telegram/webapps/action/ajax_get_tren.php:61) Array
(
    [KOD] => 857288
    [TIME_FROM] => 19:00
    [TIME_TO] => 20:00               
    [CLIENTS_CNT] => 0
    [TOV_NAME] => Stretching & Mobility
    [ACC] => 348
    [CNTTRAN] => 3
    [CNTTRANRESERV] => 0
)

[2026-03-24 18:49:48] [INFO] (/home/redbarbe/public_html/telegram/webapps/reports/report_pers_detal.php:22) Array
(
)

[2026-03-24 18:49:53] [INFO] (/home/redbarbe/public_html/telegram/webapps/reports/report_pers_detal.php:22) Array
(
    [ajax_method] => 2
    [action] => report_pers_detal
    [action_report] => report_view
    [admin] => 5
    [date_from] => 24.03.2026
    [date_to] => 24.03.2026
    [ip_club] => 193.194.107.2
    [podr] => all
    [sotr] => 0321
)

[2026-03-24 18:54:07] [INFO] (/home/redbarbe/public_html/telegram/webapps/action/ajax_get_tren.php:35) Array
(
    [0] => Array
        (
            [KOD] => 857496
            [TIME_FROM] => 09:00
            [TIME_TO] => 10:00               
            [CLIENTS_CNT] => 0
            [TOV_NAME] => Пілатес
            [ACC] => 0
            [CNTTRAN] => 0
            [CNTTRANRESERV] => 0
        )

    [1] => Array
        (
            [KOD] => 857704
            [TIME_FROM] => 18:00
            [TIME_TO] => 19:00               
            [CLIENTS_CNT] => 0
            [TOV_NAME] => F.B.T. (Fat burn traning)
            [ACC] => 0
            [CNTTRAN] => 3
            [CNTTRANRESERV] => 0
        )

    [2] => Array
        (
            [KOD] => 857288
            [TIME_FROM] => 19:00
            [TIME_TO] => 20:00               
            [CLIENTS_CNT] => 0
            [TOV_NAME] => Stretching & Mobility
            [ACC] => 348
            [CNTTRAN] => 3
            [CNTTRANRESERV] => 0
        )

)

[2026-03-24 18:54:07] [INFO] (/home/redbarbe/public_html/telegram/webapps/action/ajax_get_tren.php:61) Array
(
    [KOD] => 857496
    [TIME_FROM] => 09:00
    [TIME_TO] => 10:00               
    [CLIENTS_CNT] => 0
    [TOV_NAME] => Пілатес
    [ACC] => 0
    [CNTTRAN] => 0
    [CNTTRANRESERV] => 0
)

[2026-03-24 18:54:07] [INFO] (/home/redbarbe/public_html/telegram/webapps/action/ajax_get_tren.php:61) Array
(
    [KOD] => 857704
    [TIME_FROM] => 18:00
    [TIME_TO] => 19:00               
    [CLIENTS_CNT] => 0
    [TOV_NAME] => F.B.T. (Fat burn traning)
    [ACC] => 0
    [CNTTRAN] => 3
    [CNTTRANRESERV] => 0
)

[2026-03-24 18:54:07] [INFO] (/home/redbarbe/public_html/telegram/webapps/action/ajax_get_tren.php:61) Array
(
    [KOD] => 857288
    [TIME_FROM] => 19:00
    [TIME_TO] => 20:00               
    [CLIENTS_CNT] => 0
    [TOV_NAME] => Stretching & Mobility
    [ACC] => 348
    [CNTTRAN] => 3
    [CNTTRANRESERV] => 0
)

[2026-03-24 18:58:26] [INFO] (/home/redbarbe/public_html/telegram/webapps/reports/report_pers_detal.php:22) Array
(
)

[2026-03-24 18:58:33] [INFO] (/home/redbarbe/public_html/telegram/webapps/reports/report_pers_detal.php:22) Array
(
    [ajax_method] => 2
    [action] => report_pers_detal
    [action_report] => report_view
    [admin] => 5
    [date_from] => 24.03.2026
    [date_to] => 24.03.2026
    [ip_club] => 212.26.139.90
    [podr] => all
    [sotr] => 03589
)

[2026-03-24 18:59:27] [INFO] (/home/redbarbe/public_html/telegram/webapps/reports/report_pers_detal.php:22) Array
(
)

[2026-03-24 18:59:31] [INFO] (/home/redbarbe/public_html/telegram/webapps/reports/report_pers_detal.php:22) Array
(
    [ajax_method] => 2
    [action] => report_pers_detal
    [action_report] => report_view
    [admin] => 5
    [date_from] => 01.03.2026
    [date_to] => 29.03.2026
    [ip_club] => 212.26.139.90
    [podr] => all
    [sotr] => 007989
)

[2026-03-24 19:00:55] [INFO] (/home/redbarbe/public_html/telegram/webapps/reports/report_pers_detal.php:22) Array
(
)

[2026-03-24 19:01:03] [INFO] (/home/redbarbe/public_html/telegram/webapps/reports/report_pers_detal.php:22) Array
(
    [ajax_method] => 2
    [action] => report_pers_detal
    [action_report] => report_view
    [admin] => 5
    [date_from] => 24.03.2026
    [date_to] => 24.03.2026
    [ip_club] => 193.194.107.2
    [podr] => all
    [sotr] => 0311
)

[2026-03-24 19:22:48] [INFO] (/home/redbarbe/public_html/telegram/webapps/action/hist_ind.php:16) SELECT a.name FROM `spr_acc` a, spr_users u WHERE u.active_account=a.acc and u.chat_id=a.chat_id and a.acc=14566 
and u.club=(select id from spr_clubs where ip_club="178.158.212.173") limit 1
[2026-03-24 19:22:48] [INFO] (/home/redbarbe/public_html/telegram/webapps/action/hist_ind.php:17) hist_grp
[2026-03-24 19:22:48] [INFO] (/home/redbarbe/public_html/telegram/webapps/action/hist_ind.php:108) Array
(
    [dbeg] => 24.12.2025
    [dend] => today
    [acc] => 14566
    [command] => get_ind_history
)

[2026-03-24 19:22:48] [INFO] (/home/redbarbe/public_html/telegram/webapps/action/hist_ind.php:109) ip=178.158.212.173
[2026-03-24 19:22:57] [INFO] (/home/redbarbe/public_html/telegram/webapps/action/hist_ost_poslug.php:19) SELECT a.name FROM `spr_acc` a, spr_users u WHERE u.active_account=a.acc and u.chat_id=a.chat_id and a.acc=14566 
and u.club=(select id from spr_clubs where ip_club="178.158.212.173") limit 1
[2026-03-24 19:22:57] [INFO] (/home/redbarbe/public_html/telegram/webapps/action/hist_ost_poslug.php:20) hist_ost_poslug
[2026-03-24 19:22:57] [INFO] (/home/redbarbe/public_html/telegram/webapps/action/hist_ost_poslug.php:111) Array
(
    [acc] => 14566
    [command] => GET_OST_POSLUG_ACC
)

[2026-03-24 19:22:57] [INFO] (/home/redbarbe/public_html/telegram/webapps/action/hist_ost_poslug.php:112) ip=178.158.212.173
[2026-03-24 19:22:59] [INFO] (/home/redbarbe/public_html/telegram/webapps/action/hist_grp.php:16) SELECT a.name FROM `spr_acc` a, spr_users u WHERE u.active_account=a.acc and u.chat_id=a.chat_id and a.acc=14566 
and u.club=(select id from spr_clubs where ip_club="178.158.212.173") limit 1
[2026-03-24 19:22:59] [INFO] (/home/redbarbe/public_html/telegram/webapps/action/hist_grp.php:17) hist_grp
[2026-03-24 19:22:59] [INFO] (/home/redbarbe/public_html/telegram/webapps/action/hist_grp.php:108) Array
(
    [dbeg] => 24.12.2025
    [dend] => today
    [acc] => 14566
    [command] => get_grp_history
)

[2026-03-24 19:22:59] [INFO] (/home/redbarbe/public_html/telegram/webapps/action/hist_grp.php:109) ip=178.158.212.173
[2026-03-24 19:23:03] [INFO] (/home/redbarbe/public_html/telegram/webapps/action/hist_ind.php:16) SELECT a.name FROM `spr_acc` a, spr_users u WHERE u.active_account=a.acc and u.chat_id=a.chat_id and a.acc=14566 
and u.club=(select id from spr_clubs where ip_club="178.158.212.173") limit 1
[2026-03-24 19:23:03] [INFO] (/home/redbarbe/public_html/telegram/webapps/action/hist_ind.php:17) hist_grp
[2026-03-24 19:23:03] [INFO] (/home/redbarbe/public_html/telegram/webapps/action/hist_ind.php:108) Array
(
    [dbeg] => 24.12.2025
    [dend] => today
    [acc] => 14566
    [command] => get_ind_history
)

[2026-03-24 19:23:03] [INFO] (/home/redbarbe/public_html/telegram/webapps/action/hist_ind.php:109) ip=178.158.212.173
[2026-03-24 19:29:17] [INFO] (/home/redbarbe/public_html/telegram/webapps/action/hist_ost_poslug.php:19) SELECT a.name FROM `spr_acc` a, spr_users u WHERE u.active_account=a.acc and u.chat_id=a.chat_id and a.acc=15458 
and u.club=(select id from spr_clubs where ip_club="178.158.212.173") limit 1
[2026-03-24 19:29:17] [INFO] (/home/redbarbe/public_html/telegram/webapps/action/hist_ost_poslug.php:20) hist_ost_poslug
[2026-03-24 19:29:17] [INFO] (/home/redbarbe/public_html/telegram/webapps/action/hist_ost_poslug.php:111) Array
(
    [acc] => 15458
    [command] => GET_OST_POSLUG_ACC
)

[2026-03-24 19:29:17] [INFO] (/home/redbarbe/public_html/telegram/webapps/action/hist_ost_poslug.php:112) ip=178.158.212.173
[2026-03-24 19:29:22] [INFO] (/home/redbarbe/public_html/telegram/webapps/action/hist_ind.php:16) SELECT a.name FROM `spr_acc` a, spr_users u WHERE u.active_account=a.acc and u.chat_id=a.chat_id and a.acc=15458 
and u.club=(select id from spr_clubs where ip_club="178.158.212.173") limit 1
[2026-03-24 19:29:22] [INFO] (/home/redbarbe/public_html/telegram/webapps/action/hist_ind.php:17) hist_grp
[2026-03-24 19:29:22] [INFO] (/home/redbarbe/public_html/telegram/webapps/action/hist_ind.php:108) Array
(
    [dbeg] => 24.12.2025
    [dend] => today
    [acc] => 15458
    [command] => get_ind_history
)

[2026-03-24 19:29:22] [INFO] (/home/redbarbe/public_html/telegram/webapps/action/hist_ind.php:109) ip=178.158.212.173
[2026-03-24 19:31:33] [INFO] (/home/redbarbe/public_html/telegram/webapps/action/ajax_get_tren.php:35) Array
(
    [0] => Array
        (
            [KOD] => 878283
            [TIME_FROM] => 08:00
            [TIME_TO] => 09:00               
            [CLIENTS_CNT] => 0
            [TOV_NAME] => Tabata (Ліана)
            [ACC] => 0
            [CNTTRAN] => 0
            [CNTTRANRESERV] => 0
        )

    [1] => Array
        (
            [KOD] => 869099
            [TIME_FROM] => 17:00
            [TIME_TO] => 18:00               
            [CLIENTS_CNT] => 0
            [TOV_NAME] => Бокс Kids
            [ACC] => 0
            [CNTTRAN] => 0
            [CNTTRANRESERV] => 0
        )

    [2] => Array
        (
            [KOD] => 875987
            [TIME_FROM] => 18:00
            [TIME_TO] => 19:00               
            [CLIENTS_CNT] => 5
            [TOV_NAME] => B.F.B
            [ACC] => 0
            [CNTTRAN] => 0
            [CNTTRANRESERV] => 0
        )

    [3] => Array
        (
            [KOD] => 873691
            [TIME_FROM] => 19:00
            [TIME_TO] => 20:00               
            [CLIENTS_CNT] => 0
            [TOV_NAME] => Mind Body
            [ACC] => 0
            [CNTTRAN] => 0
            [CNTTRANRESERV] => 0
        )

    [4] => Array
        (
            [KOD] => 871395
            [TIME_FROM] => 19:00
            [TIME_TO] => 20:00               
            [CLIENTS_CNT] => 0
            [TOV_NAME] => No Limits
            [ACC] => 0
            [CNTTRAN] => 0
            [CNTTRANRESERV] => 0
        )

)

[2026-03-24 19:31:33] [INFO] (/home/redbarbe/public_html/telegram/webapps/action/ajax_get_tren.php:61) Array
(
    [KOD] => 878283
    [TIME_FROM] => 08:00
    [TIME_TO] => 09:00               
    [CLIENTS_CNT] => 0
    [TOV_NAME] => Tabata (Ліана)
    [ACC] => 0
    [CNTTRAN] => 0
    [CNTTRANRESERV] => 0
)

[2026-03-24 19:31:33] [INFO] (/home/redbarbe/public_html/telegram/webapps/action/ajax_get_tren.php:61) Array
(
    [KOD] => 869099
    [TIME_FROM] => 17:00
    [TIME_TO] => 18:00               
    [CLIENTS_CNT] => 0
    [TOV_NAME] => Бокс Kids
    [ACC] => 0
    [CNTTRAN] => 0
    [CNTTRANRESERV] => 0
)

[2026-03-24 19:31:33] [INFO] (/home/redbarbe/public_html/telegram/webapps/action/ajax_get_tren.php:61) Array
(
    [KOD] => 875987
    [TIME_FROM] => 18:00
    [TIME_TO] => 19:00               
    [CLIENTS_CNT] => 5
    [TOV_NAME] => B.F.B
    [ACC] => 0
    [CNTTRAN] => 0
    [CNTTRANRESERV] => 0
)

[2026-03-24 19:31:33] [INFO] (/home/redbarbe/public_html/telegram/webapps/action/ajax_get_tren.php:61) Array
(
    [KOD] => 873691
    [TIME_FROM] => 19:00
    [TIME_TO] => 20:00               
    [CLIENTS_CNT] => 0
    [TOV_NAME] => Mind Body
    [ACC] => 0
    [CNTTRAN] => 0
    [CNTTRANRESERV] => 0
)

[2026-03-24 19:31:33] [INFO] (/home/redbarbe/public_html/telegram/webapps/action/ajax_get_tren.php:61) Array
(
    [KOD] => 871395
    [TIME_FROM] => 19:00
    [TIME_TO] => 20:00               
    [CLIENTS_CNT] => 0
    [TOV_NAME] => No Limits
    [ACC] => 0
    [CNTTRAN] => 0
    [CNTTRANRESERV] => 0
)

[2026-03-24 19:33:38] [INFO] (/home/redbarbe/public_html/telegram/webapps/reports/report_pers_detal.php:22) Array
(
)

[2026-03-24 19:33:44] [INFO] (/home/redbarbe/public_html/telegram/webapps/reports/report_pers_detal.php:22) Array
(
    [ajax_method] => 2
    [action] => report_pers_detal
    [action_report] => report_view
    [admin] => 5
    [date_from] => 24.03.2026
    [date_to] => 24.03.2026
    [ip_club] => 212.26.139.90
    [podr] => pt
    [sotr] => 03352
)

[2026-03-24 19:35:13] [INFO] (/home/redbarbe/public_html/telegram/webapps/reports/report_pers_detal.php:22) Array
(
)

[2026-03-24 19:35:19] [INFO] (/home/redbarbe/public_html/telegram/webapps/reports/report_pers_detal.php:22) Array
(
    [ajax_method] => 2
    [action] => report_pers_detal
    [action_report] => report_view
    [admin] => 5
    [date_from] => 24.03.2026
    [date_to] => 24.03.2026
    [ip_club] => 212.26.139.90
    [podr] => pt
    [sotr] => 03339
)

[2026-03-24 19:48:41] [INFO] (/home/redbarbe/public_html/telegram/webapps/action/select_sotr.php:17) Array
(
    [action] => select_sotr
    [club] => -
    [club_ip] => 178.151.119.180
)

[2026-03-24 19:48:41] [INFO] (/home/redbarbe/public_html/telegram/webapps/action/select_sotr.php:27) Array
(
    [0] => Array
        (
            [ROLE] => Тренер
            [ID] => 0717
            [NAME] => Єфремова Олександра
        )

    [1] => Array
        (
            [ROLE] => Тренер
            [ID] => 0707
            [NAME] => Андрияш Анна
        )

    [2] => Array
        (
            [ROLE] => Тренер
            [ID] => 0399
            [NAME] => Біліч Лариса
        )

    [3] => Array
        (
            [ROLE] => Тренер
            [ID] => 0302
            [NAME] => Барсегян Анна
        )

    [4] => Array
        (
            [ROLE] => Тренер
            [ID] => 0316
            [NAME] => Вєтрова Катя
        )

    [5] => Array
        (
            [ROLE] => Тренер
            [ID] => 0708
            [NAME] => Виноградов Александр
        )

    [6] => Array
        (
            [ROLE] => Администратор фитнеса
            [ID] => 0402
            [NAME] => Войтюк Мар'яна
        )

    [7] => Array
        (
            [ROLE] => Тренер
            [ID] => 0327
            [NAME] => Гармаш Владимир
        )

    [8] => Array
        (
            [ROLE] => Главний бухгалтер
            [ID] => 0902
            [NAME] => Глав. Бух.
        )

    [9] => Array
        (
            [ROLE] => Тренер
            [ID] => 0718
            [NAME] => Дворніков Дмитро 
        )

    [10] => Array
        (
            [ROLE] => Администратор фитнеса
            [ID] => 0101
            [NAME] => Дежурный
        )

    [11] => Array
        (
            [ROLE] => Администратор фитнеса
            [ID] => 0104
            [NAME] => Демченко Александра
        )

    [12] => Array
        (
            [ROLE] => Администратор фитнеса
            [ID] => 0102
            [NAME] => Дубинчук Наталья
        )

    [13] => Array
        (
            [ROLE] => Тренер
            [ID] => 0304
            [NAME] => Елецкая Светлана
        )

    [14] => Array
        (
            [ROLE] => Тренер
            [ID] => 0308
            [NAME] => Колесник Богдан
        )

    [15] => Array
        (
            [ROLE] => Тренер
            [ID] => 0312
            [NAME] => Крыжановский Павел
        )

    [16] => Array
        (
            [ROLE] => Тренер
            [ID] => 0313
            [NAME] => Кукурудзяк Руслан
        )

    [17] => Array
        (
            [ROLE] => Тренер
            [ID] => 0325
            [NAME] => Оруджева Юлія
        )

    [18] => Array
        (
            [ROLE] => Тренер
            [ID] => 0710
            [NAME] => Остафи Денис
        )

    [19] => Array
        (
            [ROLE] => Тренер
            [ID] => 0715
            [NAME] => Проломов Данил
        )

    [20] => Array
        (
            [ROLE] => Тренер
            [ID] => 0311
            [NAME] => Романовская Наталья
        )

    [21] => Array
        (
            [ROLE] => Администратор фитнеса
            [ID] => 0903
            [NAME] => Сванідзе Юлія 
        )

    [22] => Array
        (
            [ROLE] => Тренер
            [ID] => 0711
            [NAME] => Солянов Владислав
        )

    [23] => Array
        (
            [ROLE] => Тренер
            [ID] => 0326
            [NAME] => Тищенко Ольга
        )

    [24] => Array
        (
            [ROLE] => Тренер
            [ID] => 0310
            [NAME] => Фесенко Ира
        )

    [25] => Array
        (
            [ROLE] => Тренер
            [ID] => 0103
            [NAME] => Шевелько Руслан
        )

    [26] => Array
        (
            [ROLE] => Тренер
            [ID] => 0712
            [NAME] => Шевчук Вікторія
        )

    [27] => Array
        (
            [ROLE] => Головний адміністратор
            [ID] => 0901
            [NAME] => системный
        )

)

[2026-03-24 19:54:55] [INFO] (/home/redbarbe/public_html/telegram/webapps/reports/report_pers_detal.php:22) Array
(
)

[2026-03-24 19:55:10] [INFO] (/home/redbarbe/public_html/telegram/webapps/reports/report_pers_detal.php:22) Array
(
    [ajax_method] => 2
    [action] => report_pers_detal
    [action_report] => report_view
    [admin] => 5
    [date_from] => 24.03.2026
    [date_to] => 24.03.2026
    [ip_club] => 193.194.107.2
    [podr] => pt
    [sotr] => 192
)

[2026-03-24 19:55:18] [INFO] (/home/redbarbe/public_html/telegram/webapps/reports/report_pers_detal.php:22) Array
(
    [ajax_method] => 2
    [action] => report_pers_detal
    [action_report] => report_view
    [admin] => 5
    [date_from] => 24.03.2026
    [date_to] => 24.03.2026
    [ip_club] => 193.194.107.2
    [podr] => grp
    [sotr] => 192
)

[2026-03-24 19:57:18] [INFO] (/home/redbarbe/public_html/telegram/webapps/reports/report_pers_detal.php:22) Array
(
)

[2026-03-24 19:57:23] [INFO] (/home/redbarbe/public_html/telegram/webapps/reports/report_pers_detal.php:22) Array
(
    [ajax_method] => 2
    [action] => report_pers_detal
    [action_report] => report_view
    [admin] => 5
    [date_from] => 23.03.2026
    [date_to] => 23.03.2026
    [ip_club] => 178.158.212.173
    [podr] => all
    [sotr] => 0330
)

[2026-03-24 20:00:19] [INFO] (/home/redbarbe/public_html/telegram/webapps/reports/report_pers_detal.php:22) Array
(
)

[2026-03-24 20:00:23] [INFO] (/home/redbarbe/public_html/telegram/webapps/reports/report_pers_detal.php:22) Array
(
    [ajax_method] => 2
    [action] => report_pers_detal
    [action_report] => report_view
    [admin] => 5
    [date_from] => 01.03.2026
    [date_to] => 29.03.2026
    [ip_club] => 212.26.139.90
    [podr] => all
    [sotr] => 007989
)

[2026-03-24 20:02:03] [INFO] (/home/redbarbe/public_html/telegram/webapps/reports/report_pers_detal.php:22) Array
(
)

[2026-03-24 20:02:10] [INFO] (/home/redbarbe/public_html/telegram/webapps/reports/report_pers_detal.php:22) Array
(
    [ajax_method] => 2
    [action] => report_pers_detal
    [action_report] => report_view
    [admin] => 5
    [date_from] => 24.03.2026
    [date_to] => 24.03.2026
    [ip_club] => 178.158.212.173
    [podr] => grp
    [sotr] => 0708
)

[2026-03-24 20:02:31] [INFO] (/home/redbarbe/public_html/telegram/webapps/reports/report_pers_detal.php:22) Array
(
)

[2026-03-24 20:02:38] [INFO] (/home/redbarbe/public_html/telegram/webapps/reports/report_pers_detal.php:22) Array
(
    [ajax_method] => 2
    [action] => report_pers_detal
    [action_report] => report_view
    [admin] => 5
    [date_from] => 24.03.2026
    [date_to] => 24.03.2026
    [ip_club] => 212.26.139.90
    [podr] => all
    [sotr] => 03589
)

[2026-03-24 20:03:22] [INFO] (/home/redbarbe/public_html/telegram/webapps/reports/report_pers_detal.php:22) Array
(
    [ajax_method] => 2
    [action] => report_pers_detal
    [action_report] => report_view
    [admin] => 5
    [date_from] => 24.03.2026
    [date_to] => 24.03.2026
    [ip_club] => 178.158.212.173
    [podr] => pt
    [sotr] => 0708
)

[2026-03-24 20:04:04] [INFO] (/home/redbarbe/public_html/telegram/webapps/action/my_zapis.php:105) 
[2026-03-24 20:04:22] [INFO] (/home/redbarbe/public_html/telegram/webapps/action/ajax_get_tren.php:35) Array
(
    [0] => Array
        (
            [KOD] => 878284
            [TIME_FROM] => 09:00
            [TIME_TO] => 10:00               
            [CLIENTS_CNT] => 0
            [TOV_NAME] => Base fitness (Ліана)
            [ACC] => 0
            [CNTTRAN] => 0
            [CNTTRANRESERV] => 0
        )

    [1] => Array
        (
            [KOD] => 869100
            [TIME_FROM] => 17:00
            [TIME_TO] => 18:00               
            [CLIENTS_CNT] => 0
            [TOV_NAME] => Бокс Kids
            [ACC] => 0
            [CNTTRAN] => 0
            [CNTTRANRESERV] => 0
        )

    [2] => Array
        (
            [KOD] => 875988
            [TIME_FROM] => 18:00
            [TIME_TO] => 19:00               
            [CLIENTS_CNT] => 5
            [TOV_NAME] => B.F.B
            [ACC] => 0
            [CNTTRAN] => 0
            [CNTTRANRESERV] => 0
        )

    [3] => Array
        (
            [KOD] => 873692
            [TIME_FROM] => 19:00
            [TIME_TO] => 20:00               
            [CLIENTS_CNT] => 0
            [TOV_NAME] => Mind Body
            [ACC] => 0
            [CNTTRAN] => 0
            [CNTTRANRESERV] => 0
        )

    [4] => Array
        (
            [KOD] => 871396
            [TIME_FROM] => 19:00
            [TIME_TO] => 20:00               
            [CLIENTS_CNT] => 0
            [TOV_NAME] => No Limits
            [ACC] => 0
            [CNTTRAN] => 0
            [CNTTRANRESERV] => 0
        )

)

[2026-03-24 20:04:22] [INFO] (/home/redbarbe/public_html/telegram/webapps/action/ajax_get_tren.php:61) Array
(
    [KOD] => 878284
    [TIME_FROM] => 09:00
    [TIME_TO] => 10:00               
    [CLIENTS_CNT] => 0
    [TOV_NAME] => Base fitness (Ліана)
    [ACC] => 0
    [CNTTRAN] => 0
    [CNTTRANRESERV] => 0
)

[2026-03-24 20:04:22] [INFO] (/home/redbarbe/public_html/telegram/webapps/action/ajax_get_tren.php:61) Array
(
    [KOD] => 869100
    [TIME_FROM] => 17:00
    [TIME_TO] => 18:00               
    [CLIENTS_CNT] => 0
    [TOV_NAME] => Бокс Kids
    [ACC] => 0
    [CNTTRAN] => 0
    [CNTTRANRESERV] => 0
)

[2026-03-24 20:04:22] [INFO] (/home/redbarbe/public_html/telegram/webapps/action/ajax_get_tren.php:61) Array
(
    [KOD] => 875988
    [TIME_FROM] => 18:00
    [TIME_TO] => 19:00               
    [CLIENTS_CNT] => 5
    [TOV_NAME] => B.F.B
    [ACC] => 0
    [CNTTRAN] => 0
    [CNTTRANRESERV] => 0
)

[2026-03-24 20:04:22] [INFO] (/home/redbarbe/public_html/telegram/webapps/action/ajax_get_tren.php:61) Array
(
    [KOD] => 873692
    [TIME_FROM] => 19:00
    [TIME_TO] => 20:00               
    [CLIENTS_CNT] => 0
    [TOV_NAME] => Mind Body
    [ACC] => 0
    [CNTTRAN] => 0
    [CNTTRANRESERV] => 0
)

[2026-03-24 20:04:22] [INFO] (/home/redbarbe/public_html/telegram/webapps/action/ajax_get_tren.php:61) Array
(
    [KOD] => 871396
    [TIME_FROM] => 19:00
    [TIME_TO] => 20:00               
    [CLIENTS_CNT] => 0
    [TOV_NAME] => No Limits
    [ACC] => 0
    [CNTTRAN] => 0
    [CNTTRANRESERV] => 0
)

[2026-03-24 20:18:56] [INFO] (/home/redbarbe/public_html/telegram/webapps/action/ajax_get_tren.php:35) Array
(
    [0] => Array
        (
            [KOD] => 812944
            [TIME_FROM] => 09:00
            [TIME_TO] => 10:00               
            [CLIENTS_CNT] => 0
            [TOV_NAME] => CrossActivity
            [ACC] => 0
            [CNTTRAN] => 0
            [CNTTRANRESERV] => 0
        )

    [1] => Array
        (
            [KOD] => 811852
            [TIME_FROM] => 09:00
            [TIME_TO] => 10:00               
            [CLIENTS_CNT] => 0
            [TOV_NAME] => Total Body
            [ACC] => 0
            [CNTTRAN] => 0
            [CNTTRANRESERV] => 0
        )

    [2] => Array
        (
            [KOD] => 811384
            [TIME_FROM] => 14:00
            [TIME_TO] => 15:00               
            [CLIENTS_CNT] => 0
            [TOV_NAME] => FitnessMix
            [ACC] => 0
            [CNTTRAN] => 0
            [CNTTRANRESERV] => 0
        )

    [3] => Array
        (
            [KOD] => 812788
            [TIME_FROM] => 18:00
            [TIME_TO] => 19:00               
            [CLIENTS_CNT] => 0
            [TOV_NAME] => Паркур Kids
            [ACC] => 0
            [CNTTRAN] => 0
            [CNTTRANRESERV] => 0
        )

    [4] => Array
        (
            [KOD] => 812164
            [TIME_FROM] => 18:30
            [TIME_TO] => 19:30               
            [CLIENTS_CNT] => 0
            [TOV_NAME] => Pilates
            [ACC] => 0
            [CNTTRAN] => 0
            [CNTTRANRESERV] => 0
        )

    [5] => Array
        (
            [KOD] => 812476
            [TIME_FROM] => 19:00
            [TIME_TO] => 20:00               
            [CLIENTS_CNT] => 0
            [TOV_NAME] => Паркур
            [ACC] => 0
            [CNTTRAN] => 0
            [CNTTRANRESERV] => 0
        )

    [6] => Array
        (
            [KOD] => 811696
            [TIME_FROM] => 19:00
            [TIME_TO] => 20:00               
            [CLIENTS_CNT] => 0
            [TOV_NAME] => CrossActivity
            [ACC] => 0
            [CNTTRAN] => 0
            [CNTTRANRESERV] => 0
        )

    [7] => Array
        (
            [KOD] => 812320
            [TIME_FROM] => 19:30
            [TIME_TO] => 20:30               
            [CLIENTS_CNT] => 0
            [TOV_NAME] => TRX
            [ACC] => 0
            [CNTTRAN] => 0
            [CNTTRANRESERV] => 0
        )

    [8] => Array
        (
            [KOD] => 812008
            [TIME_FROM] => 20:00
            [TIME_TO] => 21:00               
            [CLIENTS_CNT] => 0
            [TOV_NAME] => CrossActivity
            [ACC] => 0
            [CNTTRAN] => 0
            [CNTTRANRESERV] => 0
        )

    [9] => Array
        (
            [KOD] => 812632
            [TIME_FROM] => 20:00
            [TIME_TO] => 21:00               
            [CLIENTS_CNT] => 0
            [TOV_NAME] => Бокс
            [ACC] => 0
            [CNTTRAN] => 0
            [CNTTRANRESERV] => 0
        )

)

[2026-03-24 20:18:56] [INFO] (/home/redbarbe/public_html/telegram/webapps/action/ajax_get_tren.php:61) Array
(
    [KOD] => 812944
    [TIME_FROM] => 09:00
    [TIME_TO] => 10:00               
    [CLIENTS_CNT] => 0
    [TOV_NAME] => CrossActivity
    [ACC] => 0
    [CNTTRAN] => 0
    [CNTTRANRESERV] => 0
)

[2026-03-24 20:18:56] [INFO] (/home/redbarbe/public_html/telegram/webapps/action/ajax_get_tren.php:61) Array
(
    [KOD] => 811852
    [TIME_FROM] => 09:00
    [TIME_TO] => 10:00               
    [CLIENTS_CNT] => 0
    [TOV_NAME] => Total Body
    [ACC] => 0
    [CNTTRAN] => 0
    [CNTTRANRESERV] => 0
)

[2026-03-24 20:18:56] [INFO] (/home/redbarbe/public_html/telegram/webapps/action/ajax_get_tren.php:61) Array
(
    [KOD] => 811384
    [TIME_FROM] => 14:00
    [TIME_TO] => 15:00               
    [CLIENTS_CNT] => 0
    [TOV_NAME] => FitnessMix
    [ACC] => 0
    [CNTTRAN] => 0
    [CNTTRANRESERV] => 0
)

[2026-03-24 20:18:56] [INFO] (/home/redbarbe/public_html/telegram/webapps/action/ajax_get_tren.php:61) Array
(
    [KOD] => 812788
    [TIME_FROM] => 18:00
    [TIME_TO] => 19:00               
    [CLIENTS_CNT] => 0
    [TOV_NAME] => Паркур Kids
    [ACC] => 0
    [CNTTRAN] => 0
    [CNTTRANRESERV] => 0
)

[2026-03-24 20:18:56] [INFO] (/home/redbarbe/public_html/telegram/webapps/action/ajax_get_tren.php:61) Array
(
    [KOD] => 812164
    [TIME_FROM] => 18:30
    [TIME_TO] => 19:30               
    [CLIENTS_CNT] => 0
    [TOV_NAME] => Pilates
    [ACC] => 0
    [CNTTRAN] => 0
    [CNTTRANRESERV] => 0
)

[2026-03-24 20:18:56] [INFO] (/home/redbarbe/public_html/telegram/webapps/action/ajax_get_tren.php:61) Array
(
    [KOD] => 812476
    [TIME_FROM] => 19:00
    [TIME_TO] => 20:00               
    [CLIENTS_CNT] => 0
    [TOV_NAME] => Паркур
    [ACC] => 0
    [CNTTRAN] => 0
    [CNTTRANRESERV] => 0
)

[2026-03-24 20:18:56] [INFO] (/home/redbarbe/public_html/telegram/webapps/action/ajax_get_tren.php:61) Array
(
    [KOD] => 811696
    [TIME_FROM] => 19:00
    [TIME_TO] => 20:00               
    [CLIENTS_CNT] => 0
    [TOV_NAME] => CrossActivity
    [ACC] => 0
    [CNTTRAN] => 0
    [CNTTRANRESERV] => 0
)

[2026-03-24 20:18:56] [INFO] (/home/redbarbe/public_html/telegram/webapps/action/ajax_get_tren.php:61) Array
(
    [KOD] => 812320
    [TIME_FROM] => 19:30
    [TIME_TO] => 20:30               
    [CLIENTS_CNT] => 0
    [TOV_NAME] => TRX
    [ACC] => 0
    [CNTTRAN] => 0
    [CNTTRANRESERV] => 0
)

[2026-03-24 20:18:56] [INFO] (/home/redbarbe/public_html/telegram/webapps/action/ajax_get_tren.php:61) Array
(
    [KOD] => 812008
    [TIME_FROM] => 20:00
    [TIME_TO] => 21:00               
    [CLIENTS_CNT] => 0
    [TOV_NAME] => CrossActivity
    [ACC] => 0
    [CNTTRAN] => 0
    [CNTTRANRESERV] => 0
)

[2026-03-24 20:18:56] [INFO] (/home/redbarbe/public_html/telegram/webapps/action/ajax_get_tren.php:61) Array
(
    [KOD] => 812632
    [TIME_FROM] => 20:00
    [TIME_TO] => 21:00               
    [CLIENTS_CNT] => 0
    [TOV_NAME] => Бокс
    [ACC] => 0
    [CNTTRAN] => 0
    [CNTTRANRESERV] => 0
)

[2026-03-24 20:19:11] [INFO] (/home/redbarbe/public_html/telegram/webapps/action/my_zapis.php:105) 
[2026-03-24 20:39:25] [INFO] (/home/redbarbe/public_html/telegram/webapps/action/ajax_get_tren.php:35) Array
(
    [0] => Array
        (
            [KOD] => 857496
            [TIME_FROM] => 09:00
            [TIME_TO] => 10:00               
            [CLIENTS_CNT] => 0
            [TOV_NAME] => Пілатес
            [ACC] => 0
            [CNTTRAN] => 0
            [CNTTRANRESERV] => 0
        )

    [1] => Array
        (
            [KOD] => 857704
            [TIME_FROM] => 18:00
            [TIME_TO] => 19:00               
            [CLIENTS_CNT] => 0
            [TOV_NAME] => F.B.T. (Fat burn traning)
            [ACC] => 0
            [CNTTRAN] => 3
            [CNTTRANRESERV] => 0
        )

    [2] => Array
        (
            [KOD] => 857288
            [TIME_FROM] => 19:00
            [TIME_TO] => 20:00               
            [CLIENTS_CNT] => 0
            [TOV_NAME] => Stretching & Mobility
            [ACC] => 348
            [CNTTRAN] => 3
            [CNTTRANRESERV] => 0
        )

)

[2026-03-24 20:39:25] [INFO] (/home/redbarbe/public_html/telegram/webapps/action/ajax_get_tren.php:61) Array
(
    [KOD] => 857496
    [TIME_FROM] => 09:00
    [TIME_TO] => 10:00               
    [CLIENTS_CNT] => 0
    [TOV_NAME] => Пілатес
    [ACC] => 0
    [CNTTRAN] => 0
    [CNTTRANRESERV] => 0
)

[2026-03-24 20:39:25] [INFO] (/home/redbarbe/public_html/telegram/webapps/action/ajax_get_tren.php:61) Array
(
    [KOD] => 857704
    [TIME_FROM] => 18:00
    [TIME_TO] => 19:00               
    [CLIENTS_CNT] => 0
    [TOV_NAME] => F.B.T. (Fat burn traning)
    [ACC] => 0
    [CNTTRAN] => 3
    [CNTTRANRESERV] => 0
)

[2026-03-24 20:39:25] [INFO] (/home/redbarbe/public_html/telegram/webapps/action/ajax_get_tren.php:61) Array
(
    [KOD] => 857288
    [TIME_FROM] => 19:00
    [TIME_TO] => 20:00               
    [CLIENTS_CNT] => 0
    [TOV_NAME] => Stretching & Mobility
    [ACC] => 348
    [CNTTRAN] => 3
    [CNTTRANRESERV] => 0
)

[2026-03-24 20:39:34] [INFO] (/home/redbarbe/public_html/telegram/webapps/action/ajax_get_tren.php:35) Array
(
    [0] => Array
        (
            [KOD] => 878283
            [TIME_FROM] => 08:00
            [TIME_TO] => 09:00               
            [CLIENTS_CNT] => 0
            [TOV_NAME] => Tabata (Ліана)
            [ACC] => 0
            [CNTTRAN] => 0
            [CNTTRANRESERV] => 0
        )

    [1] => Array
        (
            [KOD] => 869099
            [TIME_FROM] => 17:00
            [TIME_TO] => 18:00               
            [CLIENTS_CNT] => 0
            [TOV_NAME] => Бокс Kids
            [ACC] => 0
            [CNTTRAN] => 0
            [CNTTRANRESERV] => 0
        )

    [2] => Array
        (
            [KOD] => 875987
            [TIME_FROM] => 18:00
            [TIME_TO] => 19:00               
            [CLIENTS_CNT] => 5
            [TOV_NAME] => B.F.B
            [ACC] => 0
            [CNTTRAN] => 0
            [CNTTRANRESERV] => 0
        )

    [3] => Array
        (
            [KOD] => 873691
            [TIME_FROM] => 19:00
            [TIME_TO] => 20:00               
            [CLIENTS_CNT] => 0
            [TOV_NAME] => Mind Body
            [ACC] => 0
            [CNTTRAN] => 0
            [CNTTRANRESERV] => 0
        )

    [4] => Array
        (
            [KOD] => 871395
            [TIME_FROM] => 19:00
            [TIME_TO] => 20:00               
            [CLIENTS_CNT] => 0
            [TOV_NAME] => No Limits
            [ACC] => 0
            [CNTTRAN] => 0
            [CNTTRANRESERV] => 0
        )

)

[2026-03-24 20:39:34] [INFO] (/home/redbarbe/public_html/telegram/webapps/action/ajax_get_tren.php:61) Array
(
    [KOD] => 878283
    [TIME_FROM] => 08:00
    [TIME_TO] => 09:00               
    [CLIENTS_CNT] => 0
    [TOV_NAME] => Tabata (Ліана)
    [ACC] => 0
    [CNTTRAN] => 0
    [CNTTRANRESERV] => 0
)

[2026-03-24 20:39:34] [INFO] (/home/redbarbe/public_html/telegram/webapps/action/ajax_get_tren.php:61) Array
(
    [KOD] => 869099
    [TIME_FROM] => 17:00
    [TIME_TO] => 18:00               
    [CLIENTS_CNT] => 0
    [TOV_NAME] => Бокс Kids
    [ACC] => 0
    [CNTTRAN] => 0
    [CNTTRANRESERV] => 0
)

[2026-03-24 20:39:34] [INFO] (/home/redbarbe/public_html/telegram/webapps/action/ajax_get_tren.php:61) Array
(
    [KOD] => 875987
    [TIME_FROM] => 18:00
    [TIME_TO] => 19:00               
    [CLIENTS_CNT] => 5
    [TOV_NAME] => B.F.B
    [ACC] => 0
    [CNTTRAN] => 0
    [CNTTRANRESERV] => 0
)

[2026-03-24 20:39:34] [INFO] (/home/redbarbe/public_html/telegram/webapps/action/ajax_get_tren.php:61) Array
(
    [KOD] => 873691
    [TIME_FROM] => 19:00
    [TIME_TO] => 20:00               
    [CLIENTS_CNT] => 0
    [TOV_NAME] => Mind Body
    [ACC] => 0
    [CNTTRAN] => 0
    [CNTTRANRESERV] => 0
)

[2026-03-24 20:39:34] [INFO] (/home/redbarbe/public_html/telegram/webapps/action/ajax_get_tren.php:61) Array
(
    [KOD] => 871395
    [TIME_FROM] => 19:00
    [TIME_TO] => 20:00               
    [CLIENTS_CNT] => 0
    [TOV_NAME] => No Limits
    [ACC] => 0
    [CNTTRAN] => 0
    [CNTTRANRESERV] => 0
)

[2026-03-24 20:40:15] [INFO] (/home/redbarbe/public_html/telegram/webapps/action/hist_ind.php:16) SELECT a.name FROM `spr_acc` a, spr_users u WHERE u.active_account=a.acc and u.chat_id=a.chat_id and a.acc=13190 
and u.club=(select id from spr_clubs where ip_club="178.158.212.173") limit 1
[2026-03-24 20:40:15] [INFO] (/home/redbarbe/public_html/telegram/webapps/action/hist_ind.php:17) hist_grp
[2026-03-24 20:40:15] [INFO] (/home/redbarbe/public_html/telegram/webapps/action/hist_ind.php:108) Array
(
    [dbeg] => 24.12.2025
    [dend] => today
    [acc] => 13190
    [command] => get_ind_history
)

[2026-03-24 20:40:15] [INFO] (/home/redbarbe/public_html/telegram/webapps/action/hist_ind.php:109) ip=178.158.212.173
[2026-03-24 20:40:20] [INFO] (/home/redbarbe/public_html/telegram/webapps/action/hist_ost_poslug.php:19) SELECT a.name FROM `spr_acc` a, spr_users u WHERE u.active_account=a.acc and u.chat_id=a.chat_id and a.acc=13190 
and u.club=(select id from spr_clubs where ip_club="178.158.212.173") limit 1
[2026-03-24 20:40:20] [INFO] (/home/redbarbe/public_html/telegram/webapps/action/hist_ost_poslug.php:20) hist_ost_poslug
[2026-03-24 20:40:20] [INFO] (/home/redbarbe/public_html/telegram/webapps/action/hist_ost_poslug.php:111) Array
(
    [acc] => 13190
    [command] => GET_OST_POSLUG_ACC
)

[2026-03-24 20:40:20] [INFO] (/home/redbarbe/public_html/telegram/webapps/action/hist_ost_poslug.php:112) ip=178.158.212.173
[2026-03-24 20:42:08] [INFO] (/home/redbarbe/public_html/telegram/webapps/action/ajax_get_tren.php:35) Array
(
    [0] => Array
        (
            [KOD] => 857496
            [TIME_FROM] => 09:00
            [TIME_TO] => 10:00               
            [CLIENTS_CNT] => 0
            [TOV_NAME] => Пілатес
            [ACC] => 0
            [CNTTRAN] => 0
            [CNTTRANRESERV] => 0
        )

    [1] => Array
        (
            [KOD] => 857704
            [TIME_FROM] => 18:00
            [TIME_TO] => 19:00               
            [CLIENTS_CNT] => 0
            [TOV_NAME] => F.B.T. (Fat burn traning)
            [ACC] => 0
            [CNTTRAN] => 3
            [CNTTRANRESERV] => 0
        )

    [2] => Array
        (
            [KOD] => 857288
            [TIME_FROM] => 19:00
            [TIME_TO] => 20:00               
            [CLIENTS_CNT] => 0
            [TOV_NAME] => Stretching & Mobility
            [ACC] => 348
            [CNTTRAN] => 3
            [CNTTRANRESERV] => 0
        )

)

[2026-03-24 20:42:08] [INFO] (/home/redbarbe/public_html/telegram/webapps/action/ajax_get_tren.php:61) Array
(
    [KOD] => 857496
    [TIME_FROM] => 09:00
    [TIME_TO] => 10:00               
    [CLIENTS_CNT] => 0
    [TOV_NAME] => Пілатес
    [ACC] => 0
    [CNTTRAN] => 0
    [CNTTRANRESERV] => 0
)

[2026-03-24 20:42:08] [INFO] (/home/redbarbe/public_html/telegram/webapps/action/ajax_get_tren.php:61) Array
(
    [KOD] => 857704
    [TIME_FROM] => 18:00
    [TIME_TO] => 19:00               
    [CLIENTS_CNT] => 0
    [TOV_NAME] => F.B.T. (Fat burn traning)
    [ACC] => 0
    [CNTTRAN] => 3
    [CNTTRANRESERV] => 0
)

[2026-03-24 20:42:08] [INFO] (/home/redbarbe/public_html/telegram/webapps/action/ajax_get_tren.php:61) Array
(
    [KOD] => 857288
    [TIME_FROM] => 19:00
    [TIME_TO] => 20:00               
    [CLIENTS_CNT] => 0
    [TOV_NAME] => Stretching & Mobility
    [ACC] => 348
    [CNTTRAN] => 3
    [CNTTRANRESERV] => 0
)

[2026-03-24 20:42:44] [INFO] (/home/redbarbe/public_html/telegram/webapps/action/ajax_get_tren.php:35) Array
(
    [0] => Array
        (
            [KOD] => 878283
            [TIME_FROM] => 08:00
            [TIME_TO] => 09:00               
            [CLIENTS_CNT] => 0
            [TOV_NAME] => Tabata (Ліана)
            [ACC] => 0
            [CNTTRAN] => 0
            [CNTTRANRESERV] => 0
        )

    [1] => Array
        (
            [KOD] => 869099
            [TIME_FROM] => 17:00
            [TIME_TO] => 18:00               
            [CLIENTS_CNT] => 0
            [TOV_NAME] => Бокс Kids
            [ACC] => 0
            [CNTTRAN] => 0
            [CNTTRANRESERV] => 0
        )

    [2] => Array
        (
            [KOD] => 875987
            [TIME_FROM] => 18:00
            [TIME_TO] => 19:00               
            [CLIENTS_CNT] => 5
            [TOV_NAME] => B.F.B
            [ACC] => 0
            [CNTTRAN] => 0
            [CNTTRANRESERV] => 0
        )

    [3] => Array
        (
            [KOD] => 873691
            [TIME_FROM] => 19:00
            [TIME_TO] => 20:00               
            [CLIENTS_CNT] => 0
            [TOV_NAME] => Mind Body
            [ACC] => 0
            [CNTTRAN] => 0
            [CNTTRANRESERV] => 0
        )

    [4] => Array
        (
            [KOD] => 871395
            [TIME_FROM] => 19:00
            [TIME_TO] => 20:00               
            [CLIENTS_CNT] => 0
            [TOV_NAME] => No Limits
            [ACC] => 0
            [CNTTRAN] => 0
            [CNTTRANRESERV] => 0
        )

)

[2026-03-24 20:42:44] [INFO] (/home/redbarbe/public_html/telegram/webapps/action/ajax_get_tren.php:61) Array
(
    [KOD] => 878283
    [TIME_FROM] => 08:00
    [TIME_TO] => 09:00               
    [CLIENTS_CNT] => 0
    [TOV_NAME] => Tabata (Ліана)
    [ACC] => 0
    [CNTTRAN] => 0
    [CNTTRANRESERV] => 0
)

[2026-03-24 20:42:44] [INFO] (/home/redbarbe/public_html/telegram/webapps/action/ajax_get_tren.php:61) Array
(
    [KOD] => 869099
    [TIME_FROM] => 17:00
    [TIME_TO] => 18:00               
    [CLIENTS_CNT] => 0
    [TOV_NAME] => Бокс Kids
    [ACC] => 0
    [CNTTRAN] => 0
    [CNTTRANRESERV] => 0
)

[2026-03-24 20:42:44] [INFO] (/home/redbarbe/public_html/telegram/webapps/action/ajax_get_tren.php:61) Array
(
    [KOD] => 875987
    [TIME_FROM] => 18:00
    [TIME_TO] => 19:00               
    [CLIENTS_CNT] => 5
    [TOV_NAME] => B.F.B
    [ACC] => 0
    [CNTTRAN] => 0
    [CNTTRANRESERV] => 0
)

[2026-03-24 20:42:44] [INFO] (/home/redbarbe/public_html/telegram/webapps/action/ajax_get_tren.php:61) Array
(
    [KOD] => 873691
    [TIME_FROM] => 19:00
    [TIME_TO] => 20:00               
    [CLIENTS_CNT] => 0
    [TOV_NAME] => Mind Body
    [ACC] => 0
    [CNTTRAN] => 0
    [CNTTRANRESERV] => 0
)

[2026-03-24 20:42:44] [INFO] (/home/redbarbe/public_html/telegram/webapps/action/ajax_get_tren.php:61) Array
(
    [KOD] => 871395
    [TIME_FROM] => 19:00
    [TIME_TO] => 20:00               
    [CLIENTS_CNT] => 0
    [TOV_NAME] => No Limits
    [ACC] => 0
    [CNTTRAN] => 0
    [CNTTRANRESERV] => 0
)

[2026-03-24 20:43:30] [INFO] (/home/redbarbe/public_html/telegram/webapps/action/ajax_get_tren.php:35) Array
(
    [0] => Array
        (
            [KOD] => 878283
            [TIME_FROM] => 08:00
            [TIME_TO] => 09:00               
            [CLIENTS_CNT] => 0
            [TOV_NAME] => Tabata (Ліана)
            [ACC] => 0
            [CNTTRAN] => 0
            [CNTTRANRESERV] => 0
        )

    [1] => Array
        (
            [KOD] => 869099
            [TIME_FROM] => 17:00
            [TIME_TO] => 18:00               
            [CLIENTS_CNT] => 0
            [TOV_NAME] => Бокс Kids
            [ACC] => 0
            [CNTTRAN] => 0
            [CNTTRANRESERV] => 0
        )

    [2] => Array
        (
            [KOD] => 875987
            [TIME_FROM] => 18:00
            [TIME_TO] => 19:00               
            [CLIENTS_CNT] => 5
            [TOV_NAME] => B.F.B
            [ACC] => 0
            [CNTTRAN] => 0
            [CNTTRANRESERV] => 0
        )

    [3] => Array
        (
            [KOD] => 873691
            [TIME_FROM] => 19:00
            [TIME_TO] => 20:00               
            [CLIENTS_CNT] => 0
            [TOV_NAME] => Mind Body
            [ACC] => 0
            [CNTTRAN] => 0
            [CNTTRANRESERV] => 0
        )

    [4] => Array
        (
            [KOD] => 871395
            [TIME_FROM] => 19:00
            [TIME_TO] => 20:00               
            [CLIENTS_CNT] => 0
            [TOV_NAME] => No Limits
            [ACC] => 0
            [CNTTRAN] => 0
            [CNTTRANRESERV] => 0
        )

)

[2026-03-24 20:43:30] [INFO] (/home/redbarbe/public_html/telegram/webapps/action/ajax_get_tren.php:61) Array
(
    [KOD] => 878283
    [TIME_FROM] => 08:00
    [TIME_TO] => 09:00               
    [CLIENTS_CNT] => 0
    [TOV_NAME] => Tabata (Ліана)
    [ACC] => 0
    [CNTTRAN] => 0
    [CNTTRANRESERV] => 0
)

[2026-03-24 20:43:30] [INFO] (/home/redbarbe/public_html/telegram/webapps/action/ajax_get_tren.php:61) Array
(
    [KOD] => 869099
    [TIME_FROM] => 17:00
    [TIME_TO] => 18:00               
    [CLIENTS_CNT] => 0
    [TOV_NAME] => Бокс Kids
    [ACC] => 0
    [CNTTRAN] => 0
    [CNTTRANRESERV] => 0
)

[2026-03-24 20:43:30] [INFO] (/home/redbarbe/public_html/telegram/webapps/action/ajax_get_tren.php:61) Array
(
    [KOD] => 875987
    [TIME_FROM] => 18:00
    [TIME_TO] => 19:00               
    [CLIENTS_CNT] => 5
    [TOV_NAME] => B.F.B
    [ACC] => 0
    [CNTTRAN] => 0
    [CNTTRANRESERV] => 0
)

[2026-03-24 20:43:30] [INFO] (/home/redbarbe/public_html/telegram/webapps/action/ajax_get_tren.php:61) Array
(
    [KOD] => 873691
    [TIME_FROM] => 19:00
    [TIME_TO] => 20:00               
    [CLIENTS_CNT] => 0
    [TOV_NAME] => Mind Body
    [ACC] => 0
    [CNTTRAN] => 0
    [CNTTRANRESERV] => 0
)

[2026-03-24 20:43:30] [INFO] (/home/redbarbe/public_html/telegram/webapps/action/ajax_get_tren.php:61) Array
(
    [KOD] => 871395
    [TIME_FROM] => 19:00
    [TIME_TO] => 20:00               
    [CLIENTS_CNT] => 0
    [TOV_NAME] => No Limits
    [ACC] => 0
    [CNTTRAN] => 0
    [CNTTRANRESERV] => 0
)

[2026-03-24 20:43:34] [INFO] (/home/redbarbe/public_html/telegram/webapps/action/ajax_get_tren.php:35) Array
(
    [0] => Array
        (
            [KOD] => 854382
            [TIME_FROM] => 09:00
            [TIME_TO] => 10:00               
            [CLIENTS_CNT] => 0
            [TOV_NAME] => Пілатес
            [ACC] => 0
            [CNTTRAN] => 0
            [CNTTRANRESERV] => 0
        )

    [1] => Array
        (
            [KOD] => 854799
            [TIME_FROM] => 18:00
            [TIME_TO] => 19:00               
            [CLIENTS_CNT] => 0
            [TOV_NAME] => Booty Sculpt
            [ACC] => 0
            [CNTTRAN] => 0
            [CNTTRANRESERV] => 0
        )

    [2] => Array
        (
            [KOD] => 853965
            [TIME_FROM] => 19:00
            [TIME_TO] => 20:00               
            [CLIENTS_CNT] => 0
            [TOV_NAME] => Stretching & Mobility
            [ACC] => 0
            [CNTTRAN] => 0
            [CNTTRANRESERV] => 0
        )

)

[2026-03-24 20:43:34] [INFO] (/home/redbarbe/public_html/telegram/webapps/action/ajax_get_tren.php:61) Array
(
    [KOD] => 854382
    [TIME_FROM] => 09:00
    [TIME_TO] => 10:00               
    [CLIENTS_CNT] => 0
    [TOV_NAME] => Пілатес
    [ACC] => 0
    [CNTTRAN] => 0
    [CNTTRANRESERV] => 0
)

[2026-03-24 20:43:34] [INFO] (/home/redbarbe/public_html/telegram/webapps/action/ajax_get_tren.php:61) Array
(
    [KOD] => 854799
    [TIME_FROM] => 18:00
    [TIME_TO] => 19:00               
    [CLIENTS_CNT] => 0
    [TOV_NAME] => Booty Sculpt
    [ACC] => 0
    [CNTTRAN] => 0
    [CNTTRANRESERV] => 0
)

[2026-03-24 20:43:34] [INFO] (/home/redbarbe/public_html/telegram/webapps/action/ajax_get_tren.php:61) Array
(
    [KOD] => 853965
    [TIME_FROM] => 19:00
    [TIME_TO] => 20:00               
    [CLIENTS_CNT] => 0
    [TOV_NAME] => Stretching & Mobility
    [ACC] => 0
    [CNTTRAN] => 0
    [CNTTRANRESERV] => 0
)

[2026-03-24 20:43:41] [INFO] (/home/redbarbe/public_html/telegram/webapps/action/ajax_get_tren.php:35) Array
(
    [0] => Array
        (
            [KOD] => 878284
            [TIME_FROM] => 09:00
            [TIME_TO] => 10:00               
            [CLIENTS_CNT] => 0
            [TOV_NAME] => Base fitness (Ліана)
            [ACC] => 0
            [CNTTRAN] => 0
            [CNTTRANRESERV] => 0
        )

    [1] => Array
        (
            [KOD] => 869100
            [TIME_FROM] => 17:00
            [TIME_TO] => 18:00               
            [CLIENTS_CNT] => 0
            [TOV_NAME] => Бокс Kids
            [ACC] => 0
            [CNTTRAN] => 0
            [CNTTRANRESERV] => 0
        )

    [2] => Array
        (
            [KOD] => 875988
            [TIME_FROM] => 18:00
            [TIME_TO] => 19:00               
            [CLIENTS_CNT] => 5
            [TOV_NAME] => B.F.B
            [ACC] => 0
            [CNTTRAN] => 0
            [CNTTRANRESERV] => 0
        )

    [3] => Array
        (
            [KOD] => 873692
            [TIME_FROM] => 19:00
            [TIME_TO] => 20:00               
            [CLIENTS_CNT] => 0
            [TOV_NAME] => Mind Body
            [ACC] => 0
            [CNTTRAN] => 0
            [CNTTRANRESERV] => 0
        )

    [4] => Array
        (
            [KOD] => 871396
            [TIME_FROM] => 19:00
            [TIME_TO] => 20:00               
            [CLIENTS_CNT] => 0
            [TOV_NAME] => No Limits
            [ACC] => 0
            [CNTTRAN] => 0
            [CNTTRANRESERV] => 0
        )

)

[2026-03-24 20:43:41] [INFO] (/home/redbarbe/public_html/telegram/webapps/action/ajax_get_tren.php:61) Array
(
    [KOD] => 878284
    [TIME_FROM] => 09:00
    [TIME_TO] => 10:00               
    [CLIENTS_CNT] => 0
    [TOV_NAME] => Base fitness (Ліана)
    [ACC] => 0
    [CNTTRAN] => 0
    [CNTTRANRESERV] => 0
)

[2026-03-24 20:43:41] [INFO] (/home/redbarbe/public_html/telegram/webapps/action/ajax_get_tren.php:61) Array
(
    [KOD] => 869100
    [TIME_FROM] => 17:00
    [TIME_TO] => 18:00               
    [CLIENTS_CNT] => 0
    [TOV_NAME] => Бокс Kids
    [ACC] => 0
    [CNTTRAN] => 0
    [CNTTRANRESERV] => 0
)

[2026-03-24 20:43:41] [INFO] (/home/redbarbe/public_html/telegram/webapps/action/ajax_get_tren.php:61) Array
(
    [KOD] => 875988
    [TIME_FROM] => 18:00
    [TIME_TO] => 19:00               
    [CLIENTS_CNT] => 5
    [TOV_NAME] => B.F.B
    [ACC] => 0
    [CNTTRAN] => 0
    [CNTTRANRESERV] => 0
)

[2026-03-24 20:43:41] [INFO] (/home/redbarbe/public_html/telegram/webapps/action/ajax_get_tren.php:61) Array
(
    [KOD] => 873692
    [TIME_FROM] => 19:00
    [TIME_TO] => 20:00               
    [CLIENTS_CNT] => 0
    [TOV_NAME] => Mind Body
    [ACC] => 0
    [CNTTRAN] => 0
    [CNTTRANRESERV] => 0
)

[2026-03-24 20:43:41] [INFO] (/home/redbarbe/public_html/telegram/webapps/action/ajax_get_tren.php:61) Array
(
    [KOD] => 871396
    [TIME_FROM] => 19:00
    [TIME_TO] => 20:00               
    [CLIENTS_CNT] => 0
    [TOV_NAME] => No Limits
    [ACC] => 0
    [CNTTRAN] => 0
    [CNTTRANRESERV] => 0
)

[2026-03-24 20:57:32] [INFO] (/home/redbarbe/public_html/telegram/webapps/action/hist_grp.php:16) SELECT a.name FROM `spr_acc` a, spr_users u WHERE u.active_account=a.acc and u.chat_id=a.chat_id and a.acc=14853 
and u.club=(select id from spr_clubs where ip_club="178.158.212.173") limit 1
[2026-03-24 20:57:32] [INFO] (/home/redbarbe/public_html/telegram/webapps/action/hist_grp.php:17) hist_grp
[2026-03-24 20:57:32] [INFO] (/home/redbarbe/public_html/telegram/webapps/action/hist_grp.php:108) Array
(
    [dbeg] => 24.12.2025
    [dend] => today
    [acc] => 14853
    [command] => get_grp_history
)

[2026-03-24 20:57:32] [INFO] (/home/redbarbe/public_html/telegram/webapps/action/hist_grp.php:109) ip=178.158.212.173
[2026-03-24 21:01:49] [INFO] (/home/redbarbe/public_html/telegram/webapps/action/hist_ind.php:16) SELECT a.name FROM `spr_acc` a, spr_users u WHERE u.active_account=a.acc and u.chat_id=a.chat_id and a.acc=367 
and u.club=(select id from spr_clubs where ip_club="109.86.110.220") limit 1
[2026-03-24 21:01:49] [INFO] (/home/redbarbe/public_html/telegram/webapps/action/hist_ind.php:17) hist_grp
[2026-03-24 21:01:50] [INFO] (/home/redbarbe/public_html/telegram/webapps/action/hist_ind.php:108) Array
(
    [dbeg] => 24.12.2025
    [dend] => today
    [acc] => 367
    [command] => get_ind_history
)

[2026-03-24 21:01:50] [INFO] (/home/redbarbe/public_html/telegram/webapps/action/hist_ind.php:109) ip=109.86.110.220
[2026-03-24 21:01:55] [INFO] (/home/redbarbe/public_html/telegram/webapps/action/hist_ost_poslug.php:19) SELECT a.name FROM `spr_acc` a, spr_users u WHERE u.active_account=a.acc and u.chat_id=a.chat_id and a.acc=367 
and u.club=(select id from spr_clubs where ip_club="109.86.110.220") limit 1
[2026-03-24 21:01:55] [INFO] (/home/redbarbe/public_html/telegram/webapps/action/hist_ost_poslug.php:20) hist_ost_poslug
[2026-03-24 21:01:55] [INFO] (/home/redbarbe/public_html/telegram/webapps/action/hist_ost_poslug.php:111) Array
(
    [acc] => 367
    [command] => GET_OST_POSLUG_ACC
)

[2026-03-24 21:01:55] [INFO] (/home/redbarbe/public_html/telegram/webapps/action/hist_ost_poslug.php:112) ip=109.86.110.220
[2026-03-24 21:02:17] [INFO] (/home/redbarbe/public_html/telegram/webapps/action/hist_grp.php:16) SELECT a.name FROM `spr_acc` a, spr_users u WHERE u.active_account=a.acc and u.chat_id=a.chat_id and a.acc=367 
and u.club=(select id from spr_clubs where ip_club="109.86.110.220") limit 1
[2026-03-24 21:02:17] [INFO] (/home/redbarbe/public_html/telegram/webapps/action/hist_grp.php:17) hist_grp
[2026-03-24 21:02:17] [INFO] (/home/redbarbe/public_html/telegram/webapps/action/hist_grp.php:108) Array
(
    [dbeg] => 24.12.2025
    [dend] => today
    [acc] => 367
    [command] => get_grp_history
)

[2026-03-24 21:02:17] [INFO] (/home/redbarbe/public_html/telegram/webapps/action/hist_grp.php:109) ip=109.86.110.220
[2026-03-24 21:02:30] [INFO] (/home/redbarbe/public_html/telegram/webapps/action/hist_grp.php:16) SELECT a.name FROM `spr_acc` a, spr_users u WHERE u.active_account=a.acc and u.chat_id=a.chat_id and a.acc=348 
and u.club=(select id from spr_clubs where ip_club="109.86.110.220") limit 1
[2026-03-24 21:02:30] [INFO] (/home/redbarbe/public_html/telegram/webapps/action/hist_grp.php:17) hist_grp
[2026-03-24 21:02:30] [INFO] (/home/redbarbe/public_html/telegram/webapps/action/hist_grp.php:108) Array
(
    [dbeg] => 24.12.2025
    [dend] => today
    [acc] => 348
    [command] => get_grp_history
)

[2026-03-24 21:02:30] [INFO] (/home/redbarbe/public_html/telegram/webapps/action/hist_grp.php:109) ip=109.86.110.220
[2026-03-24 21:02:48] [INFO] (/home/redbarbe/public_html/telegram/webapps/action/hist_ost_poslug.php:19) SELECT a.name FROM `spr_acc` a, spr_users u WHERE u.active_account=a.acc and u.chat_id=a.chat_id and a.acc=348 
and u.club=(select id from spr_clubs where ip_club="109.86.110.220") limit 1
[2026-03-24 21:02:48] [INFO] (/home/redbarbe/public_html/telegram/webapps/action/hist_ost_poslug.php:20) hist_ost_poslug
[2026-03-24 21:02:48] [INFO] (/home/redbarbe/public_html/telegram/webapps/action/hist_ost_poslug.php:111) Array
(
    [acc] => 348
    [command] => GET_OST_POSLUG_ACC
)

[2026-03-24 21:02:48] [INFO] (/home/redbarbe/public_html/telegram/webapps/action/hist_ost_poslug.php:112) ip=109.86.110.220
[2026-03-24 21:05:38] [INFO] (/home/redbarbe/public_html/telegram/webapps/reports/report_pers_detal.php:22) Array
(
)

[2026-03-24 21:05:50] [INFO] (/home/redbarbe/public_html/telegram/webapps/reports/report_pers_detal.php:22) Array
(
    [ajax_method] => 2
    [action] => report_pers_detal
    [action_report] => report_view
    [admin] => 5
    [date_from] => 24.03.2026
    [date_to] => 24.03.2026
    [ip_club] => 178.151.119.180
    [podr] => all
    [sotr] => 0326
)

[2026-03-24 21:05:59] [INFO] (/home/redbarbe/public_html/telegram/webapps/reports/report_pers_detal.php:22) Array
(
)

[2026-03-24 21:06:07] [INFO] (/home/redbarbe/public_html/telegram/webapps/reports/report_pers_detal.php:22) Array
(
    [ajax_method] => 2
    [action] => report_pers_detal
    [action_report] => report_view
    [admin] => 5
    [date_from] => 24.03.2026
    [date_to] => 24.03.2026
    [ip_club] => 178.151.119.180
    [podr] => all
    [sotr] => 0326
)

[2026-03-24 21:10:49] [INFO] (/home/redbarbe/public_html/telegram/webapps/action/ajax_get_tren.php:35) Array
(
    [0] => Array
        (
            [KOD] => 813598
            [TIME_FROM] => 09:00
            [TIME_TO] => 10:00               
            [CLIENTS_CNT] => 0
            [TOV_NAME] => CrossActivity
            [ACC] => 0
            [CNTTRAN] => 1
            [CNTTRANRESERV] => 0
        )

    [1] => Array
        (
            [KOD] => 813094
            [TIME_FROM] => 14:00
            [TIME_TO] => 15:00               
            [CLIENTS_CNT] => 0
            [TOV_NAME] => FitnessMix
            [ACC] => 0
            [CNTTRAN] => 0
            [CNTTRANRESERV] => 0
        )

    [2] => Array
        (
            [KOD] => 813542
            [TIME_FROM] => 18:00
            [TIME_TO] => 19:00               
            [CLIENTS_CNT] => 0
            [TOV_NAME] => Паркур Kids
            [ACC] => 0
            [CNTTRAN] => 0
            [CNTTRANRESERV] => 0
        )

    [3] => Array
        (
            [KOD] => 813318
            [TIME_FROM] => 18:30
            [TIME_TO] => 19:30               
            [CLIENTS_CNT] => 0
            [TOV_NAME] => Pilates
            [ACC] => 0
            [CNTTRAN] => 0
            [CNTTRANRESERV] => 0
        )

    [4] => Array
        (
            [KOD] => 813430
            [TIME_FROM] => 19:00
            [TIME_TO] => 20:00               
            [CLIENTS_CNT] => 0
            [TOV_NAME] => Паркур
            [ACC] => 0
            [CNTTRAN] => 0
            [CNTTRANRESERV] => 0
        )

    [5] => Array
        (
            [KOD] => 813150
            [TIME_FROM] => 19:00
            [TIME_TO] => 20:00               
            [CLIENTS_CNT] => 0
            [TOV_NAME] => CrossActivity
            [ACC] => 0
            [CNTTRAN] => 0
            [CNTTRANRESERV] => 0
        )

    [6] => Array
        (
            [KOD] => 813374
            [TIME_FROM] => 19:30
            [TIME_TO] => 20:30               
            [CLIENTS_CNT] => 0
            [TOV_NAME] => TRX
            [ACC] => 0
            [CNTTRAN] => 1
            [CNTTRANRESERV] => 0
        )

    [7] => Array
        (
            [KOD] => 813262
            [TIME_FROM] => 20:00
            [TIME_TO] => 21:00               
            [CLIENTS_CNT] => 0
            [TOV_NAME] => CrossActivity
            [ACC] => 0
            [CNTTRAN] => 0
            [CNTTRANRESERV] => 0
        )

    [8] => Array
        (
            [KOD] => 813486
            [TIME_FROM] => 20:00
            [TIME_TO] => 21:00               
            [CLIENTS_CNT] => 0
            [TOV_NAME] => Бокс
            [ACC] => 0
            [CNTTRAN] => 0
            [CNTTRANRESERV] => 0
        )

)

[2026-03-24 21:10:49] [INFO] (/home/redbarbe/public_html/telegram/webapps/action/ajax_get_tren.php:61) Array
(
    [KOD] => 813598
    [TIME_FROM] => 09:00
    [TIME_TO] => 10:00               
    [CLIENTS_CNT] => 0
    [TOV_NAME] => CrossActivity
    [ACC] => 0
    [CNTTRAN] => 1
    [CNTTRANRESERV] => 0
)

[2026-03-24 21:10:49] [INFO] (/home/redbarbe/public_html/telegram/webapps/action/ajax_get_tren.php:61) Array
(
    [KOD] => 813094
    [TIME_FROM] => 14:00
    [TIME_TO] => 15:00               
    [CLIENTS_CNT] => 0
    [TOV_NAME] => FitnessMix
    [ACC] => 0
    [CNTTRAN] => 0
    [CNTTRANRESERV] => 0
)

[2026-03-24 21:10:49] [INFO] (/home/redbarbe/public_html/telegram/webapps/action/ajax_get_tren.php:61) Array
(
    [KOD] => 813542
    [TIME_FROM] => 18:00
    [TIME_TO] => 19:00               
    [CLIENTS_CNT] => 0
    [TOV_NAME] => Паркур Kids
    [ACC] => 0
    [CNTTRAN] => 0
    [CNTTRANRESERV] => 0
)

[2026-03-24 21:10:49] [INFO] (/home/redbarbe/public_html/telegram/webapps/action/ajax_get_tren.php:61) Array
(
    [KOD] => 813318
    [TIME_FROM] => 18:30
    [TIME_TO] => 19:30               
    [CLIENTS_CNT] => 0
    [TOV_NAME] => Pilates
    [ACC] => 0
    [CNTTRAN] => 0
    [CNTTRANRESERV] => 0
)

[2026-03-24 21:10:49] [INFO] (/home/redbarbe/public_html/telegram/webapps/action/ajax_get_tren.php:61) Array
(
    [KOD] => 813430
    [TIME_FROM] => 19:00
    [TIME_TO] => 20:00               
    [CLIENTS_CNT] => 0
    [TOV_NAME] => Паркур
    [ACC] => 0
    [CNTTRAN] => 0
    [CNTTRANRESERV] => 0
)

[2026-03-24 21:10:49] [INFO] (/home/redbarbe/public_html/telegram/webapps/action/ajax_get_tren.php:61) Array
(
    [KOD] => 813150
    [TIME_FROM] => 19:00
    [TIME_TO] => 20:00               
    [CLIENTS_CNT] => 0
    [TOV_NAME] => CrossActivity
    [ACC] => 0
    [CNTTRAN] => 0
    [CNTTRANRESERV] => 0
)

[2026-03-24 21:10:49] [INFO] (/home/redbarbe/public_html/telegram/webapps/action/ajax_get_tren.php:61) Array
(
    [KOD] => 813374
    [TIME_FROM] => 19:30
    [TIME_TO] => 20:30               
    [CLIENTS_CNT] => 0
    [TOV_NAME] => TRX
    [ACC] => 0
    [CNTTRAN] => 1
    [CNTTRANRESERV] => 0
)

[2026-03-24 21:10:49] [INFO] (/home/redbarbe/public_html/telegram/webapps/action/ajax_get_tren.php:61) Array
(
    [KOD] => 813262
    [TIME_FROM] => 20:00
    [TIME_TO] => 21:00               
    [CLIENTS_CNT] => 0
    [TOV_NAME] => CrossActivity
    [ACC] => 0
    [CNTTRAN] => 0
    [CNTTRANRESERV] => 0
)

[2026-03-24 21:10:49] [INFO] (/home/redbarbe/public_html/telegram/webapps/action/ajax_get_tren.php:61) Array
(
    [KOD] => 813486
    [TIME_FROM] => 20:00
    [TIME_TO] => 21:00               
    [CLIENTS_CNT] => 0
    [TOV_NAME] => Бокс
    [ACC] => 0
    [CNTTRAN] => 0
    [CNTTRANRESERV] => 0
)

[2026-03-24 21:11:04] [INFO] (/home/redbarbe/public_html/telegram/webapps/action/ajax_fitness_zapis.php:22) Array
(
    [ajax_method] => 2
    [action] => ajax_fitness_zapis
    [dat] => 25.03.2026
    [acc] => 15446
    [trenid] => 813318
    [ost_all] => 100
    [ip_club] => 178.158.212.173
    [acctozapis] => 0
    [time_from] => 18:30
)

[2026-03-24 22:01:11] [INFO] (/home/redbarbe/public_html/telegram/webapps/reports/report_pers_detal.php:22) Array
(
)

[2026-03-24 22:01:27] [INFO] (/home/redbarbe/public_html/telegram/webapps/reports/report_pers_detal.php:22) Array
(
    [ajax_method] => 2
    [action] => report_pers_detal
    [action_report] => report_view
    [admin] => 5
    [date_from] => 24.03.2026
    [date_to] => 24.03.2026
    [ip_club] => 193.194.107.2
    [podr] => grp
    [sotr] => 192
)

[2026-03-24 22:21:31] [INFO] (/home/redbarbe/public_html/telegram/webapps/reports/report_pers_detal.php:22) Array
(
)

[2026-03-24 22:21:44] [INFO] (/home/redbarbe/public_html/telegram/webapps/reports/report_pers_detal.php:22) Array
(
    [ajax_method] => 2
    [action] => report_pers_detal
    [action_report] => report_view
    [admin] => 5
    [date_from] => 01.03.2026
    [date_to] => 31.03.2026
    [ip_club] => 109.86.110.220
    [podr] => all
    [sotr] => 0002
)

[2026-03-24 22:23:32] [INFO] (/home/redbarbe/public_html/telegram/webapps/reports/report_pers_detal.php:22) Array
(
)

[2026-03-24 22:23:40] [INFO] (/home/redbarbe/public_html/telegram/webapps/reports/report_pers_detal.php:22) Array
(
    [ajax_method] => 2
    [action] => report_pers_detal
    [action_report] => report_view
    [admin] => 5
    [date_from] => 24.03.2026
    [date_to] => 24.03.2026
    [ip_club] => 212.26.139.90
    [podr] => pt
    [sotr] => 03339
)

[2026-03-24 22:24:06] [INFO] (/home/redbarbe/public_html/telegram/webapps/reports/report_pers_detal.php:22) Array
(
)

[2026-03-24 22:24:15] [INFO] (/home/redbarbe/public_html/telegram/webapps/reports/report_pers_detal.php:22) Array
(
    [ajax_method] => 2
    [action] => report_pers_detal
    [action_report] => report_view
    [admin] => 5
    [date_from] => 24.03.2026
    [date_to] => 24.03.2026
    [ip_club] => 193.194.107.2
    [podr] => grp
    [sotr] => 192
)

[2026-03-24 22:28:22] [INFO] (/home/redbarbe/public_html/telegram/webapps/reports/report_pers_detal.php:22) Array
(
)

[2026-03-24 22:28:39] [INFO] (/home/redbarbe/public_html/telegram/webapps/reports/report_pers_detal.php:22) Array
(
    [ajax_method] => 2
    [action] => report_pers_detal
    [action_report] => report_view
    [admin] => 5
    [date_from] => 24.03.2026
    [date_to] => 24.03.2026
    [ip_club] => 178.158.212.173
    [podr] => all
    [sotr] => 0112
)

