[2026-01-30 03:57:26] [INFO] (/home3/redbarbe/public_html/telegram/webapps/action/my_zapis.php:104) Нет связи с сервером
[2026-01-30 03:57:39] [INFO] (/home3/redbarbe/public_html/telegram/webapps/action/my_zapis.php:104) Нет связи с сервером
[2026-01-30 03:57:57] [INFO] (/home3/redbarbe/public_html/telegram/webapps/action/hist_grp.php:16) SELECT a.name FROM `spr_acc` a, spr_users u WHERE u.active_account=a.acc and u.chat_id=a.chat_id and a.acc=15240 
and u.club=(select id from spr_clubs where ip_club="178.158.212.173") limit 1
[2026-01-30 03:57:57] [INFO] (/home3/redbarbe/public_html/telegram/webapps/action/hist_grp.php:17) hist_grp
[2026-01-30 03:57:57] [INFO] (/home3/redbarbe/public_html/telegram/webapps/action/hist_grp.php:108) Array
(
    [dbeg] => 30.10.2025
    [dend] => today
    [acc] => 15240
    [command] => get_grp_history
)

[2026-01-30 03:57:57] [INFO] (/home3/redbarbe/public_html/telegram/webapps/action/hist_grp.php:109) ip=178.158.212.173
[2026-01-30 03:58:22] [INFO] (/home3/redbarbe/public_html/telegram/webapps/action/chart.php:29) SELECT a.name FROM `spr_acc` a, spr_users u 
WHERE u.active_account=a.acc and u.chat_id=a.chat_id and a.chat_id="1314914574"
and u.club=3 limit 1
[2026-01-30 03:58:22] [INFO] (/home3/redbarbe/public_html/telegram/webapps/action/chart.php:30) Array
(
    [action] => chart
    [club] => 3
    [acc] => 15240
    [chatadmin] => 5890364519
    [who_user_write] => 1314914574
    [chatid] => 1314914574
    [ip_club] => 178.158.212.173
)

[2026-01-30 07:04:26] [INFO] (/home3/redbarbe/public_html/telegram/webapps/action/chart.php:29) SELECT a.name FROM `spr_acc` a, spr_users u 
WHERE u.active_account=a.acc and u.chat_id=a.chat_id and a.chat_id="1314914574"
and u.club=3 limit 1
[2026-01-30 07:04:26] [INFO] (/home3/redbarbe/public_html/telegram/webapps/action/chart.php:30) Array
(
    [action] => chart
    [club] => 3
    [admin] => 1
    [who_user_write] => 5890364519
    [chatid] => 1314914574
)

[2026-01-30 07:31:00] [INFO] (/home3/redbarbe/public_html/telegram/webapps/action/my_zapis.php:104) Array
(
    [0] => Array
        (
            [DAT1] => 2026-01-30 00:00:00
            [DAT] => 30.01.2026
            [TIME_START] => 09:00
            [TIME_STOP] => 10:00
            [PODR_NAME] => Total Body
            [SOTR_NAME] => 
            [TP] => 2
            [TRAIN] => 801284
            [TO_RESERV] => 
        )

)

[2026-01-30 07:31:03] [INFO] (/home3/redbarbe/public_html/telegram/webapps/action/ajax_del_zapis.php:20) del_zapis_acc=15240
[2026-01-30 07:31:03] [INFO] (/home3/redbarbe/public_html/telegram/webapps/action/ajax_del_zapis.php:21) del_zapis_ip=178.158.212.173
[2026-01-30 07:31:03] [INFO] (/home3/redbarbe/public_html/telegram/webapps/action/ajax_del_zapis.php:47) проблема з видаленням 
[2026-01-30 07:31:03] [INFO] (/home3/redbarbe/public_html/telegram/webapps/action/ajax_del_zapis.php:48) Array
(
    [id] => 3
    [name] => REDBARBELL на Петропавлівській Борщагівці
    [ip_club] => 178.158.212.173
    [chat_admin] => 5890364519
    [chat_group] => -1002602928963
    [active] => 1
    [phone] => +38 (066) 264 1233
    [adress] => вул. Садова 1г
)

[2026-01-30 07:31:03] [INFO] (/home3/redbarbe/public_html/telegram/webapps/action/ajax_del_zapis.php:49) 178.158.212.173
[2026-01-30 07:31:03] [INFO] (/home3/redbarbe/public_html/telegram/webapps/action/ajax_del_zapis.php:50) 15240
[2026-01-30 07:31:03] [INFO] (/home3/redbarbe/public_html/telegram/webapps/action/ajax_del_zapis.php:51) 801284
[2026-01-30 07:55:43] [INFO] (/home3/redbarbe/public_html/telegram/webapps/action/hist_grp.php:16) SELECT a.name FROM `spr_acc` a, spr_users u WHERE u.active_account=a.acc and u.chat_id=a.chat_id and a.acc=13680 
and u.club=(select id from spr_clubs where ip_club="178.151.119.180") limit 1
[2026-01-30 07:55:43] [INFO] (/home3/redbarbe/public_html/telegram/webapps/action/hist_grp.php:17) hist_grp
[2026-01-30 07:55:43] [INFO] (/home3/redbarbe/public_html/telegram/webapps/action/hist_grp.php:108) Array
(
    [dbeg] => 30.10.2025
    [dend] => today
    [acc] => 13680
    [command] => get_grp_history
)

[2026-01-30 07:55:43] [INFO] (/home3/redbarbe/public_html/telegram/webapps/action/hist_grp.php:109) ip=178.151.119.180
[2026-01-30 07:55:46] [INFO] (/home3/redbarbe/public_html/telegram/webapps/action/hist_ind.php:16) SELECT a.name FROM `spr_acc` a, spr_users u WHERE u.active_account=a.acc and u.chat_id=a.chat_id and a.acc=13680 
and u.club=(select id from spr_clubs where ip_club="178.151.119.180") limit 1
[2026-01-30 07:55:46] [INFO] (/home3/redbarbe/public_html/telegram/webapps/action/hist_ind.php:17) hist_grp
[2026-01-30 07:55:46] [INFO] (/home3/redbarbe/public_html/telegram/webapps/action/hist_ind.php:108) Array
(
    [dbeg] => 30.10.2025
    [dend] => today
    [acc] => 13680
    [command] => get_ind_history
)

[2026-01-30 07:55:46] [INFO] (/home3/redbarbe/public_html/telegram/webapps/action/hist_ind.php:109) ip=178.151.119.180
[2026-01-30 07:56:02] [INFO] (/home3/redbarbe/public_html/telegram/webapps/action/hist_ost_poslug.php:12) SELECT a.name FROM `spr_acc` a, spr_users u WHERE u.active_account=a.acc and u.chat_id=a.chat_id and a.acc=13680 
and u.club=(select id from spr_clubs where ip_club="178.151.119.180") limit 1
[2026-01-30 07:56:02] [INFO] (/home3/redbarbe/public_html/telegram/webapps/action/hist_ost_poslug.php:13) hist_ost_poslug
[2026-01-30 07:56:02] [INFO] (/home3/redbarbe/public_html/telegram/webapps/action/hist_ost_poslug.php:104) Array
(
    [acc] => 13680
    [command] => GET_OST_POSLUG_ACC
)

[2026-01-30 07:56:02] [INFO] (/home3/redbarbe/public_html/telegram/webapps/action/hist_ost_poslug.php:105) ip=178.151.119.180
[2026-01-30 08:31:51] [INFO] (/home3/redbarbe/public_html/telegram/webapps/action/select_sotr.php:17) Array
(
    [action] => select_sotr
    [club] => -
    [club_ip] => 212.26.139.90
)

[2026-01-30 08:31:51] [INFO] (/home3/redbarbe/public_html/telegram/webapps/action/select_sotr.php:27) Array
(
    [0] => Array
        (
            [ROLE] => Администратор фитнеса
            [ID] => 0101
            [NAME] => Дежурный
        )

    [1] => Array
        (
            [ROLE] => Администратор фитнеса
            [ID] => 0103
            [NAME] => Йова Катерина
        )

    [2] => Array
        (
            [ROLE] => Тренер
            [ID] => 03354
            [NAME] => Колесник Богдан
        )

    [3] => Array
        (
            [ROLE] => Тренер
            [ID] => 2564
            [NAME] => Кулаковський Сергій
        )

    [4] => Array
        (
            [ROLE] => Администратор фитнеса
            [ID] => 0102
            [NAME] => Лазаренко Ліна
        )

    [5] => Array
        (
            [ROLE] => Тренер
            [ID] => 2452
            [NAME] => Лешковят Наталія
        )

    [6] => Array
        (
            [ROLE] => Администратор фитнеса
            [ID] => 0235
            [NAME] => Лучко Кирил
        )

    [7] => Array
        (
            [ROLE] => Администратор фитнеса
            [ID] => 0333
            [NAME] => Мамедова Ельнара
        )

    [8] => Array
        (
            [ROLE] => Тренер
            [ID] => 03336
            [NAME] => Мельниченко Надія
        )

    [9] => Array
        (
            [ROLE] => Тренер
            [ID] => 007989
            [NAME] => Підгурська Влада
        )

    [10] => Array
        (
            [ROLE] => Тренер
            [ID] => 03337
            [NAME] => Погорєлов Євгеній
        )

    [11] => Array
        (
            [ROLE] => Тренер
            [ID] => 03589
            [NAME] => Присняк Владислав
        )

    [12] => Array
        (
            [ROLE] => Тренер
            [ID] => 03352
            [NAME] => Рибак Роман
        )

    [13] => Array
        (
            [ROLE] => Тренер
            [ID] => 0334
            [NAME] => Самусенко Альона
        )

    [14] => Array
        (
            [ROLE] => Тренер
            [ID] => 03339
            [NAME] => Стрілець Данило
        )

    [15] => Array
        (
            [ROLE] => Тренер
            [ID] => 7895
            [NAME] => Тулаінов Андрій
        )

    [16] => Array
        (
            [ROLE] => Тренер
            [ID] => 0325
            [NAME] => Худоба Ігор
        )

    [17] => Array
        (
            [ROLE] => Тренер
            [ID] => 03342
            [NAME] => Шматко Ярослав
        )

    [18] => Array
        (
            [ROLE] => Тренер
            [ID] => 8987
            [NAME] => Яковенко Ганна
        )

)

[2026-01-30 08:34:23] [INFO] (/home3/redbarbe/public_html/telegram/webapps/reports/report_pers_detal.php:22) Array
(
)

[2026-01-30 09:41:05] [INFO] (/home3/redbarbe/public_html/telegram/webapps/reports/report_pers_detal.php:22) Array
(
)

[2026-01-30 09:41:15] [INFO] (/home3/redbarbe/public_html/telegram/webapps/reports/report_pers_detal.php:22) Array
(
    [ajax_method] => 2
    [action] => report_pers_detal
    [action_report] => report_view
    [admin] => 5
    [date_from] => 30.01.2026
    [date_to] => 30.01.2026
    [ip_club] => 178.151.119.180
    [podr] => all
    [sotr] => 0707
)

[2026-01-30 09:55:35] [INFO] (/home3/redbarbe/public_html/telegram/webapps/action/ajax_get_tren.php:35) Array
(
    [0] => Array
        (
            [KOD] => 831981
            [TIME_FROM] => 10:00
            [TIME_TO] => 11:00               
            [CLIENTS_CNT] => 0
            [TOV_NAME] => Степ-аеробіка
            [ACC] => 0
            [CNTTRAN] => 0
            [CNTTRANRESERV] => 0
        )

    [1] => Array
        (
            [KOD] => 831773
            [TIME_FROM] => 18:00
            [TIME_TO] => 19:00               
            [CLIENTS_CNT] => 0
            [TOV_NAME] => Stretching
            [ACC] => 0
            [CNTTRAN] => 1
            [CNTTRANRESERV] => 0
        )

    [2] => Array
        (
            [KOD] => 831149
            [TIME_FROM] => 19:00
            [TIME_TO] => 20:00               
            [CLIENTS_CNT] => 0
            [TOV_NAME] => Степ-аеробіка
            [ACC] => 0
            [CNTTRAN] => 0
            [CNTTRANRESERV] => 0
        )

    [3] => Array
        (
            [KOD] => 831357
            [TIME_FROM] => 19:00
            [TIME_TO] => 20:00               
            [CLIENTS_CNT] => 0
            [TOV_NAME] => Бокс Kids
            [ACC] => 0
            [CNTTRAN] => 0
            [CNTTRANRESERV] => 0
        )

    [4] => Array
        (
            [KOD] => 831565
            [TIME_FROM] => 20:00
            [TIME_TO] => 21:00               
            [CLIENTS_CNT] => 0
            [TOV_NAME] => Cross Activity
            [ACC] => 0
            [CNTTRAN] => 0
            [CNTTRANRESERV] => 0
        )

    [5] => Array
        (
            [KOD] => 832397
            [TIME_FROM] => 20:00
            [TIME_TO] => 21:00               
            [CLIENTS_CNT] => 0
            [TOV_NAME] => Бокс
            [ACC] => 0
            [CNTTRAN] => 0
            [CNTTRANRESERV] => 0
        )

    [6] => Array
        (
            [KOD] => 832189
            [TIME_FROM] => 20:00
            [TIME_TO] => 21:00               
            [CLIENTS_CNT] => 0
            [TOV_NAME] => Functional Body
            [ACC] => 0
            [CNTTRAN] => 0
            [CNTTRANRESERV] => 0
        )

)

[2026-01-30 09:55:35] [INFO] (/home3/redbarbe/public_html/telegram/webapps/action/ajax_get_tren.php:61) Array
(
    [KOD] => 831981
    [TIME_FROM] => 10:00
    [TIME_TO] => 11:00               
    [CLIENTS_CNT] => 0
    [TOV_NAME] => Степ-аеробіка
    [ACC] => 0
    [CNTTRAN] => 0
    [CNTTRANRESERV] => 0
)

[2026-01-30 09:55:35] [INFO] (/home3/redbarbe/public_html/telegram/webapps/action/ajax_get_tren.php:61) Array
(
    [KOD] => 831773
    [TIME_FROM] => 18:00
    [TIME_TO] => 19:00               
    [CLIENTS_CNT] => 0
    [TOV_NAME] => Stretching
    [ACC] => 0
    [CNTTRAN] => 1
    [CNTTRANRESERV] => 0
)

[2026-01-30 09:55:35] [INFO] (/home3/redbarbe/public_html/telegram/webapps/action/ajax_get_tren.php:61) Array
(
    [KOD] => 831149
    [TIME_FROM] => 19:00
    [TIME_TO] => 20:00               
    [CLIENTS_CNT] => 0
    [TOV_NAME] => Степ-аеробіка
    [ACC] => 0
    [CNTTRAN] => 0
    [CNTTRANRESERV] => 0
)

[2026-01-30 09:55:35] [INFO] (/home3/redbarbe/public_html/telegram/webapps/action/ajax_get_tren.php:61) Array
(
    [KOD] => 831357
    [TIME_FROM] => 19:00
    [TIME_TO] => 20:00               
    [CLIENTS_CNT] => 0
    [TOV_NAME] => Бокс Kids
    [ACC] => 0
    [CNTTRAN] => 0
    [CNTTRANRESERV] => 0
)

[2026-01-30 09:55:35] [INFO] (/home3/redbarbe/public_html/telegram/webapps/action/ajax_get_tren.php:61) Array
(
    [KOD] => 831565
    [TIME_FROM] => 20:00
    [TIME_TO] => 21:00               
    [CLIENTS_CNT] => 0
    [TOV_NAME] => Cross Activity
    [ACC] => 0
    [CNTTRAN] => 0
    [CNTTRANRESERV] => 0
)

[2026-01-30 09:55:35] [INFO] (/home3/redbarbe/public_html/telegram/webapps/action/ajax_get_tren.php:61) Array
(
    [KOD] => 832397
    [TIME_FROM] => 20:00
    [TIME_TO] => 21:00               
    [CLIENTS_CNT] => 0
    [TOV_NAME] => Бокс
    [ACC] => 0
    [CNTTRAN] => 0
    [CNTTRANRESERV] => 0
)

[2026-01-30 09:55:35] [INFO] (/home3/redbarbe/public_html/telegram/webapps/action/ajax_get_tren.php:61) Array
(
    [KOD] => 832189
    [TIME_FROM] => 20:00
    [TIME_TO] => 21:00               
    [CLIENTS_CNT] => 0
    [TOV_NAME] => Functional Body
    [ACC] => 0
    [CNTTRAN] => 0
    [CNTTRANRESERV] => 0
)

[2026-01-30 09:55:41] [INFO] (/home3/redbarbe/public_html/telegram/webapps/action/ajax_fitness_zapis.php:22) Array
(
    [ajax_method] => 2
    [action] => ajax_fitness_zapis
    [dat] => 30.01.2026
    [acc] => 13726
    [trenid] => 831773
    [ost_all] => 100
    [ip_club] => 178.151.119.180
    [acctozapis] => 0
    [time_from] => 18:00
)

[2026-01-30 10:16:54] [INFO] (/home3/redbarbe/public_html/telegram/webapps/action/chart.php:29) SELECT a.name FROM `spr_acc` a, spr_users u 
WHERE u.active_account=a.acc and u.chat_id=a.chat_id and a.chat_id="1314914574"
and u.club=3 limit 1
[2026-01-30 10:16:54] [INFO] (/home3/redbarbe/public_html/telegram/webapps/action/chart.php:30) Array
(
    [action] => chart
    [club] => 3
    [admin] => 1
    [who_user_write] => 5890364519
    [chatid] => 1314914574
)

[2026-01-30 10:43:29] [INFO] (/home3/redbarbe/public_html/telegram/webapps/action/ajax_get_tren.php:35) Array
(
    [0] => Array
        (
            [KOD] => 801375
            [TIME_FROM] => 09:00
            [TIME_TO] => 10:00               
            [CLIENTS_CNT] => 0
            [TOV_NAME] => CrossActivity
            [ACC] => 0
            [CNTTRAN] => 0
            [CNTTRANRESERV] => 0
        )

    [1] => Array
        (
            [KOD] => 801284
            [TIME_FROM] => 09:00
            [TIME_TO] => 10:00               
            [CLIENTS_CNT] => 0
            [TOV_NAME] => Total Body
            [ACC] => 0
            [CNTTRAN] => 0
            [CNTTRANRESERV] => 0
        )

    [2] => Array
        (
            [KOD] => 802907
            [TIME_FROM] => 14:00
            [TIME_TO] => 15:00               
            [CLIENTS_CNT] => 0
            [TOV_NAME] => FitnessMix
            [ACC] => 0
            [CNTTRAN] => 0
            [CNTTRANRESERV] => 0
        )

    [3] => Array
        (
            [KOD] => 801258
            [TIME_FROM] => 17:00
            [TIME_TO] => 18:00               
            [CLIENTS_CNT] => 0
            [TOV_NAME] => Mobility
            [ACC] => 0
            [CNTTRAN] => 0
            [CNTTRANRESERV] => 0
        )

    [4] => Array
        (
            [KOD] => 801362
            [TIME_FROM] => 18:00
            [TIME_TO] => 19:00               
            [CLIENTS_CNT] => 0
            [TOV_NAME] => Паркур Kids
            [ACC] => 0
            [CNTTRAN] => 0
            [CNTTRANRESERV] => 0
        )

    [5] => Array
        (
            [KOD] => 801310
            [TIME_FROM] => 18:30
            [TIME_TO] => 19:30               
            [CLIENTS_CNT] => 0
            [TOV_NAME] => Pilates
            [ACC] => 0
            [CNTTRAN] => 0
            [CNTTRANRESERV] => 0
        )

    [6] => Array
        (
            [KOD] => 801336
            [TIME_FROM] => 19:00
            [TIME_TO] => 20:00               
            [CLIENTS_CNT] => 0
            [TOV_NAME] => Паркур
            [ACC] => 0
            [CNTTRAN] => 0
            [CNTTRANRESERV] => 0
        )

    [7] => Array
        (
            [KOD] => 801271
            [TIME_FROM] => 19:00
            [TIME_TO] => 20:00               
            [CLIENTS_CNT] => 0
            [TOV_NAME] => CrossActivity
            [ACC] => 0
            [CNTTRAN] => 0
            [CNTTRANRESERV] => 0
        )

    [8] => Array
        (
            [KOD] => 801323
            [TIME_FROM] => 19:30
            [TIME_TO] => 20:30               
            [CLIENTS_CNT] => 0
            [TOV_NAME] => TRX
            [ACC] => 0
            [CNTTRAN] => 0
            [CNTTRANRESERV] => 0
        )

    [9] => Array
        (
            [KOD] => 801297
            [TIME_FROM] => 20:00
            [TIME_TO] => 21:00               
            [CLIENTS_CNT] => 0
            [TOV_NAME] => CrossActivity
            [ACC] => 0
            [CNTTRAN] => 0
            [CNTTRANRESERV] => 0
        )

    [10] => Array
        (
            [KOD] => 801349
            [TIME_FROM] => 20:00
            [TIME_TO] => 21:00               
            [CLIENTS_CNT] => 0
            [TOV_NAME] => Бокс
            [ACC] => 0
            [CNTTRAN] => 0
            [CNTTRANRESERV] => 0
        )

)

[2026-01-30 10:43:29] [INFO] (/home3/redbarbe/public_html/telegram/webapps/action/ajax_get_tren.php:61) Array
(
    [KOD] => 801375
    [TIME_FROM] => 09:00
    [TIME_TO] => 10:00               
    [CLIENTS_CNT] => 0
    [TOV_NAME] => CrossActivity
    [ACC] => 0
    [CNTTRAN] => 0
    [CNTTRANRESERV] => 0
)

[2026-01-30 10:43:29] [INFO] (/home3/redbarbe/public_html/telegram/webapps/action/ajax_get_tren.php:61) Array
(
    [KOD] => 801284
    [TIME_FROM] => 09:00
    [TIME_TO] => 10:00               
    [CLIENTS_CNT] => 0
    [TOV_NAME] => Total Body
    [ACC] => 0
    [CNTTRAN] => 0
    [CNTTRANRESERV] => 0
)

[2026-01-30 10:43:29] [INFO] (/home3/redbarbe/public_html/telegram/webapps/action/ajax_get_tren.php:61) Array
(
    [KOD] => 802907
    [TIME_FROM] => 14:00
    [TIME_TO] => 15:00               
    [CLIENTS_CNT] => 0
    [TOV_NAME] => FitnessMix
    [ACC] => 0
    [CNTTRAN] => 0
    [CNTTRANRESERV] => 0
)

[2026-01-30 10:43:29] [INFO] (/home3/redbarbe/public_html/telegram/webapps/action/ajax_get_tren.php:61) Array
(
    [KOD] => 801258
    [TIME_FROM] => 17:00
    [TIME_TO] => 18:00               
    [CLIENTS_CNT] => 0
    [TOV_NAME] => Mobility
    [ACC] => 0
    [CNTTRAN] => 0
    [CNTTRANRESERV] => 0
)

[2026-01-30 10:43:29] [INFO] (/home3/redbarbe/public_html/telegram/webapps/action/ajax_get_tren.php:61) Array
(
    [KOD] => 801362
    [TIME_FROM] => 18:00
    [TIME_TO] => 19:00               
    [CLIENTS_CNT] => 0
    [TOV_NAME] => Паркур Kids
    [ACC] => 0
    [CNTTRAN] => 0
    [CNTTRANRESERV] => 0
)

[2026-01-30 10:43:29] [INFO] (/home3/redbarbe/public_html/telegram/webapps/action/ajax_get_tren.php:61) Array
(
    [KOD] => 801310
    [TIME_FROM] => 18:30
    [TIME_TO] => 19:30               
    [CLIENTS_CNT] => 0
    [TOV_NAME] => Pilates
    [ACC] => 0
    [CNTTRAN] => 0
    [CNTTRANRESERV] => 0
)

[2026-01-30 10:43:29] [INFO] (/home3/redbarbe/public_html/telegram/webapps/action/ajax_get_tren.php:61) Array
(
    [KOD] => 801336
    [TIME_FROM] => 19:00
    [TIME_TO] => 20:00               
    [CLIENTS_CNT] => 0
    [TOV_NAME] => Паркур
    [ACC] => 0
    [CNTTRAN] => 0
    [CNTTRANRESERV] => 0
)

[2026-01-30 10:43:29] [INFO] (/home3/redbarbe/public_html/telegram/webapps/action/ajax_get_tren.php:61) Array
(
    [KOD] => 801271
    [TIME_FROM] => 19:00
    [TIME_TO] => 20:00               
    [CLIENTS_CNT] => 0
    [TOV_NAME] => CrossActivity
    [ACC] => 0
    [CNTTRAN] => 0
    [CNTTRANRESERV] => 0
)

[2026-01-30 10:43:29] [INFO] (/home3/redbarbe/public_html/telegram/webapps/action/ajax_get_tren.php:61) Array
(
    [KOD] => 801323
    [TIME_FROM] => 19:30
    [TIME_TO] => 20:30               
    [CLIENTS_CNT] => 0
    [TOV_NAME] => TRX
    [ACC] => 0
    [CNTTRAN] => 0
    [CNTTRANRESERV] => 0
)

[2026-01-30 10:43:29] [INFO] (/home3/redbarbe/public_html/telegram/webapps/action/ajax_get_tren.php:61) Array
(
    [KOD] => 801297
    [TIME_FROM] => 20:00
    [TIME_TO] => 21:00               
    [CLIENTS_CNT] => 0
    [TOV_NAME] => CrossActivity
    [ACC] => 0
    [CNTTRAN] => 0
    [CNTTRANRESERV] => 0
)

[2026-01-30 10:43:29] [INFO] (/home3/redbarbe/public_html/telegram/webapps/action/ajax_get_tren.php:61) Array
(
    [KOD] => 801349
    [TIME_FROM] => 20:00
    [TIME_TO] => 21:00               
    [CLIENTS_CNT] => 0
    [TOV_NAME] => Бокс
    [ACC] => 0
    [CNTTRAN] => 0
    [CNTTRANRESERV] => 0
)

[2026-01-30 10:43:38] [INFO] (/home3/redbarbe/public_html/telegram/webapps/action/ajax_get_tren.php:35) Array
(
    [0] => Array
        (
            [KOD] => 799467
            [TIME_FROM] => 10:00
            [TIME_TO] => 11:00               
            [CLIENTS_CNT] => 0
            [TOV_NAME] => Йога
            [ACC] => 0
            [CNTTRAN] => 0
            [CNTTRANRESERV] => 0
        )

    [1] => Array
        (
            [KOD] => 799569
            [TIME_FROM] => 11:00
            [TIME_TO] => 12:00               
            [CLIENTS_CNT] => 0
            [TOV_NAME] => FitnessMix
            [ACC] => 0
            [CNTTRAN] => 0
            [CNTTRANRESERV] => 0
        )

    [2] => Array
        (
            [KOD] => 799518
            [TIME_FROM] => 12:00
            [TIME_TO] => 13:00               
            [CLIENTS_CNT] => 0
            [TOV_NAME] => CrossActivity
            [ACC] => 0
            [CNTTRAN] => 0
            [CNTTRANRESERV] => 0
        )

    [3] => Array
        (
            [KOD] => 799416
            [TIME_FROM] => 12:30
            [TIME_TO] => 13:30               
            [CLIENTS_CNT] => 0
            [TOV_NAME] => Stretching
            [ACC] => 0
            [CNTTRAN] => 0
            [CNTTRANRESERV] => 0
        )

)

[2026-01-30 10:43:38] [INFO] (/home3/redbarbe/public_html/telegram/webapps/action/ajax_get_tren.php:61) Array
(
    [KOD] => 799467
    [TIME_FROM] => 10:00
    [TIME_TO] => 11:00               
    [CLIENTS_CNT] => 0
    [TOV_NAME] => Йога
    [ACC] => 0
    [CNTTRAN] => 0
    [CNTTRANRESERV] => 0
)

[2026-01-30 10:43:38] [INFO] (/home3/redbarbe/public_html/telegram/webapps/action/ajax_get_tren.php:61) Array
(
    [KOD] => 799569
    [TIME_FROM] => 11:00
    [TIME_TO] => 12:00               
    [CLIENTS_CNT] => 0
    [TOV_NAME] => FitnessMix
    [ACC] => 0
    [CNTTRAN] => 0
    [CNTTRANRESERV] => 0
)

[2026-01-30 10:43:38] [INFO] (/home3/redbarbe/public_html/telegram/webapps/action/ajax_get_tren.php:61) Array
(
    [KOD] => 799518
    [TIME_FROM] => 12:00
    [TIME_TO] => 13:00               
    [CLIENTS_CNT] => 0
    [TOV_NAME] => CrossActivity
    [ACC] => 0
    [CNTTRAN] => 0
    [CNTTRANRESERV] => 0
)

[2026-01-30 10:43:38] [INFO] (/home3/redbarbe/public_html/telegram/webapps/action/ajax_get_tren.php:61) Array
(
    [KOD] => 799416
    [TIME_FROM] => 12:30
    [TIME_TO] => 13:30               
    [CLIENTS_CNT] => 0
    [TOV_NAME] => Stretching
    [ACC] => 0
    [CNTTRAN] => 0
    [CNTTRANRESERV] => 0
)

[2026-01-30 10:53:33] [INFO] (/home3/redbarbe/public_html/telegram/webapps/reports/report_pers_detal.php:22) Array
(
)

[2026-01-30 10:53:40] [INFO] (/home3/redbarbe/public_html/telegram/webapps/reports/report_pers_detal.php:22) Array
(
    [ajax_method] => 2
    [action] => report_pers_detal
    [action_report] => report_view
    [admin] => 5
    [date_from] => 30.01.2026
    [date_to] => 30.01.2026
    [ip_club] => 193.194.107.2
    [podr] => all
    [sotr] => 0311
)

[2026-01-30 10:54:39] [INFO] (/home3/redbarbe/public_html/telegram/webapps/action/ajax_get_tren.php:35) Array
(
    [0] => Array
        (
            [KOD] => 799467
            [TIME_FROM] => 10:00
            [TIME_TO] => 11:00               
            [CLIENTS_CNT] => 0
            [TOV_NAME] => Йога
            [ACC] => 0
            [CNTTRAN] => 0
            [CNTTRANRESERV] => 0
        )

    [1] => Array
        (
            [KOD] => 799569
            [TIME_FROM] => 11:00
            [TIME_TO] => 12:00               
            [CLIENTS_CNT] => 0
            [TOV_NAME] => FitnessMix
            [ACC] => 0
            [CNTTRAN] => 0
            [CNTTRANRESERV] => 0
        )

    [2] => Array
        (
            [KOD] => 799518
            [TIME_FROM] => 12:00
            [TIME_TO] => 13:00               
            [CLIENTS_CNT] => 0
            [TOV_NAME] => CrossActivity
            [ACC] => 0
            [CNTTRAN] => 0
            [CNTTRANRESERV] => 0
        )

    [3] => Array
        (
            [KOD] => 799416
            [TIME_FROM] => 12:30
            [TIME_TO] => 13:30               
            [CLIENTS_CNT] => 0
            [TOV_NAME] => Stretching
            [ACC] => 0
            [CNTTRAN] => 0
            [CNTTRANRESERV] => 0
        )

)

[2026-01-30 10:54:39] [INFO] (/home3/redbarbe/public_html/telegram/webapps/action/ajax_get_tren.php:61) Array
(
    [KOD] => 799467
    [TIME_FROM] => 10:00
    [TIME_TO] => 11:00               
    [CLIENTS_CNT] => 0
    [TOV_NAME] => Йога
    [ACC] => 0
    [CNTTRAN] => 0
    [CNTTRANRESERV] => 0
)

[2026-01-30 10:54:39] [INFO] (/home3/redbarbe/public_html/telegram/webapps/action/ajax_get_tren.php:61) Array
(
    [KOD] => 799569
    [TIME_FROM] => 11:00
    [TIME_TO] => 12:00               
    [CLIENTS_CNT] => 0
    [TOV_NAME] => FitnessMix
    [ACC] => 0
    [CNTTRAN] => 0
    [CNTTRANRESERV] => 0
)

[2026-01-30 10:54:39] [INFO] (/home3/redbarbe/public_html/telegram/webapps/action/ajax_get_tren.php:61) Array
(
    [KOD] => 799518
    [TIME_FROM] => 12:00
    [TIME_TO] => 13:00               
    [CLIENTS_CNT] => 0
    [TOV_NAME] => CrossActivity
    [ACC] => 0
    [CNTTRAN] => 0
    [CNTTRANRESERV] => 0
)

[2026-01-30 10:54:39] [INFO] (/home3/redbarbe/public_html/telegram/webapps/action/ajax_get_tren.php:61) Array
(
    [KOD] => 799416
    [TIME_FROM] => 12:30
    [TIME_TO] => 13:30               
    [CLIENTS_CNT] => 0
    [TOV_NAME] => Stretching
    [ACC] => 0
    [CNTTRAN] => 0
    [CNTTRANRESERV] => 0
)

[2026-01-30 10:54:56] [INFO] (/home3/redbarbe/public_html/telegram/webapps/action/ajax_get_tren.php:35) Array
(
    [0] => Array
        (
            [KOD] => 801375
            [TIME_FROM] => 09:00
            [TIME_TO] => 10:00               
            [CLIENTS_CNT] => 0
            [TOV_NAME] => CrossActivity
            [ACC] => 0
            [CNTTRAN] => 0
            [CNTTRANRESERV] => 0
        )

    [1] => Array
        (
            [KOD] => 801284
            [TIME_FROM] => 09:00
            [TIME_TO] => 10:00               
            [CLIENTS_CNT] => 0
            [TOV_NAME] => Total Body
            [ACC] => 0
            [CNTTRAN] => 0
            [CNTTRANRESERV] => 0
        )

    [2] => Array
        (
            [KOD] => 802907
            [TIME_FROM] => 14:00
            [TIME_TO] => 15:00               
            [CLIENTS_CNT] => 0
            [TOV_NAME] => FitnessMix
            [ACC] => 0
            [CNTTRAN] => 0
            [CNTTRANRESERV] => 0
        )

    [3] => Array
        (
            [KOD] => 801258
            [TIME_FROM] => 17:00
            [TIME_TO] => 18:00               
            [CLIENTS_CNT] => 0
            [TOV_NAME] => Mobility
            [ACC] => 0
            [CNTTRAN] => 0
            [CNTTRANRESERV] => 0
        )

    [4] => Array
        (
            [KOD] => 801362
            [TIME_FROM] => 18:00
            [TIME_TO] => 19:00               
            [CLIENTS_CNT] => 0
            [TOV_NAME] => Паркур Kids
            [ACC] => 0
            [CNTTRAN] => 0
            [CNTTRANRESERV] => 0
        )

    [5] => Array
        (
            [KOD] => 801310
            [TIME_FROM] => 18:30
            [TIME_TO] => 19:30               
            [CLIENTS_CNT] => 0
            [TOV_NAME] => Pilates
            [ACC] => 0
            [CNTTRAN] => 0
            [CNTTRANRESERV] => 0
        )

    [6] => Array
        (
            [KOD] => 801336
            [TIME_FROM] => 19:00
            [TIME_TO] => 20:00               
            [CLIENTS_CNT] => 0
            [TOV_NAME] => Паркур
            [ACC] => 0
            [CNTTRAN] => 0
            [CNTTRANRESERV] => 0
        )

    [7] => Array
        (
            [KOD] => 801271
            [TIME_FROM] => 19:00
            [TIME_TO] => 20:00               
            [CLIENTS_CNT] => 0
            [TOV_NAME] => CrossActivity
            [ACC] => 0
            [CNTTRAN] => 0
            [CNTTRANRESERV] => 0
        )

    [8] => Array
        (
            [KOD] => 801323
            [TIME_FROM] => 19:30
            [TIME_TO] => 20:30               
            [CLIENTS_CNT] => 0
            [TOV_NAME] => TRX
            [ACC] => 0
            [CNTTRAN] => 0
            [CNTTRANRESERV] => 0
        )

    [9] => Array
        (
            [KOD] => 801297
            [TIME_FROM] => 20:00
            [TIME_TO] => 21:00               
            [CLIENTS_CNT] => 0
            [TOV_NAME] => CrossActivity
            [ACC] => 0
            [CNTTRAN] => 0
            [CNTTRANRESERV] => 0
        )

    [10] => Array
        (
            [KOD] => 801349
            [TIME_FROM] => 20:00
            [TIME_TO] => 21:00               
            [CLIENTS_CNT] => 0
            [TOV_NAME] => Бокс
            [ACC] => 0
            [CNTTRAN] => 0
            [CNTTRANRESERV] => 0
        )

)

[2026-01-30 10:54:56] [INFO] (/home3/redbarbe/public_html/telegram/webapps/action/ajax_get_tren.php:61) Array
(
    [KOD] => 801375
    [TIME_FROM] => 09:00
    [TIME_TO] => 10:00               
    [CLIENTS_CNT] => 0
    [TOV_NAME] => CrossActivity
    [ACC] => 0
    [CNTTRAN] => 0
    [CNTTRANRESERV] => 0
)

[2026-01-30 10:54:56] [INFO] (/home3/redbarbe/public_html/telegram/webapps/action/ajax_get_tren.php:61) Array
(
    [KOD] => 801284
    [TIME_FROM] => 09:00
    [TIME_TO] => 10:00               
    [CLIENTS_CNT] => 0
    [TOV_NAME] => Total Body
    [ACC] => 0
    [CNTTRAN] => 0
    [CNTTRANRESERV] => 0
)

[2026-01-30 10:54:56] [INFO] (/home3/redbarbe/public_html/telegram/webapps/action/ajax_get_tren.php:61) Array
(
    [KOD] => 802907
    [TIME_FROM] => 14:00
    [TIME_TO] => 15:00               
    [CLIENTS_CNT] => 0
    [TOV_NAME] => FitnessMix
    [ACC] => 0
    [CNTTRAN] => 0
    [CNTTRANRESERV] => 0
)

[2026-01-30 10:54:56] [INFO] (/home3/redbarbe/public_html/telegram/webapps/action/ajax_get_tren.php:61) Array
(
    [KOD] => 801258
    [TIME_FROM] => 17:00
    [TIME_TO] => 18:00               
    [CLIENTS_CNT] => 0
    [TOV_NAME] => Mobility
    [ACC] => 0
    [CNTTRAN] => 0
    [CNTTRANRESERV] => 0
)

[2026-01-30 10:54:56] [INFO] (/home3/redbarbe/public_html/telegram/webapps/action/ajax_get_tren.php:61) Array
(
    [KOD] => 801362
    [TIME_FROM] => 18:00
    [TIME_TO] => 19:00               
    [CLIENTS_CNT] => 0
    [TOV_NAME] => Паркур Kids
    [ACC] => 0
    [CNTTRAN] => 0
    [CNTTRANRESERV] => 0
)

[2026-01-30 10:54:56] [INFO] (/home3/redbarbe/public_html/telegram/webapps/action/ajax_get_tren.php:61) Array
(
    [KOD] => 801310
    [TIME_FROM] => 18:30
    [TIME_TO] => 19:30               
    [CLIENTS_CNT] => 0
    [TOV_NAME] => Pilates
    [ACC] => 0
    [CNTTRAN] => 0
    [CNTTRANRESERV] => 0
)

[2026-01-30 10:54:56] [INFO] (/home3/redbarbe/public_html/telegram/webapps/action/ajax_get_tren.php:61) Array
(
    [KOD] => 801336
    [TIME_FROM] => 19:00
    [TIME_TO] => 20:00               
    [CLIENTS_CNT] => 0
    [TOV_NAME] => Паркур
    [ACC] => 0
    [CNTTRAN] => 0
    [CNTTRANRESERV] => 0
)

[2026-01-30 10:54:56] [INFO] (/home3/redbarbe/public_html/telegram/webapps/action/ajax_get_tren.php:61) Array
(
    [KOD] => 801271
    [TIME_FROM] => 19:00
    [TIME_TO] => 20:00               
    [CLIENTS_CNT] => 0
    [TOV_NAME] => CrossActivity
    [ACC] => 0
    [CNTTRAN] => 0
    [CNTTRANRESERV] => 0
)

[2026-01-30 10:54:56] [INFO] (/home3/redbarbe/public_html/telegram/webapps/action/ajax_get_tren.php:61) Array
(
    [KOD] => 801323
    [TIME_FROM] => 19:30
    [TIME_TO] => 20:30               
    [CLIENTS_CNT] => 0
    [TOV_NAME] => TRX
    [ACC] => 0
    [CNTTRAN] => 0
    [CNTTRANRESERV] => 0
)

[2026-01-30 10:54:56] [INFO] (/home3/redbarbe/public_html/telegram/webapps/action/ajax_get_tren.php:61) Array
(
    [KOD] => 801297
    [TIME_FROM] => 20:00
    [TIME_TO] => 21:00               
    [CLIENTS_CNT] => 0
    [TOV_NAME] => CrossActivity
    [ACC] => 0
    [CNTTRAN] => 0
    [CNTTRANRESERV] => 0
)

[2026-01-30 10:54:56] [INFO] (/home3/redbarbe/public_html/telegram/webapps/action/ajax_get_tren.php:61) Array
(
    [KOD] => 801349
    [TIME_FROM] => 20:00
    [TIME_TO] => 21:00               
    [CLIENTS_CNT] => 0
    [TOV_NAME] => Бокс
    [ACC] => 0
    [CNTTRAN] => 0
    [CNTTRANRESERV] => 0
)

[2026-01-30 11:08:30] [INFO] (/home3/redbarbe/public_html/telegram/webapps/action/select_sotr.php:17) Array
(
    [action] => select_sotr
    [club] => -
    [club_ip] => 212.26.139.90
)

[2026-01-30 11:08:30] [INFO] (/home3/redbarbe/public_html/telegram/webapps/action/select_sotr.php:27) Array
(
    [0] => Array
        (
            [ROLE] => Администратор фитнеса
            [ID] => 0101
            [NAME] => Дежурный
        )

    [1] => Array
        (
            [ROLE] => Администратор фитнеса
            [ID] => 0103
            [NAME] => Йова Катерина
        )

    [2] => Array
        (
            [ROLE] => Тренер
            [ID] => 03354
            [NAME] => Колесник Богдан
        )

    [3] => Array
        (
            [ROLE] => Тренер
            [ID] => 2564
            [NAME] => Кулаковський Сергій
        )

    [4] => Array
        (
            [ROLE] => Администратор фитнеса
            [ID] => 0102
            [NAME] => Лазаренко Ліна
        )

    [5] => Array
        (
            [ROLE] => Тренер
            [ID] => 2452
            [NAME] => Лешковят Наталія
        )

    [6] => Array
        (
            [ROLE] => Администратор фитнеса
            [ID] => 0235
            [NAME] => Лучко Кирил
        )

    [7] => Array
        (
            [ROLE] => Администратор фитнеса
            [ID] => 0333
            [NAME] => Мамедова Ельнара
        )

    [8] => Array
        (
            [ROLE] => Тренер
            [ID] => 03336
            [NAME] => Мельниченко Надія
        )

    [9] => Array
        (
            [ROLE] => Тренер
            [ID] => 007989
            [NAME] => Підгурська Влада
        )

    [10] => Array
        (
            [ROLE] => Тренер
            [ID] => 03337
            [NAME] => Погорєлов Євгеній
        )

    [11] => Array
        (
            [ROLE] => Тренер
            [ID] => 03589
            [NAME] => Присняк Владислав
        )

    [12] => Array
        (
            [ROLE] => Тренер
            [ID] => 03352
            [NAME] => Рибак Роман
        )

    [13] => Array
        (
            [ROLE] => Тренер
            [ID] => 0334
            [NAME] => Самусенко Альона
        )

    [14] => Array
        (
            [ROLE] => Тренер
            [ID] => 03339
            [NAME] => Стрілець Данило
        )

    [15] => Array
        (
            [ROLE] => Тренер
            [ID] => 7895
            [NAME] => Тулаінов Андрій
        )

    [16] => Array
        (
            [ROLE] => Тренер
            [ID] => 0325
            [NAME] => Худоба Ігор
        )

    [17] => Array
        (
            [ROLE] => Тренер
            [ID] => 03342
            [NAME] => Шматко Ярослав
        )

    [18] => Array
        (
            [ROLE] => Тренер
            [ID] => 8987
            [NAME] => Яковенко Ганна
        )

)

[2026-01-30 11:15:08] [INFO] (/home3/redbarbe/public_html/telegram/webapps/action/select_sotr.php:17) Array
(
    [action] => select_sotr
    [club] => -
    [club_ip] => 193.194.107.2
)

[2026-01-30 11:15:08] [INFO] (/home3/redbarbe/public_html/telegram/webapps/action/select_sotr.php:27) Array
(
    [0] => Array
        (
            [ROLE] => Тренер
            [ID] => 0302
            [NAME] => Брагин Денис
        )

    [1] => Array
        (
            [ROLE] => Тренер
            [ID] => 0323
            [NAME] => Букач Олег
        )

    [2] => Array
        (
            [ROLE] => Администратор фитнеса
            [ID] => 0103
            [NAME] => Бухтеева Ангелина
        )

    [3] => Array
        (
            [ROLE] => Тренер
            [ID] => 0350
            [NAME] => Воротинцева Анастасия
        )

    [4] => Array
        (
            [ROLE] => Главний бухгалтер
            [ID] => 0902
            [NAME] => Глав. Бух.
        )

    [5] => Array
        (
            [ROLE] => Тренер
            [ID] => 0304
            [NAME] => Данильченко Антон
        )

    [6] => Array
        (
            [ROLE] => Тренер
            [ID] => 0301
            [NAME] => Довлатов Егор
        )

    [7] => Array
        (
            [ROLE] => Тренер
            [ID] => 0331
            [NAME] => Еднак Назар
        )

    [8] => Array
        (
            [ROLE] => Тренер
            [ID] => 0328
            [NAME] => Ивашко Евгений
        )

    [9] => Array
        (
            [ROLE] => Тренер
            [ID] => 0307
            [NAME] => Колесник Ирина
        )

    [10] => Array
        (
            [ROLE] => Тренер
            [ID] => 0319
            [NAME] => Компричевська Таня
        )

    [11] => Array
        (
            [ROLE] => Тренер
            [ID] => 0326
            [NAME] => Корпан Анжелика
        )

    [12] => Array
        (
            [ROLE] => Тренер
            [ID] => 0312
            [NAME] => Крыжановский Павел
        )

    [13] => Array
        (
            [ROLE] => Тренер
            [ID] => 0313
            [NAME] => Кукурудзяк Руслан
        )

    [14] => Array
        (
            [ROLE] => Тренер
            [ID] => 0310
            [NAME] => Кушнир Андрей
        )

    [15] => Array
        (
            [ROLE] => Тренер
            [ID] => 0315
            [NAME] => Ломака Дмитро
        )

    [16] => Array
        (
            [ROLE] => Администратор фитнеса
            [ID] => 0101
            [NAME] => Мамай Вероніка
        )

    [17] => Array
        (
            [ROLE] => Тренер
            [ID] => 0324
            [NAME] => Нечаева Анастасия
        )

    [18] => Array
        (
            [ROLE] => Тренер
            [ID] => 0318
            [NAME] => Попова Анна
        )

    [19] => Array
        (
            [ROLE] => Тренер
            [ID] => 0311
            [NAME] => Резанов Александр
        )

    [20] => Array
        (
            [ROLE] => Администратор фитнеса
            [ID] => 0333
            [NAME] => Розколодько Марина
        )

    [21] => Array
        (
            [ROLE] => Тренер
            [ID] => 192
            [NAME] => Смишляк Денис
        )

    [22] => Array
        (
            [ROLE] => Администратор фитнеса
            [ID] => 0104
            [NAME] => Тихонюк Дарина Анатоліївна
        )

    [23] => Array
        (
            [ROLE] => Тренер
            [ID] => 0316
            [NAME] => Федащин Артур
        )

    [24] => Array
        (
            [ROLE] => Тренер
            [ID] => 0305
            [NAME] => Фортуна Дмитрий
        )

    [25] => Array
        (
            [ROLE] => Тренер
            [ID] => 0321
            [NAME] => Черняк Владислав
        )

    [26] => Array
        (
            [ROLE] => Головний адміністратор
            [ID] => 0901
            [NAME] => системный
        )

)

[2026-01-30 11:15:39] [INFO] (/home3/redbarbe/public_html/telegram/webapps/reports/report_pers_detal.php:22) Array
(
)

[2026-01-30 11:15:56] [INFO] (/home3/redbarbe/public_html/telegram/webapps/reports/report_pers_detal.php:22) Array
(
    [ajax_method] => 2
    [action] => report_pers_detal
    [action_report] => report_view
    [admin] => 5
    [date_from] => 30.01.2026
    [date_to] => 30.01.2026
    [ip_club] => 193.194.107.2
    [podr] => pt
    [sotr] => 0302
)

[2026-01-30 11:23:34] [INFO] (/home3/redbarbe/public_html/telegram/webapps/action/chart.php:29) SELECT a.name FROM `spr_acc` a, spr_users u 
WHERE u.active_account=a.acc and u.chat_id=a.chat_id and a.chat_id="1022202248"
and u.club=2 limit 1
[2026-01-30 11:23:34] [INFO] (/home3/redbarbe/public_html/telegram/webapps/action/chart.php:30) Array
(
    [action] => chart
    [club] => 2
    [who_user_write] => 1022202248
    [chatid] => 1022202248
)

[2026-01-30 11:23:49] [INFO] (/home3/redbarbe/public_html/telegram/webapps/action/chart.php:29) SELECT a.name FROM `spr_acc` a, spr_users u 
WHERE u.active_account=a.acc and u.chat_id=a.chat_id and a.chat_id="1022310187"
and u.club=4 limit 1
[2026-01-30 11:23:49] [INFO] (/home3/redbarbe/public_html/telegram/webapps/action/chart.php:30) Array
(
    [action] => chart
    [club] => 4
    [who_user_write] => 1022310187
    [chatid] => 1022310187
)

[2026-01-30 11:24:01] [INFO] (/home3/redbarbe/public_html/telegram/webapps/action/chart.php:29) SELECT a.name FROM `spr_acc` a, spr_users u 
WHERE u.active_account=a.acc and u.chat_id=a.chat_id and a.chat_id="1728501953"
and u.club=2 limit 1
[2026-01-30 11:24:01] [INFO] (/home3/redbarbe/public_html/telegram/webapps/action/chart.php:30) Array
(
    [action] => chart
    [club] => 2
    [who_user_write] => 1728501953
    [chatid] => 1728501953
)

[2026-01-30 11:24:08] [INFO] (/home3/redbarbe/public_html/telegram/webapps/action/select_sotr.php:17) Array
(
    [action] => select_sotr
    [club] => -
    [club_ip] => 193.194.107.2
)

[2026-01-30 11:24:08] [INFO] (/home3/redbarbe/public_html/telegram/webapps/action/select_sotr.php:27) Array
(
    [0] => Array
        (
            [ROLE] => Тренер
            [ID] => 0302
            [NAME] => Брагин Денис
        )

    [1] => Array
        (
            [ROLE] => Тренер
            [ID] => 0323
            [NAME] => Букач Олег
        )

    [2] => Array
        (
            [ROLE] => Администратор фитнеса
            [ID] => 0103
            [NAME] => Бухтеева Ангелина
        )

    [3] => Array
        (
            [ROLE] => Тренер
            [ID] => 0350
            [NAME] => Воротинцева Анастасия
        )

    [4] => Array
        (
            [ROLE] => Главний бухгалтер
            [ID] => 0902
            [NAME] => Глав. Бух.
        )

    [5] => Array
        (
            [ROLE] => Тренер
            [ID] => 0304
            [NAME] => Данильченко Антон
        )

    [6] => Array
        (
            [ROLE] => Тренер
            [ID] => 0301
            [NAME] => Довлатов Егор
        )

    [7] => Array
        (
            [ROLE] => Тренер
            [ID] => 0331
            [NAME] => Еднак Назар
        )

    [8] => Array
        (
            [ROLE] => Тренер
            [ID] => 0328
            [NAME] => Ивашко Евгений
        )

    [9] => Array
        (
            [ROLE] => Тренер
            [ID] => 0307
            [NAME] => Колесник Ирина
        )

    [10] => Array
        (
            [ROLE] => Тренер
            [ID] => 0319
            [NAME] => Компричевська Таня
        )

    [11] => Array
        (
            [ROLE] => Тренер
            [ID] => 0326
            [NAME] => Корпан Анжелика
        )

    [12] => Array
        (
            [ROLE] => Тренер
            [ID] => 0312
            [NAME] => Крыжановский Павел
        )

    [13] => Array
        (
            [ROLE] => Тренер
            [ID] => 0313
            [NAME] => Кукурудзяк Руслан
        )

    [14] => Array
        (
            [ROLE] => Тренер
            [ID] => 0310
            [NAME] => Кушнир Андрей
        )

    [15] => Array
        (
            [ROLE] => Тренер
            [ID] => 0315
            [NAME] => Ломака Дмитро
        )

    [16] => Array
        (
            [ROLE] => Администратор фитнеса
            [ID] => 0101
            [NAME] => Мамай Вероніка
        )

    [17] => Array
        (
            [ROLE] => Тренер
            [ID] => 0324
            [NAME] => Нечаева Анастасия
        )

    [18] => Array
        (
            [ROLE] => Тренер
            [ID] => 0318
            [NAME] => Попова Анна
        )

    [19] => Array
        (
            [ROLE] => Тренер
            [ID] => 0311
            [NAME] => Резанов Александр
        )

    [20] => Array
        (
            [ROLE] => Администратор фитнеса
            [ID] => 0333
            [NAME] => Розколодько Марина
        )

    [21] => Array
        (
            [ROLE] => Тренер
            [ID] => 192
            [NAME] => Смишляк Денис
        )

    [22] => Array
        (
            [ROLE] => Администратор фитнеса
            [ID] => 0104
            [NAME] => Тихонюк Дарина Анатоліївна
        )

    [23] => Array
        (
            [ROLE] => Тренер
            [ID] => 0316
            [NAME] => Федащин Артур
        )

    [24] => Array
        (
            [ROLE] => Тренер
            [ID] => 0305
            [NAME] => Фортуна Дмитрий
        )

    [25] => Array
        (
            [ROLE] => Тренер
            [ID] => 0321
            [NAME] => Черняк Владислав
        )

    [26] => Array
        (
            [ROLE] => Головний адміністратор
            [ID] => 0901
            [NAME] => системный
        )

)

[2026-01-30 11:26:47] [INFO] (/home3/redbarbe/public_html/telegram/webapps/action/ajax_get_tren.php:35) Array
(
    [0] => Array
        (
            [KOD] => 795230
            [TIME_FROM] => 08:00
            [TIME_TO] => 09:00               
            [CLIENTS_CNT] => 0
            [TOV_NAME] => Бокс(хлопці, з 13 років)
            [ACC] => 0
            [CNTTRAN] => 0
            [CNTTRANRESERV] => 0
        )

    [1] => Array
        (
            [KOD] => 795076
            [TIME_FROM] => 18:00
            [TIME_TO] => 19:00               
            [CLIENTS_CNT] => 0
            [TOV_NAME] => Бокс/Кікбоксинг  Kids
            [ACC] => 0
            [CNTTRAN] => 0
            [CNTTRANRESERV] => 0
        )

    [2] => Array
        (
            [KOD] => 794460
            [TIME_FROM] => 19:40
            [TIME_TO] => 20:40               
            [CLIENTS_CNT] => 0
            [TOV_NAME] => Акробатика Kids
            [ACC] => 0
            [CNTTRAN] => 0
            [CNTTRANRESERV] => 0
        )

    [3] => Array
        (
            [KOD] => 794922
            [TIME_FROM] => 20:00
            [TIME_TO] => 21:00               
            [CLIENTS_CNT] => 0
            [TOV_NAME] => Cross activity
            [ACC] => 0
            [CNTTRAN] => 0
            [CNTTRANRESERV] => 0
        )

    [4] => Array
        (
            [KOD] => 794614
            [TIME_FROM] => 20:00
            [TIME_TO] => 21:00               
            [CLIENTS_CNT] => 0
            [TOV_NAME] => Бокс
            [ACC] => 0
            [CNTTRAN] => 0
            [CNTTRANRESERV] => 0
        )

    [5] => Array
        (
            [KOD] => 794768
            [TIME_FROM] => 20:00
            [TIME_TO] => 21:00               
            [CLIENTS_CNT] => 0
            [TOV_NAME] => Stretching
            [ACC] => 0
            [CNTTRAN] => 0
            [CNTTRANRESERV] => 0
        )

)

[2026-01-30 11:26:47] [INFO] (/home3/redbarbe/public_html/telegram/webapps/action/ajax_get_tren.php:61) Array
(
    [KOD] => 795230
    [TIME_FROM] => 08:00
    [TIME_TO] => 09:00               
    [CLIENTS_CNT] => 0
    [TOV_NAME] => Бокс(хлопці, з 13 років)
    [ACC] => 0
    [CNTTRAN] => 0
    [CNTTRANRESERV] => 0
)

[2026-01-30 11:26:47] [INFO] (/home3/redbarbe/public_html/telegram/webapps/action/ajax_get_tren.php:61) Array
(
    [KOD] => 795076
    [TIME_FROM] => 18:00
    [TIME_TO] => 19:00               
    [CLIENTS_CNT] => 0
    [TOV_NAME] => Бокс/Кікбоксинг  Kids
    [ACC] => 0
    [CNTTRAN] => 0
    [CNTTRANRESERV] => 0
)

[2026-01-30 11:26:47] [INFO] (/home3/redbarbe/public_html/telegram/webapps/action/ajax_get_tren.php:61) Array
(
    [KOD] => 794460
    [TIME_FROM] => 19:40
    [TIME_TO] => 20:40               
    [CLIENTS_CNT] => 0
    [TOV_NAME] => Акробатика Kids
    [ACC] => 0
    [CNTTRAN] => 0
    [CNTTRANRESERV] => 0
)

[2026-01-30 11:26:47] [INFO] (/home3/redbarbe/public_html/telegram/webapps/action/ajax_get_tren.php:61) Array
(
    [KOD] => 794922
    [TIME_FROM] => 20:00
    [TIME_TO] => 21:00               
    [CLIENTS_CNT] => 0
    [TOV_NAME] => Cross activity
    [ACC] => 0
    [CNTTRAN] => 0
    [CNTTRANRESERV] => 0
)

[2026-01-30 11:26:47] [INFO] (/home3/redbarbe/public_html/telegram/webapps/action/ajax_get_tren.php:61) Array
(
    [KOD] => 794614
    [TIME_FROM] => 20:00
    [TIME_TO] => 21:00               
    [CLIENTS_CNT] => 0
    [TOV_NAME] => Бокс
    [ACC] => 0
    [CNTTRAN] => 0
    [CNTTRANRESERV] => 0
)

[2026-01-30 11:26:47] [INFO] (/home3/redbarbe/public_html/telegram/webapps/action/ajax_get_tren.php:61) Array
(
    [KOD] => 794768
    [TIME_FROM] => 20:00
    [TIME_TO] => 21:00               
    [CLIENTS_CNT] => 0
    [TOV_NAME] => Stretching
    [ACC] => 0
    [CNTTRAN] => 0
    [CNTTRANRESERV] => 0
)

[2026-01-30 11:26:54] [INFO] (/home3/redbarbe/public_html/telegram/webapps/action/ajax_fitness_zapis.php:22) Array
(
    [ajax_method] => 2
    [action] => ajax_fitness_zapis
    [dat] => 30.01.2026
    [acc] => 13187
    [trenid] => 795076
    [ost_all] => 100
    [ip_club] => 212.26.139.90
    [acctozapis] => 0
    [time_from] => 18:00
)

[2026-01-30 11:38:03] [INFO] (/home3/redbarbe/public_html/telegram/webapps/reports/report_pers_detal.php:22) Array
(
)

[2026-01-30 11:38:14] [INFO] (/home3/redbarbe/public_html/telegram/webapps/reports/report_pers_detal.php:22) Array
(
    [ajax_method] => 2
    [action] => report_pers_detal
    [action_report] => report_view
    [admin] => 5
    [date_from] => 30.01.2026
    [date_to] => 30.01.2026
    [ip_club] => 178.151.119.180
    [podr] => all
    [sotr] => 0326
)

[2026-01-30 11:41:11] [INFO] (/home3/redbarbe/public_html/telegram/webapps/action/chart.php:29) SELECT a.name FROM `spr_acc` a, spr_users u 
WHERE u.active_account=a.acc and u.chat_id=a.chat_id and a.chat_id="1314914574"
and u.club=3 limit 1
[2026-01-30 11:41:11] [INFO] (/home3/redbarbe/public_html/telegram/webapps/action/chart.php:30) Array
(
    [action] => chart
    [club] => 3
    [admin] => 1
    [who_user_write] => 5890364519
    [chatid] => 1314914574
)

[2026-01-30 11:41:39] [INFO] (/home3/redbarbe/public_html/telegram/webapps/action/ajax_get_tren.php:35) Array
(
    [0] => Array
        (
            [KOD] => 801375
            [TIME_FROM] => 09:00
            [TIME_TO] => 10:00               
            [CLIENTS_CNT] => 0
            [TOV_NAME] => CrossActivity
            [ACC] => 0
            [CNTTRAN] => 0
            [CNTTRANRESERV] => 0
        )

    [1] => Array
        (
            [KOD] => 801284
            [TIME_FROM] => 09:00
            [TIME_TO] => 10:00               
            [CLIENTS_CNT] => 0
            [TOV_NAME] => Total Body
            [ACC] => 0
            [CNTTRAN] => 0
            [CNTTRANRESERV] => 0
        )

    [2] => Array
        (
            [KOD] => 802907
            [TIME_FROM] => 14:00
            [TIME_TO] => 15:00               
            [CLIENTS_CNT] => 0
            [TOV_NAME] => FitnessMix
            [ACC] => 0
            [CNTTRAN] => 0
            [CNTTRANRESERV] => 0
        )

    [3] => Array
        (
            [KOD] => 801258
            [TIME_FROM] => 17:00
            [TIME_TO] => 18:00               
            [CLIENTS_CNT] => 0
            [TOV_NAME] => Mobility
            [ACC] => 0
            [CNTTRAN] => 0
            [CNTTRANRESERV] => 0
        )

    [4] => Array
        (
            [KOD] => 801362
            [TIME_FROM] => 18:00
            [TIME_TO] => 19:00               
            [CLIENTS_CNT] => 0
            [TOV_NAME] => Паркур Kids
            [ACC] => 0
            [CNTTRAN] => 0
            [CNTTRANRESERV] => 0
        )

    [5] => Array
        (
            [KOD] => 801310
            [TIME_FROM] => 18:30
            [TIME_TO] => 19:30               
            [CLIENTS_CNT] => 0
            [TOV_NAME] => Pilates
            [ACC] => 0
            [CNTTRAN] => 0
            [CNTTRANRESERV] => 0
        )

    [6] => Array
        (
            [KOD] => 801336
            [TIME_FROM] => 19:00
            [TIME_TO] => 20:00               
            [CLIENTS_CNT] => 0
            [TOV_NAME] => Паркур
            [ACC] => 0
            [CNTTRAN] => 0
            [CNTTRANRESERV] => 0
        )

    [7] => Array
        (
            [KOD] => 801271
            [TIME_FROM] => 19:00
            [TIME_TO] => 20:00               
            [CLIENTS_CNT] => 0
            [TOV_NAME] => CrossActivity
            [ACC] => 0
            [CNTTRAN] => 0
            [CNTTRANRESERV] => 0
        )

    [8] => Array
        (
            [KOD] => 801323
            [TIME_FROM] => 19:30
            [TIME_TO] => 20:30               
            [CLIENTS_CNT] => 0
            [TOV_NAME] => TRX
            [ACC] => 0
            [CNTTRAN] => 0
            [CNTTRANRESERV] => 0
        )

    [9] => Array
        (
            [KOD] => 801297
            [TIME_FROM] => 20:00
            [TIME_TO] => 21:00               
            [CLIENTS_CNT] => 0
            [TOV_NAME] => CrossActivity
            [ACC] => 0
            [CNTTRAN] => 0
            [CNTTRANRESERV] => 0
        )

    [10] => Array
        (
            [KOD] => 801349
            [TIME_FROM] => 20:00
            [TIME_TO] => 21:00               
            [CLIENTS_CNT] => 0
            [TOV_NAME] => Бокс
            [ACC] => 0
            [CNTTRAN] => 0
            [CNTTRANRESERV] => 0
        )

)

[2026-01-30 11:41:39] [INFO] (/home3/redbarbe/public_html/telegram/webapps/action/ajax_get_tren.php:61) Array
(
    [KOD] => 801375
    [TIME_FROM] => 09:00
    [TIME_TO] => 10:00               
    [CLIENTS_CNT] => 0
    [TOV_NAME] => CrossActivity
    [ACC] => 0
    [CNTTRAN] => 0
    [CNTTRANRESERV] => 0
)

[2026-01-30 11:41:39] [INFO] (/home3/redbarbe/public_html/telegram/webapps/action/ajax_get_tren.php:61) Array
(
    [KOD] => 801284
    [TIME_FROM] => 09:00
    [TIME_TO] => 10:00               
    [CLIENTS_CNT] => 0
    [TOV_NAME] => Total Body
    [ACC] => 0
    [CNTTRAN] => 0
    [CNTTRANRESERV] => 0
)

[2026-01-30 11:41:39] [INFO] (/home3/redbarbe/public_html/telegram/webapps/action/ajax_get_tren.php:61) Array
(
    [KOD] => 802907
    [TIME_FROM] => 14:00
    [TIME_TO] => 15:00               
    [CLIENTS_CNT] => 0
    [TOV_NAME] => FitnessMix
    [ACC] => 0
    [CNTTRAN] => 0
    [CNTTRANRESERV] => 0
)

[2026-01-30 11:41:39] [INFO] (/home3/redbarbe/public_html/telegram/webapps/action/ajax_get_tren.php:61) Array
(
    [KOD] => 801258
    [TIME_FROM] => 17:00
    [TIME_TO] => 18:00               
    [CLIENTS_CNT] => 0
    [TOV_NAME] => Mobility
    [ACC] => 0
    [CNTTRAN] => 0
    [CNTTRANRESERV] => 0
)

[2026-01-30 11:41:39] [INFO] (/home3/redbarbe/public_html/telegram/webapps/action/ajax_get_tren.php:61) Array
(
    [KOD] => 801362
    [TIME_FROM] => 18:00
    [TIME_TO] => 19:00               
    [CLIENTS_CNT] => 0
    [TOV_NAME] => Паркур Kids
    [ACC] => 0
    [CNTTRAN] => 0
    [CNTTRANRESERV] => 0
)

[2026-01-30 11:41:39] [INFO] (/home3/redbarbe/public_html/telegram/webapps/action/ajax_get_tren.php:61) Array
(
    [KOD] => 801310
    [TIME_FROM] => 18:30
    [TIME_TO] => 19:30               
    [CLIENTS_CNT] => 0
    [TOV_NAME] => Pilates
    [ACC] => 0
    [CNTTRAN] => 0
    [CNTTRANRESERV] => 0
)

[2026-01-30 11:41:39] [INFO] (/home3/redbarbe/public_html/telegram/webapps/action/ajax_get_tren.php:61) Array
(
    [KOD] => 801336
    [TIME_FROM] => 19:00
    [TIME_TO] => 20:00               
    [CLIENTS_CNT] => 0
    [TOV_NAME] => Паркур
    [ACC] => 0
    [CNTTRAN] => 0
    [CNTTRANRESERV] => 0
)

[2026-01-30 11:41:39] [INFO] (/home3/redbarbe/public_html/telegram/webapps/action/ajax_get_tren.php:61) Array
(
    [KOD] => 801271
    [TIME_FROM] => 19:00
    [TIME_TO] => 20:00               
    [CLIENTS_CNT] => 0
    [TOV_NAME] => CrossActivity
    [ACC] => 0
    [CNTTRAN] => 0
    [CNTTRANRESERV] => 0
)

[2026-01-30 11:41:39] [INFO] (/home3/redbarbe/public_html/telegram/webapps/action/ajax_get_tren.php:61) Array
(
    [KOD] => 801323
    [TIME_FROM] => 19:30
    [TIME_TO] => 20:30               
    [CLIENTS_CNT] => 0
    [TOV_NAME] => TRX
    [ACC] => 0
    [CNTTRAN] => 0
    [CNTTRANRESERV] => 0
)

[2026-01-30 11:41:39] [INFO] (/home3/redbarbe/public_html/telegram/webapps/action/ajax_get_tren.php:61) Array
(
    [KOD] => 801297
    [TIME_FROM] => 20:00
    [TIME_TO] => 21:00               
    [CLIENTS_CNT] => 0
    [TOV_NAME] => CrossActivity
    [ACC] => 0
    [CNTTRAN] => 0
    [CNTTRANRESERV] => 0
)

[2026-01-30 11:41:39] [INFO] (/home3/redbarbe/public_html/telegram/webapps/action/ajax_get_tren.php:61) Array
(
    [KOD] => 801349
    [TIME_FROM] => 20:00
    [TIME_TO] => 21:00               
    [CLIENTS_CNT] => 0
    [TOV_NAME] => Бокс
    [ACC] => 0
    [CNTTRAN] => 0
    [CNTTRANRESERV] => 0
)

[2026-01-30 11:43:14] [INFO] (/home3/redbarbe/public_html/telegram/webapps/action/ajax_get_tren.php:35) Array
(
    [0] => Array
        (
            [KOD] => 799467
            [TIME_FROM] => 10:00
            [TIME_TO] => 11:00               
            [CLIENTS_CNT] => 0
            [TOV_NAME] => Йога
            [ACC] => 0
            [CNTTRAN] => 0
            [CNTTRANRESERV] => 0
        )

    [1] => Array
        (
            [KOD] => 799569
            [TIME_FROM] => 11:00
            [TIME_TO] => 12:00               
            [CLIENTS_CNT] => 0
            [TOV_NAME] => FitnessMix
            [ACC] => 0
            [CNTTRAN] => 0
            [CNTTRANRESERV] => 0
        )

    [2] => Array
        (
            [KOD] => 799518
            [TIME_FROM] => 12:00
            [TIME_TO] => 13:00               
            [CLIENTS_CNT] => 0
            [TOV_NAME] => CrossActivity
            [ACC] => 0
            [CNTTRAN] => 0
            [CNTTRANRESERV] => 0
        )

    [3] => Array
        (
            [KOD] => 799416
            [TIME_FROM] => 12:30
            [TIME_TO] => 13:30               
            [CLIENTS_CNT] => 0
            [TOV_NAME] => Stretching
            [ACC] => 0
            [CNTTRAN] => 0
            [CNTTRANRESERV] => 0
        )

)

[2026-01-30 11:43:14] [INFO] (/home3/redbarbe/public_html/telegram/webapps/action/ajax_get_tren.php:61) Array
(
    [KOD] => 799467
    [TIME_FROM] => 10:00
    [TIME_TO] => 11:00               
    [CLIENTS_CNT] => 0
    [TOV_NAME] => Йога
    [ACC] => 0
    [CNTTRAN] => 0
    [CNTTRANRESERV] => 0
)

[2026-01-30 11:43:14] [INFO] (/home3/redbarbe/public_html/telegram/webapps/action/ajax_get_tren.php:61) Array
(
    [KOD] => 799569
    [TIME_FROM] => 11:00
    [TIME_TO] => 12:00               
    [CLIENTS_CNT] => 0
    [TOV_NAME] => FitnessMix
    [ACC] => 0
    [CNTTRAN] => 0
    [CNTTRANRESERV] => 0
)

[2026-01-30 11:43:14] [INFO] (/home3/redbarbe/public_html/telegram/webapps/action/ajax_get_tren.php:61) Array
(
    [KOD] => 799518
    [TIME_FROM] => 12:00
    [TIME_TO] => 13:00               
    [CLIENTS_CNT] => 0
    [TOV_NAME] => CrossActivity
    [ACC] => 0
    [CNTTRAN] => 0
    [CNTTRANRESERV] => 0
)

[2026-01-30 11:43:14] [INFO] (/home3/redbarbe/public_html/telegram/webapps/action/ajax_get_tren.php:61) Array
(
    [KOD] => 799416
    [TIME_FROM] => 12:30
    [TIME_TO] => 13:30               
    [CLIENTS_CNT] => 0
    [TOV_NAME] => Stretching
    [ACC] => 0
    [CNTTRAN] => 0
    [CNTTRANRESERV] => 0
)

[2026-01-30 11:43:15] [INFO] (/home3/redbarbe/public_html/telegram/webapps/action/hist_ind.php:16) SELECT a.name FROM `spr_acc` a, spr_users u WHERE u.active_account=a.acc and u.chat_id=a.chat_id and a.acc=14789 
and u.club=(select id from spr_clubs where ip_club="178.158.212.173") limit 1
[2026-01-30 11:43:15] [INFO] (/home3/redbarbe/public_html/telegram/webapps/action/hist_ind.php:17) hist_grp
[2026-01-30 11:43:15] [INFO] (/home3/redbarbe/public_html/telegram/webapps/action/hist_ind.php:108) Array
(
    [dbeg] => 30.10.2025
    [dend] => today
    [acc] => 14789
    [command] => get_ind_history
)

[2026-01-30 11:43:15] [INFO] (/home3/redbarbe/public_html/telegram/webapps/action/hist_ind.php:109) ip=178.158.212.173
[2026-01-30 11:43:23] [INFO] (/home3/redbarbe/public_html/telegram/webapps/action/ajax_get_tren.php:35) Array
(
    [0] => Array
        (
            [KOD] => 798829
            [TIME_FROM] => 11:00
            [TIME_TO] => 12:00               
            [CLIENTS_CNT] => 5
            [TOV_NAME] => Cycle
            [ACC] => 0
            [CNTTRAN] => 5
            [CNTTRANRESERV] => 0
        )

    [1] => Array
        (
            [KOD] => 798831
            [TIME_FROM] => 12:00
            [TIME_TO] => 13:00               
            [CLIENTS_CNT] => 0
            [TOV_NAME] => Stretching
            [ACC] => 0
            [CNTTRAN] => 2
            [CNTTRANRESERV] => 0
        )

)

[2026-01-30 11:43:23] [INFO] (/home3/redbarbe/public_html/telegram/webapps/action/ajax_get_tren.php:61) Array
(
    [KOD] => 798829
    [TIME_FROM] => 11:00
    [TIME_TO] => 12:00               
    [CLIENTS_CNT] => 5
    [TOV_NAME] => Cycle
    [ACC] => 0
    [CNTTRAN] => 5
    [CNTTRANRESERV] => 0
)

[2026-01-30 11:43:23] [INFO] (/home3/redbarbe/public_html/telegram/webapps/action/ajax_get_tren.php:61) Array
(
    [KOD] => 798831
    [TIME_FROM] => 12:00
    [TIME_TO] => 13:00               
    [CLIENTS_CNT] => 0
    [TOV_NAME] => Stretching
    [ACC] => 0
    [CNTTRAN] => 2
    [CNTTRANRESERV] => 0
)

[2026-01-30 11:43:28] [INFO] (/home3/redbarbe/public_html/telegram/webapps/action/ajax_get_tren.php:35) Array
(
    [0] => Array
        (
            [KOD] => 801376
            [TIME_FROM] => 09:00
            [TIME_TO] => 10:00               
            [CLIENTS_CNT] => 0
            [TOV_NAME] => CrossActivity
            [ACC] => 0
            [CNTTRAN] => 0
            [CNTTRANRESERV] => 0
        )

    [1] => Array
        (
            [KOD] => 801285
            [TIME_FROM] => 09:00
            [TIME_TO] => 10:00               
            [CLIENTS_CNT] => 0
            [TOV_NAME] => Total Body
            [ACC] => 0
            [CNTTRAN] => 0
            [CNTTRANRESERV] => 0
        )

    [2] => Array
        (
            [KOD] => 801259
            [TIME_FROM] => 17:00
            [TIME_TO] => 18:00               
            [CLIENTS_CNT] => 0
            [TOV_NAME] => Mobility
            [ACC] => 0
            [CNTTRAN] => 0
            [CNTTRANRESERV] => 0
        )

    [3] => Array
        (
            [KOD] => 801363
            [TIME_FROM] => 18:00
            [TIME_TO] => 19:00               
            [CLIENTS_CNT] => 0
            [TOV_NAME] => Паркур Kids
            [ACC] => 0
            [CNTTRAN] => 0
            [CNTTRANRESERV] => 0
        )

    [4] => Array
        (
            [KOD] => 801311
            [TIME_FROM] => 18:30
            [TIME_TO] => 19:30               
            [CLIENTS_CNT] => 0
            [TOV_NAME] => Pilates
            [ACC] => 0
            [CNTTRAN] => 0
            [CNTTRANRESERV] => 0
        )

    [5] => Array
        (
            [KOD] => 801337
            [TIME_FROM] => 19:00
            [TIME_TO] => 20:00               
            [CLIENTS_CNT] => 0
            [TOV_NAME] => Паркур
            [ACC] => 0
            [CNTTRAN] => 0
            [CNTTRANRESERV] => 0
        )

    [6] => Array
        (
            [KOD] => 801272
            [TIME_FROM] => 19:00
            [TIME_TO] => 20:00               
            [CLIENTS_CNT] => 0
            [TOV_NAME] => CrossActivity
            [ACC] => 0
            [CNTTRAN] => 0
            [CNTTRANRESERV] => 0
        )

    [7] => Array
        (
            [KOD] => 803775
            [TIME_FROM] => 19:00
            [TIME_TO] => 20:00               
            [CLIENTS_CNT] => 0
            [TOV_NAME] => Aesthetic Gymnastics
            [ACC] => 0
            [CNTTRAN] => 0
            [CNTTRANRESERV] => 0
        )

    [8] => Array
        (
            [KOD] => 801324
            [TIME_FROM] => 19:30
            [TIME_TO] => 20:30               
            [CLIENTS_CNT] => 0
            [TOV_NAME] => TRX
            [ACC] => 0
            [CNTTRAN] => 0
            [CNTTRANRESERV] => 0
        )

    [9] => Array
        (
            [KOD] => 801298
            [TIME_FROM] => 20:00
            [TIME_TO] => 21:00               
            [CLIENTS_CNT] => 0
            [TOV_NAME] => CrossActivity
            [ACC] => 0
            [CNTTRAN] => 0
            [CNTTRANRESERV] => 0
        )

    [10] => Array
        (
            [KOD] => 801350
            [TIME_FROM] => 20:00
            [TIME_TO] => 21:00               
            [CLIENTS_CNT] => 0
            [TOV_NAME] => Бокс
            [ACC] => 0
            [CNTTRAN] => 0
            [CNTTRANRESERV] => 0
        )

)

[2026-01-30 11:43:28] [INFO] (/home3/redbarbe/public_html/telegram/webapps/action/ajax_get_tren.php:61) Array
(
    [KOD] => 801376
    [TIME_FROM] => 09:00
    [TIME_TO] => 10:00               
    [CLIENTS_CNT] => 0
    [TOV_NAME] => CrossActivity
    [ACC] => 0
    [CNTTRAN] => 0
    [CNTTRANRESERV] => 0
)

[2026-01-30 11:43:28] [INFO] (/home3/redbarbe/public_html/telegram/webapps/action/ajax_get_tren.php:61) Array
(
    [KOD] => 801285
    [TIME_FROM] => 09:00
    [TIME_TO] => 10:00               
    [CLIENTS_CNT] => 0
    [TOV_NAME] => Total Body
    [ACC] => 0
    [CNTTRAN] => 0
    [CNTTRANRESERV] => 0
)

[2026-01-30 11:43:28] [INFO] (/home3/redbarbe/public_html/telegram/webapps/action/ajax_get_tren.php:61) Array
(
    [KOD] => 801259
    [TIME_FROM] => 17:00
    [TIME_TO] => 18:00               
    [CLIENTS_CNT] => 0
    [TOV_NAME] => Mobility
    [ACC] => 0
    [CNTTRAN] => 0
    [CNTTRANRESERV] => 0
)

[2026-01-30 11:43:28] [INFO] (/home3/redbarbe/public_html/telegram/webapps/action/ajax_get_tren.php:61) Array
(
    [KOD] => 801363
    [TIME_FROM] => 18:00
    [TIME_TO] => 19:00               
    [CLIENTS_CNT] => 0
    [TOV_NAME] => Паркур Kids
    [ACC] => 0
    [CNTTRAN] => 0
    [CNTTRANRESERV] => 0
)

[2026-01-30 11:43:28] [INFO] (/home3/redbarbe/public_html/telegram/webapps/action/ajax_get_tren.php:61) Array
(
    [KOD] => 801311
    [TIME_FROM] => 18:30
    [TIME_TO] => 19:30               
    [CLIENTS_CNT] => 0
    [TOV_NAME] => Pilates
    [ACC] => 0
    [CNTTRAN] => 0
    [CNTTRANRESERV] => 0
)

[2026-01-30 11:43:28] [INFO] (/home3/redbarbe/public_html/telegram/webapps/action/ajax_get_tren.php:61) Array
(
    [KOD] => 801337
    [TIME_FROM] => 19:00
    [TIME_TO] => 20:00               
    [CLIENTS_CNT] => 0
    [TOV_NAME] => Паркур
    [ACC] => 0
    [CNTTRAN] => 0
    [CNTTRANRESERV] => 0
)

[2026-01-30 11:43:28] [INFO] (/home3/redbarbe/public_html/telegram/webapps/action/ajax_get_tren.php:61) Array
(
    [KOD] => 801272
    [TIME_FROM] => 19:00
    [TIME_TO] => 20:00               
    [CLIENTS_CNT] => 0
    [TOV_NAME] => CrossActivity
    [ACC] => 0
    [CNTTRAN] => 0
    [CNTTRANRESERV] => 0
)

[2026-01-30 11:43:28] [INFO] (/home3/redbarbe/public_html/telegram/webapps/action/ajax_get_tren.php:61) Array
(
    [KOD] => 803775
    [TIME_FROM] => 19:00
    [TIME_TO] => 20:00               
    [CLIENTS_CNT] => 0
    [TOV_NAME] => Aesthetic Gymnastics
    [ACC] => 0
    [CNTTRAN] => 0
    [CNTTRANRESERV] => 0
)

[2026-01-30 11:43:28] [INFO] (/home3/redbarbe/public_html/telegram/webapps/action/ajax_get_tren.php:61) Array
(
    [KOD] => 801324
    [TIME_FROM] => 19:30
    [TIME_TO] => 20:30               
    [CLIENTS_CNT] => 0
    [TOV_NAME] => TRX
    [ACC] => 0
    [CNTTRAN] => 0
    [CNTTRANRESERV] => 0
)

[2026-01-30 11:43:28] [INFO] (/home3/redbarbe/public_html/telegram/webapps/action/ajax_get_tren.php:61) Array
(
    [KOD] => 801298
    [TIME_FROM] => 20:00
    [TIME_TO] => 21:00               
    [CLIENTS_CNT] => 0
    [TOV_NAME] => CrossActivity
    [ACC] => 0
    [CNTTRAN] => 0
    [CNTTRANRESERV] => 0
)

[2026-01-30 11:43:28] [INFO] (/home3/redbarbe/public_html/telegram/webapps/action/ajax_get_tren.php:61) Array
(
    [KOD] => 801350
    [TIME_FROM] => 20:00
    [TIME_TO] => 21:00               
    [CLIENTS_CNT] => 0
    [TOV_NAME] => Бокс
    [ACC] => 0
    [CNTTRAN] => 0
    [CNTTRANRESERV] => 0
)

[2026-01-30 11:43:43] [INFO] (/home3/redbarbe/public_html/telegram/webapps/action/ajax_get_tren.php:35) Array
(
    [0] => Array
        (
            [KOD] => 799721
            [TIME_FROM] => 10:00
            [TIME_TO] => 11:00               
            [CLIENTS_CNT] => 0
            [TOV_NAME] => Йога
            [ACC] => 0
            [CNTTRAN] => 0
            [CNTTRANRESERV] => 0
        )

    [1] => Array
        (
            [KOD] => 799871
            [TIME_FROM] => 18:00
            [TIME_TO] => 19:00               
            [CLIENTS_CNT] => 0
            [TOV_NAME] => Йога
            [ACC] => 0
            [CNTTRAN] => 0
            [CNTTRANRESERV] => 0
        )

    [2] => Array
        (
            [KOD] => 799921
            [TIME_FROM] => 18:00
            [TIME_TO] => 19:00               
            [CLIENTS_CNT] => 0
            [TOV_NAME] => Паркур Kids
            [ACC] => 0
            [CNTTRAN] => 0
            [CNTTRANRESERV] => 0
        )

    [3] => Array
        (
            [KOD] => 799771
            [TIME_FROM] => 19:00
            [TIME_TO] => 20:00               
            [CLIENTS_CNT] => 0
            [TOV_NAME] => Паркур
            [ACC] => 0
            [CNTTRAN] => 0
            [CNTTRANRESERV] => 0
        )

    [4] => Array
        (
            [KOD] => 799971
            [TIME_FROM] => 19:00
            [TIME_TO] => 20:00               
            [CLIENTS_CNT] => 0
            [TOV_NAME] => CrossActivity
            [ACC] => 0
            [CNTTRAN] => 0
            [CNTTRANRESERV] => 0
        )

    [5] => Array
        (
            [KOD] => 800021
            [TIME_FROM] => 19:00
            [TIME_TO] => 20:00               
            [CLIENTS_CNT] => 5
            [TOV_NAME] => Cycle
            [ACC] => 0
            [CNTTRAN] => 0
            [CNTTRANRESERV] => 0
        )

    [6] => Array
        (
            [KOD] => 799821
            [TIME_FROM] => 19:00
            [TIME_TO] => 20:00               
            [CLIENTS_CNT] => 0
            [TOV_NAME] => FitnessMix
            [ACC] => 0
            [CNTTRAN] => 0
            [CNTTRANRESERV] => 0
        )

)

[2026-01-30 11:43:43] [INFO] (/home3/redbarbe/public_html/telegram/webapps/action/ajax_get_tren.php:61) Array
(
    [KOD] => 799721
    [TIME_FROM] => 10:00
    [TIME_TO] => 11:00               
    [CLIENTS_CNT] => 0
    [TOV_NAME] => Йога
    [ACC] => 0
    [CNTTRAN] => 0
    [CNTTRANRESERV] => 0
)

[2026-01-30 11:43:43] [INFO] (/home3/redbarbe/public_html/telegram/webapps/action/ajax_get_tren.php:61) Array
(
    [KOD] => 799871
    [TIME_FROM] => 18:00
    [TIME_TO] => 19:00               
    [CLIENTS_CNT] => 0
    [TOV_NAME] => Йога
    [ACC] => 0
    [CNTTRAN] => 0
    [CNTTRANRESERV] => 0
)

[2026-01-30 11:43:43] [INFO] (/home3/redbarbe/public_html/telegram/webapps/action/ajax_get_tren.php:61) Array
(
    [KOD] => 799921
    [TIME_FROM] => 18:00
    [TIME_TO] => 19:00               
    [CLIENTS_CNT] => 0
    [TOV_NAME] => Паркур Kids
    [ACC] => 0
    [CNTTRAN] => 0
    [CNTTRANRESERV] => 0
)

[2026-01-30 11:43:43] [INFO] (/home3/redbarbe/public_html/telegram/webapps/action/ajax_get_tren.php:61) Array
(
    [KOD] => 799771
    [TIME_FROM] => 19:00
    [TIME_TO] => 20:00               
    [CLIENTS_CNT] => 0
    [TOV_NAME] => Паркур
    [ACC] => 0
    [CNTTRAN] => 0
    [CNTTRANRESERV] => 0
)

[2026-01-30 11:43:43] [INFO] (/home3/redbarbe/public_html/telegram/webapps/action/ajax_get_tren.php:61) Array
(
    [KOD] => 799971
    [TIME_FROM] => 19:00
    [TIME_TO] => 20:00               
    [CLIENTS_CNT] => 0
    [TOV_NAME] => CrossActivity
    [ACC] => 0
    [CNTTRAN] => 0
    [CNTTRANRESERV] => 0
)

[2026-01-30 11:43:43] [INFO] (/home3/redbarbe/public_html/telegram/webapps/action/ajax_get_tren.php:61) Array
(
    [KOD] => 800021
    [TIME_FROM] => 19:00
    [TIME_TO] => 20:00               
    [CLIENTS_CNT] => 5
    [TOV_NAME] => Cycle
    [ACC] => 0
    [CNTTRAN] => 0
    [CNTTRANRESERV] => 0
)

[2026-01-30 11:43:43] [INFO] (/home3/redbarbe/public_html/telegram/webapps/action/ajax_get_tren.php:61) Array
(
    [KOD] => 799821
    [TIME_FROM] => 19:00
    [TIME_TO] => 20:00               
    [CLIENTS_CNT] => 0
    [TOV_NAME] => FitnessMix
    [ACC] => 0
    [CNTTRAN] => 0
    [CNTTRANRESERV] => 0
)

[2026-01-30 11:43:53] [INFO] (/home3/redbarbe/public_html/telegram/webapps/action/ajax_get_tren.php:35) Array
(
    [0] => Array
        (
            [KOD] => 802855
            [TIME_FROM] => 09:00
            [TIME_TO] => 10:00               
            [CLIENTS_CNT] => 0
            [TOV_NAME] => CrossActivity
            [ACC] => 0
            [CNTTRAN] => 0
            [CNTTRANRESERV] => 0
        )

    [1] => Array
        (
            [KOD] => 802491
            [TIME_FROM] => 09:00
            [TIME_TO] => 10:00               
            [CLIENTS_CNT] => 0
            [TOV_NAME] => Total Body
            [ACC] => 0
            [CNTTRAN] => 0
            [CNTTRANRESERV] => 0
        )

    [2] => Array
        (
            [KOD] => 802387
            [TIME_FROM] => 14:00
            [TIME_TO] => 15:00               
            [CLIENTS_CNT] => 0
            [TOV_NAME] => FitnessMix
            [ACC] => 0
            [CNTTRAN] => 0
            [CNTTRANRESERV] => 0
        )

    [3] => Array
        (
            [KOD] => 802803
            [TIME_FROM] => 18:00
            [TIME_TO] => 19:00               
            [CLIENTS_CNT] => 0
            [TOV_NAME] => Паркур Kids
            [ACC] => 0
            [CNTTRAN] => 0
            [CNTTRANRESERV] => 0
        )

    [4] => Array
        (
            [KOD] => 802595
            [TIME_FROM] => 18:30
            [TIME_TO] => 19:30               
            [CLIENTS_CNT] => 0
            [TOV_NAME] => Pilates
            [ACC] => 0
            [CNTTRAN] => 0
            [CNTTRANRESERV] => 0
        )

    [5] => Array
        (
            [KOD] => 802699
            [TIME_FROM] => 19:00
            [TIME_TO] => 20:00               
            [CLIENTS_CNT] => 0
            [TOV_NAME] => Паркур
            [ACC] => 0
            [CNTTRAN] => 0
            [CNTTRANRESERV] => 0
        )

    [6] => Array
        (
            [KOD] => 802439
            [TIME_FROM] => 19:00
            [TIME_TO] => 20:00               
            [CLIENTS_CNT] => 0
            [TOV_NAME] => CrossActivity
            [ACC] => 0
            [CNTTRAN] => 0
            [CNTTRANRESERV] => 0
        )

    [7] => Array
        (
            [KOD] => 802335
            [TIME_FROM] => 19:00
            [TIME_TO] => 20:00               
            [CLIENTS_CNT] => 0
            [TOV_NAME] => Aesthetic Gymnastics
            [ACC] => 0
            [CNTTRAN] => 0
            [CNTTRANRESERV] => 0
        )

    [8] => Array
        (
            [KOD] => 802647
            [TIME_FROM] => 19:30
            [TIME_TO] => 20:30               
            [CLIENTS_CNT] => 0
            [TOV_NAME] => TRX
            [ACC] => 0
            [CNTTRAN] => 0
            [CNTTRANRESERV] => 0
        )

    [9] => Array
        (
            [KOD] => 802543
            [TIME_FROM] => 20:00
            [TIME_TO] => 21:00               
            [CLIENTS_CNT] => 0
            [TOV_NAME] => CrossActivity
            [ACC] => 0
            [CNTTRAN] => 0
            [CNTTRANRESERV] => 0
        )

    [10] => Array
        (
            [KOD] => 802751
            [TIME_FROM] => 20:00
            [TIME_TO] => 21:00               
            [CLIENTS_CNT] => 0
            [TOV_NAME] => Бокс
            [ACC] => 0
            [CNTTRAN] => 0
            [CNTTRANRESERV] => 0
        )

)

[2026-01-30 11:43:53] [INFO] (/home3/redbarbe/public_html/telegram/webapps/action/ajax_get_tren.php:61) Array
(
    [KOD] => 802855
    [TIME_FROM] => 09:00
    [TIME_TO] => 10:00               
    [CLIENTS_CNT] => 0
    [TOV_NAME] => CrossActivity
    [ACC] => 0
    [CNTTRAN] => 0
    [CNTTRANRESERV] => 0
)

[2026-01-30 11:43:53] [INFO] (/home3/redbarbe/public_html/telegram/webapps/action/ajax_get_tren.php:61) Array
(
    [KOD] => 802491
    [TIME_FROM] => 09:00
    [TIME_TO] => 10:00               
    [CLIENTS_CNT] => 0
    [TOV_NAME] => Total Body
    [ACC] => 0
    [CNTTRAN] => 0
    [CNTTRANRESERV] => 0
)

[2026-01-30 11:43:53] [INFO] (/home3/redbarbe/public_html/telegram/webapps/action/ajax_get_tren.php:61) Array
(
    [KOD] => 802387
    [TIME_FROM] => 14:00
    [TIME_TO] => 15:00               
    [CLIENTS_CNT] => 0
    [TOV_NAME] => FitnessMix
    [ACC] => 0
    [CNTTRAN] => 0
    [CNTTRANRESERV] => 0
)

[2026-01-30 11:43:53] [INFO] (/home3/redbarbe/public_html/telegram/webapps/action/ajax_get_tren.php:61) Array
(
    [KOD] => 802803
    [TIME_FROM] => 18:00
    [TIME_TO] => 19:00               
    [CLIENTS_CNT] => 0
    [TOV_NAME] => Паркур Kids
    [ACC] => 0
    [CNTTRAN] => 0
    [CNTTRANRESERV] => 0
)

[2026-01-30 11:43:53] [INFO] (/home3/redbarbe/public_html/telegram/webapps/action/ajax_get_tren.php:61) Array
(
    [KOD] => 802595
    [TIME_FROM] => 18:30
    [TIME_TO] => 19:30               
    [CLIENTS_CNT] => 0
    [TOV_NAME] => Pilates
    [ACC] => 0
    [CNTTRAN] => 0
    [CNTTRANRESERV] => 0
)

[2026-01-30 11:43:53] [INFO] (/home3/redbarbe/public_html/telegram/webapps/action/ajax_get_tren.php:61) Array
(
    [KOD] => 802699
    [TIME_FROM] => 19:00
    [TIME_TO] => 20:00               
    [CLIENTS_CNT] => 0
    [TOV_NAME] => Паркур
    [ACC] => 0
    [CNTTRAN] => 0
    [CNTTRANRESERV] => 0
)

[2026-01-30 11:43:53] [INFO] (/home3/redbarbe/public_html/telegram/webapps/action/ajax_get_tren.php:61) Array
(
    [KOD] => 802439
    [TIME_FROM] => 19:00
    [TIME_TO] => 20:00               
    [CLIENTS_CNT] => 0
    [TOV_NAME] => CrossActivity
    [ACC] => 0
    [CNTTRAN] => 0
    [CNTTRANRESERV] => 0
)

[2026-01-30 11:43:53] [INFO] (/home3/redbarbe/public_html/telegram/webapps/action/ajax_get_tren.php:61) Array
(
    [KOD] => 802335
    [TIME_FROM] => 19:00
    [TIME_TO] => 20:00               
    [CLIENTS_CNT] => 0
    [TOV_NAME] => Aesthetic Gymnastics
    [ACC] => 0
    [CNTTRAN] => 0
    [CNTTRANRESERV] => 0
)

[2026-01-30 11:43:53] [INFO] (/home3/redbarbe/public_html/telegram/webapps/action/ajax_get_tren.php:61) Array
(
    [KOD] => 802647
    [TIME_FROM] => 19:30
    [TIME_TO] => 20:30               
    [CLIENTS_CNT] => 0
    [TOV_NAME] => TRX
    [ACC] => 0
    [CNTTRAN] => 0
    [CNTTRANRESERV] => 0
)

[2026-01-30 11:43:53] [INFO] (/home3/redbarbe/public_html/telegram/webapps/action/ajax_get_tren.php:61) Array
(
    [KOD] => 802543
    [TIME_FROM] => 20:00
    [TIME_TO] => 21:00               
    [CLIENTS_CNT] => 0
    [TOV_NAME] => CrossActivity
    [ACC] => 0
    [CNTTRAN] => 0
    [CNTTRANRESERV] => 0
)

[2026-01-30 11:43:53] [INFO] (/home3/redbarbe/public_html/telegram/webapps/action/ajax_get_tren.php:61) Array
(
    [KOD] => 802751
    [TIME_FROM] => 20:00
    [TIME_TO] => 21:00               
    [CLIENTS_CNT] => 0
    [TOV_NAME] => Бокс
    [ACC] => 0
    [CNTTRAN] => 0
    [CNTTRANRESERV] => 0
)

[2026-01-30 11:44:04] [INFO] (/home3/redbarbe/public_html/telegram/webapps/action/ajax_get_tren.php:35) Array
(
    [0] => Array
        (
            [KOD] => 775044
            [TIME_FROM] => 10:00
            [TIME_TO] => 11:00               
            [CLIENTS_CNT] => 0
            [TOV_NAME] => Йога
            [ACC] => 0
            [CNTTRAN] => 0
            [CNTTRANRESERV] => 0
        )

    [1] => Array
        (
            [KOD] => 775665
            [TIME_FROM] => 18:00
            [TIME_TO] => 19:00               
            [CLIENTS_CNT] => 0
            [TOV_NAME] => Йога
            [ACC] => 0
            [CNTTRAN] => 0
            [CNTTRANRESERV] => 0
        )

    [2] => Array
        (
            [KOD] => 775872
            [TIME_FROM] => 18:00
            [TIME_TO] => 19:00               
            [CLIENTS_CNT] => 0
            [TOV_NAME] => Паркур Kids
            [ACC] => 0
            [CNTTRAN] => 0
            [CNTTRANRESERV] => 0
        )

    [3] => Array
        (
            [KOD] => 775251
            [TIME_FROM] => 19:00
            [TIME_TO] => 20:00               
            [CLIENTS_CNT] => 0
            [TOV_NAME] => Паркур
            [ACC] => 0
            [CNTTRAN] => 0
            [CNTTRANRESERV] => 0
        )

    [4] => Array
        (
            [KOD] => 776079
            [TIME_FROM] => 19:00
            [TIME_TO] => 20:00               
            [CLIENTS_CNT] => 0
            [TOV_NAME] => CrossActivity
            [ACC] => 0
            [CNTTRAN] => 0
            [CNTTRANRESERV] => 0
        )

    [5] => Array
        (
            [KOD] => 776286
            [TIME_FROM] => 19:00
            [TIME_TO] => 20:00               
            [CLIENTS_CNT] => 5
            [TOV_NAME] => Cycle
            [ACC] => 0
            [CNTTRAN] => 0
            [CNTTRANRESERV] => 0
        )

    [6] => Array
        (
            [KOD] => 775458
            [TIME_FROM] => 19:00
            [TIME_TO] => 20:00               
            [CLIENTS_CNT] => 0
            [TOV_NAME] => FitnessMix
            [ACC] => 0
            [CNTTRAN] => 0
            [CNTTRANRESERV] => 0
        )

    [7] => Array
        (
            [KOD] => 774837
            [TIME_FROM] => 20:00
            [TIME_TO] => 21:00               
            [CLIENTS_CNT] => 0
            [TOV_NAME] => Stretching
            [ACC] => 0
            [CNTTRAN] => 0
            [CNTTRANRESERV] => 0
        )

)

[2026-01-30 11:44:04] [INFO] (/home3/redbarbe/public_html/telegram/webapps/action/ajax_get_tren.php:61) Array
(
    [KOD] => 775044
    [TIME_FROM] => 10:00
    [TIME_TO] => 11:00               
    [CLIENTS_CNT] => 0
    [TOV_NAME] => Йога
    [ACC] => 0
    [CNTTRAN] => 0
    [CNTTRANRESERV] => 0
)

[2026-01-30 11:44:04] [INFO] (/home3/redbarbe/public_html/telegram/webapps/action/ajax_get_tren.php:61) Array
(
    [KOD] => 775665
    [TIME_FROM] => 18:00
    [TIME_TO] => 19:00               
    [CLIENTS_CNT] => 0
    [TOV_NAME] => Йога
    [ACC] => 0
    [CNTTRAN] => 0
    [CNTTRANRESERV] => 0
)

[2026-01-30 11:44:04] [INFO] (/home3/redbarbe/public_html/telegram/webapps/action/ajax_get_tren.php:61) Array
(
    [KOD] => 775872
    [TIME_FROM] => 18:00
    [TIME_TO] => 19:00               
    [CLIENTS_CNT] => 0
    [TOV_NAME] => Паркур Kids
    [ACC] => 0
    [CNTTRAN] => 0
    [CNTTRANRESERV] => 0
)

[2026-01-30 11:44:04] [INFO] (/home3/redbarbe/public_html/telegram/webapps/action/ajax_get_tren.php:61) Array
(
    [KOD] => 775251
    [TIME_FROM] => 19:00
    [TIME_TO] => 20:00               
    [CLIENTS_CNT] => 0
    [TOV_NAME] => Паркур
    [ACC] => 0
    [CNTTRAN] => 0
    [CNTTRANRESERV] => 0
)

[2026-01-30 11:44:04] [INFO] (/home3/redbarbe/public_html/telegram/webapps/action/ajax_get_tren.php:61) Array
(
    [KOD] => 776079
    [TIME_FROM] => 19:00
    [TIME_TO] => 20:00               
    [CLIENTS_CNT] => 0
    [TOV_NAME] => CrossActivity
    [ACC] => 0
    [CNTTRAN] => 0
    [CNTTRANRESERV] => 0
)

[2026-01-30 11:44:04] [INFO] (/home3/redbarbe/public_html/telegram/webapps/action/ajax_get_tren.php:61) Array
(
    [KOD] => 776286
    [TIME_FROM] => 19:00
    [TIME_TO] => 20:00               
    [CLIENTS_CNT] => 5
    [TOV_NAME] => Cycle
    [ACC] => 0
    [CNTTRAN] => 0
    [CNTTRANRESERV] => 0
)

[2026-01-30 11:44:04] [INFO] (/home3/redbarbe/public_html/telegram/webapps/action/ajax_get_tren.php:61) Array
(
    [KOD] => 775458
    [TIME_FROM] => 19:00
    [TIME_TO] => 20:00               
    [CLIENTS_CNT] => 0
    [TOV_NAME] => FitnessMix
    [ACC] => 0
    [CNTTRAN] => 0
    [CNTTRANRESERV] => 0
)

[2026-01-30 11:44:04] [INFO] (/home3/redbarbe/public_html/telegram/webapps/action/ajax_get_tren.php:61) Array
(
    [KOD] => 774837
    [TIME_FROM] => 20:00
    [TIME_TO] => 21:00               
    [CLIENTS_CNT] => 0
    [TOV_NAME] => Stretching
    [ACC] => 0
    [CNTTRAN] => 0
    [CNTTRANRESERV] => 0
)

[2026-01-30 11:53:15] [INFO] (/home3/redbarbe/public_html/telegram/webapps/reports/report_pers_detal.php:22) Array
(
)

[2026-01-30 11:53:23] [INFO] (/home3/redbarbe/public_html/telegram/webapps/reports/report_pers_detal.php:22) Array
(
    [ajax_method] => 2
    [action] => report_pers_detal
    [action_report] => report_view
    [admin] => 5
    [date_from] => 30.01.2026
    [date_to] => 30.01.2026
    [ip_club] => 178.158.212.173
    [podr] => pt
    [sotr] => 0714
)

[2026-01-30 12:19:07] [INFO] (/home3/redbarbe/public_html/telegram/webapps/reports/report_pers_detal.php:22) Array
(
)

[2026-01-30 12:19:18] [INFO] (/home3/redbarbe/public_html/telegram/webapps/reports/report_pers_detal.php:22) Array
(
    [ajax_method] => 2
    [action] => report_pers_detal
    [action_report] => report_view
    [admin] => 5
    [date_from] => 29.01.2026
    [date_to] => 29.01.2026
    [ip_club] => 178.151.119.180
    [podr] => pt
    [sotr] => 0316
)

[2026-01-30 12:38:22] [INFO] (/home3/redbarbe/public_html/telegram/webapps/action/hist_ost_poslug.php:12) SELECT a.name FROM `spr_acc` a, spr_users u WHERE u.active_account=a.acc and u.chat_id=a.chat_id and a.acc=13682 
and u.club=(select id from spr_clubs where ip_club="212.26.139.90") limit 1
[2026-01-30 12:38:22] [INFO] (/home3/redbarbe/public_html/telegram/webapps/action/hist_ost_poslug.php:13) hist_ost_poslug
[2026-01-30 12:38:22] [INFO] (/home3/redbarbe/public_html/telegram/webapps/action/hist_ost_poslug.php:104) Array
(
    [acc] => 13682
    [command] => GET_OST_POSLUG_ACC
)

[2026-01-30 12:38:22] [INFO] (/home3/redbarbe/public_html/telegram/webapps/action/hist_ost_poslug.php:105) ip=212.26.139.90
[2026-01-30 12:38:27] [INFO] (/home3/redbarbe/public_html/telegram/webapps/action/hist_grp.php:16) SELECT a.name FROM `spr_acc` a, spr_users u WHERE u.active_account=a.acc and u.chat_id=a.chat_id and a.acc=13682 
and u.club=(select id from spr_clubs where ip_club="212.26.139.90") limit 1
[2026-01-30 12:38:27] [INFO] (/home3/redbarbe/public_html/telegram/webapps/action/hist_grp.php:17) hist_grp
[2026-01-30 12:38:27] [INFO] (/home3/redbarbe/public_html/telegram/webapps/action/hist_grp.php:108) Array
(
    [dbeg] => 30.10.2025
    [dend] => today
    [acc] => 13682
    [command] => get_grp_history
)

[2026-01-30 12:38:27] [INFO] (/home3/redbarbe/public_html/telegram/webapps/action/hist_grp.php:109) ip=212.26.139.90
[2026-01-30 12:38:29] [INFO] (/home3/redbarbe/public_html/telegram/webapps/action/hist_ind.php:16) SELECT a.name FROM `spr_acc` a, spr_users u WHERE u.active_account=a.acc and u.chat_id=a.chat_id and a.acc=13682 
and u.club=(select id from spr_clubs where ip_club="212.26.139.90") limit 1
[2026-01-30 12:38:29] [INFO] (/home3/redbarbe/public_html/telegram/webapps/action/hist_ind.php:17) hist_grp
[2026-01-30 12:38:29] [INFO] (/home3/redbarbe/public_html/telegram/webapps/action/hist_ind.php:108) Array
(
    [dbeg] => 30.10.2025
    [dend] => today
    [acc] => 13682
    [command] => get_ind_history
)

[2026-01-30 12:38:29] [INFO] (/home3/redbarbe/public_html/telegram/webapps/action/hist_ind.php:109) ip=212.26.139.90
[2026-01-30 13:05:10] [INFO] (/home3/redbarbe/public_html/telegram/webapps/action/get_check.php:39) SELECT (select name from spr_clubs where id=u.club) as club_name, a.* FROM spr_acc a,spr_users u WHERE a.chat_id=u.chat_id and    (a.phone like '%Дзедзюль'  or a.NAME like '%Дзедзюль%')  ORDER BY u.id DESC 
[2026-01-30 13:05:31] [INFO] (/home3/redbarbe/public_html/telegram/webapps/action/select_sotr.php:17) Array
(
    [action] => select_sotr
    [club] => 1
)

[2026-01-30 13:05:31] [INFO] (/home3/redbarbe/public_html/telegram/webapps/action/select_sotr.php:27) Array
(
    [0] => Array
        (
            [ROLE] => Тренер
            [ID] => 0302
            [NAME] => Брагин Денис
        )

    [1] => Array
        (
            [ROLE] => Тренер
            [ID] => 0323
            [NAME] => Букач Олег
        )

    [2] => Array
        (
            [ROLE] => Администратор фитнеса
            [ID] => 0103
            [NAME] => Бухтеева Ангелина
        )

    [3] => Array
        (
            [ROLE] => Тренер
            [ID] => 0350
            [NAME] => Воротинцева Анастасия
        )

    [4] => Array
        (
            [ROLE] => Главний бухгалтер
            [ID] => 0902
            [NAME] => Глав. Бух.
        )

    [5] => Array
        (
            [ROLE] => Тренер
            [ID] => 0304
            [NAME] => Данильченко Антон
        )

    [6] => Array
        (
            [ROLE] => Тренер
            [ID] => 0301
            [NAME] => Довлатов Егор
        )

    [7] => Array
        (
            [ROLE] => Тренер
            [ID] => 0331
            [NAME] => Еднак Назар
        )

    [8] => Array
        (
            [ROLE] => Тренер
            [ID] => 0328
            [NAME] => Ивашко Евгений
        )

    [9] => Array
        (
            [ROLE] => Тренер
            [ID] => 0307
            [NAME] => Колесник Ирина
        )

    [10] => Array
        (
            [ROLE] => Тренер
            [ID] => 0319
            [NAME] => Компричевська Таня
        )

    [11] => Array
        (
            [ROLE] => Тренер
            [ID] => 0326
            [NAME] => Корпан Анжелика
        )

    [12] => Array
        (
            [ROLE] => Тренер
            [ID] => 0312
            [NAME] => Крыжановский Павел
        )

    [13] => Array
        (
            [ROLE] => Тренер
            [ID] => 0313
            [NAME] => Кукурудзяк Руслан
        )

    [14] => Array
        (
            [ROLE] => Тренер
            [ID] => 0310
            [NAME] => Кушнир Андрей
        )

    [15] => Array
        (
            [ROLE] => Тренер
            [ID] => 0315
            [NAME] => Ломака Дмитро
        )

    [16] => Array
        (
            [ROLE] => Администратор фитнеса
            [ID] => 0101
            [NAME] => Мамай Вероніка
        )

    [17] => Array
        (
            [ROLE] => Тренер
            [ID] => 0324
            [NAME] => Нечаева Анастасия
        )

    [18] => Array
        (
            [ROLE] => Тренер
            [ID] => 0318
            [NAME] => Попова Анна
        )

    [19] => Array
        (
            [ROLE] => Тренер
            [ID] => 0311
            [NAME] => Резанов Александр
        )

    [20] => Array
        (
            [ROLE] => Администратор фитнеса
            [ID] => 0333
            [NAME] => Розколодько Марина
        )

    [21] => Array
        (
            [ROLE] => Тренер
            [ID] => 192
            [NAME] => Смишляк Денис
        )

    [22] => Array
        (
            [ROLE] => Администратор фитнеса
            [ID] => 0104
            [NAME] => Тихонюк Дарина Анатоліївна
        )

    [23] => Array
        (
            [ROLE] => Тренер
            [ID] => 0316
            [NAME] => Федащин Артур
        )

    [24] => Array
        (
            [ROLE] => Тренер
            [ID] => 0305
            [NAME] => Фортуна Дмитрий
        )

    [25] => Array
        (
            [ROLE] => Тренер
            [ID] => 0321
            [NAME] => Черняк Владислав
        )

    [26] => Array
        (
            [ROLE] => Головний адміністратор
            [ID] => 0901
            [NAME] => системный
        )

)

[2026-01-30 13:05:40] [INFO] (/home3/redbarbe/public_html/telegram/webapps/action/chats_clients.php:19) Array
(
    [action] => chats_clients
    [club] => 1
    [chat_id] => 767972674
)

[2026-01-30 13:05:40] [INFO] (/home3/redbarbe/public_html/telegram/webapps/action/chats_clients.php:20) Адмін  Голосієво RB
[2026-01-30 13:05:40] [INFO] (/home3/redbarbe/public_html/telegram/webapps/action/chats_clients.php:113) Array
(
    [0] => Array
        (
            [chat_id_klient] => 320297158
            [max_time] => 2026-01-26 17:10:32
            [name] => Бочарникова Ксения Юрьевна
            [cn_all] => 7
            [cn_read] => 7
        )

    [1] => Array
        (
            [chat_id_klient] => 681658030
            [max_time] => 2026-01-24 14:24:24
            [name] => Лаута Артем Дмитрович
            [cn_all] => 2
            [cn_read] => 2
        )

    [2] => Array
        (
            [chat_id_klient] => 433747468
            [max_time] => 2026-01-23 16:36:06
            [name] => Ишутко Анна Михайловна
            [cn_all] => 4
            [cn_read] => 4
        )

    [3] => Array
        (
            [chat_id_klient] => 451436970
            [max_time] => 2026-01-19 10:27:02
            [name] => Навроцька-Чіковані Манана Валеріївна
            [cn_all] => 2
            [cn_read] => 2
        )

    [4] => Array
        (
            [chat_id_klient] => 5162200682
            [max_time] => 2026-01-17 18:26:42
            [name] => Кудря Владислав Юрьевич
            [cn_all] => 1
            [cn_read] => 0
        )

    [5] => Array
        (
            [chat_id_klient] => 943047789
            [max_time] => 2026-01-14 10:00:13
            [name] => Стопнюк Богдан Сергійович
            [cn_all] => 20
            [cn_read] => 20
        )

    [6] => Array
        (
            [chat_id_klient] => 218627166
            [max_time] => 2026-01-07 10:37:12
            [name] => Данилко Юля Валеріївна
            [cn_all] => 6
            [cn_read] => 6
        )

    [7] => Array
        (
            [chat_id_klient] => 631228968
            [max_time] => 2026-01-04 13:07:15
            [name] => Волошенко  Софія Романівна
            [cn_all] => 2
            [cn_read] => 2
        )

    [8] => Array
        (
            [chat_id_klient] => 433367527
            [max_time] => 2026-01-02 16:14:19
            [name] => Фисан Андрій Євгенійович
            [cn_all] => 4
            [cn_read] => 4
        )

    [9] => Array
        (
            [chat_id_klient] => 619068369
            [max_time] => 2025-12-29 08:52:43
            [name] => Ищик Дмитрий Владимирович
            [cn_all] => 4
            [cn_read] => 4
        )

    [10] => Array
        (
            [chat_id_klient] => 471443505
            [max_time] => 2025-12-25 13:56:50
            [name] => Денисенко Анна Олегівна
            [cn_all] => 4
            [cn_read] => 4
        )

    [11] => Array
        (
            [chat_id_klient] => 496341856
            [max_time] => 2025-12-20 16:24:10
            [name] => Велько Оксана Анатоліївна
            [cn_all] => 4
            [cn_read] => 4
        )

    [12] => Array
        (
            [chat_id_klient] => 7080741090
            [max_time] => 2025-12-09 20:26:43
            [name] => Мельнічук Олександра Євгенівна
            [cn_all] => 4
            [cn_read] => 4
        )

    [13] => Array
        (
            [chat_id_klient] => 835804600
            [max_time] => 2025-12-08 21:14:01
            [name] => Журба  Максим  Олександрович
            [cn_all] => 4
            [cn_read] => 4
        )

    [14] => Array
        (
            [chat_id_klient] => 1323565060
            [max_time] => 2025-12-06 21:47:30
            [name] => Сабчук Юрій Петрович
            [cn_all] => 3
            [cn_read] => 3
        )

    [15] => Array
        (
            [chat_id_klient] => 919356973
            [max_time] => 2025-12-02 17:10:47
            [name] => Вишковський Артур Олександрович
            [cn_all] => 4
            [cn_read] => 4
        )

    [16] => Array
        (
            [chat_id_klient] => 641043193
            [max_time] => 2025-12-01 10:11:51
            [name] => Кацеба  Марина Олегівна
            [cn_all] => 2
            [cn_read] => 2
        )

    [17] => Array
        (
            [chat_id_klient] => 1084186674
            [max_time] => 2025-11-29 08:46:43
            [name] => Іщенко Олександр Віталійович
            [cn_all] => 4
            [cn_read] => 4
        )

    [18] => Array
        (
            [chat_id_klient] => 712386305
            [max_time] => 2025-11-21 19:28:34
            [name] => Чомко Анна Дмитриевна
            [cn_all] => 3
            [cn_read] => 3
        )

    [19] => Array
        (
            [chat_id_klient] => 295987848
            [max_time] => 2025-11-13 17:36:24
            [name] => Дуліч Владислав Юрійович
            [cn_all] => 5
            [cn_read] => 5
        )

    [20] => Array
        (
            [chat_id_klient] => 224391553
            [max_time] => 2025-11-13 12:46:24
            [name] => Склярова Стефанія Олександрівна
            [cn_all] => 4
            [cn_read] => 4
        )

    [21] => Array
        (
            [chat_id_klient] => 485927977
            [max_time] => 2025-11-11 20:03:42
            [name] => Сафранюк Олексій Сергійович
            [cn_all] => 3
            [cn_read] => 3
        )

    [22] => Array
        (
            [chat_id_klient] => 698218250
            [max_time] => 2025-11-10 18:18:51
            [name] => Іщенко Каріна Ігорівна
            [cn_all] => 3
            [cn_read] => 3
        )

    [23] => Array
        (
            [chat_id_klient] => 428819668
            [max_time] => 2025-11-09 17:00:27
            [name] => Васянович Юлія Вікторівна
            [cn_all] => 5
            [cn_read] => 5
        )

    [24] => Array
        (
            [chat_id_klient] => 840237226
            [max_time] => 2025-11-09 08:12:05
            [name] => Клименко Іван В"ячеславович
            [cn_all] => 2
            [cn_read] => 1
        )

    [25] => Array
        (
            [chat_id_klient] => 1462780622
            [max_time] => 2025-11-03 18:31:36
            [name] => Мельник  Роман Олегович
            [cn_all] => 8
            [cn_read] => 8
        )

    [26] => Array
        (
            [chat_id_klient] => 458711724
            [max_time] => 2025-11-02 16:03:29
            [name] => Савчук Андрій Вікторович
            [cn_all] => 1
            [cn_read] => 0
        )

    [27] => Array
        (
            [chat_id_klient] => 788723186
            [max_time] => 2025-11-02 14:43:29
            [name] => Палкіна Леонарда
            [cn_all] => 1
            [cn_read] => 0
        )

    [28] => Array
        (
            [chat_id_klient] => 672213414
            [max_time] => 2025-11-02 12:21:03
            [name] => Попова Богдан Віталійович
            [cn_all] => 4
            [cn_read] => 2
        )

    [29] => Array
        (
            [chat_id_klient] => 5473292691
            [max_time] => 2025-10-31 16:12:53
            [name] => Руденко  Максим  Олександрович
            [cn_all] => 1
            [cn_read] => 0
        )

    [30] => Array
        (
            [chat_id_klient] => 736240723
            [max_time] => 2025-10-28 18:00:49
            [name] => Нестеренко  Христина  Василівна
            [cn_all] => 1
            [cn_read] => 0
        )

    [31] => Array
        (
            [chat_id_klient] => 214963781
            [max_time] => 2025-10-27 11:37:05
            [name] => Лисниченко Антон Александрович
            [cn_all] => 1
            [cn_read] => 1
        )

    [32] => Array
        (
            [chat_id_klient] => 936028343
            [max_time] => 2025-10-20 17:31:17
            [name] => Осінний Олександр Віталійович
            [cn_all] => 1
            [cn_read] => 1
        )

    [33] => Array
        (
            [chat_id_klient] => 536860843
            [max_time] => 2025-10-17 14:46:11
            [name] => Ткаченко Станіслав Вячеславович
            [cn_all] => 1
            [cn_read] => 0
        )

    [34] => Array
        (
            [chat_id_klient] => 5703778143
            [max_time] => 2025-10-17 07:49:31
            [name] => Рибін Сергій  Петрович
            [cn_all] => 6
            [cn_read] => 6
        )

    [35] => Array
        (
            [chat_id_klient] => 194520566
            [max_time] => 2025-10-15 11:32:09
            [name] => Міхедов Олександр Андрійович
            [cn_all] => 1
            [cn_read] => 1
        )

    [36] => Array
        (
            [chat_id_klient] => 6219416801
            [max_time] => 2025-10-09 17:34:23
            [name] => Сухоминський  Даніїл Олексійович
            [cn_all] => 2
            [cn_read] => 2
        )

    [37] => Array
        (
            [chat_id_klient] => 1332189692
            [max_time] => 2025-09-26 07:18:23
            [name] => Голубєв Володимир Володимирович
            [cn_all] => 2
            [cn_read] => 2
        )

    [38] => Array
        (
            [chat_id_klient] => 1060813727
            [max_time] => 2025-09-18 06:56:38
            [name] => Білоус Устим Юрійович
            [cn_all] => 5
            [cn_read] => 5
        )

    [39] => Array
        (
            [chat_id_klient] => 384294534
            [max_time] => 2025-09-09 17:53:42
            [name] => Матух Анастасія Олегівна
            [cn_all] => 10
            [cn_read] => 10
        )

    [40] => Array
        (
            [chat_id_klient] => 1889027337
            [max_time] => 2025-08-10 16:54:01
            [name] => Булигін Олексій
            [cn_all] => 8
            [cn_read] => 8
        )

    [41] => Array
        (
            [chat_id_klient] => 507344202
            [max_time] => 2025-08-05 16:06:59
            [name] => Скотар Дмитро Юрійович
            [cn_all] => 2
            [cn_read] => 2
        )

    [42] => Array
        (
            [chat_id_klient] => 767667379
            [max_time] => 2025-07-09 11:39:01
            [name] => Іваненко Назар Алімович
            [cn_all] => 4
            [cn_read] => 4
        )

    [43] => Array
        (
            [chat_id_klient] => 5391362287
            [max_time] => 2025-06-20 16:16:25
            [name] => Кравченко  Дпвид  Олександрович
            [cn_all] => 4
            [cn_read] => 3
        )

    [44] => Array
        (
            [chat_id_klient] => 697361061
            [max_time] => 2025-05-29 11:15:01
            [name] => Орищенко Кирило Андрійович
            [cn_all] => 2
            [cn_read] => 2
        )

    [45] => Array
        (
            [chat_id_klient] => 663424940
            [max_time] => 2025-05-20 09:13:13
            [name] => Колодій Микита Вікторович
            [cn_all] => 5
            [cn_read] => 5
        )

    [46] => Array
        (
            [chat_id_klient] => 271191208
            [max_time] => 2025-05-13 13:01:45
            [name] => Ковальчук Нина Владимировна
            [cn_all] => 1
            [cn_read] => 1
        )

    [47] => Array
        (
            [chat_id_klient] => 536912870
            [max_time] => 2025-05-02 22:02:02
            [name] => тест тест тестович
            [cn_all] => 5
            [cn_read] => 5
        )

)

[2026-01-30 13:06:15] [INFO] (/home3/redbarbe/public_html/telegram/webapps/action/chats_clients.php:19) Array
(
    [action] => chats_clients
    [club] => 1
    [chat_id] => 767972674
)

[2026-01-30 13:06:15] [INFO] (/home3/redbarbe/public_html/telegram/webapps/action/chats_clients.php:20) Адмін  Голосієво RB
[2026-01-30 13:06:15] [INFO] (/home3/redbarbe/public_html/telegram/webapps/action/chats_clients.php:113) Array
(
    [0] => Array
        (
            [chat_id_klient] => 320297158
            [max_time] => 2026-01-26 17:10:32
            [name] => Бочарникова Ксения Юрьевна
            [cn_all] => 7
            [cn_read] => 7
        )

    [1] => Array
        (
            [chat_id_klient] => 681658030
            [max_time] => 2026-01-24 14:24:24
            [name] => Лаута Артем Дмитрович
            [cn_all] => 2
            [cn_read] => 2
        )

    [2] => Array
        (
            [chat_id_klient] => 433747468
            [max_time] => 2026-01-23 16:36:06
            [name] => Ишутко Анна Михайловна
            [cn_all] => 4
            [cn_read] => 4
        )

    [3] => Array
        (
            [chat_id_klient] => 451436970
            [max_time] => 2026-01-19 10:27:02
            [name] => Навроцька-Чіковані Манана Валеріївна
            [cn_all] => 2
            [cn_read] => 2
        )

    [4] => Array
        (
            [chat_id_klient] => 5162200682
            [max_time] => 2026-01-17 18:26:42
            [name] => Кудря Владислав Юрьевич
            [cn_all] => 1
            [cn_read] => 0
        )

    [5] => Array
        (
            [chat_id_klient] => 943047789
            [max_time] => 2026-01-14 10:00:13
            [name] => Стопнюк Богдан Сергійович
            [cn_all] => 20
            [cn_read] => 20
        )

    [6] => Array
        (
            [chat_id_klient] => 218627166
            [max_time] => 2026-01-07 10:37:12
            [name] => Данилко Юля Валеріївна
            [cn_all] => 6
            [cn_read] => 6
        )

    [7] => Array
        (
            [chat_id_klient] => 631228968
            [max_time] => 2026-01-04 13:07:15
            [name] => Волошенко  Софія Романівна
            [cn_all] => 2
            [cn_read] => 2
        )

    [8] => Array
        (
            [chat_id_klient] => 433367527
            [max_time] => 2026-01-02 16:14:19
            [name] => Фисан Андрій Євгенійович
            [cn_all] => 4
            [cn_read] => 4
        )

    [9] => Array
        (
            [chat_id_klient] => 619068369
            [max_time] => 2025-12-29 08:52:43
            [name] => Ищик Дмитрий Владимирович
            [cn_all] => 4
            [cn_read] => 4
        )

    [10] => Array
        (
            [chat_id_klient] => 471443505
            [max_time] => 2025-12-25 13:56:50
            [name] => Денисенко Анна Олегівна
            [cn_all] => 4
            [cn_read] => 4
        )

    [11] => Array
        (
            [chat_id_klient] => 496341856
            [max_time] => 2025-12-20 16:24:10
            [name] => Велько Оксана Анатоліївна
            [cn_all] => 4
            [cn_read] => 4
        )

    [12] => Array
        (
            [chat_id_klient] => 7080741090
            [max_time] => 2025-12-09 20:26:43
            [name] => Мельнічук Олександра Євгенівна
            [cn_all] => 4
            [cn_read] => 4
        )

    [13] => Array
        (
            [chat_id_klient] => 835804600
            [max_time] => 2025-12-08 21:14:01
            [name] => Журба  Максим  Олександрович
            [cn_all] => 4
            [cn_read] => 4
        )

    [14] => Array
        (
            [chat_id_klient] => 1323565060
            [max_time] => 2025-12-06 21:47:30
            [name] => Сабчук Юрій Петрович
            [cn_all] => 3
            [cn_read] => 3
        )

    [15] => Array
        (
            [chat_id_klient] => 919356973
            [max_time] => 2025-12-02 17:10:47
            [name] => Вишковський Артур Олександрович
            [cn_all] => 4
            [cn_read] => 4
        )

    [16] => Array
        (
            [chat_id_klient] => 641043193
            [max_time] => 2025-12-01 10:11:51
            [name] => Кацеба  Марина Олегівна
            [cn_all] => 2
            [cn_read] => 2
        )

    [17] => Array
        (
            [chat_id_klient] => 1084186674
            [max_time] => 2025-11-29 08:46:43
            [name] => Іщенко Олександр Віталійович
            [cn_all] => 4
            [cn_read] => 4
        )

    [18] => Array
        (
            [chat_id_klient] => 712386305
            [max_time] => 2025-11-21 19:28:34
            [name] => Чомко Анна Дмитриевна
            [cn_all] => 3
            [cn_read] => 3
        )

    [19] => Array
        (
            [chat_id_klient] => 295987848
            [max_time] => 2025-11-13 17:36:24
            [name] => Дуліч Владислав Юрійович
            [cn_all] => 5
            [cn_read] => 5
        )

    [20] => Array
        (
            [chat_id_klient] => 224391553
            [max_time] => 2025-11-13 12:46:24
            [name] => Склярова Стефанія Олександрівна
            [cn_all] => 4
            [cn_read] => 4
        )

    [21] => Array
        (
            [chat_id_klient] => 485927977
            [max_time] => 2025-11-11 20:03:42
            [name] => Сафранюк Олексій Сергійович
            [cn_all] => 3
            [cn_read] => 3
        )

    [22] => Array
        (
            [chat_id_klient] => 698218250
            [max_time] => 2025-11-10 18:18:51
            [name] => Іщенко Каріна Ігорівна
            [cn_all] => 3
            [cn_read] => 3
        )

    [23] => Array
        (
            [chat_id_klient] => 428819668
            [max_time] => 2025-11-09 17:00:27
            [name] => Васянович Юлія Вікторівна
            [cn_all] => 5
            [cn_read] => 5
        )

    [24] => Array
        (
            [chat_id_klient] => 840237226
            [max_time] => 2025-11-09 08:12:05
            [name] => Клименко Іван В"ячеславович
            [cn_all] => 2
            [cn_read] => 1
        )

    [25] => Array
        (
            [chat_id_klient] => 1462780622
            [max_time] => 2025-11-03 18:31:36
            [name] => Мельник  Роман Олегович
            [cn_all] => 8
            [cn_read] => 8
        )

    [26] => Array
        (
            [chat_id_klient] => 458711724
            [max_time] => 2025-11-02 16:03:29
            [name] => Савчук Андрій Вікторович
            [cn_all] => 1
            [cn_read] => 0
        )

    [27] => Array
        (
            [chat_id_klient] => 788723186
            [max_time] => 2025-11-02 14:43:29
            [name] => Палкіна Леонарда
            [cn_all] => 1
            [cn_read] => 0
        )

    [28] => Array
        (
            [chat_id_klient] => 672213414
            [max_time] => 2025-11-02 12:21:03
            [name] => Попова Богдан Віталійович
            [cn_all] => 4
            [cn_read] => 2
        )

    [29] => Array
        (
            [chat_id_klient] => 5473292691
            [max_time] => 2025-10-31 16:12:53
            [name] => Руденко  Максим  Олександрович
            [cn_all] => 1
            [cn_read] => 0
        )

    [30] => Array
        (
            [chat_id_klient] => 736240723
            [max_time] => 2025-10-28 18:00:49
            [name] => Нестеренко  Христина  Василівна
            [cn_all] => 1
            [cn_read] => 0
        )

    [31] => Array
        (
            [chat_id_klient] => 214963781
            [max_time] => 2025-10-27 11:37:05
            [name] => Лисниченко Антон Александрович
            [cn_all] => 1
            [cn_read] => 1
        )

    [32] => Array
        (
            [chat_id_klient] => 936028343
            [max_time] => 2025-10-20 17:31:17
            [name] => Осінний Олександр Віталійович
            [cn_all] => 1
            [cn_read] => 1
        )

    [33] => Array
        (
            [chat_id_klient] => 536860843
            [max_time] => 2025-10-17 14:46:11
            [name] => Ткаченко Станіслав Вячеславович
            [cn_all] => 1
            [cn_read] => 0
        )

    [34] => Array
        (
            [chat_id_klient] => 5703778143
            [max_time] => 2025-10-17 07:49:31
            [name] => Рибін Сергій  Петрович
            [cn_all] => 6
            [cn_read] => 6
        )

    [35] => Array
        (
            [chat_id_klient] => 194520566
            [max_time] => 2025-10-15 11:32:09
            [name] => Міхедов Олександр Андрійович
            [cn_all] => 1
            [cn_read] => 1
        )

    [36] => Array
        (
            [chat_id_klient] => 6219416801
            [max_time] => 2025-10-09 17:34:23
            [name] => Сухоминський  Даніїл Олексійович
            [cn_all] => 2
            [cn_read] => 2
        )

    [37] => Array
        (
            [chat_id_klient] => 1332189692
            [max_time] => 2025-09-26 07:18:23
            [name] => Голубєв Володимир Володимирович
            [cn_all] => 2
            [cn_read] => 2
        )

    [38] => Array
        (
            [chat_id_klient] => 1060813727
            [max_time] => 2025-09-18 06:56:38
            [name] => Білоус Устим Юрійович
            [cn_all] => 5
            [cn_read] => 5
        )

    [39] => Array
        (
            [chat_id_klient] => 384294534
            [max_time] => 2025-09-09 17:53:42
            [name] => Матух Анастасія Олегівна
            [cn_all] => 10
            [cn_read] => 10
        )

    [40] => Array
        (
            [chat_id_klient] => 1889027337
            [max_time] => 2025-08-10 16:54:01
            [name] => Булигін Олексій
            [cn_all] => 8
            [cn_read] => 8
        )

    [41] => Array
        (
            [chat_id_klient] => 507344202
            [max_time] => 2025-08-05 16:06:59
            [name] => Скотар Дмитро Юрійович
            [cn_all] => 2
            [cn_read] => 2
        )

    [42] => Array
        (
            [chat_id_klient] => 767667379
            [max_time] => 2025-07-09 11:39:01
            [name] => Іваненко Назар Алімович
            [cn_all] => 4
            [cn_read] => 4
        )

    [43] => Array
        (
            [chat_id_klient] => 5391362287
            [max_time] => 2025-06-20 16:16:25
            [name] => Кравченко  Дпвид  Олександрович
            [cn_all] => 4
            [cn_read] => 3
        )

    [44] => Array
        (
            [chat_id_klient] => 697361061
            [max_time] => 2025-05-29 11:15:01
            [name] => Орищенко Кирило Андрійович
            [cn_all] => 2
            [cn_read] => 2
        )

    [45] => Array
        (
            [chat_id_klient] => 663424940
            [max_time] => 2025-05-20 09:13:13
            [name] => Колодій Микита Вікторович
            [cn_all] => 5
            [cn_read] => 5
        )

    [46] => Array
        (
            [chat_id_klient] => 271191208
            [max_time] => 2025-05-13 13:01:45
            [name] => Ковальчук Нина Владимировна
            [cn_all] => 1
            [cn_read] => 1
        )

    [47] => Array
        (
            [chat_id_klient] => 536912870
            [max_time] => 2025-05-02 22:02:02
            [name] => тест тест тестович
            [cn_all] => 5
            [cn_read] => 5
        )

)

[2026-01-30 13:06:38] [INFO] (/home3/redbarbe/public_html/telegram/webapps/action/get_check.php:39) SELECT (select name from spr_clubs where id=u.club) as club_name, a.* FROM spr_acc a,spr_users u WHERE a.chat_id=u.chat_id and    (a.phone like '%Дзедзюль '  or a.NAME like '%Дзедзюль %')  ORDER BY u.id DESC 
[2026-01-30 13:06:39] [INFO] (/home3/redbarbe/public_html/telegram/webapps/action/select_sotr.php:17) Array
(
    [action] => select_sotr
    [club] => 1
)

[2026-01-30 13:06:39] [INFO] (/home3/redbarbe/public_html/telegram/webapps/action/select_sotr.php:27) Array
(
    [0] => Array
        (
            [ROLE] => Тренер
            [ID] => 0302
            [NAME] => Брагин Денис
        )

    [1] => Array
        (
            [ROLE] => Тренер
            [ID] => 0323
            [NAME] => Букач Олег
        )

    [2] => Array
        (
            [ROLE] => Администратор фитнеса
            [ID] => 0103
            [NAME] => Бухтеева Ангелина
        )

    [3] => Array
        (
            [ROLE] => Тренер
            [ID] => 0350
            [NAME] => Воротинцева Анастасия
        )

    [4] => Array
        (
            [ROLE] => Главний бухгалтер
            [ID] => 0902
            [NAME] => Глав. Бух.
        )

    [5] => Array
        (
            [ROLE] => Тренер
            [ID] => 0304
            [NAME] => Данильченко Антон
        )

    [6] => Array
        (
            [ROLE] => Тренер
            [ID] => 0301
            [NAME] => Довлатов Егор
        )

    [7] => Array
        (
            [ROLE] => Тренер
            [ID] => 0331
            [NAME] => Еднак Назар
        )

    [8] => Array
        (
            [ROLE] => Тренер
            [ID] => 0328
            [NAME] => Ивашко Евгений
        )

    [9] => Array
        (
            [ROLE] => Тренер
            [ID] => 0307
            [NAME] => Колесник Ирина
        )

    [10] => Array
        (
            [ROLE] => Тренер
            [ID] => 0319
            [NAME] => Компричевська Таня
        )

    [11] => Array
        (
            [ROLE] => Тренер
            [ID] => 0326
            [NAME] => Корпан Анжелика
        )

    [12] => Array
        (
            [ROLE] => Тренер
            [ID] => 0312
            [NAME] => Крыжановский Павел
        )

    [13] => Array
        (
            [ROLE] => Тренер
            [ID] => 0313
            [NAME] => Кукурудзяк Руслан
        )

    [14] => Array
        (
            [ROLE] => Тренер
            [ID] => 0310
            [NAME] => Кушнир Андрей
        )

    [15] => Array
        (
            [ROLE] => Тренер
            [ID] => 0315
            [NAME] => Ломака Дмитро
        )

    [16] => Array
        (
            [ROLE] => Администратор фитнеса
            [ID] => 0101
            [NAME] => Мамай Вероніка
        )

    [17] => Array
        (
            [ROLE] => Тренер
            [ID] => 0324
            [NAME] => Нечаева Анастасия
        )

    [18] => Array
        (
            [ROLE] => Тренер
            [ID] => 0318
            [NAME] => Попова Анна
        )

    [19] => Array
        (
            [ROLE] => Тренер
            [ID] => 0311
            [NAME] => Резанов Александр
        )

    [20] => Array
        (
            [ROLE] => Администратор фитнеса
            [ID] => 0333
            [NAME] => Розколодько Марина
        )

    [21] => Array
        (
            [ROLE] => Тренер
            [ID] => 192
            [NAME] => Смишляк Денис
        )

    [22] => Array
        (
            [ROLE] => Администратор фитнеса
            [ID] => 0104
            [NAME] => Тихонюк Дарина Анатоліївна
        )

    [23] => Array
        (
            [ROLE] => Тренер
            [ID] => 0316
            [NAME] => Федащин Артур
        )

    [24] => Array
        (
            [ROLE] => Тренер
            [ID] => 0305
            [NAME] => Фортуна Дмитрий
        )

    [25] => Array
        (
            [ROLE] => Тренер
            [ID] => 0321
            [NAME] => Черняк Владислав
        )

    [26] => Array
        (
            [ROLE] => Головний адміністратор
            [ID] => 0901
            [NAME] => системный
        )

)

[2026-01-30 13:06:45] [INFO] (/home3/redbarbe/public_html/telegram/webapps/action/chats_clients.php:19) Array
(
    [action] => chats_clients
    [club] => 1
    [chat_id] => 767972674
)

[2026-01-30 13:06:45] [INFO] (/home3/redbarbe/public_html/telegram/webapps/action/chats_clients.php:20) Адмін  Голосієво RB
[2026-01-30 13:06:45] [INFO] (/home3/redbarbe/public_html/telegram/webapps/action/chats_clients.php:113) Array
(
    [0] => Array
        (
            [chat_id_klient] => 320297158
            [max_time] => 2026-01-26 17:10:32
            [name] => Бочарникова Ксения Юрьевна
            [cn_all] => 7
            [cn_read] => 7
        )

    [1] => Array
        (
            [chat_id_klient] => 681658030
            [max_time] => 2026-01-24 14:24:24
            [name] => Лаута Артем Дмитрович
            [cn_all] => 2
            [cn_read] => 2
        )

    [2] => Array
        (
            [chat_id_klient] => 433747468
            [max_time] => 2026-01-23 16:36:06
            [name] => Ишутко Анна Михайловна
            [cn_all] => 4
            [cn_read] => 4
        )

    [3] => Array
        (
            [chat_id_klient] => 451436970
            [max_time] => 2026-01-19 10:27:02
            [name] => Навроцька-Чіковані Манана Валеріївна
            [cn_all] => 2
            [cn_read] => 2
        )

    [4] => Array
        (
            [chat_id_klient] => 5162200682
            [max_time] => 2026-01-17 18:26:42
            [name] => Кудря Владислав Юрьевич
            [cn_all] => 1
            [cn_read] => 0
        )

    [5] => Array
        (
            [chat_id_klient] => 943047789
            [max_time] => 2026-01-14 10:00:13
            [name] => Стопнюк Богдан Сергійович
            [cn_all] => 20
            [cn_read] => 20
        )

    [6] => Array
        (
            [chat_id_klient] => 218627166
            [max_time] => 2026-01-07 10:37:12
            [name] => Данилко Юля Валеріївна
            [cn_all] => 6
            [cn_read] => 6
        )

    [7] => Array
        (
            [chat_id_klient] => 631228968
            [max_time] => 2026-01-04 13:07:15
            [name] => Волошенко  Софія Романівна
            [cn_all] => 2
            [cn_read] => 2
        )

    [8] => Array
        (
            [chat_id_klient] => 433367527
            [max_time] => 2026-01-02 16:14:19
            [name] => Фисан Андрій Євгенійович
            [cn_all] => 4
            [cn_read] => 4
        )

    [9] => Array
        (
            [chat_id_klient] => 619068369
            [max_time] => 2025-12-29 08:52:43
            [name] => Ищик Дмитрий Владимирович
            [cn_all] => 4
            [cn_read] => 4
        )

    [10] => Array
        (
            [chat_id_klient] => 471443505
            [max_time] => 2025-12-25 13:56:50
            [name] => Денисенко Анна Олегівна
            [cn_all] => 4
            [cn_read] => 4
        )

    [11] => Array
        (
            [chat_id_klient] => 496341856
            [max_time] => 2025-12-20 16:24:10
            [name] => Велько Оксана Анатоліївна
            [cn_all] => 4
            [cn_read] => 4
        )

    [12] => Array
        (
            [chat_id_klient] => 7080741090
            [max_time] => 2025-12-09 20:26:43
            [name] => Мельнічук Олександра Євгенівна
            [cn_all] => 4
            [cn_read] => 4
        )

    [13] => Array
        (
            [chat_id_klient] => 835804600
            [max_time] => 2025-12-08 21:14:01
            [name] => Журба  Максим  Олександрович
            [cn_all] => 4
            [cn_read] => 4
        )

    [14] => Array
        (
            [chat_id_klient] => 1323565060
            [max_time] => 2025-12-06 21:47:30
            [name] => Сабчук Юрій Петрович
            [cn_all] => 3
            [cn_read] => 3
        )

    [15] => Array
        (
            [chat_id_klient] => 919356973
            [max_time] => 2025-12-02 17:10:47
            [name] => Вишковський Артур Олександрович
            [cn_all] => 4
            [cn_read] => 4
        )

    [16] => Array
        (
            [chat_id_klient] => 641043193
            [max_time] => 2025-12-01 10:11:51
            [name] => Кацеба  Марина Олегівна
            [cn_all] => 2
            [cn_read] => 2
        )

    [17] => Array
        (
            [chat_id_klient] => 1084186674
            [max_time] => 2025-11-29 08:46:43
            [name] => Іщенко Олександр Віталійович
            [cn_all] => 4
            [cn_read] => 4
        )

    [18] => Array
        (
            [chat_id_klient] => 712386305
            [max_time] => 2025-11-21 19:28:34
            [name] => Чомко Анна Дмитриевна
            [cn_all] => 3
            [cn_read] => 3
        )

    [19] => Array
        (
            [chat_id_klient] => 295987848
            [max_time] => 2025-11-13 17:36:24
            [name] => Дуліч Владислав Юрійович
            [cn_all] => 5
            [cn_read] => 5
        )

    [20] => Array
        (
            [chat_id_klient] => 224391553
            [max_time] => 2025-11-13 12:46:24
            [name] => Склярова Стефанія Олександрівна
            [cn_all] => 4
            [cn_read] => 4
        )

    [21] => Array
        (
            [chat_id_klient] => 485927977
            [max_time] => 2025-11-11 20:03:42
            [name] => Сафранюк Олексій Сергійович
            [cn_all] => 3
            [cn_read] => 3
        )

    [22] => Array
        (
            [chat_id_klient] => 698218250
            [max_time] => 2025-11-10 18:18:51
            [name] => Іщенко Каріна Ігорівна
            [cn_all] => 3
            [cn_read] => 3
        )

    [23] => Array
        (
            [chat_id_klient] => 428819668
            [max_time] => 2025-11-09 17:00:27
            [name] => Васянович Юлія Вікторівна
            [cn_all] => 5
            [cn_read] => 5
        )

    [24] => Array
        (
            [chat_id_klient] => 840237226
            [max_time] => 2025-11-09 08:12:05
            [name] => Клименко Іван В"ячеславович
            [cn_all] => 2
            [cn_read] => 1
        )

    [25] => Array
        (
            [chat_id_klient] => 1462780622
            [max_time] => 2025-11-03 18:31:36
            [name] => Мельник  Роман Олегович
            [cn_all] => 8
            [cn_read] => 8
        )

    [26] => Array
        (
            [chat_id_klient] => 458711724
            [max_time] => 2025-11-02 16:03:29
            [name] => Савчук Андрій Вікторович
            [cn_all] => 1
            [cn_read] => 0
        )

    [27] => Array
        (
            [chat_id_klient] => 788723186
            [max_time] => 2025-11-02 14:43:29
            [name] => Палкіна Леонарда
            [cn_all] => 1
            [cn_read] => 0
        )

    [28] => Array
        (
            [chat_id_klient] => 672213414
            [max_time] => 2025-11-02 12:21:03
            [name] => Попова Богдан Віталійович
            [cn_all] => 4
            [cn_read] => 2
        )

    [29] => Array
        (
            [chat_id_klient] => 5473292691
            [max_time] => 2025-10-31 16:12:53
            [name] => Руденко  Максим  Олександрович
            [cn_all] => 1
            [cn_read] => 0
        )

    [30] => Array
        (
            [chat_id_klient] => 736240723
            [max_time] => 2025-10-28 18:00:49
            [name] => Нестеренко  Христина  Василівна
            [cn_all] => 1
            [cn_read] => 0
        )

    [31] => Array
        (
            [chat_id_klient] => 214963781
            [max_time] => 2025-10-27 11:37:05
            [name] => Лисниченко Антон Александрович
            [cn_all] => 1
            [cn_read] => 1
        )

    [32] => Array
        (
            [chat_id_klient] => 936028343
            [max_time] => 2025-10-20 17:31:17
            [name] => Осінний Олександр Віталійович
            [cn_all] => 1
            [cn_read] => 1
        )

    [33] => Array
        (
            [chat_id_klient] => 536860843
            [max_time] => 2025-10-17 14:46:11
            [name] => Ткаченко Станіслав Вячеславович
            [cn_all] => 1
            [cn_read] => 0
        )

    [34] => Array
        (
            [chat_id_klient] => 5703778143
            [max_time] => 2025-10-17 07:49:31
            [name] => Рибін Сергій  Петрович
            [cn_all] => 6
            [cn_read] => 6
        )

    [35] => Array
        (
            [chat_id_klient] => 194520566
            [max_time] => 2025-10-15 11:32:09
            [name] => Міхедов Олександр Андрійович
            [cn_all] => 1
            [cn_read] => 1
        )

    [36] => Array
        (
            [chat_id_klient] => 6219416801
            [max_time] => 2025-10-09 17:34:23
            [name] => Сухоминський  Даніїл Олексійович
            [cn_all] => 2
            [cn_read] => 2
        )

    [37] => Array
        (
            [chat_id_klient] => 1332189692
            [max_time] => 2025-09-26 07:18:23
            [name] => Голубєв Володимир Володимирович
            [cn_all] => 2
            [cn_read] => 2
        )

    [38] => Array
        (
            [chat_id_klient] => 1060813727
            [max_time] => 2025-09-18 06:56:38
            [name] => Білоус Устим Юрійович
            [cn_all] => 5
            [cn_read] => 5
        )

    [39] => Array
        (
            [chat_id_klient] => 384294534
            [max_time] => 2025-09-09 17:53:42
            [name] => Матух Анастасія Олегівна
            [cn_all] => 10
            [cn_read] => 10
        )

    [40] => Array
        (
            [chat_id_klient] => 1889027337
            [max_time] => 2025-08-10 16:54:01
            [name] => Булигін Олексій
            [cn_all] => 8
            [cn_read] => 8
        )

    [41] => Array
        (
            [chat_id_klient] => 507344202
            [max_time] => 2025-08-05 16:06:59
            [name] => Скотар Дмитро Юрійович
            [cn_all] => 2
            [cn_read] => 2
        )

    [42] => Array
        (
            [chat_id_klient] => 767667379
            [max_time] => 2025-07-09 11:39:01
            [name] => Іваненко Назар Алімович
            [cn_all] => 4
            [cn_read] => 4
        )

    [43] => Array
        (
            [chat_id_klient] => 5391362287
            [max_time] => 2025-06-20 16:16:25
            [name] => Кравченко  Дпвид  Олександрович
            [cn_all] => 4
            [cn_read] => 3
        )

    [44] => Array
        (
            [chat_id_klient] => 697361061
            [max_time] => 2025-05-29 11:15:01
            [name] => Орищенко Кирило Андрійович
            [cn_all] => 2
            [cn_read] => 2
        )

    [45] => Array
        (
            [chat_id_klient] => 663424940
            [max_time] => 2025-05-20 09:13:13
            [name] => Колодій Микита Вікторович
            [cn_all] => 5
            [cn_read] => 5
        )

    [46] => Array
        (
            [chat_id_klient] => 271191208
            [max_time] => 2025-05-13 13:01:45
            [name] => Ковальчук Нина Владимировна
            [cn_all] => 1
            [cn_read] => 1
        )

    [47] => Array
        (
            [chat_id_klient] => 536912870
            [max_time] => 2025-05-02 22:02:02
            [name] => тест тест тестович
            [cn_all] => 5
            [cn_read] => 5
        )

)

[2026-01-30 13:08:40] [INFO] (/home3/redbarbe/public_html/telegram/webapps/reports/report_pers_detal.php:22) Array
(
)

[2026-01-30 13:08:49] [INFO] (/home3/redbarbe/public_html/telegram/webapps/reports/report_pers_detal.php:22) Array
(
    [ajax_method] => 2
    [action] => report_pers_detal
    [action_report] => report_view
    [admin] => 5
    [date_from] => 19.01.2026
    [date_to] => 30.01.2026
    [ip_club] => 212.26.139.90
    [podr] => all
    [sotr] => 007989
)

[2026-01-30 13:09:16] [INFO] (/home3/redbarbe/public_html/telegram/webapps/action/select_sotr.php:17) Array
(
    [action] => select_sotr
    [club] => -
    [club_ip] => 212.26.139.90
)

[2026-01-30 13:09:16] [INFO] (/home3/redbarbe/public_html/telegram/webapps/action/select_sotr.php:27) Array
(
    [0] => Array
        (
            [ROLE] => Администратор фитнеса
            [ID] => 0101
            [NAME] => Дежурный
        )

    [1] => Array
        (
            [ROLE] => Администратор фитнеса
            [ID] => 0103
            [NAME] => Йова Катерина
        )

    [2] => Array
        (
            [ROLE] => Тренер
            [ID] => 03354
            [NAME] => Колесник Богдан
        )

    [3] => Array
        (
            [ROLE] => Тренер
            [ID] => 2564
            [NAME] => Кулаковський Сергій
        )

    [4] => Array
        (
            [ROLE] => Администратор фитнеса
            [ID] => 0102
            [NAME] => Лазаренко Ліна
        )

    [5] => Array
        (
            [ROLE] => Тренер
            [ID] => 2452
            [NAME] => Лешковят Наталія
        )

    [6] => Array
        (
            [ROLE] => Администратор фитнеса
            [ID] => 0235
            [NAME] => Лучко Кирил
        )

    [7] => Array
        (
            [ROLE] => Администратор фитнеса
            [ID] => 0333
            [NAME] => Мамедова Ельнара
        )

    [8] => Array
        (
            [ROLE] => Тренер
            [ID] => 03336
            [NAME] => Мельниченко Надія
        )

    [9] => Array
        (
            [ROLE] => Тренер
            [ID] => 007989
            [NAME] => Підгурська Влада
        )

    [10] => Array
        (
            [ROLE] => Тренер
            [ID] => 03337
            [NAME] => Погорєлов Євгеній
        )

    [11] => Array
        (
            [ROLE] => Тренер
            [ID] => 03589
            [NAME] => Присняк Владислав
        )

    [12] => Array
        (
            [ROLE] => Тренер
            [ID] => 03352
            [NAME] => Рибак Роман
        )

    [13] => Array
        (
            [ROLE] => Тренер
            [ID] => 0334
            [NAME] => Самусенко Альона
        )

    [14] => Array
        (
            [ROLE] => Тренер
            [ID] => 03339
            [NAME] => Стрілець Данило
        )

    [15] => Array
        (
            [ROLE] => Тренер
            [ID] => 7895
            [NAME] => Тулаінов Андрій
        )

    [16] => Array
        (
            [ROLE] => Тренер
            [ID] => 0325
            [NAME] => Худоба Ігор
        )

    [17] => Array
        (
            [ROLE] => Тренер
            [ID] => 03342
            [NAME] => Шматко Ярослав
        )

    [18] => Array
        (
            [ROLE] => Тренер
            [ID] => 8987
            [NAME] => Яковенко Ганна
        )

)

[2026-01-30 13:14:56] [INFO] (/home3/redbarbe/public_html/telegram/webapps/action/my_zapis.php:104) Нет связи с сервером
[2026-01-30 13:14:56] [INFO] (/home3/redbarbe/public_html/telegram/webapps/action/my_zapis.php:104) Нет связи с сервером
[2026-01-30 13:15:01] [INFO] (/home3/redbarbe/public_html/telegram/webapps/action/my_zapis.php:104) Нет связи с сервером
[2026-01-30 13:15:05] [INFO] (/home3/redbarbe/public_html/telegram/webapps/action/my_zapis.php:104) Нет связи с сервером
[2026-01-30 13:15:05] [INFO] (/home3/redbarbe/public_html/telegram/webapps/action/my_zapis.php:104) Нет связи с сервером
[2026-01-30 13:15:09] [INFO] (/home3/redbarbe/public_html/telegram/webapps/action/my_zapis.php:104) Нет связи с сервером
[2026-01-30 13:15:09] [INFO] (/home3/redbarbe/public_html/telegram/webapps/action/my_zapis.php:104) Нет связи с сервером
[2026-01-30 13:15:13] [INFO] (/home3/redbarbe/public_html/telegram/webapps/action/my_zapis.php:104) Нет связи с сервером
[2026-01-30 13:15:13] [INFO] (/home3/redbarbe/public_html/telegram/webapps/action/my_zapis.php:104) Нет связи с сервером
[2026-01-30 13:15:25] [INFO] (/home3/redbarbe/public_html/telegram/webapps/action/my_zapis.php:104) Нет связи с сервером
[2026-01-30 13:15:29] [INFO] (/home3/redbarbe/public_html/telegram/webapps/action/my_zapis.php:104) Нет связи с сервером
[2026-01-30 13:15:29] [INFO] (/home3/redbarbe/public_html/telegram/webapps/action/my_zapis.php:104) Нет связи с сервером
[2026-01-30 13:15:33] [INFO] (/home3/redbarbe/public_html/telegram/webapps/action/my_zapis.php:104) Нет связи с сервером
[2026-01-30 13:18:25] [INFO] (/home3/redbarbe/public_html/telegram/webapps/action/my_zapis.php:104) Нет связи с сервером
[2026-01-30 13:20:28] [INFO] (/home3/redbarbe/public_html/telegram/webapps/action/my_zapis.php:104) Нет связи с сервером
[2026-01-30 13:28:10] [INFO] (/home3/redbarbe/public_html/telegram/webapps/action/hist_ind.php:16) SELECT a.name FROM `spr_acc` a, spr_users u WHERE u.active_account=a.acc and u.chat_id=a.chat_id and a.acc=12984 
and u.club=(select id from spr_clubs where ip_club="178.158.212.173") limit 1
[2026-01-30 13:28:10] [INFO] (/home3/redbarbe/public_html/telegram/webapps/action/hist_ind.php:17) hist_grp
[2026-01-30 13:28:10] [INFO] (/home3/redbarbe/public_html/telegram/webapps/action/hist_ind.php:108) Array
(
    [dbeg] => 30.10.2025
    [dend] => today
    [acc] => 12984
    [command] => get_ind_history
)

[2026-01-30 13:28:10] [INFO] (/home3/redbarbe/public_html/telegram/webapps/action/hist_ind.php:109) ip=178.158.212.173
[2026-01-30 13:28:27] [INFO] (/home3/redbarbe/public_html/telegram/webapps/action/hist_ost_poslug.php:12) SELECT a.name FROM `spr_acc` a, spr_users u WHERE u.active_account=a.acc and u.chat_id=a.chat_id and a.acc=12984 
and u.club=(select id from spr_clubs where ip_club="178.158.212.173") limit 1
[2026-01-30 13:28:27] [INFO] (/home3/redbarbe/public_html/telegram/webapps/action/hist_ost_poslug.php:13) hist_ost_poslug
[2026-01-30 13:28:27] [INFO] (/home3/redbarbe/public_html/telegram/webapps/action/hist_ost_poslug.php:104) Array
(
    [acc] => 12984
    [command] => GET_OST_POSLUG_ACC
)

[2026-01-30 13:28:27] [INFO] (/home3/redbarbe/public_html/telegram/webapps/action/hist_ost_poslug.php:105) ip=178.158.212.173
[2026-01-30 13:52:49] [INFO] (/home3/redbarbe/public_html/telegram/webapps/action/select_sotr.php:17) Array
(
    [action] => select_sotr
    [club] => -
    [club_ip] => 178.151.119.180
)

[2026-01-30 13:52:49] [INFO] (/home3/redbarbe/public_html/telegram/webapps/action/select_sotr.php:27) Array
(
    [0] => Array
        (
            [ROLE] => Тренер
            [ID] => 0717
            [NAME] => Єфремова Олександра 
        )

    [1] => Array
        (
            [ROLE] => Тренер
            [ID] => 0707
            [NAME] => Андрияш Анна
        )

    [2] => Array
        (
            [ROLE] => Администратор фитнеса
            [ID] => 0903
            [NAME] => Антонова Аліса
        )

    [3] => Array
        (
            [ROLE] => Тренер
            [ID] => 0302
            [NAME] => Аштема Александр
        )

    [4] => Array
        (
            [ROLE] => Тренер
            [ID] => 0399
            [NAME] => Біліч Лариса
        )

    [5] => Array
        (
            [ROLE] => Тренер
            [ID] => 0316
            [NAME] => Вєтрова Катя
        )

    [6] => Array
        (
            [ROLE] => Тренер
            [ID] => 0708
            [NAME] => Виноградов Александр
        )

    [7] => Array
        (
            [ROLE] => Администратор фитнеса
            [ID] => 0402
            [NAME] => Войтюк Мар'яна
        )

    [8] => Array
        (
            [ROLE] => Тренер
            [ID] => 0327
            [NAME] => Гармаш Владимир
        )

    [9] => Array
        (
            [ROLE] => Главний бухгалтер
            [ID] => 0902
            [NAME] => Глав. Бух.
        )

    [10] => Array
        (
            [ROLE] => Тренер
            [ID] => 0718
            [NAME] => Дворніков Дмитро 
        )

    [11] => Array
        (
            [ROLE] => Администратор фитнеса
            [ID] => 0101
            [NAME] => Дежурный
        )

    [12] => Array
        (
            [ROLE] => Администратор фитнеса
            [ID] => 0104
            [NAME] => Демченко Александра
        )

    [13] => Array
        (
            [ROLE] => Администратор фитнеса
            [ID] => 0102
            [NAME] => Дубинчук Наталья
        )

    [14] => Array
        (
            [ROLE] => Тренер
            [ID] => 0304
            [NAME] => Елецкая Светлана
        )

    [15] => Array
        (
            [ROLE] => Тренер
            [ID] => 0308
            [NAME] => Колесник Богдан
        )

    [16] => Array
        (
            [ROLE] => Тренер
            [ID] => 0312
            [NAME] => Крыжановский Павел
        )

    [17] => Array
        (
            [ROLE] => Тренер
            [ID] => 0313
            [NAME] => Кукурудзяк Руслан
        )

    [18] => Array
        (
            [ROLE] => Тренер
            [ID] => 0325
            [NAME] => Оруджева Юлія
        )

    [19] => Array
        (
            [ROLE] => Тренер
            [ID] => 0710
            [NAME] => Остафи Денис
        )

    [20] => Array
        (
            [ROLE] => Тренер
            [ID] => 0715
            [NAME] => Проломов Данил
        )

    [21] => Array
        (
            [ROLE] => Тренер
            [ID] => 0311
            [NAME] => Романовская Наталья
        )

    [22] => Array
        (
            [ROLE] => Тренер
            [ID] => 0711
            [NAME] => Солянов Владислав
        )

    [23] => Array
        (
            [ROLE] => Тренер
            [ID] => 0326
            [NAME] => Тищенко Ольга
        )

    [24] => Array
        (
            [ROLE] => Тренер
            [ID] => 0310
            [NAME] => Фесенко Ира
        )

    [25] => Array
        (
            [ROLE] => Тренер
            [ID] => 0103
            [NAME] => Шевелько Руслан
        )

    [26] => Array
        (
            [ROLE] => Тренер
            [ID] => 0712
            [NAME] => Шевчук Вікторія
        )

    [27] => Array
        (
            [ROLE] => Головний адміністратор
            [ID] => 0901
            [NAME] => системный
        )

)

[2026-01-30 13:54:10] [INFO] (/home3/redbarbe/public_html/telegram/webapps/action/select_sotr.php:17) Array
(
    [action] => select_sotr
    [club] => -
    [club_ip] => 178.151.119.180
)

[2026-01-30 13:54:10] [INFO] (/home3/redbarbe/public_html/telegram/webapps/action/select_sotr.php:27) Array
(
    [0] => Array
        (
            [ROLE] => Тренер
            [ID] => 0717
            [NAME] => Єфремова Олександра 
        )

    [1] => Array
        (
            [ROLE] => Тренер
            [ID] => 0707
            [NAME] => Андрияш Анна
        )

    [2] => Array
        (
            [ROLE] => Администратор фитнеса
            [ID] => 0903
            [NAME] => Антонова Аліса
        )

    [3] => Array
        (
            [ROLE] => Тренер
            [ID] => 0302
            [NAME] => Аштема Александр
        )

    [4] => Array
        (
            [ROLE] => Тренер
            [ID] => 0399
            [NAME] => Біліч Лариса
        )

    [5] => Array
        (
            [ROLE] => Тренер
            [ID] => 0316
            [NAME] => Вєтрова Катя
        )

    [6] => Array
        (
            [ROLE] => Тренер
            [ID] => 0708
            [NAME] => Виноградов Александр
        )

    [7] => Array
        (
            [ROLE] => Администратор фитнеса
            [ID] => 0402
            [NAME] => Войтюк Мар'яна
        )

    [8] => Array
        (
            [ROLE] => Тренер
            [ID] => 0327
            [NAME] => Гармаш Владимир
        )

    [9] => Array
        (
            [ROLE] => Главний бухгалтер
            [ID] => 0902
            [NAME] => Глав. Бух.
        )

    [10] => Array
        (
            [ROLE] => Тренер
            [ID] => 0718
            [NAME] => Дворніков Дмитро 
        )

    [11] => Array
        (
            [ROLE] => Администратор фитнеса
            [ID] => 0101
            [NAME] => Дежурный
        )

    [12] => Array
        (
            [ROLE] => Администратор фитнеса
            [ID] => 0104
            [NAME] => Демченко Александра
        )

    [13] => Array
        (
            [ROLE] => Администратор фитнеса
            [ID] => 0102
            [NAME] => Дубинчук Наталья
        )

    [14] => Array
        (
            [ROLE] => Тренер
            [ID] => 0304
            [NAME] => Елецкая Светлана
        )

    [15] => Array
        (
            [ROLE] => Тренер
            [ID] => 0308
            [NAME] => Колесник Богдан
        )

    [16] => Array
        (
            [ROLE] => Тренер
            [ID] => 0312
            [NAME] => Крыжановский Павел
        )

    [17] => Array
        (
            [ROLE] => Тренер
            [ID] => 0313
            [NAME] => Кукурудзяк Руслан
        )

    [18] => Array
        (
            [ROLE] => Тренер
            [ID] => 0325
            [NAME] => Оруджева Юлія
        )

    [19] => Array
        (
            [ROLE] => Тренер
            [ID] => 0710
            [NAME] => Остафи Денис
        )

    [20] => Array
        (
            [ROLE] => Тренер
            [ID] => 0715
            [NAME] => Проломов Данил
        )

    [21] => Array
        (
            [ROLE] => Тренер
            [ID] => 0311
            [NAME] => Романовская Наталья
        )

    [22] => Array
        (
            [ROLE] => Тренер
            [ID] => 0711
            [NAME] => Солянов Владислав
        )

    [23] => Array
        (
            [ROLE] => Тренер
            [ID] => 0326
            [NAME] => Тищенко Ольга
        )

    [24] => Array
        (
            [ROLE] => Тренер
            [ID] => 0310
            [NAME] => Фесенко Ира
        )

    [25] => Array
        (
            [ROLE] => Тренер
            [ID] => 0103
            [NAME] => Шевелько Руслан
        )

    [26] => Array
        (
            [ROLE] => Тренер
            [ID] => 0712
            [NAME] => Шевчук Вікторія
        )

    [27] => Array
        (
            [ROLE] => Головний адміністратор
            [ID] => 0901
            [NAME] => системный
        )

)

[2026-01-30 13:55:48] [INFO] (/home3/redbarbe/public_html/telegram/webapps/action/ajax_get_tren.php:35) Array
(
    [0] => Array
        (
            [KOD] => 801375
            [TIME_FROM] => 09:00
            [TIME_TO] => 10:00               
            [CLIENTS_CNT] => 0
            [TOV_NAME] => CrossActivity
            [ACC] => 0
            [CNTTRAN] => 0
            [CNTTRANRESERV] => 0
        )

    [1] => Array
        (
            [KOD] => 801284
            [TIME_FROM] => 09:00
            [TIME_TO] => 10:00               
            [CLIENTS_CNT] => 0
            [TOV_NAME] => Total Body
            [ACC] => 0
            [CNTTRAN] => 0
            [CNTTRANRESERV] => 0
        )

    [2] => Array
        (
            [KOD] => 802907
            [TIME_FROM] => 14:00
            [TIME_TO] => 15:00               
            [CLIENTS_CNT] => 0
            [TOV_NAME] => FitnessMix
            [ACC] => 0
            [CNTTRAN] => 0
            [CNTTRANRESERV] => 0
        )

    [3] => Array
        (
            [KOD] => 801258
            [TIME_FROM] => 17:00
            [TIME_TO] => 18:00               
            [CLIENTS_CNT] => 0
            [TOV_NAME] => Mobility
            [ACC] => 0
            [CNTTRAN] => 0
            [CNTTRANRESERV] => 0
        )

    [4] => Array
        (
            [KOD] => 801362
            [TIME_FROM] => 18:00
            [TIME_TO] => 19:00               
            [CLIENTS_CNT] => 0
            [TOV_NAME] => Паркур Kids
            [ACC] => 0
            [CNTTRAN] => 0
            [CNTTRANRESERV] => 0
        )

    [5] => Array
        (
            [KOD] => 801310
            [TIME_FROM] => 18:30
            [TIME_TO] => 19:30               
            [CLIENTS_CNT] => 0
            [TOV_NAME] => Pilates
            [ACC] => 0
            [CNTTRAN] => 0
            [CNTTRANRESERV] => 0
        )

    [6] => Array
        (
            [KOD] => 801336
            [TIME_FROM] => 19:00
            [TIME_TO] => 20:00               
            [CLIENTS_CNT] => 0
            [TOV_NAME] => Паркур
            [ACC] => 0
            [CNTTRAN] => 0
            [CNTTRANRESERV] => 0
        )

    [7] => Array
        (
            [KOD] => 801271
            [TIME_FROM] => 19:00
            [TIME_TO] => 20:00               
            [CLIENTS_CNT] => 0
            [TOV_NAME] => CrossActivity
            [ACC] => 0
            [CNTTRAN] => 0
            [CNTTRANRESERV] => 0
        )

    [8] => Array
        (
            [KOD] => 801323
            [TIME_FROM] => 19:30
            [TIME_TO] => 20:30               
            [CLIENTS_CNT] => 0
            [TOV_NAME] => TRX
            [ACC] => 0
            [CNTTRAN] => 0
            [CNTTRANRESERV] => 0
        )

    [9] => Array
        (
            [KOD] => 801297
            [TIME_FROM] => 20:00
            [TIME_TO] => 21:00               
            [CLIENTS_CNT] => 0
            [TOV_NAME] => CrossActivity
            [ACC] => 0
            [CNTTRAN] => 0
            [CNTTRANRESERV] => 0
        )

    [10] => Array
        (
            [KOD] => 801349
            [TIME_FROM] => 20:00
            [TIME_TO] => 21:00               
            [CLIENTS_CNT] => 0
            [TOV_NAME] => Бокс
            [ACC] => 0
            [CNTTRAN] => 0
            [CNTTRANRESERV] => 0
        )

)

[2026-01-30 13:55:48] [INFO] (/home3/redbarbe/public_html/telegram/webapps/action/ajax_get_tren.php:61) Array
(
    [KOD] => 801375
    [TIME_FROM] => 09:00
    [TIME_TO] => 10:00               
    [CLIENTS_CNT] => 0
    [TOV_NAME] => CrossActivity
    [ACC] => 0
    [CNTTRAN] => 0
    [CNTTRANRESERV] => 0
)

[2026-01-30 13:55:48] [INFO] (/home3/redbarbe/public_html/telegram/webapps/action/ajax_get_tren.php:61) Array
(
    [KOD] => 801284
    [TIME_FROM] => 09:00
    [TIME_TO] => 10:00               
    [CLIENTS_CNT] => 0
    [TOV_NAME] => Total Body
    [ACC] => 0
    [CNTTRAN] => 0
    [CNTTRANRESERV] => 0
)

[2026-01-30 13:55:48] [INFO] (/home3/redbarbe/public_html/telegram/webapps/action/ajax_get_tren.php:61) Array
(
    [KOD] => 802907
    [TIME_FROM] => 14:00
    [TIME_TO] => 15:00               
    [CLIENTS_CNT] => 0
    [TOV_NAME] => FitnessMix
    [ACC] => 0
    [CNTTRAN] => 0
    [CNTTRANRESERV] => 0
)

[2026-01-30 13:55:48] [INFO] (/home3/redbarbe/public_html/telegram/webapps/action/ajax_get_tren.php:61) Array
(
    [KOD] => 801258
    [TIME_FROM] => 17:00
    [TIME_TO] => 18:00               
    [CLIENTS_CNT] => 0
    [TOV_NAME] => Mobility
    [ACC] => 0
    [CNTTRAN] => 0
    [CNTTRANRESERV] => 0
)

[2026-01-30 13:55:48] [INFO] (/home3/redbarbe/public_html/telegram/webapps/action/ajax_get_tren.php:61) Array
(
    [KOD] => 801362
    [TIME_FROM] => 18:00
    [TIME_TO] => 19:00               
    [CLIENTS_CNT] => 0
    [TOV_NAME] => Паркур Kids
    [ACC] => 0
    [CNTTRAN] => 0
    [CNTTRANRESERV] => 0
)

[2026-01-30 13:55:48] [INFO] (/home3/redbarbe/public_html/telegram/webapps/action/ajax_get_tren.php:61) Array
(
    [KOD] => 801310
    [TIME_FROM] => 18:30
    [TIME_TO] => 19:30               
    [CLIENTS_CNT] => 0
    [TOV_NAME] => Pilates
    [ACC] => 0
    [CNTTRAN] => 0
    [CNTTRANRESERV] => 0
)

[2026-01-30 13:55:48] [INFO] (/home3/redbarbe/public_html/telegram/webapps/action/ajax_get_tren.php:61) Array
(
    [KOD] => 801336
    [TIME_FROM] => 19:00
    [TIME_TO] => 20:00               
    [CLIENTS_CNT] => 0
    [TOV_NAME] => Паркур
    [ACC] => 0
    [CNTTRAN] => 0
    [CNTTRANRESERV] => 0
)

[2026-01-30 13:55:48] [INFO] (/home3/redbarbe/public_html/telegram/webapps/action/ajax_get_tren.php:61) Array
(
    [KOD] => 801271
    [TIME_FROM] => 19:00
    [TIME_TO] => 20:00               
    [CLIENTS_CNT] => 0
    [TOV_NAME] => CrossActivity
    [ACC] => 0
    [CNTTRAN] => 0
    [CNTTRANRESERV] => 0
)

[2026-01-30 13:55:48] [INFO] (/home3/redbarbe/public_html/telegram/webapps/action/ajax_get_tren.php:61) Array
(
    [KOD] => 801323
    [TIME_FROM] => 19:30
    [TIME_TO] => 20:30               
    [CLIENTS_CNT] => 0
    [TOV_NAME] => TRX
    [ACC] => 0
    [CNTTRAN] => 0
    [CNTTRANRESERV] => 0
)

[2026-01-30 13:55:48] [INFO] (/home3/redbarbe/public_html/telegram/webapps/action/ajax_get_tren.php:61) Array
(
    [KOD] => 801297
    [TIME_FROM] => 20:00
    [TIME_TO] => 21:00               
    [CLIENTS_CNT] => 0
    [TOV_NAME] => CrossActivity
    [ACC] => 0
    [CNTTRAN] => 0
    [CNTTRANRESERV] => 0
)

[2026-01-30 13:55:48] [INFO] (/home3/redbarbe/public_html/telegram/webapps/action/ajax_get_tren.php:61) Array
(
    [KOD] => 801349
    [TIME_FROM] => 20:00
    [TIME_TO] => 21:00               
    [CLIENTS_CNT] => 0
    [TOV_NAME] => Бокс
    [ACC] => 0
    [CNTTRAN] => 0
    [CNTTRANRESERV] => 0
)

[2026-01-30 14:30:21] [INFO] (/home3/redbarbe/public_html/telegram/webapps/reports/report_pers_detal.php:22) Array
(
)

[2026-01-30 14:30:26] [INFO] (/home3/redbarbe/public_html/telegram/webapps/reports/report_pers_detal.php:22) Array
(
    [ajax_method] => 2
    [action] => report_pers_detal
    [action_report] => report_view
    [admin] => 5
    [date_from] => 30.01.2026
    [date_to] => 30.01.2026
    [ip_club] => 193.194.107.2
    [podr] => all
    [sotr] => 0321
)

[2026-01-30 14:39:44] [INFO] (/home3/redbarbe/public_html/telegram/webapps/action/ajax_get_tren.php:35) Нет связи с сервером
[2026-01-30 14:39:52] [INFO] (/home3/redbarbe/public_html/telegram/webapps/action/ajax_get_tren.php:35) Нет связи с сервером
[2026-01-30 14:39:56] [INFO] (/home3/redbarbe/public_html/telegram/webapps/action/ajax_get_tren.php:35) Нет связи с сервером
[2026-01-30 14:40:04] [INFO] (/home3/redbarbe/public_html/telegram/webapps/action/ajax_get_tren.php:35) Нет связи с сервером
[2026-01-30 14:40:04] [INFO] (/home3/redbarbe/public_html/telegram/webapps/action/ajax_get_tren.php:35) Нет связи с сервером
[2026-01-30 14:40:12] [INFO] (/home3/redbarbe/public_html/telegram/webapps/action/ajax_get_tren.php:35) Нет связи с сервером
[2026-01-30 14:40:12] [INFO] (/home3/redbarbe/public_html/telegram/webapps/action/ajax_get_tren.php:35) Нет связи с сервером
[2026-01-30 14:40:25] [INFO] (/home3/redbarbe/public_html/telegram/webapps/action/ajax_get_tren.php:35) Нет связи с сервером
[2026-01-30 14:40:25] [INFO] (/home3/redbarbe/public_html/telegram/webapps/action/ajax_get_tren.php:35) Нет связи с сервером
[2026-01-30 14:40:49] [INFO] (/home3/redbarbe/public_html/telegram/webapps/action/ajax_get_tren.php:35) Нет связи с сервером
[2026-01-30 14:40:49] [INFO] (/home3/redbarbe/public_html/telegram/webapps/action/ajax_get_tren.php:35) Нет связи с сервером
[2026-01-30 14:40:57] [INFO] (/home3/redbarbe/public_html/telegram/webapps/action/ajax_get_tren.php:35) Нет связи с сервером
[2026-01-30 14:41:02] [INFO] (/home3/redbarbe/public_html/telegram/webapps/action/ajax_get_tren.php:35) Нет связи с сервером
[2026-01-30 14:41:06] [INFO] (/home3/redbarbe/public_html/telegram/webapps/action/ajax_get_tren.php:35) Нет связи с сервером
[2026-01-30 14:41:10] [INFO] (/home3/redbarbe/public_html/telegram/webapps/action/ajax_get_tren.php:35) Нет связи с сервером
[2026-01-30 14:41:18] [INFO] (/home3/redbarbe/public_html/telegram/webapps/action/ajax_get_tren.php:35) Нет связи с сервером
[2026-01-30 14:51:16] [INFO] (/home3/redbarbe/public_html/telegram/webapps/action/my_zapis.php:104) Array
(
    [0] => Array
        (
            [DAT1] => 2026-01-30 00:00:00
            [DAT] => 30.01.2026
            [TIME_START] => 18:00
            [TIME_STOP] => 19:00
            [PODR_NAME] => Stretching
            [SOTR_NAME] => 
            [TP] => 2
            [TRAIN] => 831773
            [TO_RESERV] => 
        )

)

[2026-01-30 14:51:19] [INFO] (/home3/redbarbe/public_html/telegram/webapps/action/ajax_del_zapis.php:20) del_zapis_acc=12414
[2026-01-30 14:51:19] [INFO] (/home3/redbarbe/public_html/telegram/webapps/action/ajax_del_zapis.php:21) del_zapis_ip=178.151.119.180
[2026-01-30 14:51:19] [INFO] (/home3/redbarbe/public_html/telegram/webapps/action/ajax_del_zapis.php:47) проблема з видаленням 
[2026-01-30 14:51:19] [INFO] (/home3/redbarbe/public_html/telegram/webapps/action/ajax_del_zapis.php:48) Array
(
    [id] => 2
    [name] => REDBARBELL на Лісовій
    [ip_club] => 178.151.119.180
    [chat_admin] => 1847184190
    [chat_group] => -4602513216
    [active] => 1
    [phone] => +38 (066) 246 4330
    [adress] => вул. Ореста Левицького 5
)

[2026-01-30 14:51:19] [INFO] (/home3/redbarbe/public_html/telegram/webapps/action/ajax_del_zapis.php:49) 178.151.119.180
[2026-01-30 14:51:19] [INFO] (/home3/redbarbe/public_html/telegram/webapps/action/ajax_del_zapis.php:50) 12414
[2026-01-30 14:51:19] [INFO] (/home3/redbarbe/public_html/telegram/webapps/action/ajax_del_zapis.php:51) 831773
[2026-01-30 14:51:28] [INFO] (/home3/redbarbe/public_html/telegram/webapps/action/ajax_get_tren.php:35) Array
(
    [0] => Array
        (
            [KOD] => 831982
            [TIME_FROM] => 10:00
            [TIME_TO] => 11:00               
            [CLIENTS_CNT] => 0
            [TOV_NAME] => Степ-аеробіка
            [ACC] => 0
            [CNTTRAN] => 0
            [CNTTRANRESERV] => 0
        )

    [1] => Array
        (
            [KOD] => 831774
            [TIME_FROM] => 18:00
            [TIME_TO] => 19:00               
            [CLIENTS_CNT] => 0
            [TOV_NAME] => Stretching
            [ACC] => 0
            [CNTTRAN] => 0
            [CNTTRANRESERV] => 0
        )

    [2] => Array
        (
            [KOD] => 831150
            [TIME_FROM] => 19:00
            [TIME_TO] => 20:00               
            [CLIENTS_CNT] => 0
            [TOV_NAME] => Степ-аеробіка
            [ACC] => 0
            [CNTTRAN] => 0
            [CNTTRANRESERV] => 0
        )

    [3] => Array
        (
            [KOD] => 831358
            [TIME_FROM] => 19:00
            [TIME_TO] => 20:00               
            [CLIENTS_CNT] => 0
            [TOV_NAME] => Бокс Kids
            [ACC] => 0
            [CNTTRAN] => 0
            [CNTTRANRESERV] => 0
        )

    [4] => Array
        (
            [KOD] => 831566
            [TIME_FROM] => 20:00
            [TIME_TO] => 21:00               
            [CLIENTS_CNT] => 0
            [TOV_NAME] => Cross Activity
            [ACC] => 0
            [CNTTRAN] => 0
            [CNTTRANRESERV] => 0
        )

    [5] => Array
        (
            [KOD] => 832398
            [TIME_FROM] => 20:00
            [TIME_TO] => 21:00               
            [CLIENTS_CNT] => 0
            [TOV_NAME] => Бокс
            [ACC] => 0
            [CNTTRAN] => 0
            [CNTTRANRESERV] => 0
        )

    [6] => Array
        (
            [KOD] => 832190
            [TIME_FROM] => 20:00
            [TIME_TO] => 21:00               
            [CLIENTS_CNT] => 0
            [TOV_NAME] => Functional Body
            [ACC] => 0
            [CNTTRAN] => 0
            [CNTTRANRESERV] => 0
        )

)

[2026-01-30 14:51:28] [INFO] (/home3/redbarbe/public_html/telegram/webapps/action/ajax_get_tren.php:61) Array
(
    [KOD] => 831982
    [TIME_FROM] => 10:00
    [TIME_TO] => 11:00               
    [CLIENTS_CNT] => 0
    [TOV_NAME] => Степ-аеробіка
    [ACC] => 0
    [CNTTRAN] => 0
    [CNTTRANRESERV] => 0
)

[2026-01-30 14:51:28] [INFO] (/home3/redbarbe/public_html/telegram/webapps/action/ajax_get_tren.php:61) Array
(
    [KOD] => 831774
    [TIME_FROM] => 18:00
    [TIME_TO] => 19:00               
    [CLIENTS_CNT] => 0
    [TOV_NAME] => Stretching
    [ACC] => 0
    [CNTTRAN] => 0
    [CNTTRANRESERV] => 0
)

[2026-01-30 14:51:28] [INFO] (/home3/redbarbe/public_html/telegram/webapps/action/ajax_get_tren.php:61) Array
(
    [KOD] => 831150
    [TIME_FROM] => 19:00
    [TIME_TO] => 20:00               
    [CLIENTS_CNT] => 0
    [TOV_NAME] => Степ-аеробіка
    [ACC] => 0
    [CNTTRAN] => 0
    [CNTTRANRESERV] => 0
)

[2026-01-30 14:51:28] [INFO] (/home3/redbarbe/public_html/telegram/webapps/action/ajax_get_tren.php:61) Array
(
    [KOD] => 831358
    [TIME_FROM] => 19:00
    [TIME_TO] => 20:00               
    [CLIENTS_CNT] => 0
    [TOV_NAME] => Бокс Kids
    [ACC] => 0
    [CNTTRAN] => 0
    [CNTTRANRESERV] => 0
)

[2026-01-30 14:51:28] [INFO] (/home3/redbarbe/public_html/telegram/webapps/action/ajax_get_tren.php:61) Array
(
    [KOD] => 831566
    [TIME_FROM] => 20:00
    [TIME_TO] => 21:00               
    [CLIENTS_CNT] => 0
    [TOV_NAME] => Cross Activity
    [ACC] => 0
    [CNTTRAN] => 0
    [CNTTRANRESERV] => 0
)

[2026-01-30 14:51:28] [INFO] (/home3/redbarbe/public_html/telegram/webapps/action/ajax_get_tren.php:61) Array
(
    [KOD] => 832398
    [TIME_FROM] => 20:00
    [TIME_TO] => 21:00               
    [CLIENTS_CNT] => 0
    [TOV_NAME] => Бокс
    [ACC] => 0
    [CNTTRAN] => 0
    [CNTTRANRESERV] => 0
)

[2026-01-30 14:51:28] [INFO] (/home3/redbarbe/public_html/telegram/webapps/action/ajax_get_tren.php:61) Array
(
    [KOD] => 832190
    [TIME_FROM] => 20:00
    [TIME_TO] => 21:00               
    [CLIENTS_CNT] => 0
    [TOV_NAME] => Functional Body
    [ACC] => 0
    [CNTTRAN] => 0
    [CNTTRANRESERV] => 0
)

[2026-01-30 14:51:31] [INFO] (/home3/redbarbe/public_html/telegram/webapps/action/ajax_fitness_zapis.php:22) Array
(
    [ajax_method] => 2
    [action] => ajax_fitness_zapis
    [dat] => 02.02.2026
    [acc] => 12414
    [trenid] => 831774
    [ost_all] => 100
    [ip_club] => 178.151.119.180
    [acctozapis] => 0
    [time_from] => 18:00
)

[2026-01-30 15:01:23] [INFO] (/home3/redbarbe/public_html/telegram/webapps/action/ajax_get_tren.php:35) Array
(
    [0] => Array
        (
            [KOD] => 801375
            [TIME_FROM] => 09:00
            [TIME_TO] => 10:00               
            [CLIENTS_CNT] => 0
            [TOV_NAME] => CrossActivity
            [ACC] => 0
            [CNTTRAN] => 0
            [CNTTRANRESERV] => 0
        )

    [1] => Array
        (
            [KOD] => 801284
            [TIME_FROM] => 09:00
            [TIME_TO] => 10:00               
            [CLIENTS_CNT] => 0
            [TOV_NAME] => Total Body
            [ACC] => 0
            [CNTTRAN] => 0
            [CNTTRANRESERV] => 0
        )

    [2] => Array
        (
            [KOD] => 802907
            [TIME_FROM] => 14:00
            [TIME_TO] => 15:00               
            [CLIENTS_CNT] => 0
            [TOV_NAME] => FitnessMix
            [ACC] => 0
            [CNTTRAN] => 0
            [CNTTRANRESERV] => 0
        )

    [3] => Array
        (
            [KOD] => 801258
            [TIME_FROM] => 17:00
            [TIME_TO] => 18:00               
            [CLIENTS_CNT] => 0
            [TOV_NAME] => Mobility
            [ACC] => 0
            [CNTTRAN] => 0
            [CNTTRANRESERV] => 0
        )

    [4] => Array
        (
            [KOD] => 801362
            [TIME_FROM] => 18:00
            [TIME_TO] => 19:00               
            [CLIENTS_CNT] => 0
            [TOV_NAME] => Паркур Kids
            [ACC] => 0
            [CNTTRAN] => 0
            [CNTTRANRESERV] => 0
        )

    [5] => Array
        (
            [KOD] => 801310
            [TIME_FROM] => 18:30
            [TIME_TO] => 19:30               
            [CLIENTS_CNT] => 0
            [TOV_NAME] => Pilates
            [ACC] => 0
            [CNTTRAN] => 0
            [CNTTRANRESERV] => 0
        )

    [6] => Array
        (
            [KOD] => 801336
            [TIME_FROM] => 19:00
            [TIME_TO] => 20:00               
            [CLIENTS_CNT] => 0
            [TOV_NAME] => Паркур
            [ACC] => 0
            [CNTTRAN] => 0
            [CNTTRANRESERV] => 0
        )

    [7] => Array
        (
            [KOD] => 801271
            [TIME_FROM] => 19:00
            [TIME_TO] => 20:00               
            [CLIENTS_CNT] => 0
            [TOV_NAME] => CrossActivity
            [ACC] => 0
            [CNTTRAN] => 0
            [CNTTRANRESERV] => 0
        )

    [8] => Array
        (
            [KOD] => 801323
            [TIME_FROM] => 19:30
            [TIME_TO] => 20:30               
            [CLIENTS_CNT] => 0
            [TOV_NAME] => TRX
            [ACC] => 0
            [CNTTRAN] => 0
            [CNTTRANRESERV] => 0
        )

    [9] => Array
        (
            [KOD] => 801297
            [TIME_FROM] => 20:00
            [TIME_TO] => 21:00               
            [CLIENTS_CNT] => 0
            [TOV_NAME] => CrossActivity
            [ACC] => 0
            [CNTTRAN] => 0
            [CNTTRANRESERV] => 0
        )

    [10] => Array
        (
            [KOD] => 801349
            [TIME_FROM] => 20:00
            [TIME_TO] => 21:00               
            [CLIENTS_CNT] => 0
            [TOV_NAME] => Бокс
            [ACC] => 0
            [CNTTRAN] => 0
            [CNTTRANRESERV] => 0
        )

)

[2026-01-30 15:01:23] [INFO] (/home3/redbarbe/public_html/telegram/webapps/action/ajax_get_tren.php:61) Array
(
    [KOD] => 801375
    [TIME_FROM] => 09:00
    [TIME_TO] => 10:00               
    [CLIENTS_CNT] => 0
    [TOV_NAME] => CrossActivity
    [ACC] => 0
    [CNTTRAN] => 0
    [CNTTRANRESERV] => 0
)

[2026-01-30 15:01:23] [INFO] (/home3/redbarbe/public_html/telegram/webapps/action/ajax_get_tren.php:61) Array
(
    [KOD] => 801284
    [TIME_FROM] => 09:00
    [TIME_TO] => 10:00               
    [CLIENTS_CNT] => 0
    [TOV_NAME] => Total Body
    [ACC] => 0
    [CNTTRAN] => 0
    [CNTTRANRESERV] => 0
)

[2026-01-30 15:01:23] [INFO] (/home3/redbarbe/public_html/telegram/webapps/action/ajax_get_tren.php:61) Array
(
    [KOD] => 802907
    [TIME_FROM] => 14:00
    [TIME_TO] => 15:00               
    [CLIENTS_CNT] => 0
    [TOV_NAME] => FitnessMix
    [ACC] => 0
    [CNTTRAN] => 0
    [CNTTRANRESERV] => 0
)

[2026-01-30 15:01:23] [INFO] (/home3/redbarbe/public_html/telegram/webapps/action/ajax_get_tren.php:61) Array
(
    [KOD] => 801258
    [TIME_FROM] => 17:00
    [TIME_TO] => 18:00               
    [CLIENTS_CNT] => 0
    [TOV_NAME] => Mobility
    [ACC] => 0
    [CNTTRAN] => 0
    [CNTTRANRESERV] => 0
)

[2026-01-30 15:01:23] [INFO] (/home3/redbarbe/public_html/telegram/webapps/action/ajax_get_tren.php:61) Array
(
    [KOD] => 801362
    [TIME_FROM] => 18:00
    [TIME_TO] => 19:00               
    [CLIENTS_CNT] => 0
    [TOV_NAME] => Паркур Kids
    [ACC] => 0
    [CNTTRAN] => 0
    [CNTTRANRESERV] => 0
)

[2026-01-30 15:01:23] [INFO] (/home3/redbarbe/public_html/telegram/webapps/action/ajax_get_tren.php:61) Array
(
    [KOD] => 801310
    [TIME_FROM] => 18:30
    [TIME_TO] => 19:30               
    [CLIENTS_CNT] => 0
    [TOV_NAME] => Pilates
    [ACC] => 0
    [CNTTRAN] => 0
    [CNTTRANRESERV] => 0
)

[2026-01-30 15:01:23] [INFO] (/home3/redbarbe/public_html/telegram/webapps/action/ajax_get_tren.php:61) Array
(
    [KOD] => 801336
    [TIME_FROM] => 19:00
    [TIME_TO] => 20:00               
    [CLIENTS_CNT] => 0
    [TOV_NAME] => Паркур
    [ACC] => 0
    [CNTTRAN] => 0
    [CNTTRANRESERV] => 0
)

[2026-01-30 15:01:23] [INFO] (/home3/redbarbe/public_html/telegram/webapps/action/ajax_get_tren.php:61) Array
(
    [KOD] => 801271
    [TIME_FROM] => 19:00
    [TIME_TO] => 20:00               
    [CLIENTS_CNT] => 0
    [TOV_NAME] => CrossActivity
    [ACC] => 0
    [CNTTRAN] => 0
    [CNTTRANRESERV] => 0
)

[2026-01-30 15:01:23] [INFO] (/home3/redbarbe/public_html/telegram/webapps/action/ajax_get_tren.php:61) Array
(
    [KOD] => 801323
    [TIME_FROM] => 19:30
    [TIME_TO] => 20:30               
    [CLIENTS_CNT] => 0
    [TOV_NAME] => TRX
    [ACC] => 0
    [CNTTRAN] => 0
    [CNTTRANRESERV] => 0
)

[2026-01-30 15:01:23] [INFO] (/home3/redbarbe/public_html/telegram/webapps/action/ajax_get_tren.php:61) Array
(
    [KOD] => 801297
    [TIME_FROM] => 20:00
    [TIME_TO] => 21:00               
    [CLIENTS_CNT] => 0
    [TOV_NAME] => CrossActivity
    [ACC] => 0
    [CNTTRAN] => 0
    [CNTTRANRESERV] => 0
)

[2026-01-30 15:01:23] [INFO] (/home3/redbarbe/public_html/telegram/webapps/action/ajax_get_tren.php:61) Array
(
    [KOD] => 801349
    [TIME_FROM] => 20:00
    [TIME_TO] => 21:00               
    [CLIENTS_CNT] => 0
    [TOV_NAME] => Бокс
    [ACC] => 0
    [CNTTRAN] => 0
    [CNTTRANRESERV] => 0
)

[2026-01-30 15:01:30] [INFO] (/home3/redbarbe/public_html/telegram/webapps/action/ajax_fitness_zapis.php:22) Array
(
    [ajax_method] => 2
    [action] => ajax_fitness_zapis
    [dat] => 30.01.2026
    [acc] => 13994
    [trenid] => 801310
    [ost_all] => 100
    [ip_club] => 178.158.212.173
    [acctozapis] => 0
    [time_from] => 18:30
)

[2026-01-30 15:01:38] [INFO] (/home3/redbarbe/public_html/telegram/webapps/action/ajax_get_tren.php:35) Array
(
    [0] => Array
        (
            [KOD] => 801375
            [TIME_FROM] => 09:00
            [TIME_TO] => 10:00               
            [CLIENTS_CNT] => 0
            [TOV_NAME] => CrossActivity
            [ACC] => 0
            [CNTTRAN] => 0
            [CNTTRANRESERV] => 0
        )

    [1] => Array
        (
            [KOD] => 801284
            [TIME_FROM] => 09:00
            [TIME_TO] => 10:00               
            [CLIENTS_CNT] => 0
            [TOV_NAME] => Total Body
            [ACC] => 0
            [CNTTRAN] => 0
            [CNTTRANRESERV] => 0
        )

    [2] => Array
        (
            [KOD] => 802907
            [TIME_FROM] => 14:00
            [TIME_TO] => 15:00               
            [CLIENTS_CNT] => 0
            [TOV_NAME] => FitnessMix
            [ACC] => 0
            [CNTTRAN] => 0
            [CNTTRANRESERV] => 0
        )

    [3] => Array
        (
            [KOD] => 801258
            [TIME_FROM] => 17:00
            [TIME_TO] => 18:00               
            [CLIENTS_CNT] => 0
            [TOV_NAME] => Mobility
            [ACC] => 0
            [CNTTRAN] => 0
            [CNTTRANRESERV] => 0
        )

    [4] => Array
        (
            [KOD] => 801362
            [TIME_FROM] => 18:00
            [TIME_TO] => 19:00               
            [CLIENTS_CNT] => 0
            [TOV_NAME] => Паркур Kids
            [ACC] => 0
            [CNTTRAN] => 0
            [CNTTRANRESERV] => 0
        )

    [5] => Array
        (
            [KOD] => 801310
            [TIME_FROM] => 18:30
            [TIME_TO] => 19:30               
            [CLIENTS_CNT] => 0
            [TOV_NAME] => Pilates
            [ACC] => 13994
            [CNTTRAN] => 1
            [CNTTRANRESERV] => 0
        )

    [6] => Array
        (
            [KOD] => 801336
            [TIME_FROM] => 19:00
            [TIME_TO] => 20:00               
            [CLIENTS_CNT] => 0
            [TOV_NAME] => Паркур
            [ACC] => 0
            [CNTTRAN] => 0
            [CNTTRANRESERV] => 0
        )

    [7] => Array
        (
            [KOD] => 801271
            [TIME_FROM] => 19:00
            [TIME_TO] => 20:00               
            [CLIENTS_CNT] => 0
            [TOV_NAME] => CrossActivity
            [ACC] => 0
            [CNTTRAN] => 0
            [CNTTRANRESERV] => 0
        )

    [8] => Array
        (
            [KOD] => 801323
            [TIME_FROM] => 19:30
            [TIME_TO] => 20:30               
            [CLIENTS_CNT] => 0
            [TOV_NAME] => TRX
            [ACC] => 0
            [CNTTRAN] => 0
            [CNTTRANRESERV] => 0
        )

    [9] => Array
        (
            [KOD] => 801297
            [TIME_FROM] => 20:00
            [TIME_TO] => 21:00               
            [CLIENTS_CNT] => 0
            [TOV_NAME] => CrossActivity
            [ACC] => 0
            [CNTTRAN] => 0
            [CNTTRANRESERV] => 0
        )

    [10] => Array
        (
            [KOD] => 801349
            [TIME_FROM] => 20:00
            [TIME_TO] => 21:00               
            [CLIENTS_CNT] => 0
            [TOV_NAME] => Бокс
            [ACC] => 0
            [CNTTRAN] => 0
            [CNTTRANRESERV] => 0
        )

)

[2026-01-30 15:01:38] [INFO] (/home3/redbarbe/public_html/telegram/webapps/action/ajax_get_tren.php:61) Array
(
    [KOD] => 801375
    [TIME_FROM] => 09:00
    [TIME_TO] => 10:00               
    [CLIENTS_CNT] => 0
    [TOV_NAME] => CrossActivity
    [ACC] => 0
    [CNTTRAN] => 0
    [CNTTRANRESERV] => 0
)

[2026-01-30 15:01:38] [INFO] (/home3/redbarbe/public_html/telegram/webapps/action/ajax_get_tren.php:61) Array
(
    [KOD] => 801284
    [TIME_FROM] => 09:00
    [TIME_TO] => 10:00               
    [CLIENTS_CNT] => 0
    [TOV_NAME] => Total Body
    [ACC] => 0
    [CNTTRAN] => 0
    [CNTTRANRESERV] => 0
)

[2026-01-30 15:01:38] [INFO] (/home3/redbarbe/public_html/telegram/webapps/action/ajax_get_tren.php:61) Array
(
    [KOD] => 802907
    [TIME_FROM] => 14:00
    [TIME_TO] => 15:00               
    [CLIENTS_CNT] => 0
    [TOV_NAME] => FitnessMix
    [ACC] => 0
    [CNTTRAN] => 0
    [CNTTRANRESERV] => 0
)

[2026-01-30 15:01:38] [INFO] (/home3/redbarbe/public_html/telegram/webapps/action/ajax_get_tren.php:61) Array
(
    [KOD] => 801258
    [TIME_FROM] => 17:00
    [TIME_TO] => 18:00               
    [CLIENTS_CNT] => 0
    [TOV_NAME] => Mobility
    [ACC] => 0
    [CNTTRAN] => 0
    [CNTTRANRESERV] => 0
)

[2026-01-30 15:01:38] [INFO] (/home3/redbarbe/public_html/telegram/webapps/action/ajax_get_tren.php:61) Array
(
    [KOD] => 801362
    [TIME_FROM] => 18:00
    [TIME_TO] => 19:00               
    [CLIENTS_CNT] => 0
    [TOV_NAME] => Паркур Kids
    [ACC] => 0
    [CNTTRAN] => 0
    [CNTTRANRESERV] => 0
)

[2026-01-30 15:01:38] [INFO] (/home3/redbarbe/public_html/telegram/webapps/action/ajax_get_tren.php:61) Array
(
    [KOD] => 801310
    [TIME_FROM] => 18:30
    [TIME_TO] => 19:30               
    [CLIENTS_CNT] => 0
    [TOV_NAME] => Pilates
    [ACC] => 13994
    [CNTTRAN] => 1
    [CNTTRANRESERV] => 0
)

[2026-01-30 15:01:38] [INFO] (/home3/redbarbe/public_html/telegram/webapps/action/ajax_get_tren.php:61) Array
(
    [KOD] => 801336
    [TIME_FROM] => 19:00
    [TIME_TO] => 20:00               
    [CLIENTS_CNT] => 0
    [TOV_NAME] => Паркур
    [ACC] => 0
    [CNTTRAN] => 0
    [CNTTRANRESERV] => 0
)

[2026-01-30 15:01:38] [INFO] (/home3/redbarbe/public_html/telegram/webapps/action/ajax_get_tren.php:61) Array
(
    [KOD] => 801271
    [TIME_FROM] => 19:00
    [TIME_TO] => 20:00               
    [CLIENTS_CNT] => 0
    [TOV_NAME] => CrossActivity
    [ACC] => 0
    [CNTTRAN] => 0
    [CNTTRANRESERV] => 0
)

[2026-01-30 15:01:38] [INFO] (/home3/redbarbe/public_html/telegram/webapps/action/ajax_get_tren.php:61) Array
(
    [KOD] => 801323
    [TIME_FROM] => 19:30
    [TIME_TO] => 20:30               
    [CLIENTS_CNT] => 0
    [TOV_NAME] => TRX
    [ACC] => 0
    [CNTTRAN] => 0
    [CNTTRANRESERV] => 0
)

[2026-01-30 15:01:38] [INFO] (/home3/redbarbe/public_html/telegram/webapps/action/ajax_get_tren.php:61) Array
(
    [KOD] => 801297
    [TIME_FROM] => 20:00
    [TIME_TO] => 21:00               
    [CLIENTS_CNT] => 0
    [TOV_NAME] => CrossActivity
    [ACC] => 0
    [CNTTRAN] => 0
    [CNTTRANRESERV] => 0
)

[2026-01-30 15:01:38] [INFO] (/home3/redbarbe/public_html/telegram/webapps/action/ajax_get_tren.php:61) Array
(
    [KOD] => 801349
    [TIME_FROM] => 20:00
    [TIME_TO] => 21:00               
    [CLIENTS_CNT] => 0
    [TOV_NAME] => Бокс
    [ACC] => 0
    [CNTTRAN] => 0
    [CNTTRANRESERV] => 0
)

[2026-01-30 15:01:56] [INFO] (/home3/redbarbe/public_html/telegram/webapps/action/ajax_get_tren.php:35) Array
(
    [0] => Array
        (
            [KOD] => 801376
            [TIME_FROM] => 09:00
            [TIME_TO] => 10:00               
            [CLIENTS_CNT] => 0
            [TOV_NAME] => CrossActivity
            [ACC] => 0
            [CNTTRAN] => 0
            [CNTTRANRESERV] => 0
        )

    [1] => Array
        (
            [KOD] => 801285
            [TIME_FROM] => 09:00
            [TIME_TO] => 10:00               
            [CLIENTS_CNT] => 0
            [TOV_NAME] => Total Body
            [ACC] => 0
            [CNTTRAN] => 0
            [CNTTRANRESERV] => 0
        )

    [2] => Array
        (
            [KOD] => 801259
            [TIME_FROM] => 17:00
            [TIME_TO] => 18:00               
            [CLIENTS_CNT] => 0
            [TOV_NAME] => Mobility
            [ACC] => 0
            [CNTTRAN] => 0
            [CNTTRANRESERV] => 0
        )

    [3] => Array
        (
            [KOD] => 801363
            [TIME_FROM] => 18:00
            [TIME_TO] => 19:00               
            [CLIENTS_CNT] => 0
            [TOV_NAME] => Паркур Kids
            [ACC] => 0
            [CNTTRAN] => 0
            [CNTTRANRESERV] => 0
        )

    [4] => Array
        (
            [KOD] => 801311
            [TIME_FROM] => 18:30
            [TIME_TO] => 19:30               
            [CLIENTS_CNT] => 0
            [TOV_NAME] => Pilates
            [ACC] => 0
            [CNTTRAN] => 0
            [CNTTRANRESERV] => 0
        )

    [5] => Array
        (
            [KOD] => 801337
            [TIME_FROM] => 19:00
            [TIME_TO] => 20:00               
            [CLIENTS_CNT] => 0
            [TOV_NAME] => Паркур
            [ACC] => 0
            [CNTTRAN] => 0
            [CNTTRANRESERV] => 0
        )

    [6] => Array
        (
            [KOD] => 801272
            [TIME_FROM] => 19:00
            [TIME_TO] => 20:00               
            [CLIENTS_CNT] => 0
            [TOV_NAME] => CrossActivity
            [ACC] => 0
            [CNTTRAN] => 0
            [CNTTRANRESERV] => 0
        )

    [7] => Array
        (
            [KOD] => 803775
            [TIME_FROM] => 19:00
            [TIME_TO] => 20:00               
            [CLIENTS_CNT] => 0
            [TOV_NAME] => Aesthetic Gymnastics
            [ACC] => 0
            [CNTTRAN] => 0
            [CNTTRANRESERV] => 0
        )

    [8] => Array
        (
            [KOD] => 801324
            [TIME_FROM] => 19:30
            [TIME_TO] => 20:30               
            [CLIENTS_CNT] => 0
            [TOV_NAME] => TRX
            [ACC] => 0
            [CNTTRAN] => 0
            [CNTTRANRESERV] => 0
        )

    [9] => Array
        (
            [KOD] => 801298
            [TIME_FROM] => 20:00
            [TIME_TO] => 21:00               
            [CLIENTS_CNT] => 0
            [TOV_NAME] => CrossActivity
            [ACC] => 0
            [CNTTRAN] => 0
            [CNTTRANRESERV] => 0
        )

    [10] => Array
        (
            [KOD] => 801350
            [TIME_FROM] => 20:00
            [TIME_TO] => 21:00               
            [CLIENTS_CNT] => 0
            [TOV_NAME] => Бокс
            [ACC] => 0
            [CNTTRAN] => 0
            [CNTTRANRESERV] => 0
        )

)

[2026-01-30 15:01:56] [INFO] (/home3/redbarbe/public_html/telegram/webapps/action/ajax_get_tren.php:61) Array
(
    [KOD] => 801376
    [TIME_FROM] => 09:00
    [TIME_TO] => 10:00               
    [CLIENTS_CNT] => 0
    [TOV_NAME] => CrossActivity
    [ACC] => 0
    [CNTTRAN] => 0
    [CNTTRANRESERV] => 0
)

[2026-01-30 15:01:56] [INFO] (/home3/redbarbe/public_html/telegram/webapps/action/ajax_get_tren.php:61) Array
(
    [KOD] => 801285
    [TIME_FROM] => 09:00
    [TIME_TO] => 10:00               
    [CLIENTS_CNT] => 0
    [TOV_NAME] => Total Body
    [ACC] => 0
    [CNTTRAN] => 0
    [CNTTRANRESERV] => 0
)

[2026-01-30 15:01:56] [INFO] (/home3/redbarbe/public_html/telegram/webapps/action/ajax_get_tren.php:61) Array
(
    [KOD] => 801259
    [TIME_FROM] => 17:00
    [TIME_TO] => 18:00               
    [CLIENTS_CNT] => 0
    [TOV_NAME] => Mobility
    [ACC] => 0
    [CNTTRAN] => 0
    [CNTTRANRESERV] => 0
)

[2026-01-30 15:01:56] [INFO] (/home3/redbarbe/public_html/telegram/webapps/action/ajax_get_tren.php:61) Array
(
    [KOD] => 801363
    [TIME_FROM] => 18:00
    [TIME_TO] => 19:00               
    [CLIENTS_CNT] => 0
    [TOV_NAME] => Паркур Kids
    [ACC] => 0
    [CNTTRAN] => 0
    [CNTTRANRESERV] => 0
)

[2026-01-30 15:01:56] [INFO] (/home3/redbarbe/public_html/telegram/webapps/action/ajax_get_tren.php:61) Array
(
    [KOD] => 801311
    [TIME_FROM] => 18:30
    [TIME_TO] => 19:30               
    [CLIENTS_CNT] => 0
    [TOV_NAME] => Pilates
    [ACC] => 0
    [CNTTRAN] => 0
    [CNTTRANRESERV] => 0
)

[2026-01-30 15:01:56] [INFO] (/home3/redbarbe/public_html/telegram/webapps/action/ajax_get_tren.php:61) Array
(
    [KOD] => 801337
    [TIME_FROM] => 19:00
    [TIME_TO] => 20:00               
    [CLIENTS_CNT] => 0
    [TOV_NAME] => Паркур
    [ACC] => 0
    [CNTTRAN] => 0
    [CNTTRANRESERV] => 0
)

[2026-01-30 15:01:56] [INFO] (/home3/redbarbe/public_html/telegram/webapps/action/ajax_get_tren.php:61) Array
(
    [KOD] => 801272
    [TIME_FROM] => 19:00
    [TIME_TO] => 20:00               
    [CLIENTS_CNT] => 0
    [TOV_NAME] => CrossActivity
    [ACC] => 0
    [CNTTRAN] => 0
    [CNTTRANRESERV] => 0
)

[2026-01-30 15:01:56] [INFO] (/home3/redbarbe/public_html/telegram/webapps/action/ajax_get_tren.php:61) Array
(
    [KOD] => 803775
    [TIME_FROM] => 19:00
    [TIME_TO] => 20:00               
    [CLIENTS_CNT] => 0
    [TOV_NAME] => Aesthetic Gymnastics
    [ACC] => 0
    [CNTTRAN] => 0
    [CNTTRANRESERV] => 0
)

[2026-01-30 15:01:56] [INFO] (/home3/redbarbe/public_html/telegram/webapps/action/ajax_get_tren.php:61) Array
(
    [KOD] => 801324
    [TIME_FROM] => 19:30
    [TIME_TO] => 20:30               
    [CLIENTS_CNT] => 0
    [TOV_NAME] => TRX
    [ACC] => 0
    [CNTTRAN] => 0
    [CNTTRANRESERV] => 0
)

[2026-01-30 15:01:56] [INFO] (/home3/redbarbe/public_html/telegram/webapps/action/ajax_get_tren.php:61) Array
(
    [KOD] => 801298
    [TIME_FROM] => 20:00
    [TIME_TO] => 21:00               
    [CLIENTS_CNT] => 0
    [TOV_NAME] => CrossActivity
    [ACC] => 0
    [CNTTRAN] => 0
    [CNTTRANRESERV] => 0
)

[2026-01-30 15:01:56] [INFO] (/home3/redbarbe/public_html/telegram/webapps/action/ajax_get_tren.php:61) Array
(
    [KOD] => 801350
    [TIME_FROM] => 20:00
    [TIME_TO] => 21:00               
    [CLIENTS_CNT] => 0
    [TOV_NAME] => Бокс
    [ACC] => 0
    [CNTTRAN] => 0
    [CNTTRANRESERV] => 0
)

[2026-01-30 15:02:51] [INFO] (/home3/redbarbe/public_html/telegram/webapps/reports/report_pers_detal.php:22) Array
(
)

[2026-01-30 15:02:59] [INFO] (/home3/redbarbe/public_html/telegram/webapps/reports/report_pers_detal.php:22) Array
(
    [ajax_method] => 2
    [action] => report_pers_detal
    [action_report] => report_view
    [admin] => 5
    [date_from] => 30.01.2026
    [date_to] => 30.01.2026
    [ip_club] => 193.194.107.2
    [podr] => pt
    [sotr] => 0310
)

[2026-01-30 15:04:07] [INFO] (/home3/redbarbe/public_html/telegram/webapps/action/ajax_get_tren.php:35) Array
(
    [0] => Array
        (
            [KOD] => 801375
            [TIME_FROM] => 09:00
            [TIME_TO] => 10:00               
            [CLIENTS_CNT] => 0
            [TOV_NAME] => CrossActivity
            [ACC] => 0
            [CNTTRAN] => 0
            [CNTTRANRESERV] => 0
        )

    [1] => Array
        (
            [KOD] => 801284
            [TIME_FROM] => 09:00
            [TIME_TO] => 10:00               
            [CLIENTS_CNT] => 0
            [TOV_NAME] => Total Body
            [ACC] => 0
            [CNTTRAN] => 0
            [CNTTRANRESERV] => 0
        )

    [2] => Array
        (
            [KOD] => 802907
            [TIME_FROM] => 14:00
            [TIME_TO] => 15:00               
            [CLIENTS_CNT] => 0
            [TOV_NAME] => FitnessMix
            [ACC] => 0
            [CNTTRAN] => 0
            [CNTTRANRESERV] => 0
        )

    [3] => Array
        (
            [KOD] => 801258
            [TIME_FROM] => 17:00
            [TIME_TO] => 18:00               
            [CLIENTS_CNT] => 0
            [TOV_NAME] => Mobility
            [ACC] => 0
            [CNTTRAN] => 0
            [CNTTRANRESERV] => 0
        )

    [4] => Array
        (
            [KOD] => 801362
            [TIME_FROM] => 18:00
            [TIME_TO] => 19:00               
            [CLIENTS_CNT] => 0
            [TOV_NAME] => Паркур Kids
            [ACC] => 0
            [CNTTRAN] => 0
            [CNTTRANRESERV] => 0
        )

    [5] => Array
        (
            [KOD] => 801310
            [TIME_FROM] => 18:30
            [TIME_TO] => 19:30               
            [CLIENTS_CNT] => 0
            [TOV_NAME] => Pilates
            [ACC] => 13994
            [CNTTRAN] => 1
            [CNTTRANRESERV] => 0
        )

    [6] => Array
        (
            [KOD] => 801336
            [TIME_FROM] => 19:00
            [TIME_TO] => 20:00               
            [CLIENTS_CNT] => 0
            [TOV_NAME] => Паркур
            [ACC] => 0
            [CNTTRAN] => 0
            [CNTTRANRESERV] => 0
        )

    [7] => Array
        (
            [KOD] => 801271
            [TIME_FROM] => 19:00
            [TIME_TO] => 20:00               
            [CLIENTS_CNT] => 0
            [TOV_NAME] => CrossActivity
            [ACC] => 0
            [CNTTRAN] => 0
            [CNTTRANRESERV] => 0
        )

    [8] => Array
        (
            [KOD] => 801323
            [TIME_FROM] => 19:30
            [TIME_TO] => 20:30               
            [CLIENTS_CNT] => 0
            [TOV_NAME] => TRX
            [ACC] => 0
            [CNTTRAN] => 0
            [CNTTRANRESERV] => 0
        )

    [9] => Array
        (
            [KOD] => 801297
            [TIME_FROM] => 20:00
            [TIME_TO] => 21:00               
            [CLIENTS_CNT] => 0
            [TOV_NAME] => CrossActivity
            [ACC] => 0
            [CNTTRAN] => 0
            [CNTTRANRESERV] => 0
        )

    [10] => Array
        (
            [KOD] => 801349
            [TIME_FROM] => 20:00
            [TIME_TO] => 21:00               
            [CLIENTS_CNT] => 0
            [TOV_NAME] => Бокс
            [ACC] => 0
            [CNTTRAN] => 0
            [CNTTRANRESERV] => 0
        )

)

[2026-01-30 15:04:07] [INFO] (/home3/redbarbe/public_html/telegram/webapps/action/ajax_get_tren.php:61) Array
(
    [KOD] => 801375
    [TIME_FROM] => 09:00
    [TIME_TO] => 10:00               
    [CLIENTS_CNT] => 0
    [TOV_NAME] => CrossActivity
    [ACC] => 0
    [CNTTRAN] => 0
    [CNTTRANRESERV] => 0
)

[2026-01-30 15:04:07] [INFO] (/home3/redbarbe/public_html/telegram/webapps/action/ajax_get_tren.php:61) Array
(
    [KOD] => 801284
    [TIME_FROM] => 09:00
    [TIME_TO] => 10:00               
    [CLIENTS_CNT] => 0
    [TOV_NAME] => Total Body
    [ACC] => 0
    [CNTTRAN] => 0
    [CNTTRANRESERV] => 0
)

[2026-01-30 15:04:07] [INFO] (/home3/redbarbe/public_html/telegram/webapps/action/ajax_get_tren.php:61) Array
(
    [KOD] => 802907
    [TIME_FROM] => 14:00
    [TIME_TO] => 15:00               
    [CLIENTS_CNT] => 0
    [TOV_NAME] => FitnessMix
    [ACC] => 0
    [CNTTRAN] => 0
    [CNTTRANRESERV] => 0
)

[2026-01-30 15:04:07] [INFO] (/home3/redbarbe/public_html/telegram/webapps/action/ajax_get_tren.php:61) Array
(
    [KOD] => 801258
    [TIME_FROM] => 17:00
    [TIME_TO] => 18:00               
    [CLIENTS_CNT] => 0
    [TOV_NAME] => Mobility
    [ACC] => 0
    [CNTTRAN] => 0
    [CNTTRANRESERV] => 0
)

[2026-01-30 15:04:07] [INFO] (/home3/redbarbe/public_html/telegram/webapps/action/ajax_get_tren.php:61) Array
(
    [KOD] => 801362
    [TIME_FROM] => 18:00
    [TIME_TO] => 19:00               
    [CLIENTS_CNT] => 0
    [TOV_NAME] => Паркур Kids
    [ACC] => 0
    [CNTTRAN] => 0
    [CNTTRANRESERV] => 0
)

[2026-01-30 15:04:07] [INFO] (/home3/redbarbe/public_html/telegram/webapps/action/ajax_get_tren.php:61) Array
(
    [KOD] => 801310
    [TIME_FROM] => 18:30
    [TIME_TO] => 19:30               
    [CLIENTS_CNT] => 0
    [TOV_NAME] => Pilates
    [ACC] => 13994
    [CNTTRAN] => 1
    [CNTTRANRESERV] => 0
)

[2026-01-30 15:04:07] [INFO] (/home3/redbarbe/public_html/telegram/webapps/action/ajax_get_tren.php:61) Array
(
    [KOD] => 801336
    [TIME_FROM] => 19:00
    [TIME_TO] => 20:00               
    [CLIENTS_CNT] => 0
    [TOV_NAME] => Паркур
    [ACC] => 0
    [CNTTRAN] => 0
    [CNTTRANRESERV] => 0
)

[2026-01-30 15:04:07] [INFO] (/home3/redbarbe/public_html/telegram/webapps/action/ajax_get_tren.php:61) Array
(
    [KOD] => 801271
    [TIME_FROM] => 19:00
    [TIME_TO] => 20:00               
    [CLIENTS_CNT] => 0
    [TOV_NAME] => CrossActivity
    [ACC] => 0
    [CNTTRAN] => 0
    [CNTTRANRESERV] => 0
)

[2026-01-30 15:04:07] [INFO] (/home3/redbarbe/public_html/telegram/webapps/action/ajax_get_tren.php:61) Array
(
    [KOD] => 801323
    [TIME_FROM] => 19:30
    [TIME_TO] => 20:30               
    [CLIENTS_CNT] => 0
    [TOV_NAME] => TRX
    [ACC] => 0
    [CNTTRAN] => 0
    [CNTTRANRESERV] => 0
)

[2026-01-30 15:04:07] [INFO] (/home3/redbarbe/public_html/telegram/webapps/action/ajax_get_tren.php:61) Array
(
    [KOD] => 801297
    [TIME_FROM] => 20:00
    [TIME_TO] => 21:00               
    [CLIENTS_CNT] => 0
    [TOV_NAME] => CrossActivity
    [ACC] => 0
    [CNTTRAN] => 0
    [CNTTRANRESERV] => 0
)

[2026-01-30 15:04:07] [INFO] (/home3/redbarbe/public_html/telegram/webapps/action/ajax_get_tren.php:61) Array
(
    [KOD] => 801349
    [TIME_FROM] => 20:00
    [TIME_TO] => 21:00               
    [CLIENTS_CNT] => 0
    [TOV_NAME] => Бокс
    [ACC] => 0
    [CNTTRAN] => 0
    [CNTTRANRESERV] => 0
)

[2026-01-30 15:15:17] [INFO] (/home3/redbarbe/public_html/telegram/webapps/action/ajax_get_tren.php:35) Array
(
    [0] => Array
        (
            [KOD] => 801375
            [TIME_FROM] => 09:00
            [TIME_TO] => 10:00               
            [CLIENTS_CNT] => 0
            [TOV_NAME] => CrossActivity
            [ACC] => 0
            [CNTTRAN] => 0
            [CNTTRANRESERV] => 0
        )

    [1] => Array
        (
            [KOD] => 801284
            [TIME_FROM] => 09:00
            [TIME_TO] => 10:00               
            [CLIENTS_CNT] => 0
            [TOV_NAME] => Total Body
            [ACC] => 0
            [CNTTRAN] => 0
            [CNTTRANRESERV] => 0
        )

    [2] => Array
        (
            [KOD] => 802907
            [TIME_FROM] => 14:00
            [TIME_TO] => 15:00               
            [CLIENTS_CNT] => 0
            [TOV_NAME] => FitnessMix
            [ACC] => 0
            [CNTTRAN] => 0
            [CNTTRANRESERV] => 0
        )

    [3] => Array
        (
            [KOD] => 801258
            [TIME_FROM] => 17:00
            [TIME_TO] => 18:00               
            [CLIENTS_CNT] => 0
            [TOV_NAME] => Mobility
            [ACC] => 0
            [CNTTRAN] => 0
            [CNTTRANRESERV] => 0
        )

    [4] => Array
        (
            [KOD] => 801362
            [TIME_FROM] => 18:00
            [TIME_TO] => 19:00               
            [CLIENTS_CNT] => 0
            [TOV_NAME] => Паркур Kids
            [ACC] => 0
            [CNTTRAN] => 0
            [CNTTRANRESERV] => 0
        )

    [5] => Array
        (
            [KOD] => 801310
            [TIME_FROM] => 18:30
            [TIME_TO] => 19:30               
            [CLIENTS_CNT] => 0
            [TOV_NAME] => Pilates
            [ACC] => 13994
            [CNTTRAN] => 1
            [CNTTRANRESERV] => 0
        )

    [6] => Array
        (
            [KOD] => 801336
            [TIME_FROM] => 19:00
            [TIME_TO] => 20:00               
            [CLIENTS_CNT] => 0
            [TOV_NAME] => Паркур
            [ACC] => 0
            [CNTTRAN] => 0
            [CNTTRANRESERV] => 0
        )

    [7] => Array
        (
            [KOD] => 801271
            [TIME_FROM] => 19:00
            [TIME_TO] => 20:00               
            [CLIENTS_CNT] => 0
            [TOV_NAME] => CrossActivity
            [ACC] => 0
            [CNTTRAN] => 0
            [CNTTRANRESERV] => 0
        )

    [8] => Array
        (
            [KOD] => 801323
            [TIME_FROM] => 19:30
            [TIME_TO] => 20:30               
            [CLIENTS_CNT] => 0
            [TOV_NAME] => TRX
            [ACC] => 0
            [CNTTRAN] => 0
            [CNTTRANRESERV] => 0
        )

    [9] => Array
        (
            [KOD] => 801297
            [TIME_FROM] => 20:00
            [TIME_TO] => 21:00               
            [CLIENTS_CNT] => 0
            [TOV_NAME] => CrossActivity
            [ACC] => 0
            [CNTTRAN] => 0
            [CNTTRANRESERV] => 0
        )

    [10] => Array
        (
            [KOD] => 801349
            [TIME_FROM] => 20:00
            [TIME_TO] => 21:00               
            [CLIENTS_CNT] => 0
            [TOV_NAME] => Бокс
            [ACC] => 0
            [CNTTRAN] => 0
            [CNTTRANRESERV] => 0
        )

)

[2026-01-30 15:15:17] [INFO] (/home3/redbarbe/public_html/telegram/webapps/action/ajax_get_tren.php:61) Array
(
    [KOD] => 801375
    [TIME_FROM] => 09:00
    [TIME_TO] => 10:00               
    [CLIENTS_CNT] => 0
    [TOV_NAME] => CrossActivity
    [ACC] => 0
    [CNTTRAN] => 0
    [CNTTRANRESERV] => 0
)

[2026-01-30 15:15:17] [INFO] (/home3/redbarbe/public_html/telegram/webapps/action/ajax_get_tren.php:61) Array
(
    [KOD] => 801284
    [TIME_FROM] => 09:00
    [TIME_TO] => 10:00               
    [CLIENTS_CNT] => 0
    [TOV_NAME] => Total Body
    [ACC] => 0
    [CNTTRAN] => 0
    [CNTTRANRESERV] => 0
)

[2026-01-30 15:15:17] [INFO] (/home3/redbarbe/public_html/telegram/webapps/action/ajax_get_tren.php:61) Array
(
    [KOD] => 802907
    [TIME_FROM] => 14:00
    [TIME_TO] => 15:00               
    [CLIENTS_CNT] => 0
    [TOV_NAME] => FitnessMix
    [ACC] => 0
    [CNTTRAN] => 0
    [CNTTRANRESERV] => 0
)

[2026-01-30 15:15:17] [INFO] (/home3/redbarbe/public_html/telegram/webapps/action/ajax_get_tren.php:61) Array
(
    [KOD] => 801258
    [TIME_FROM] => 17:00
    [TIME_TO] => 18:00               
    [CLIENTS_CNT] => 0
    [TOV_NAME] => Mobility
    [ACC] => 0
    [CNTTRAN] => 0
    [CNTTRANRESERV] => 0
)

[2026-01-30 15:15:17] [INFO] (/home3/redbarbe/public_html/telegram/webapps/action/ajax_get_tren.php:61) Array
(
    [KOD] => 801362
    [TIME_FROM] => 18:00
    [TIME_TO] => 19:00               
    [CLIENTS_CNT] => 0
    [TOV_NAME] => Паркур Kids
    [ACC] => 0
    [CNTTRAN] => 0
    [CNTTRANRESERV] => 0
)

[2026-01-30 15:15:17] [INFO] (/home3/redbarbe/public_html/telegram/webapps/action/ajax_get_tren.php:61) Array
(
    [KOD] => 801310
    [TIME_FROM] => 18:30
    [TIME_TO] => 19:30               
    [CLIENTS_CNT] => 0
    [TOV_NAME] => Pilates
    [ACC] => 13994
    [CNTTRAN] => 1
    [CNTTRANRESERV] => 0
)

[2026-01-30 15:15:17] [INFO] (/home3/redbarbe/public_html/telegram/webapps/action/ajax_get_tren.php:61) Array
(
    [KOD] => 801336
    [TIME_FROM] => 19:00
    [TIME_TO] => 20:00               
    [CLIENTS_CNT] => 0
    [TOV_NAME] => Паркур
    [ACC] => 0
    [CNTTRAN] => 0
    [CNTTRANRESERV] => 0
)

[2026-01-30 15:15:17] [INFO] (/home3/redbarbe/public_html/telegram/webapps/action/ajax_get_tren.php:61) Array
(
    [KOD] => 801271
    [TIME_FROM] => 19:00
    [TIME_TO] => 20:00               
    [CLIENTS_CNT] => 0
    [TOV_NAME] => CrossActivity
    [ACC] => 0
    [CNTTRAN] => 0
    [CNTTRANRESERV] => 0
)

[2026-01-30 15:15:17] [INFO] (/home3/redbarbe/public_html/telegram/webapps/action/ajax_get_tren.php:61) Array
(
    [KOD] => 801323
    [TIME_FROM] => 19:30
    [TIME_TO] => 20:30               
    [CLIENTS_CNT] => 0
    [TOV_NAME] => TRX
    [ACC] => 0
    [CNTTRAN] => 0
    [CNTTRANRESERV] => 0
)

[2026-01-30 15:15:17] [INFO] (/home3/redbarbe/public_html/telegram/webapps/action/ajax_get_tren.php:61) Array
(
    [KOD] => 801297
    [TIME_FROM] => 20:00
    [TIME_TO] => 21:00               
    [CLIENTS_CNT] => 0
    [TOV_NAME] => CrossActivity
    [ACC] => 0
    [CNTTRAN] => 0
    [CNTTRANRESERV] => 0
)

[2026-01-30 15:15:17] [INFO] (/home3/redbarbe/public_html/telegram/webapps/action/ajax_get_tren.php:61) Array
(
    [KOD] => 801349
    [TIME_FROM] => 20:00
    [TIME_TO] => 21:00               
    [CLIENTS_CNT] => 0
    [TOV_NAME] => Бокс
    [ACC] => 0
    [CNTTRAN] => 0
    [CNTTRANRESERV] => 0
)

[2026-01-30 15:26:24] [INFO] (/home3/redbarbe/public_html/telegram/webapps/action/ajax_get_tren.php:35) Array
(
    [0] => Array
        (
            [KOD] => 801375
            [TIME_FROM] => 09:00
            [TIME_TO] => 10:00               
            [CLIENTS_CNT] => 0
            [TOV_NAME] => CrossActivity
            [ACC] => 0
            [CNTTRAN] => 0
            [CNTTRANRESERV] => 0
        )

    [1] => Array
        (
            [KOD] => 801284
            [TIME_FROM] => 09:00
            [TIME_TO] => 10:00               
            [CLIENTS_CNT] => 0
            [TOV_NAME] => Total Body
            [ACC] => 0
            [CNTTRAN] => 0
            [CNTTRANRESERV] => 0
        )

    [2] => Array
        (
            [KOD] => 802907
            [TIME_FROM] => 14:00
            [TIME_TO] => 15:00               
            [CLIENTS_CNT] => 0
            [TOV_NAME] => FitnessMix
            [ACC] => 0
            [CNTTRAN] => 0
            [CNTTRANRESERV] => 0
        )

    [3] => Array
        (
            [KOD] => 801258
            [TIME_FROM] => 17:00
            [TIME_TO] => 18:00               
            [CLIENTS_CNT] => 0
            [TOV_NAME] => Mobility
            [ACC] => 0
            [CNTTRAN] => 0
            [CNTTRANRESERV] => 0
        )

    [4] => Array
        (
            [KOD] => 801362
            [TIME_FROM] => 18:00
            [TIME_TO] => 19:00               
            [CLIENTS_CNT] => 0
            [TOV_NAME] => Паркур Kids
            [ACC] => 0
            [CNTTRAN] => 0
            [CNTTRANRESERV] => 0
        )

    [5] => Array
        (
            [KOD] => 801310
            [TIME_FROM] => 18:30
            [TIME_TO] => 19:30               
            [CLIENTS_CNT] => 0
            [TOV_NAME] => Pilates
            [ACC] => 13994
            [CNTTRAN] => 1
            [CNTTRANRESERV] => 0
        )

    [6] => Array
        (
            [KOD] => 801336
            [TIME_FROM] => 19:00
            [TIME_TO] => 20:00               
            [CLIENTS_CNT] => 0
            [TOV_NAME] => Паркур
            [ACC] => 0
            [CNTTRAN] => 0
            [CNTTRANRESERV] => 0
        )

    [7] => Array
        (
            [KOD] => 801271
            [TIME_FROM] => 19:00
            [TIME_TO] => 20:00               
            [CLIENTS_CNT] => 0
            [TOV_NAME] => CrossActivity
            [ACC] => 0
            [CNTTRAN] => 0
            [CNTTRANRESERV] => 0
        )

    [8] => Array
        (
            [KOD] => 801323
            [TIME_FROM] => 19:30
            [TIME_TO] => 20:30               
            [CLIENTS_CNT] => 0
            [TOV_NAME] => TRX
            [ACC] => 0
            [CNTTRAN] => 0
            [CNTTRANRESERV] => 0
        )

    [9] => Array
        (
            [KOD] => 801297
            [TIME_FROM] => 20:00
            [TIME_TO] => 21:00               
            [CLIENTS_CNT] => 0
            [TOV_NAME] => CrossActivity
            [ACC] => 0
            [CNTTRAN] => 0
            [CNTTRANRESERV] => 0
        )

    [10] => Array
        (
            [KOD] => 801349
            [TIME_FROM] => 20:00
            [TIME_TO] => 21:00               
            [CLIENTS_CNT] => 0
            [TOV_NAME] => Бокс
            [ACC] => 0
            [CNTTRAN] => 0
            [CNTTRANRESERV] => 0
        )

)

[2026-01-30 15:26:24] [INFO] (/home3/redbarbe/public_html/telegram/webapps/action/ajax_get_tren.php:61) Array
(
    [KOD] => 801375
    [TIME_FROM] => 09:00
    [TIME_TO] => 10:00               
    [CLIENTS_CNT] => 0
    [TOV_NAME] => CrossActivity
    [ACC] => 0
    [CNTTRAN] => 0
    [CNTTRANRESERV] => 0
)

[2026-01-30 15:26:24] [INFO] (/home3/redbarbe/public_html/telegram/webapps/action/ajax_get_tren.php:61) Array
(
    [KOD] => 801284
    [TIME_FROM] => 09:00
    [TIME_TO] => 10:00               
    [CLIENTS_CNT] => 0
    [TOV_NAME] => Total Body
    [ACC] => 0
    [CNTTRAN] => 0
    [CNTTRANRESERV] => 0
)

[2026-01-30 15:26:24] [INFO] (/home3/redbarbe/public_html/telegram/webapps/action/ajax_get_tren.php:61) Array
(
    [KOD] => 802907
    [TIME_FROM] => 14:00
    [TIME_TO] => 15:00               
    [CLIENTS_CNT] => 0
    [TOV_NAME] => FitnessMix
    [ACC] => 0
    [CNTTRAN] => 0
    [CNTTRANRESERV] => 0
)

[2026-01-30 15:26:24] [INFO] (/home3/redbarbe/public_html/telegram/webapps/action/ajax_get_tren.php:61) Array
(
    [KOD] => 801258
    [TIME_FROM] => 17:00
    [TIME_TO] => 18:00               
    [CLIENTS_CNT] => 0
    [TOV_NAME] => Mobility
    [ACC] => 0
    [CNTTRAN] => 0
    [CNTTRANRESERV] => 0
)

[2026-01-30 15:26:24] [INFO] (/home3/redbarbe/public_html/telegram/webapps/action/ajax_get_tren.php:61) Array
(
    [KOD] => 801362
    [TIME_FROM] => 18:00
    [TIME_TO] => 19:00               
    [CLIENTS_CNT] => 0
    [TOV_NAME] => Паркур Kids
    [ACC] => 0
    [CNTTRAN] => 0
    [CNTTRANRESERV] => 0
)

[2026-01-30 15:26:24] [INFO] (/home3/redbarbe/public_html/telegram/webapps/action/ajax_get_tren.php:61) Array
(
    [KOD] => 801310
    [TIME_FROM] => 18:30
    [TIME_TO] => 19:30               
    [CLIENTS_CNT] => 0
    [TOV_NAME] => Pilates
    [ACC] => 13994
    [CNTTRAN] => 1
    [CNTTRANRESERV] => 0
)

[2026-01-30 15:26:24] [INFO] (/home3/redbarbe/public_html/telegram/webapps/action/ajax_get_tren.php:61) Array
(
    [KOD] => 801336
    [TIME_FROM] => 19:00
    [TIME_TO] => 20:00               
    [CLIENTS_CNT] => 0
    [TOV_NAME] => Паркур
    [ACC] => 0
    [CNTTRAN] => 0
    [CNTTRANRESERV] => 0
)

[2026-01-30 15:26:24] [INFO] (/home3/redbarbe/public_html/telegram/webapps/action/ajax_get_tren.php:61) Array
(
    [KOD] => 801271
    [TIME_FROM] => 19:00
    [TIME_TO] => 20:00               
    [CLIENTS_CNT] => 0
    [TOV_NAME] => CrossActivity
    [ACC] => 0
    [CNTTRAN] => 0
    [CNTTRANRESERV] => 0
)

[2026-01-30 15:26:24] [INFO] (/home3/redbarbe/public_html/telegram/webapps/action/ajax_get_tren.php:61) Array
(
    [KOD] => 801323
    [TIME_FROM] => 19:30
    [TIME_TO] => 20:30               
    [CLIENTS_CNT] => 0
    [TOV_NAME] => TRX
    [ACC] => 0
    [CNTTRAN] => 0
    [CNTTRANRESERV] => 0
)

[2026-01-30 15:26:24] [INFO] (/home3/redbarbe/public_html/telegram/webapps/action/ajax_get_tren.php:61) Array
(
    [KOD] => 801297
    [TIME_FROM] => 20:00
    [TIME_TO] => 21:00               
    [CLIENTS_CNT] => 0
    [TOV_NAME] => CrossActivity
    [ACC] => 0
    [CNTTRAN] => 0
    [CNTTRANRESERV] => 0
)

[2026-01-30 15:26:24] [INFO] (/home3/redbarbe/public_html/telegram/webapps/action/ajax_get_tren.php:61) Array
(
    [KOD] => 801349
    [TIME_FROM] => 20:00
    [TIME_TO] => 21:00               
    [CLIENTS_CNT] => 0
    [TOV_NAME] => Бокс
    [ACC] => 0
    [CNTTRAN] => 0
    [CNTTRANRESERV] => 0
)

[2026-01-30 15:45:07] [INFO] (/home3/redbarbe/public_html/telegram/webapps/action/ajax_get_tren.php:35) Array
(
    [0] => Array
        (
            [KOD] => 799467
            [TIME_FROM] => 10:00
            [TIME_TO] => 11:00               
            [CLIENTS_CNT] => 0
            [TOV_NAME] => Йога
            [ACC] => 0
            [CNTTRAN] => 0
            [CNTTRANRESERV] => 0
        )

    [1] => Array
        (
            [KOD] => 799569
            [TIME_FROM] => 11:00
            [TIME_TO] => 12:00               
            [CLIENTS_CNT] => 0
            [TOV_NAME] => FitnessMix
            [ACC] => 0
            [CNTTRAN] => 0
            [CNTTRANRESERV] => 0
        )

    [2] => Array
        (
            [KOD] => 799518
            [TIME_FROM] => 12:00
            [TIME_TO] => 13:00               
            [CLIENTS_CNT] => 0
            [TOV_NAME] => CrossActivity
            [ACC] => 0
            [CNTTRAN] => 0
            [CNTTRANRESERV] => 0
        )

    [3] => Array
        (
            [KOD] => 799416
            [TIME_FROM] => 12:30
            [TIME_TO] => 13:30               
            [CLIENTS_CNT] => 0
            [TOV_NAME] => Stretching
            [ACC] => 0
            [CNTTRAN] => 0
            [CNTTRANRESERV] => 0
        )

)

[2026-01-30 15:45:07] [INFO] (/home3/redbarbe/public_html/telegram/webapps/action/ajax_get_tren.php:61) Array
(
    [KOD] => 799467
    [TIME_FROM] => 10:00
    [TIME_TO] => 11:00               
    [CLIENTS_CNT] => 0
    [TOV_NAME] => Йога
    [ACC] => 0
    [CNTTRAN] => 0
    [CNTTRANRESERV] => 0
)

[2026-01-30 15:45:07] [INFO] (/home3/redbarbe/public_html/telegram/webapps/action/ajax_get_tren.php:61) Array
(
    [KOD] => 799569
    [TIME_FROM] => 11:00
    [TIME_TO] => 12:00               
    [CLIENTS_CNT] => 0
    [TOV_NAME] => FitnessMix
    [ACC] => 0
    [CNTTRAN] => 0
    [CNTTRANRESERV] => 0
)

[2026-01-30 15:45:07] [INFO] (/home3/redbarbe/public_html/telegram/webapps/action/ajax_get_tren.php:61) Array
(
    [KOD] => 799518
    [TIME_FROM] => 12:00
    [TIME_TO] => 13:00               
    [CLIENTS_CNT] => 0
    [TOV_NAME] => CrossActivity
    [ACC] => 0
    [CNTTRAN] => 0
    [CNTTRANRESERV] => 0
)

[2026-01-30 15:45:07] [INFO] (/home3/redbarbe/public_html/telegram/webapps/action/ajax_get_tren.php:61) Array
(
    [KOD] => 799416
    [TIME_FROM] => 12:30
    [TIME_TO] => 13:30               
    [CLIENTS_CNT] => 0
    [TOV_NAME] => Stretching
    [ACC] => 0
    [CNTTRAN] => 0
    [CNTTRANRESERV] => 0
)

[2026-01-30 15:48:35] [INFO] (/home3/redbarbe/public_html/telegram/webapps/action/hist_ost_poslug.php:12) SELECT a.name FROM `spr_acc` a, spr_users u WHERE u.active_account=a.acc and u.chat_id=a.chat_id and a.acc=13412 
and u.club=(select id from spr_clubs where ip_club="178.151.119.180") limit 1
[2026-01-30 15:48:35] [INFO] (/home3/redbarbe/public_html/telegram/webapps/action/hist_ost_poslug.php:13) hist_ost_poslug
[2026-01-30 15:48:35] [INFO] (/home3/redbarbe/public_html/telegram/webapps/action/hist_ost_poslug.php:104) Array
(
    [acc] => 13412
    [command] => GET_OST_POSLUG_ACC
)

[2026-01-30 15:48:35] [INFO] (/home3/redbarbe/public_html/telegram/webapps/action/hist_ost_poslug.php:105) ip=178.151.119.180
[2026-01-30 15:49:58] [INFO] (/home3/redbarbe/public_html/telegram/webapps/reports/report_pers_detal.php:22) Array
(
)

[2026-01-30 15:50:03] [INFO] (/home3/redbarbe/public_html/telegram/webapps/reports/report_pers_detal.php:22) Array
(
    [ajax_method] => 2
    [action] => report_pers_detal
    [action_report] => report_view
    [admin] => 5
    [date_from] => 01.01.2026
    [date_to] => 31.01.2026
    [ip_club] => 212.26.139.90
    [podr] => all
    [sotr] => 007989
)

[2026-01-30 15:52:08] [INFO] (/home3/redbarbe/public_html/telegram/webapps/reports/report_pers_detal.php:22) Array
(
)

[2026-01-30 15:52:12] [INFO] (/home3/redbarbe/public_html/telegram/webapps/reports/report_pers_detal.php:22) Array
(
    [ajax_method] => 2
    [action] => report_pers_detal
    [action_report] => report_view
    [admin] => 5
    [date_from] => 01.01.2026
    [date_to] => 31.01.2026
    [ip_club] => 212.26.139.90
    [podr] => all
    [sotr] => 007989
)

[2026-01-30 15:54:04] [INFO] (/home3/redbarbe/public_html/telegram/webapps/reports/report_pers_detal.php:22) Array
(
)

[2026-01-30 15:54:08] [INFO] (/home3/redbarbe/public_html/telegram/webapps/reports/report_pers_detal.php:22) Array
(
    [ajax_method] => 2
    [action] => report_pers_detal
    [action_report] => report_view
    [admin] => 5
    [date_from] => 01.01.2026
    [date_to] => 31.01.2026
    [ip_club] => 212.26.139.90
    [podr] => all
    [sotr] => 007989
)

[2026-01-30 15:54:26] [INFO] (/home3/redbarbe/public_html/telegram/webapps/action/ajax_get_tren.php:35) Array
(
    [0] => Array
        (
            [KOD] => 801375
            [TIME_FROM] => 09:00
            [TIME_TO] => 10:00               
            [CLIENTS_CNT] => 0
            [TOV_NAME] => CrossActivity
            [ACC] => 0
            [CNTTRAN] => 0
            [CNTTRANRESERV] => 0
        )

    [1] => Array
        (
            [KOD] => 801284
            [TIME_FROM] => 09:00
            [TIME_TO] => 10:00               
            [CLIENTS_CNT] => 0
            [TOV_NAME] => Total Body
            [ACC] => 0
            [CNTTRAN] => 0
            [CNTTRANRESERV] => 0
        )

    [2] => Array
        (
            [KOD] => 802907
            [TIME_FROM] => 14:00
            [TIME_TO] => 15:00               
            [CLIENTS_CNT] => 0
            [TOV_NAME] => FitnessMix
            [ACC] => 0
            [CNTTRAN] => 0
            [CNTTRANRESERV] => 0
        )

    [3] => Array
        (
            [KOD] => 801258
            [TIME_FROM] => 17:00
            [TIME_TO] => 18:00               
            [CLIENTS_CNT] => 0
            [TOV_NAME] => Mobility
            [ACC] => 0
            [CNTTRAN] => 0
            [CNTTRANRESERV] => 0
        )

    [4] => Array
        (
            [KOD] => 801362
            [TIME_FROM] => 18:00
            [TIME_TO] => 19:00               
            [CLIENTS_CNT] => 0
            [TOV_NAME] => Паркур Kids
            [ACC] => 0
            [CNTTRAN] => 0
            [CNTTRANRESERV] => 0
        )

    [5] => Array
        (
            [KOD] => 801310
            [TIME_FROM] => 18:30
            [TIME_TO] => 19:30               
            [CLIENTS_CNT] => 0
            [TOV_NAME] => Pilates
            [ACC] => 13994
            [CNTTRAN] => 1
            [CNTTRANRESERV] => 0
        )

    [6] => Array
        (
            [KOD] => 801336
            [TIME_FROM] => 19:00
            [TIME_TO] => 20:00               
            [CLIENTS_CNT] => 0
            [TOV_NAME] => Паркур
            [ACC] => 0
            [CNTTRAN] => 0
            [CNTTRANRESERV] => 0
        )

    [7] => Array
        (
            [KOD] => 801271
            [TIME_FROM] => 19:00
            [TIME_TO] => 20:00               
            [CLIENTS_CNT] => 0
            [TOV_NAME] => CrossActivity
            [ACC] => 0
            [CNTTRAN] => 0
            [CNTTRANRESERV] => 0
        )

    [8] => Array
        (
            [KOD] => 801323
            [TIME_FROM] => 19:30
            [TIME_TO] => 20:30               
            [CLIENTS_CNT] => 0
            [TOV_NAME] => TRX
            [ACC] => 0
            [CNTTRAN] => 0
            [CNTTRANRESERV] => 0
        )

    [9] => Array
        (
            [KOD] => 801297
            [TIME_FROM] => 20:00
            [TIME_TO] => 21:00               
            [CLIENTS_CNT] => 0
            [TOV_NAME] => CrossActivity
            [ACC] => 0
            [CNTTRAN] => 0
            [CNTTRANRESERV] => 0
        )

    [10] => Array
        (
            [KOD] => 801349
            [TIME_FROM] => 20:00
            [TIME_TO] => 21:00               
            [CLIENTS_CNT] => 0
            [TOV_NAME] => Бокс
            [ACC] => 0
            [CNTTRAN] => 0
            [CNTTRANRESERV] => 0
        )

)

[2026-01-30 15:54:26] [INFO] (/home3/redbarbe/public_html/telegram/webapps/action/ajax_get_tren.php:61) Array
(
    [KOD] => 801375
    [TIME_FROM] => 09:00
    [TIME_TO] => 10:00               
    [CLIENTS_CNT] => 0
    [TOV_NAME] => CrossActivity
    [ACC] => 0
    [CNTTRAN] => 0
    [CNTTRANRESERV] => 0
)

[2026-01-30 15:54:26] [INFO] (/home3/redbarbe/public_html/telegram/webapps/action/ajax_get_tren.php:61) Array
(
    [KOD] => 801284
    [TIME_FROM] => 09:00
    [TIME_TO] => 10:00               
    [CLIENTS_CNT] => 0
    [TOV_NAME] => Total Body
    [ACC] => 0
    [CNTTRAN] => 0
    [CNTTRANRESERV] => 0
)

[2026-01-30 15:54:26] [INFO] (/home3/redbarbe/public_html/telegram/webapps/action/ajax_get_tren.php:61) Array
(
    [KOD] => 802907
    [TIME_FROM] => 14:00
    [TIME_TO] => 15:00               
    [CLIENTS_CNT] => 0
    [TOV_NAME] => FitnessMix
    [ACC] => 0
    [CNTTRAN] => 0
    [CNTTRANRESERV] => 0
)

[2026-01-30 15:54:26] [INFO] (/home3/redbarbe/public_html/telegram/webapps/action/ajax_get_tren.php:61) Array
(
    [KOD] => 801258
    [TIME_FROM] => 17:00
    [TIME_TO] => 18:00               
    [CLIENTS_CNT] => 0
    [TOV_NAME] => Mobility
    [ACC] => 0
    [CNTTRAN] => 0
    [CNTTRANRESERV] => 0
)

[2026-01-30 15:54:26] [INFO] (/home3/redbarbe/public_html/telegram/webapps/action/ajax_get_tren.php:61) Array
(
    [KOD] => 801362
    [TIME_FROM] => 18:00
    [TIME_TO] => 19:00               
    [CLIENTS_CNT] => 0
    [TOV_NAME] => Паркур Kids
    [ACC] => 0
    [CNTTRAN] => 0
    [CNTTRANRESERV] => 0
)

[2026-01-30 15:54:26] [INFO] (/home3/redbarbe/public_html/telegram/webapps/action/ajax_get_tren.php:61) Array
(
    [KOD] => 801310
    [TIME_FROM] => 18:30
    [TIME_TO] => 19:30               
    [CLIENTS_CNT] => 0
    [TOV_NAME] => Pilates
    [ACC] => 13994
    [CNTTRAN] => 1
    [CNTTRANRESERV] => 0
)

[2026-01-30 15:54:26] [INFO] (/home3/redbarbe/public_html/telegram/webapps/action/ajax_get_tren.php:61) Array
(
    [KOD] => 801336
    [TIME_FROM] => 19:00
    [TIME_TO] => 20:00               
    [CLIENTS_CNT] => 0
    [TOV_NAME] => Паркур
    [ACC] => 0
    [CNTTRAN] => 0
    [CNTTRANRESERV] => 0
)

[2026-01-30 15:54:26] [INFO] (/home3/redbarbe/public_html/telegram/webapps/action/ajax_get_tren.php:61) Array
(
    [KOD] => 801271
    [TIME_FROM] => 19:00
    [TIME_TO] => 20:00               
    [CLIENTS_CNT] => 0
    [TOV_NAME] => CrossActivity
    [ACC] => 0
    [CNTTRAN] => 0
    [CNTTRANRESERV] => 0
)

[2026-01-30 15:54:26] [INFO] (/home3/redbarbe/public_html/telegram/webapps/action/ajax_get_tren.php:61) Array
(
    [KOD] => 801323
    [TIME_FROM] => 19:30
    [TIME_TO] => 20:30               
    [CLIENTS_CNT] => 0
    [TOV_NAME] => TRX
    [ACC] => 0
    [CNTTRAN] => 0
    [CNTTRANRESERV] => 0
)

[2026-01-30 15:54:26] [INFO] (/home3/redbarbe/public_html/telegram/webapps/action/ajax_get_tren.php:61) Array
(
    [KOD] => 801297
    [TIME_FROM] => 20:00
    [TIME_TO] => 21:00               
    [CLIENTS_CNT] => 0
    [TOV_NAME] => CrossActivity
    [ACC] => 0
    [CNTTRAN] => 0
    [CNTTRANRESERV] => 0
)

[2026-01-30 15:54:26] [INFO] (/home3/redbarbe/public_html/telegram/webapps/action/ajax_get_tren.php:61) Array
(
    [KOD] => 801349
    [TIME_FROM] => 20:00
    [TIME_TO] => 21:00               
    [CLIENTS_CNT] => 0
    [TOV_NAME] => Бокс
    [ACC] => 0
    [CNTTRAN] => 0
    [CNTTRANRESERV] => 0
)

[2026-01-30 16:00:27] [INFO] (/home3/redbarbe/public_html/telegram/webapps/reports/report_pers_detal.php:22) Array
(
)

[2026-01-30 16:00:51] [INFO] (/home3/redbarbe/public_html/telegram/webapps/reports/report_pers_detal.php:22) Array
(
    [ajax_method] => 2
    [action] => report_pers_detal
    [action_report] => report_view
    [admin] => 5
    [date_from] => 29.01.2026
    [date_to] => 30.01.2026
    [ip_club] => 178.158.212.173
    [podr] => all
    [sotr] => 0112
)

[2026-01-30 16:01:15] [INFO] (/home3/redbarbe/public_html/telegram/webapps/action/my_zapis.php:104) Array
(
    [0] => Array
        (
            [DAT1] => 2026-01-30 00:00:00
            [DAT] => 30.01.2026
            [TIME_START] => 18:00
            [TIME_STOP] => 19:00
            [PODR_NAME] => Stretching
            [SOTR_NAME] => 
            [TP] => 2
            [TRAIN] => 831773
            [TO_RESERV] => 
        )

)

[2026-01-30 16:01:19] [INFO] (/home3/redbarbe/public_html/telegram/webapps/action/ajax_del_zapis.php:20) del_zapis_acc=13726
[2026-01-30 16:01:19] [INFO] (/home3/redbarbe/public_html/telegram/webapps/action/ajax_del_zapis.php:21) del_zapis_ip=178.151.119.180
[2026-01-30 16:01:19] [INFO] (/home3/redbarbe/public_html/telegram/webapps/action/ajax_del_zapis.php:47) проблема з видаленням 
[2026-01-30 16:01:19] [INFO] (/home3/redbarbe/public_html/telegram/webapps/action/ajax_del_zapis.php:48) Array
(
    [id] => 2
    [name] => REDBARBELL на Лісовій
    [ip_club] => 178.151.119.180
    [chat_admin] => 1847184190
    [chat_group] => -4602513216
    [active] => 1
    [phone] => +38 (066) 246 4330
    [adress] => вул. Ореста Левицького 5
)

[2026-01-30 16:01:19] [INFO] (/home3/redbarbe/public_html/telegram/webapps/action/ajax_del_zapis.php:49) 178.151.119.180
[2026-01-30 16:01:19] [INFO] (/home3/redbarbe/public_html/telegram/webapps/action/ajax_del_zapis.php:50) 13726
[2026-01-30 16:01:19] [INFO] (/home3/redbarbe/public_html/telegram/webapps/action/ajax_del_zapis.php:51) 831773
[2026-01-30 16:14:03] [INFO] (/home3/redbarbe/public_html/telegram/webapps/reports/report_pers_detal.php:22) Array
(
)

[2026-01-30 16:14:06] [INFO] (/home3/redbarbe/public_html/telegram/webapps/reports/report_pers_detal.php:22) Array
(
    [ajax_method] => 2
    [action] => report_pers_detal
    [action_report] => report_view
    [admin] => 5
    [date_from] => 01.01.2026
    [date_to] => 31.01.2026
    [ip_club] => 212.26.139.90
    [podr] => all
    [sotr] => 007989
)

[2026-01-30 16:17:00] [INFO] (/home3/redbarbe/public_html/telegram/webapps/reports/report_pers_detal.php:22) Array
(
)

[2026-01-30 16:17:07] [INFO] (/home3/redbarbe/public_html/telegram/webapps/reports/report_pers_detal.php:22) Array
(
    [ajax_method] => 2
    [action] => report_pers_detal
    [action_report] => report_view
    [admin] => 5
    [date_from] => 30.01.2026
    [date_to] => 30.01.2026
    [ip_club] => 193.194.107.2
    [podr] => all
    [sotr] => 0311
)

[2026-01-30 16:18:05] [INFO] (/home3/redbarbe/public_html/telegram/webapps/action/chart.php:29) SELECT a.name FROM `spr_acc` a, spr_users u 
WHERE u.active_account=a.acc and u.chat_id=a.chat_id and a.chat_id="1022202248"
and u.club=2 limit 1
[2026-01-30 16:18:05] [INFO] (/home3/redbarbe/public_html/telegram/webapps/action/chart.php:30) Array
(
    [action] => chart
    [club] => 2
    [who_user_write] => 1022202248
    [chatid] => 1022202248
)

[2026-01-30 16:18:47] [INFO] (/home3/redbarbe/public_html/telegram/webapps/action/chart.php:29) SELECT a.name FROM `spr_acc` a, spr_users u 
WHERE u.active_account=a.acc and u.chat_id=a.chat_id and a.chat_id="1022202248"
and u.club=2 limit 1
[2026-01-30 16:18:47] [INFO] (/home3/redbarbe/public_html/telegram/webapps/action/chart.php:30) Array
(
    [action] => chart
    [club] => 2
    [who_user_write] => 1022202248
    [chatid] => 1022202248
)

[2026-01-30 16:19:10] [INFO] (/home3/redbarbe/public_html/telegram/webapps/action/ajax_get_tren.php:35) Array
(
    [0] => Array
        (
            [KOD] => 801375
            [TIME_FROM] => 09:00
            [TIME_TO] => 10:00               
            [CLIENTS_CNT] => 0
            [TOV_NAME] => CrossActivity
            [ACC] => 0
            [CNTTRAN] => 0
            [CNTTRANRESERV] => 0
        )

    [1] => Array
        (
            [KOD] => 801284
            [TIME_FROM] => 09:00
            [TIME_TO] => 10:00               
            [CLIENTS_CNT] => 0
            [TOV_NAME] => Total Body
            [ACC] => 0
            [CNTTRAN] => 0
            [CNTTRANRESERV] => 0
        )

    [2] => Array
        (
            [KOD] => 802907
            [TIME_FROM] => 14:00
            [TIME_TO] => 15:00               
            [CLIENTS_CNT] => 0
            [TOV_NAME] => FitnessMix
            [ACC] => 0
            [CNTTRAN] => 0
            [CNTTRANRESERV] => 0
        )

    [3] => Array
        (
            [KOD] => 801362
            [TIME_FROM] => 18:00
            [TIME_TO] => 19:00               
            [CLIENTS_CNT] => 0
            [TOV_NAME] => Паркур Kids
            [ACC] => 0
            [CNTTRAN] => 0
            [CNTTRANRESERV] => 0
        )

    [4] => Array
        (
            [KOD] => 801310
            [TIME_FROM] => 18:30
            [TIME_TO] => 19:30               
            [CLIENTS_CNT] => 0
            [TOV_NAME] => Pilates
            [ACC] => 0
            [CNTTRAN] => 1
            [CNTTRANRESERV] => 0
        )

    [5] => Array
        (
            [KOD] => 801336
            [TIME_FROM] => 19:00
            [TIME_TO] => 20:00               
            [CLIENTS_CNT] => 0
            [TOV_NAME] => Паркур
            [ACC] => 0
            [CNTTRAN] => 0
            [CNTTRANRESERV] => 0
        )

    [6] => Array
        (
            [KOD] => 801271
            [TIME_FROM] => 19:00
            [TIME_TO] => 20:00               
            [CLIENTS_CNT] => 0
            [TOV_NAME] => CrossActivity
            [ACC] => 0
            [CNTTRAN] => 0
            [CNTTRANRESERV] => 0
        )

    [7] => Array
        (
            [KOD] => 801323
            [TIME_FROM] => 19:30
            [TIME_TO] => 20:30               
            [CLIENTS_CNT] => 0
            [TOV_NAME] => TRX
            [ACC] => 0
            [CNTTRAN] => 0
            [CNTTRANRESERV] => 0
        )

    [8] => Array
        (
            [KOD] => 801297
            [TIME_FROM] => 20:00
            [TIME_TO] => 21:00               
            [CLIENTS_CNT] => 0
            [TOV_NAME] => CrossActivity
            [ACC] => 0
            [CNTTRAN] => 0
            [CNTTRANRESERV] => 0
        )

    [9] => Array
        (
            [KOD] => 801349
            [TIME_FROM] => 20:00
            [TIME_TO] => 21:00               
            [CLIENTS_CNT] => 0
            [TOV_NAME] => Бокс
            [ACC] => 0
            [CNTTRAN] => 0
            [CNTTRANRESERV] => 0
        )

)

[2026-01-30 16:19:10] [INFO] (/home3/redbarbe/public_html/telegram/webapps/action/ajax_get_tren.php:61) Array
(
    [KOD] => 801375
    [TIME_FROM] => 09:00
    [TIME_TO] => 10:00               
    [CLIENTS_CNT] => 0
    [TOV_NAME] => CrossActivity
    [ACC] => 0
    [CNTTRAN] => 0
    [CNTTRANRESERV] => 0
)

[2026-01-30 16:19:10] [INFO] (/home3/redbarbe/public_html/telegram/webapps/action/ajax_get_tren.php:61) Array
(
    [KOD] => 801284
    [TIME_FROM] => 09:00
    [TIME_TO] => 10:00               
    [CLIENTS_CNT] => 0
    [TOV_NAME] => Total Body
    [ACC] => 0
    [CNTTRAN] => 0
    [CNTTRANRESERV] => 0
)

[2026-01-30 16:19:10] [INFO] (/home3/redbarbe/public_html/telegram/webapps/action/ajax_get_tren.php:61) Array
(
    [KOD] => 802907
    [TIME_FROM] => 14:00
    [TIME_TO] => 15:00               
    [CLIENTS_CNT] => 0
    [TOV_NAME] => FitnessMix
    [ACC] => 0
    [CNTTRAN] => 0
    [CNTTRANRESERV] => 0
)

[2026-01-30 16:19:10] [INFO] (/home3/redbarbe/public_html/telegram/webapps/action/ajax_get_tren.php:61) Array
(
    [KOD] => 801362
    [TIME_FROM] => 18:00
    [TIME_TO] => 19:00               
    [CLIENTS_CNT] => 0
    [TOV_NAME] => Паркур Kids
    [ACC] => 0
    [CNTTRAN] => 0
    [CNTTRANRESERV] => 0
)

[2026-01-30 16:19:10] [INFO] (/home3/redbarbe/public_html/telegram/webapps/action/ajax_get_tren.php:61) Array
(
    [KOD] => 801310
    [TIME_FROM] => 18:30
    [TIME_TO] => 19:30               
    [CLIENTS_CNT] => 0
    [TOV_NAME] => Pilates
    [ACC] => 0
    [CNTTRAN] => 1
    [CNTTRANRESERV] => 0
)

[2026-01-30 16:19:10] [INFO] (/home3/redbarbe/public_html/telegram/webapps/action/ajax_get_tren.php:61) Array
(
    [KOD] => 801336
    [TIME_FROM] => 19:00
    [TIME_TO] => 20:00               
    [CLIENTS_CNT] => 0
    [TOV_NAME] => Паркур
    [ACC] => 0
    [CNTTRAN] => 0
    [CNTTRANRESERV] => 0
)

[2026-01-30 16:19:10] [INFO] (/home3/redbarbe/public_html/telegram/webapps/action/ajax_get_tren.php:61) Array
(
    [KOD] => 801271
    [TIME_FROM] => 19:00
    [TIME_TO] => 20:00               
    [CLIENTS_CNT] => 0
    [TOV_NAME] => CrossActivity
    [ACC] => 0
    [CNTTRAN] => 0
    [CNTTRANRESERV] => 0
)

[2026-01-30 16:19:10] [INFO] (/home3/redbarbe/public_html/telegram/webapps/action/ajax_get_tren.php:61) Array
(
    [KOD] => 801323
    [TIME_FROM] => 19:30
    [TIME_TO] => 20:30               
    [CLIENTS_CNT] => 0
    [TOV_NAME] => TRX
    [ACC] => 0
    [CNTTRAN] => 0
    [CNTTRANRESERV] => 0
)

[2026-01-30 16:19:10] [INFO] (/home3/redbarbe/public_html/telegram/webapps/action/ajax_get_tren.php:61) Array
(
    [KOD] => 801297
    [TIME_FROM] => 20:00
    [TIME_TO] => 21:00               
    [CLIENTS_CNT] => 0
    [TOV_NAME] => CrossActivity
    [ACC] => 0
    [CNTTRAN] => 0
    [CNTTRANRESERV] => 0
)

[2026-01-30 16:19:10] [INFO] (/home3/redbarbe/public_html/telegram/webapps/action/ajax_get_tren.php:61) Array
(
    [KOD] => 801349
    [TIME_FROM] => 20:00
    [TIME_TO] => 21:00               
    [CLIENTS_CNT] => 0
    [TOV_NAME] => Бокс
    [ACC] => 0
    [CNTTRAN] => 0
    [CNTTRANRESERV] => 0
)

[2026-01-30 16:19:15] [INFO] (/home3/redbarbe/public_html/telegram/webapps/action/chart.php:29) SELECT a.name FROM `spr_acc` a, spr_users u 
WHERE u.active_account=a.acc and u.chat_id=a.chat_id and a.chat_id="433747468"
and u.club=1 limit 1
[2026-01-30 16:19:15] [INFO] (/home3/redbarbe/public_html/telegram/webapps/action/chart.php:30) Array
(
    [action] => chart
    [club] => 1
    [acc] => 7660
    [chatadmin] => 767972674
    [who_user_write] => 433747468
    [chatid] => 433747468
    [ip_club] => 193.194.107.2
)

[2026-01-30 16:20:08] [INFO] (/home3/redbarbe/public_html/telegram/webapps/action/ajax_get_tren.php:35) Array
(
    [0] => Array
        (
            [KOD] => 801375
            [TIME_FROM] => 09:00
            [TIME_TO] => 10:00               
            [CLIENTS_CNT] => 0
            [TOV_NAME] => CrossActivity
            [ACC] => 0
            [CNTTRAN] => 0
            [CNTTRANRESERV] => 0
        )

    [1] => Array
        (
            [KOD] => 801284
            [TIME_FROM] => 09:00
            [TIME_TO] => 10:00               
            [CLIENTS_CNT] => 0
            [TOV_NAME] => Total Body
            [ACC] => 0
            [CNTTRAN] => 0
            [CNTTRANRESERV] => 0
        )

    [2] => Array
        (
            [KOD] => 802907
            [TIME_FROM] => 14:00
            [TIME_TO] => 15:00               
            [CLIENTS_CNT] => 0
            [TOV_NAME] => FitnessMix
            [ACC] => 0
            [CNTTRAN] => 0
            [CNTTRANRESERV] => 0
        )

    [3] => Array
        (
            [KOD] => 801362
            [TIME_FROM] => 18:00
            [TIME_TO] => 19:00               
            [CLIENTS_CNT] => 0
            [TOV_NAME] => Паркур Kids
            [ACC] => 0
            [CNTTRAN] => 0
            [CNTTRANRESERV] => 0
        )

    [4] => Array
        (
            [KOD] => 801310
            [TIME_FROM] => 18:30
            [TIME_TO] => 19:30               
            [CLIENTS_CNT] => 0
            [TOV_NAME] => Pilates
            [ACC] => 13994
            [CNTTRAN] => 1
            [CNTTRANRESERV] => 0
        )

    [5] => Array
        (
            [KOD] => 801336
            [TIME_FROM] => 19:00
            [TIME_TO] => 20:00               
            [CLIENTS_CNT] => 0
            [TOV_NAME] => Паркур
            [ACC] => 0
            [CNTTRAN] => 0
            [CNTTRANRESERV] => 0
        )

    [6] => Array
        (
            [KOD] => 801271
            [TIME_FROM] => 19:00
            [TIME_TO] => 20:00               
            [CLIENTS_CNT] => 0
            [TOV_NAME] => CrossActivity
            [ACC] => 0
            [CNTTRAN] => 0
            [CNTTRANRESERV] => 0
        )

    [7] => Array
        (
            [KOD] => 801323
            [TIME_FROM] => 19:30
            [TIME_TO] => 20:30               
            [CLIENTS_CNT] => 0
            [TOV_NAME] => TRX
            [ACC] => 0
            [CNTTRAN] => 0
            [CNTTRANRESERV] => 0
        )

    [8] => Array
        (
            [KOD] => 801297
            [TIME_FROM] => 20:00
            [TIME_TO] => 21:00               
            [CLIENTS_CNT] => 0
            [TOV_NAME] => CrossActivity
            [ACC] => 0
            [CNTTRAN] => 0
            [CNTTRANRESERV] => 0
        )

    [9] => Array
        (
            [KOD] => 801349
            [TIME_FROM] => 20:00
            [TIME_TO] => 21:00               
            [CLIENTS_CNT] => 0
            [TOV_NAME] => Бокс
            [ACC] => 0
            [CNTTRAN] => 0
            [CNTTRANRESERV] => 0
        )

)

[2026-01-30 16:20:08] [INFO] (/home3/redbarbe/public_html/telegram/webapps/action/ajax_get_tren.php:61) Array
(
    [KOD] => 801375
    [TIME_FROM] => 09:00
    [TIME_TO] => 10:00               
    [CLIENTS_CNT] => 0
    [TOV_NAME] => CrossActivity
    [ACC] => 0
    [CNTTRAN] => 0
    [CNTTRANRESERV] => 0
)

[2026-01-30 16:20:08] [INFO] (/home3/redbarbe/public_html/telegram/webapps/action/ajax_get_tren.php:61) Array
(
    [KOD] => 801284
    [TIME_FROM] => 09:00
    [TIME_TO] => 10:00               
    [CLIENTS_CNT] => 0
    [TOV_NAME] => Total Body
    [ACC] => 0
    [CNTTRAN] => 0
    [CNTTRANRESERV] => 0
)

[2026-01-30 16:20:08] [INFO] (/home3/redbarbe/public_html/telegram/webapps/action/ajax_get_tren.php:61) Array
(
    [KOD] => 802907
    [TIME_FROM] => 14:00
    [TIME_TO] => 15:00               
    [CLIENTS_CNT] => 0
    [TOV_NAME] => FitnessMix
    [ACC] => 0
    [CNTTRAN] => 0
    [CNTTRANRESERV] => 0
)

[2026-01-30 16:20:08] [INFO] (/home3/redbarbe/public_html/telegram/webapps/action/ajax_get_tren.php:61) Array
(
    [KOD] => 801362
    [TIME_FROM] => 18:00
    [TIME_TO] => 19:00               
    [CLIENTS_CNT] => 0
    [TOV_NAME] => Паркур Kids
    [ACC] => 0
    [CNTTRAN] => 0
    [CNTTRANRESERV] => 0
)

[2026-01-30 16:20:08] [INFO] (/home3/redbarbe/public_html/telegram/webapps/action/ajax_get_tren.php:61) Array
(
    [KOD] => 801310
    [TIME_FROM] => 18:30
    [TIME_TO] => 19:30               
    [CLIENTS_CNT] => 0
    [TOV_NAME] => Pilates
    [ACC] => 13994
    [CNTTRAN] => 1
    [CNTTRANRESERV] => 0
)

[2026-01-30 16:20:08] [INFO] (/home3/redbarbe/public_html/telegram/webapps/action/ajax_get_tren.php:61) Array
(
    [KOD] => 801336
    [TIME_FROM] => 19:00
    [TIME_TO] => 20:00               
    [CLIENTS_CNT] => 0
    [TOV_NAME] => Паркур
    [ACC] => 0
    [CNTTRAN] => 0
    [CNTTRANRESERV] => 0
)

[2026-01-30 16:20:08] [INFO] (/home3/redbarbe/public_html/telegram/webapps/action/ajax_get_tren.php:61) Array
(
    [KOD] => 801271
    [TIME_FROM] => 19:00
    [TIME_TO] => 20:00               
    [CLIENTS_CNT] => 0
    [TOV_NAME] => CrossActivity
    [ACC] => 0
    [CNTTRAN] => 0
    [CNTTRANRESERV] => 0
)

[2026-01-30 16:20:08] [INFO] (/home3/redbarbe/public_html/telegram/webapps/action/ajax_get_tren.php:61) Array
(
    [KOD] => 801323
    [TIME_FROM] => 19:30
    [TIME_TO] => 20:30               
    [CLIENTS_CNT] => 0
    [TOV_NAME] => TRX
    [ACC] => 0
    [CNTTRAN] => 0
    [CNTTRANRESERV] => 0
)

[2026-01-30 16:20:08] [INFO] (/home3/redbarbe/public_html/telegram/webapps/action/ajax_get_tren.php:61) Array
(
    [KOD] => 801297
    [TIME_FROM] => 20:00
    [TIME_TO] => 21:00               
    [CLIENTS_CNT] => 0
    [TOV_NAME] => CrossActivity
    [ACC] => 0
    [CNTTRAN] => 0
    [CNTTRANRESERV] => 0
)

[2026-01-30 16:20:08] [INFO] (/home3/redbarbe/public_html/telegram/webapps/action/ajax_get_tren.php:61) Array
(
    [KOD] => 801349
    [TIME_FROM] => 20:00
    [TIME_TO] => 21:00               
    [CLIENTS_CNT] => 0
    [TOV_NAME] => Бокс
    [ACC] => 0
    [CNTTRAN] => 0
    [CNTTRANRESERV] => 0
)

[2026-01-30 16:34:36] [INFO] (/home3/redbarbe/public_html/telegram/webapps/action/select_sotr.php:17) Array
(
    [action] => select_sotr
    [club] => -
    [club_ip] => 193.194.107.2
)

[2026-01-30 16:34:36] [INFO] (/home3/redbarbe/public_html/telegram/webapps/action/select_sotr.php:27) Array
(
    [0] => Array
        (
            [ROLE] => Тренер
            [ID] => 0302
            [NAME] => Брагин Денис
        )

    [1] => Array
        (
            [ROLE] => Тренер
            [ID] => 0323
            [NAME] => Букач Олег
        )

    [2] => Array
        (
            [ROLE] => Администратор фитнеса
            [ID] => 0103
            [NAME] => Бухтеева Ангелина
        )

    [3] => Array
        (
            [ROLE] => Тренер
            [ID] => 0350
            [NAME] => Воротинцева Анастасия
        )

    [4] => Array
        (
            [ROLE] => Главний бухгалтер
            [ID] => 0902
            [NAME] => Глав. Бух.
        )

    [5] => Array
        (
            [ROLE] => Тренер
            [ID] => 0304
            [NAME] => Данильченко Антон
        )

    [6] => Array
        (
            [ROLE] => Тренер
            [ID] => 0301
            [NAME] => Довлатов Егор
        )

    [7] => Array
        (
            [ROLE] => Тренер
            [ID] => 0331
            [NAME] => Еднак Назар
        )

    [8] => Array
        (
            [ROLE] => Тренер
            [ID] => 0328
            [NAME] => Ивашко Евгений
        )

    [9] => Array
        (
            [ROLE] => Тренер
            [ID] => 0307
            [NAME] => Колесник Ирина
        )

    [10] => Array
        (
            [ROLE] => Тренер
            [ID] => 0319
            [NAME] => Компричевська Таня
        )

    [11] => Array
        (
            [ROLE] => Тренер
            [ID] => 0326
            [NAME] => Корпан Анжелика
        )

    [12] => Array
        (
            [ROLE] => Тренер
            [ID] => 0312
            [NAME] => Крыжановский Павел
        )

    [13] => Array
        (
            [ROLE] => Тренер
            [ID] => 0313
            [NAME] => Кукурудзяк Руслан
        )

    [14] => Array
        (
            [ROLE] => Тренер
            [ID] => 0310
            [NAME] => Кушнир Андрей
        )

    [15] => Array
        (
            [ROLE] => Тренер
            [ID] => 0315
            [NAME] => Ломака Дмитро
        )

    [16] => Array
        (
            [ROLE] => Администратор фитнеса
            [ID] => 0101
            [NAME] => Мамай Вероніка
        )

    [17] => Array
        (
            [ROLE] => Тренер
            [ID] => 0324
            [NAME] => Нечаева Анастасия
        )

    [18] => Array
        (
            [ROLE] => Тренер
            [ID] => 0318
            [NAME] => Попова Анна
        )

    [19] => Array
        (
            [ROLE] => Тренер
            [ID] => 0311
            [NAME] => Резанов Александр
        )

    [20] => Array
        (
            [ROLE] => Администратор фитнеса
            [ID] => 0333
            [NAME] => Розколодько Марина
        )

    [21] => Array
        (
            [ROLE] => Тренер
            [ID] => 192
            [NAME] => Смишляк Денис
        )

    [22] => Array
        (
            [ROLE] => Администратор фитнеса
            [ID] => 0104
            [NAME] => Тихонюк Дарина Анатоліївна
        )

    [23] => Array
        (
            [ROLE] => Тренер
            [ID] => 0316
            [NAME] => Федащин Артур
        )

    [24] => Array
        (
            [ROLE] => Тренер
            [ID] => 0305
            [NAME] => Фортуна Дмитрий
        )

    [25] => Array
        (
            [ROLE] => Тренер
            [ID] => 0321
            [NAME] => Черняк Владислав
        )

    [26] => Array
        (
            [ROLE] => Головний адміністратор
            [ID] => 0901
            [NAME] => системный
        )

)

[2026-01-30 16:37:40] [INFO] (/home3/redbarbe/public_html/telegram/webapps/action/ajax_get_tren.php:35) Array
(
    [0] => Array
        (
            [KOD] => 665883
            [TIME_FROM] => 08:00
            [TIME_TO] => 09:00               
            [CLIENTS_CNT] => 0
            [TOV_NAME] => Morning Functional
            [ACC] => 0
            [CNTTRAN] => 0
            [CNTTRANRESERV] => 0
        )

    [1] => Array
        (
            [KOD] => 665987
            [TIME_FROM] => 09:00
            [TIME_TO] => 10:00               
            [CLIENTS_CNT] => 0
            [TOV_NAME] => CrossActivity
            [ACC] => 0
            [CNTTRAN] => 0
            [CNTTRANRESERV] => 0
        )

    [2] => Array
        (
            [KOD] => 666195
            [TIME_FROM] => 17:00
            [TIME_TO] => 18:00               
            [CLIENTS_CNT] => 0
            [TOV_NAME] => Бокс Kids
            [ACC] => 0
            [CNTTRAN] => 0
            [CNTTRANRESERV] => 0
        )

    [3] => Array
        (
            [KOD] => 666091
            [TIME_FROM] => 18:00
            [TIME_TO] => 19:00               
            [CLIENTS_CNT] => 0
            [TOV_NAME] => Superhero Workout
            [ACC] => 0
            [CNTTRAN] => 0
            [CNTTRANRESERV] => 0
        )

    [4] => Array
        (
            [KOD] => 666507
            [TIME_FROM] => 19:30
            [TIME_TO] => 20:30               
            [CLIENTS_CNT] => 0
            [TOV_NAME] => Stretching
            [ACC] => 0
            [CNTTRAN] => 0
            [CNTTRANRESERV] => 0
        )

    [5] => Array
        (
            [KOD] => 666611
            [TIME_FROM] => 20:00
            [TIME_TO] => 21:00               
            [CLIENTS_CNT] => 0
            [TOV_NAME] => CrossActivity Pro
            [ACC] => 0
            [CNTTRAN] => 0
            [CNTTRANRESERV] => 0
        )

    [6] => Array
        (
            [KOD] => 666299
            [TIME_FROM] => 20:00
            [TIME_TO] => 21:00               
            [CLIENTS_CNT] => 0
            [TOV_NAME] => Бокс
            [ACC] => 0
            [CNTTRAN] => 0
            [CNTTRANRESERV] => 0
        )

    [7] => Array
        (
            [KOD] => 666403
            [TIME_FROM] => 20:30
            [TIME_TO] => 21:30               
            [CLIENTS_CNT] => 0
            [TOV_NAME] => Йога
            [ACC] => 0
            [CNTTRAN] => 0
            [CNTTRANRESERV] => 0
        )

)

[2026-01-30 16:37:40] [INFO] (/home3/redbarbe/public_html/telegram/webapps/action/ajax_get_tren.php:61) Array
(
    [KOD] => 665883
    [TIME_FROM] => 08:00
    [TIME_TO] => 09:00               
    [CLIENTS_CNT] => 0
    [TOV_NAME] => Morning Functional
    [ACC] => 0
    [CNTTRAN] => 0
    [CNTTRANRESERV] => 0
)

[2026-01-30 16:37:40] [INFO] (/home3/redbarbe/public_html/telegram/webapps/action/ajax_get_tren.php:61) Array
(
    [KOD] => 665987
    [TIME_FROM] => 09:00
    [TIME_TO] => 10:00               
    [CLIENTS_CNT] => 0
    [TOV_NAME] => CrossActivity
    [ACC] => 0
    [CNTTRAN] => 0
    [CNTTRANRESERV] => 0
)

[2026-01-30 16:37:40] [INFO] (/home3/redbarbe/public_html/telegram/webapps/action/ajax_get_tren.php:61) Array
(
    [KOD] => 666195
    [TIME_FROM] => 17:00
    [TIME_TO] => 18:00               
    [CLIENTS_CNT] => 0
    [TOV_NAME] => Бокс Kids
    [ACC] => 0
    [CNTTRAN] => 0
    [CNTTRANRESERV] => 0
)

[2026-01-30 16:37:40] [INFO] (/home3/redbarbe/public_html/telegram/webapps/action/ajax_get_tren.php:61) Array
(
    [KOD] => 666091
    [TIME_FROM] => 18:00
    [TIME_TO] => 19:00               
    [CLIENTS_CNT] => 0
    [TOV_NAME] => Superhero Workout
    [ACC] => 0
    [CNTTRAN] => 0
    [CNTTRANRESERV] => 0
)

[2026-01-30 16:37:40] [INFO] (/home3/redbarbe/public_html/telegram/webapps/action/ajax_get_tren.php:61) Array
(
    [KOD] => 666507
    [TIME_FROM] => 19:30
    [TIME_TO] => 20:30               
    [CLIENTS_CNT] => 0
    [TOV_NAME] => Stretching
    [ACC] => 0
    [CNTTRAN] => 0
    [CNTTRANRESERV] => 0
)

[2026-01-30 16:37:40] [INFO] (/home3/redbarbe/public_html/telegram/webapps/action/ajax_get_tren.php:61) Array
(
    [KOD] => 666611
    [TIME_FROM] => 20:00
    [TIME_TO] => 21:00               
    [CLIENTS_CNT] => 0
    [TOV_NAME] => CrossActivity Pro
    [ACC] => 0
    [CNTTRAN] => 0
    [CNTTRANRESERV] => 0
)

[2026-01-30 16:37:40] [INFO] (/home3/redbarbe/public_html/telegram/webapps/action/ajax_get_tren.php:61) Array
(
    [KOD] => 666299
    [TIME_FROM] => 20:00
    [TIME_TO] => 21:00               
    [CLIENTS_CNT] => 0
    [TOV_NAME] => Бокс
    [ACC] => 0
    [CNTTRAN] => 0
    [CNTTRANRESERV] => 0
)

[2026-01-30 16:37:40] [INFO] (/home3/redbarbe/public_html/telegram/webapps/action/ajax_get_tren.php:61) Array
(
    [KOD] => 666403
    [TIME_FROM] => 20:30
    [TIME_TO] => 21:30               
    [CLIENTS_CNT] => 0
    [TOV_NAME] => Йога
    [ACC] => 0
    [CNTTRAN] => 0
    [CNTTRANRESERV] => 0
)

[2026-01-30 16:37:44] [INFO] (/home3/redbarbe/public_html/telegram/webapps/action/ajax_fitness_zapis.php:22) Array
(
    [ajax_method] => 2
    [action] => ajax_fitness_zapis
    [dat] => 30.01.2026
    [acc] => 12664
    [trenid] => 666195
    [ost_all] => 100
    [ip_club] => 193.194.107.2
    [acctozapis] => 0
    [time_from] => 17:00
)

[2026-01-30 17:04:48] [INFO] (/home3/redbarbe/public_html/telegram/webapps/reports/report_pers_detal.php:22) Array
(
)

[2026-01-30 17:04:54] [INFO] (/home3/redbarbe/public_html/telegram/webapps/reports/report_pers_detal.php:22) Array
(
    [ajax_method] => 2
    [action] => report_pers_detal
    [action_report] => report_view
    [admin] => 5
    [date_from] => 30.01.2026
    [date_to] => 30.01.2026
    [ip_club] => 178.151.119.180
    [podr] => pt
    [sotr] => 0718
)

[2026-01-30 17:06:30] [INFO] (/home3/redbarbe/public_html/telegram/webapps/action/select_sotr.php:17) Array
(
    [action] => select_sotr
    [club] => -
    [club_ip] => 109.86.110.220
)

[2026-01-30 17:06:30] [INFO] (/home3/redbarbe/public_html/telegram/webapps/action/select_sotr.php:27) Array
(
    [0] => Array
        (
            [ROLE] => Тренер
            [ID] => 5757
            [NAME] =>  Калініченко Ліана Анатоліївна
        )

    [1] => Array
        (
            [ROLE] => Тренер
            [ID] => 0154
            [NAME] =>  Сівак Катерина Володимирівна
        )

    [2] => Array
        (
            [ROLE] => Головний адміністратор
            [ID] => 2132
            [NAME] => Делєкатна Олена
        )

    [3] => Array
        (
            [ROLE] => Тренер
            [ID] => 4857
            [NAME] => Малишенко Дмитро
        )

    [4] => Array
        (
            [ROLE] => Администратор фитнеса
            [ID] => 6548
            [NAME] => Ніколаєва Тетяна
        )

    [5] => Array
        (
            [ROLE] => Тренер
            [ID] => 0548
            [NAME] => Ольга
        )

    [6] => Array
        (
            [ROLE] => Тренер
            [ID] => 8676
            [NAME] => Панюхно Євгеній
        )

    [7] => Array
        (
            [ROLE] => Администратор фитнеса
            [ID] => 0005
            [NAME] => Спічакова Вероніка
        )

    [8] => Array
        (
            [ROLE] => Тренер
            [ID] => 8888
            [NAME] => Фрейдун Андрій Тарасович
        )

    [9] => Array
        (
            [ROLE] => Администратор фитнеса
            [ID] => 0003
            [NAME] => Черговий
        )

    [10] => Array
        (
            [ROLE] => Тренер
            [ID] => 0056
            [NAME] => Черговий тренер
        )

    [11] => Array
        (
            [ROLE] => Администратор фитнеса
            [ID] => 0223
            [NAME] => Чумак Аліса
        )

    [12] => Array
        (
            [ROLE] => Головний адміністратор
            [ID] => 0901
            [NAME] => системный
        )

)

[2026-01-30 17:06:57] [INFO] (/home3/redbarbe/public_html/telegram/webapps/action/select_sotr.php:17) Array
(
    [action] => select_sotr
    [club] => -
    [club_ip] => 109.86.110.220
)

[2026-01-30 17:06:57] [INFO] (/home3/redbarbe/public_html/telegram/webapps/action/select_sotr.php:27) Array
(
    [0] => Array
        (
            [ROLE] => Тренер
            [ID] => 5757
            [NAME] =>  Калініченко Ліана Анатоліївна
        )

    [1] => Array
        (
            [ROLE] => Тренер
            [ID] => 0154
            [NAME] =>  Сівак Катерина Володимирівна
        )

    [2] => Array
        (
            [ROLE] => Головний адміністратор
            [ID] => 2132
            [NAME] => Делєкатна Олена
        )

    [3] => Array
        (
            [ROLE] => Тренер
            [ID] => 4857
            [NAME] => Малишенко Дмитро
        )

    [4] => Array
        (
            [ROLE] => Администратор фитнеса
            [ID] => 6548
            [NAME] => Ніколаєва Тетяна
        )

    [5] => Array
        (
            [ROLE] => Тренер
            [ID] => 0548
            [NAME] => Ольга
        )

    [6] => Array
        (
            [ROLE] => Тренер
            [ID] => 8676
            [NAME] => Панюхно Євгеній
        )

    [7] => Array
        (
            [ROLE] => Администратор фитнеса
            [ID] => 0005
            [NAME] => Спічакова Вероніка
        )

    [8] => Array
        (
            [ROLE] => Тренер
            [ID] => 8888
            [NAME] => Фрейдун Андрій Тарасович
        )

    [9] => Array
        (
            [ROLE] => Администратор фитнеса
            [ID] => 0003
            [NAME] => Черговий
        )

    [10] => Array
        (
            [ROLE] => Тренер
            [ID] => 0056
            [NAME] => Черговий тренер
        )

    [11] => Array
        (
            [ROLE] => Администратор фитнеса
            [ID] => 0223
            [NAME] => Чумак Аліса
        )

    [12] => Array
        (
            [ROLE] => Головний адміністратор
            [ID] => 0901
            [NAME] => системный
        )

)

[2026-01-30 17:07:07] [INFO] (/home3/redbarbe/public_html/telegram/webapps/action/select_sotr.php:17) Array
(
    [action] => select_sotr
    [club] => -
    [club_ip] => 212.26.139.90
)

[2026-01-30 17:07:07] [INFO] (/home3/redbarbe/public_html/telegram/webapps/action/select_sotr.php:27) Array
(
    [0] => Array
        (
            [ROLE] => Администратор фитнеса
            [ID] => 0101
            [NAME] => Дежурный
        )

    [1] => Array
        (
            [ROLE] => Администратор фитнеса
            [ID] => 0103
            [NAME] => Йова Катерина
        )

    [2] => Array
        (
            [ROLE] => Тренер
            [ID] => 03354
            [NAME] => Колесник Богдан
        )

    [3] => Array
        (
            [ROLE] => Тренер
            [ID] => 2564
            [NAME] => Кулаковський Сергій
        )

    [4] => Array
        (
            [ROLE] => Администратор фитнеса
            [ID] => 0102
            [NAME] => Лазаренко Ліна
        )

    [5] => Array
        (
            [ROLE] => Тренер
            [ID] => 2452
            [NAME] => Лешковят Наталія
        )

    [6] => Array
        (
            [ROLE] => Администратор фитнеса
            [ID] => 0235
            [NAME] => Лучко Кирил
        )

    [7] => Array
        (
            [ROLE] => Администратор фитнеса
            [ID] => 0333
            [NAME] => Мамедова Ельнара
        )

    [8] => Array
        (
            [ROLE] => Тренер
            [ID] => 03336
            [NAME] => Мельниченко Надія
        )

    [9] => Array
        (
            [ROLE] => Тренер
            [ID] => 007989
            [NAME] => Підгурська Влада
        )

    [10] => Array
        (
            [ROLE] => Тренер
            [ID] => 03337
            [NAME] => Погорєлов Євгеній
        )

    [11] => Array
        (
            [ROLE] => Тренер
            [ID] => 03589
            [NAME] => Присняк Владислав
        )

    [12] => Array
        (
            [ROLE] => Тренер
            [ID] => 03352
            [NAME] => Рибак Роман
        )

    [13] => Array
        (
            [ROLE] => Тренер
            [ID] => 0334
            [NAME] => Самусенко Альона
        )

    [14] => Array
        (
            [ROLE] => Тренер
            [ID] => 03339
            [NAME] => Стрілець Данило
        )

    [15] => Array
        (
            [ROLE] => Тренер
            [ID] => 7895
            [NAME] => Тулаінов Андрій
        )

    [16] => Array
        (
            [ROLE] => Тренер
            [ID] => 0325
            [NAME] => Худоба Ігор
        )

    [17] => Array
        (
            [ROLE] => Тренер
            [ID] => 03342
            [NAME] => Шматко Ярослав
        )

    [18] => Array
        (
            [ROLE] => Тренер
            [ID] => 8987
            [NAME] => Яковенко Ганна
        )

)

[2026-01-30 17:12:00] [INFO] (/home3/redbarbe/public_html/telegram/webapps/action/ajax_get_tren.php:35) Array
(
    [0] => Array
        (
            [KOD] => 665883
            [TIME_FROM] => 08:00
            [TIME_TO] => 09:00               
            [CLIENTS_CNT] => 0
            [TOV_NAME] => Morning Functional
            [ACC] => 0
            [CNTTRAN] => 0
            [CNTTRANRESERV] => 0
        )

    [1] => Array
        (
            [KOD] => 665987
            [TIME_FROM] => 09:00
            [TIME_TO] => 10:00               
            [CLIENTS_CNT] => 0
            [TOV_NAME] => CrossActivity
            [ACC] => 0
            [CNTTRAN] => 0
            [CNTTRANRESERV] => 0
        )

    [2] => Array
        (
            [KOD] => 666195
            [TIME_FROM] => 17:00
            [TIME_TO] => 18:00               
            [CLIENTS_CNT] => 0
            [TOV_NAME] => Бокс Kids
            [ACC] => 0
            [CNTTRAN] => 1
            [CNTTRANRESERV] => 0
        )

    [3] => Array
        (
            [KOD] => 666091
            [TIME_FROM] => 18:00
            [TIME_TO] => 19:00               
            [CLIENTS_CNT] => 0
            [TOV_NAME] => Superhero Workout
            [ACC] => 0
            [CNTTRAN] => 0
            [CNTTRANRESERV] => 0
        )

    [4] => Array
        (
            [KOD] => 666507
            [TIME_FROM] => 19:30
            [TIME_TO] => 20:30               
            [CLIENTS_CNT] => 0
            [TOV_NAME] => Stretching
            [ACC] => 0
            [CNTTRAN] => 0
            [CNTTRANRESERV] => 0
        )

    [5] => Array
        (
            [KOD] => 666611
            [TIME_FROM] => 20:00
            [TIME_TO] => 21:00               
            [CLIENTS_CNT] => 0
            [TOV_NAME] => CrossActivity Pro
            [ACC] => 0
            [CNTTRAN] => 0
            [CNTTRANRESERV] => 0
        )

    [6] => Array
        (
            [KOD] => 666299
            [TIME_FROM] => 20:00
            [TIME_TO] => 21:00               
            [CLIENTS_CNT] => 0
            [TOV_NAME] => Бокс
            [ACC] => 0
            [CNTTRAN] => 0
            [CNTTRANRESERV] => 0
        )

    [7] => Array
        (
            [KOD] => 666403
            [TIME_FROM] => 20:30
            [TIME_TO] => 21:30               
            [CLIENTS_CNT] => 0
            [TOV_NAME] => Йога
            [ACC] => 0
            [CNTTRAN] => 0
            [CNTTRANRESERV] => 0
        )

)

[2026-01-30 17:12:00] [INFO] (/home3/redbarbe/public_html/telegram/webapps/action/ajax_get_tren.php:61) Array
(
    [KOD] => 665883
    [TIME_FROM] => 08:00
    [TIME_TO] => 09:00               
    [CLIENTS_CNT] => 0
    [TOV_NAME] => Morning Functional
    [ACC] => 0
    [CNTTRAN] => 0
    [CNTTRANRESERV] => 0
)

[2026-01-30 17:12:00] [INFO] (/home3/redbarbe/public_html/telegram/webapps/action/ajax_get_tren.php:61) Array
(
    [KOD] => 665987
    [TIME_FROM] => 09:00
    [TIME_TO] => 10:00               
    [CLIENTS_CNT] => 0
    [TOV_NAME] => CrossActivity
    [ACC] => 0
    [CNTTRAN] => 0
    [CNTTRANRESERV] => 0
)

[2026-01-30 17:12:00] [INFO] (/home3/redbarbe/public_html/telegram/webapps/action/ajax_get_tren.php:61) Array
(
    [KOD] => 666195
    [TIME_FROM] => 17:00
    [TIME_TO] => 18:00               
    [CLIENTS_CNT] => 0
    [TOV_NAME] => Бокс Kids
    [ACC] => 0
    [CNTTRAN] => 1
    [CNTTRANRESERV] => 0
)

[2026-01-30 17:12:00] [INFO] (/home3/redbarbe/public_html/telegram/webapps/action/ajax_get_tren.php:61) Array
(
    [KOD] => 666091
    [TIME_FROM] => 18:00
    [TIME_TO] => 19:00               
    [CLIENTS_CNT] => 0
    [TOV_NAME] => Superhero Workout
    [ACC] => 0
    [CNTTRAN] => 0
    [CNTTRANRESERV] => 0
)

[2026-01-30 17:12:00] [INFO] (/home3/redbarbe/public_html/telegram/webapps/action/ajax_get_tren.php:61) Array
(
    [KOD] => 666507
    [TIME_FROM] => 19:30
    [TIME_TO] => 20:30               
    [CLIENTS_CNT] => 0
    [TOV_NAME] => Stretching
    [ACC] => 0
    [CNTTRAN] => 0
    [CNTTRANRESERV] => 0
)

[2026-01-30 17:12:00] [INFO] (/home3/redbarbe/public_html/telegram/webapps/action/ajax_get_tren.php:61) Array
(
    [KOD] => 666611
    [TIME_FROM] => 20:00
    [TIME_TO] => 21:00               
    [CLIENTS_CNT] => 0
    [TOV_NAME] => CrossActivity Pro
    [ACC] => 0
    [CNTTRAN] => 0
    [CNTTRANRESERV] => 0
)

[2026-01-30 17:12:00] [INFO] (/home3/redbarbe/public_html/telegram/webapps/action/ajax_get_tren.php:61) Array
(
    [KOD] => 666299
    [TIME_FROM] => 20:00
    [TIME_TO] => 21:00               
    [CLIENTS_CNT] => 0
    [TOV_NAME] => Бокс
    [ACC] => 0
    [CNTTRAN] => 0
    [CNTTRANRESERV] => 0
)

[2026-01-30 17:12:00] [INFO] (/home3/redbarbe/public_html/telegram/webapps/action/ajax_get_tren.php:61) Array
(
    [KOD] => 666403
    [TIME_FROM] => 20:30
    [TIME_TO] => 21:30               
    [CLIENTS_CNT] => 0
    [TOV_NAME] => Йога
    [ACC] => 0
    [CNTTRAN] => 0
    [CNTTRANRESERV] => 0
)

[2026-01-30 17:36:48] [INFO] (/home3/redbarbe/public_html/telegram/webapps/action/ajax_get_tren.php:35) Array
(
    [0] => Array
        (
            [KOD] => 795230
            [TIME_FROM] => 08:00
            [TIME_TO] => 09:00               
            [CLIENTS_CNT] => 0
            [TOV_NAME] => Бокс(хлопці, з 13 років)
            [ACC] => 0
            [CNTTRAN] => 0
            [CNTTRANRESERV] => 0
        )

    [1] => Array
        (
            [KOD] => 795076
            [TIME_FROM] => 18:00
            [TIME_TO] => 19:00               
            [CLIENTS_CNT] => 0
            [TOV_NAME] => Бокс/Кікбоксинг  Kids
            [ACC] => 0
            [CNTTRAN] => 1
            [CNTTRANRESERV] => 0
        )

    [2] => Array
        (
            [KOD] => 794460
            [TIME_FROM] => 19:40
            [TIME_TO] => 20:40               
            [CLIENTS_CNT] => 0
            [TOV_NAME] => Акробатика Kids
            [ACC] => 0
            [CNTTRAN] => 0
            [CNTTRANRESERV] => 0
        )

    [3] => Array
        (
            [KOD] => 794922
            [TIME_FROM] => 20:00
            [TIME_TO] => 21:00               
            [CLIENTS_CNT] => 0
            [TOV_NAME] => Cross activity
            [ACC] => 0
            [CNTTRAN] => 0
            [CNTTRANRESERV] => 0
        )

    [4] => Array
        (
            [KOD] => 794614
            [TIME_FROM] => 20:00
            [TIME_TO] => 21:00               
            [CLIENTS_CNT] => 0
            [TOV_NAME] => Бокс
            [ACC] => 0
            [CNTTRAN] => 0
            [CNTTRANRESERV] => 0
        )

    [5] => Array
        (
            [KOD] => 794768
            [TIME_FROM] => 20:00
            [TIME_TO] => 21:00               
            [CLIENTS_CNT] => 0
            [TOV_NAME] => Stretching
            [ACC] => 0
            [CNTTRAN] => 0
            [CNTTRANRESERV] => 0
        )

)

[2026-01-30 17:36:48] [INFO] (/home3/redbarbe/public_html/telegram/webapps/action/ajax_get_tren.php:61) Array
(
    [KOD] => 795230
    [TIME_FROM] => 08:00
    [TIME_TO] => 09:00               
    [CLIENTS_CNT] => 0
    [TOV_NAME] => Бокс(хлопці, з 13 років)
    [ACC] => 0
    [CNTTRAN] => 0
    [CNTTRANRESERV] => 0
)

[2026-01-30 17:36:48] [INFO] (/home3/redbarbe/public_html/telegram/webapps/action/ajax_get_tren.php:61) Array
(
    [KOD] => 795076
    [TIME_FROM] => 18:00
    [TIME_TO] => 19:00               
    [CLIENTS_CNT] => 0
    [TOV_NAME] => Бокс/Кікбоксинг  Kids
    [ACC] => 0
    [CNTTRAN] => 1
    [CNTTRANRESERV] => 0
)

[2026-01-30 17:36:48] [INFO] (/home3/redbarbe/public_html/telegram/webapps/action/ajax_get_tren.php:61) Array
(
    [KOD] => 794460
    [TIME_FROM] => 19:40
    [TIME_TO] => 20:40               
    [CLIENTS_CNT] => 0
    [TOV_NAME] => Акробатика Kids
    [ACC] => 0
    [CNTTRAN] => 0
    [CNTTRANRESERV] => 0
)

[2026-01-30 17:36:48] [INFO] (/home3/redbarbe/public_html/telegram/webapps/action/ajax_get_tren.php:61) Array
(
    [KOD] => 794922
    [TIME_FROM] => 20:00
    [TIME_TO] => 21:00               
    [CLIENTS_CNT] => 0
    [TOV_NAME] => Cross activity
    [ACC] => 0
    [CNTTRAN] => 0
    [CNTTRANRESERV] => 0
)

[2026-01-30 17:36:48] [INFO] (/home3/redbarbe/public_html/telegram/webapps/action/ajax_get_tren.php:61) Array
(
    [KOD] => 794614
    [TIME_FROM] => 20:00
    [TIME_TO] => 21:00               
    [CLIENTS_CNT] => 0
    [TOV_NAME] => Бокс
    [ACC] => 0
    [CNTTRAN] => 0
    [CNTTRANRESERV] => 0
)

[2026-01-30 17:36:48] [INFO] (/home3/redbarbe/public_html/telegram/webapps/action/ajax_get_tren.php:61) Array
(
    [KOD] => 794768
    [TIME_FROM] => 20:00
    [TIME_TO] => 21:00               
    [CLIENTS_CNT] => 0
    [TOV_NAME] => Stretching
    [ACC] => 0
    [CNTTRAN] => 0
    [CNTTRANRESERV] => 0
)

[2026-01-30 17:36:50] [INFO] (/home3/redbarbe/public_html/telegram/webapps/action/ajax_fitness_zapis.php:22) Array
(
    [ajax_method] => 2
    [action] => ajax_fitness_zapis
    [dat] => 30.01.2026
    [acc] => 13615
    [trenid] => 795076
    [ost_all] => 100
    [ip_club] => 212.26.139.90
    [acctozapis] => 0
    [time_from] => 18:00
)

[2026-01-30 18:25:30] [INFO] (/home3/redbarbe/public_html/telegram/webapps/reports/report_pers_detal.php:22) Array
(
)

[2026-01-30 18:25:39] [INFO] (/home3/redbarbe/public_html/telegram/webapps/reports/report_pers_detal.php:22) Array
(
    [ajax_method] => 2
    [action] => report_pers_detal
    [action_report] => report_view
    [admin] => 5
    [date_from] => 30.01.2026
    [date_to] => 30.01.2026
    [ip_club] => 178.158.212.173
    [podr] => pt
    [sotr] => 0329
)

[2026-01-30 18:25:42] [INFO] (/home3/redbarbe/public_html/telegram/webapps/action/hist_ost_poslug.php:12) SELECT a.name FROM `spr_acc` a, spr_users u WHERE u.active_account=a.acc and u.chat_id=a.chat_id and a.acc=12699 
and u.club=(select id from spr_clubs where ip_club="193.194.107.2") limit 1
[2026-01-30 18:25:42] [INFO] (/home3/redbarbe/public_html/telegram/webapps/action/hist_ost_poslug.php:13) hist_ost_poslug
[2026-01-30 18:25:42] [INFO] (/home3/redbarbe/public_html/telegram/webapps/action/hist_ost_poslug.php:104) Array
(
    [acc] => 12699
    [command] => GET_OST_POSLUG_ACC
)

[2026-01-30 18:25:42] [INFO] (/home3/redbarbe/public_html/telegram/webapps/action/hist_ost_poslug.php:105) ip=193.194.107.2
[2026-01-30 18:25:51] [INFO] (/home3/redbarbe/public_html/telegram/webapps/action/hist_grp.php:16) SELECT a.name FROM `spr_acc` a, spr_users u WHERE u.active_account=a.acc and u.chat_id=a.chat_id and a.acc=12699 
and u.club=(select id from spr_clubs where ip_club="193.194.107.2") limit 1
[2026-01-30 18:25:51] [INFO] (/home3/redbarbe/public_html/telegram/webapps/action/hist_grp.php:17) hist_grp
[2026-01-30 18:25:51] [INFO] (/home3/redbarbe/public_html/telegram/webapps/action/hist_grp.php:108) Array
(
    [dbeg] => 30.10.2025
    [dend] => today
    [acc] => 12699
    [command] => get_grp_history
)

[2026-01-30 18:25:51] [INFO] (/home3/redbarbe/public_html/telegram/webapps/action/hist_grp.php:109) ip=193.194.107.2
[2026-01-30 18:34:54] [INFO] (/home3/redbarbe/public_html/telegram/webapps/action/ajax_get_tren.php:35) Array
(
    [0] => Array
        (
            [KOD] => 836838
            [TIME_FROM] => 10:00
            [TIME_TO] => 11:00               
            [CLIENTS_CNT] => 0
            [TOV_NAME] => Body Training
            [ACC] => 0
            [CNTTRAN] => 0
            [CNTTRANRESERV] => 0
        )

    [1] => Array
        (
            [KOD] => 836632
            [TIME_FROM] => 10:30
            [TIME_TO] => 11:30               
            [CLIENTS_CNT] => 0
            [TOV_NAME] => Акробатика Kids
            [ACC] => 0
            [CNTTRAN] => 0
            [CNTTRANRESERV] => 0
        )

    [2] => Array
        (
            [KOD] => 836529
            [TIME_FROM] => 11:00
            [TIME_TO] => 12:00               
            [CLIENTS_CNT] => 0
            [TOV_NAME] => Пілатес
            [ACC] => 0
            [CNTTRAN] => 0
            [CNTTRANRESERV] => 0
        )

    [3] => Array
        (
            [KOD] => 836323
            [TIME_FROM] => 12:00
            [TIME_TO] => 13:00               
            [CLIENTS_CNT] => 0
            [TOV_NAME] => Акробатика
            [ACC] => 0
            [CNTTRAN] => 0
            [CNTTRANRESERV] => 0
        )

    [4] => Array
        (
            [KOD] => 836426
            [TIME_FROM] => 12:00
            [TIME_TO] => 13:00               
            [CLIENTS_CNT] => 0
            [TOV_NAME] => Кiкбоксинг
            [ACC] => 0
            [CNTTRAN] => 0
            [CNTTRANRESERV] => 0
        )

    [5] => Array
        (
            [KOD] => 836735
            [TIME_FROM] => 16:00
            [TIME_TO] => 17:00               
            [CLIENTS_CNT] => 0
            [TOV_NAME] => Body Training
            [ACC] => 0
            [CNTTRAN] => 0
            [CNTTRANRESERV] => 0
        )

)

[2026-01-30 18:34:54] [INFO] (/home3/redbarbe/public_html/telegram/webapps/action/ajax_get_tren.php:61) Array
(
    [KOD] => 836838
    [TIME_FROM] => 10:00
    [TIME_TO] => 11:00               
    [CLIENTS_CNT] => 0
    [TOV_NAME] => Body Training
    [ACC] => 0
    [CNTTRAN] => 0
    [CNTTRANRESERV] => 0
)

[2026-01-30 18:34:54] [INFO] (/home3/redbarbe/public_html/telegram/webapps/action/ajax_get_tren.php:61) Array
(
    [KOD] => 836632
    [TIME_FROM] => 10:30
    [TIME_TO] => 11:30               
    [CLIENTS_CNT] => 0
    [TOV_NAME] => Акробатика Kids
    [ACC] => 0
    [CNTTRAN] => 0
    [CNTTRANRESERV] => 0
)

[2026-01-30 18:34:54] [INFO] (/home3/redbarbe/public_html/telegram/webapps/action/ajax_get_tren.php:61) Array
(
    [KOD] => 836529
    [TIME_FROM] => 11:00
    [TIME_TO] => 12:00               
    [CLIENTS_CNT] => 0
    [TOV_NAME] => Пілатес
    [ACC] => 0
    [CNTTRAN] => 0
    [CNTTRANRESERV] => 0
)

[2026-01-30 18:34:54] [INFO] (/home3/redbarbe/public_html/telegram/webapps/action/ajax_get_tren.php:61) Array
(
    [KOD] => 836323
    [TIME_FROM] => 12:00
    [TIME_TO] => 13:00               
    [CLIENTS_CNT] => 0
    [TOV_NAME] => Акробатика
    [ACC] => 0
    [CNTTRAN] => 0
    [CNTTRANRESERV] => 0
)

[2026-01-30 18:34:54] [INFO] (/home3/redbarbe/public_html/telegram/webapps/action/ajax_get_tren.php:61) Array
(
    [KOD] => 836426
    [TIME_FROM] => 12:00
    [TIME_TO] => 13:00               
    [CLIENTS_CNT] => 0
    [TOV_NAME] => Кiкбоксинг
    [ACC] => 0
    [CNTTRAN] => 0
    [CNTTRANRESERV] => 0
)

[2026-01-30 18:34:54] [INFO] (/home3/redbarbe/public_html/telegram/webapps/action/ajax_get_tren.php:61) Array
(
    [KOD] => 836735
    [TIME_FROM] => 16:00
    [TIME_TO] => 17:00               
    [CLIENTS_CNT] => 0
    [TOV_NAME] => Body Training
    [ACC] => 0
    [CNTTRAN] => 0
    [CNTTRANRESERV] => 0
)

[2026-01-30 19:08:50] [INFO] (/home3/redbarbe/public_html/telegram/webapps/action/ajax_get_tren.php:35) Array
(
    [0] => Array
        (
            [KOD] => 801375
            [TIME_FROM] => 09:00
            [TIME_TO] => 10:00               
            [CLIENTS_CNT] => 0
            [TOV_NAME] => CrossActivity
            [ACC] => 0
            [CNTTRAN] => 0
            [CNTTRANRESERV] => 0
        )

    [1] => Array
        (
            [KOD] => 801284
            [TIME_FROM] => 09:00
            [TIME_TO] => 10:00               
            [CLIENTS_CNT] => 0
            [TOV_NAME] => Total Body
            [ACC] => 0
            [CNTTRAN] => 0
            [CNTTRANRESERV] => 0
        )

    [2] => Array
        (
            [KOD] => 802907
            [TIME_FROM] => 14:00
            [TIME_TO] => 15:00               
            [CLIENTS_CNT] => 0
            [TOV_NAME] => FitnessMix
            [ACC] => 0
            [CNTTRAN] => 0
            [CNTTRANRESERV] => 0
        )

    [3] => Array
        (
            [KOD] => 801362
            [TIME_FROM] => 18:00
            [TIME_TO] => 19:00               
            [CLIENTS_CNT] => 0
            [TOV_NAME] => Паркур Kids
            [ACC] => 0
            [CNTTRAN] => 0
            [CNTTRANRESERV] => 0
        )

    [4] => Array
        (
            [KOD] => 801336
            [TIME_FROM] => 19:00
            [TIME_TO] => 20:00               
            [CLIENTS_CNT] => 0
            [TOV_NAME] => Паркур
            [ACC] => 0
            [CNTTRAN] => 0
            [CNTTRANRESERV] => 0
        )

    [5] => Array
        (
            [KOD] => 801271
            [TIME_FROM] => 19:00
            [TIME_TO] => 20:00               
            [CLIENTS_CNT] => 0
            [TOV_NAME] => CrossActivity
            [ACC] => 0
            [CNTTRAN] => 0
            [CNTTRANRESERV] => 0
        )

    [6] => Array
        (
            [KOD] => 801297
            [TIME_FROM] => 20:00
            [TIME_TO] => 21:00               
            [CLIENTS_CNT] => 0
            [TOV_NAME] => CrossActivity
            [ACC] => 0
            [CNTTRAN] => 0
            [CNTTRANRESERV] => 0
        )

    [7] => Array
        (
            [KOD] => 801349
            [TIME_FROM] => 20:00
            [TIME_TO] => 21:00               
            [CLIENTS_CNT] => 0
            [TOV_NAME] => Бокс
            [ACC] => 0
            [CNTTRAN] => 0
            [CNTTRANRESERV] => 0
        )

)

[2026-01-30 19:08:50] [INFO] (/home3/redbarbe/public_html/telegram/webapps/action/ajax_get_tren.php:61) Array
(
    [KOD] => 801375
    [TIME_FROM] => 09:00
    [TIME_TO] => 10:00               
    [CLIENTS_CNT] => 0
    [TOV_NAME] => CrossActivity
    [ACC] => 0
    [CNTTRAN] => 0
    [CNTTRANRESERV] => 0
)

[2026-01-30 19:08:50] [INFO] (/home3/redbarbe/public_html/telegram/webapps/action/ajax_get_tren.php:61) Array
(
    [KOD] => 801284
    [TIME_FROM] => 09:00
    [TIME_TO] => 10:00               
    [CLIENTS_CNT] => 0
    [TOV_NAME] => Total Body
    [ACC] => 0
    [CNTTRAN] => 0
    [CNTTRANRESERV] => 0
)

[2026-01-30 19:08:50] [INFO] (/home3/redbarbe/public_html/telegram/webapps/action/ajax_get_tren.php:61) Array
(
    [KOD] => 802907
    [TIME_FROM] => 14:00
    [TIME_TO] => 15:00               
    [CLIENTS_CNT] => 0
    [TOV_NAME] => FitnessMix
    [ACC] => 0
    [CNTTRAN] => 0
    [CNTTRANRESERV] => 0
)

[2026-01-30 19:08:50] [INFO] (/home3/redbarbe/public_html/telegram/webapps/action/ajax_get_tren.php:61) Array
(
    [KOD] => 801362
    [TIME_FROM] => 18:00
    [TIME_TO] => 19:00               
    [CLIENTS_CNT] => 0
    [TOV_NAME] => Паркур Kids
    [ACC] => 0
    [CNTTRAN] => 0
    [CNTTRANRESERV] => 0
)

[2026-01-30 19:08:50] [INFO] (/home3/redbarbe/public_html/telegram/webapps/action/ajax_get_tren.php:61) Array
(
    [KOD] => 801336
    [TIME_FROM] => 19:00
    [TIME_TO] => 20:00               
    [CLIENTS_CNT] => 0
    [TOV_NAME] => Паркур
    [ACC] => 0
    [CNTTRAN] => 0
    [CNTTRANRESERV] => 0
)

[2026-01-30 19:08:50] [INFO] (/home3/redbarbe/public_html/telegram/webapps/action/ajax_get_tren.php:61) Array
(
    [KOD] => 801271
    [TIME_FROM] => 19:00
    [TIME_TO] => 20:00               
    [CLIENTS_CNT] => 0
    [TOV_NAME] => CrossActivity
    [ACC] => 0
    [CNTTRAN] => 0
    [CNTTRANRESERV] => 0
)

[2026-01-30 19:08:50] [INFO] (/home3/redbarbe/public_html/telegram/webapps/action/ajax_get_tren.php:61) Array
(
    [KOD] => 801297
    [TIME_FROM] => 20:00
    [TIME_TO] => 21:00               
    [CLIENTS_CNT] => 0
    [TOV_NAME] => CrossActivity
    [ACC] => 0
    [CNTTRAN] => 0
    [CNTTRANRESERV] => 0
)

[2026-01-30 19:08:50] [INFO] (/home3/redbarbe/public_html/telegram/webapps/action/ajax_get_tren.php:61) Array
(
    [KOD] => 801349
    [TIME_FROM] => 20:00
    [TIME_TO] => 21:00               
    [CLIENTS_CNT] => 0
    [TOV_NAME] => Бокс
    [ACC] => 0
    [CNTTRAN] => 0
    [CNTTRANRESERV] => 0
)

[2026-01-30 19:35:22] [INFO] (/home3/redbarbe/public_html/telegram/webapps/reports/report_pers_detal.php:22) Array
(
)

[2026-01-30 19:35:28] [INFO] (/home3/redbarbe/public_html/telegram/webapps/reports/report_pers_detal.php:22) Array
(
    [ajax_method] => 2
    [action] => report_pers_detal
    [action_report] => report_view
    [admin] => 5
    [date_from] => 30.01.2026
    [date_to] => 30.01.2026
    [ip_club] => 178.158.212.173
    [podr] => pt
    [sotr] => 0714
)

[2026-01-30 19:47:10] [INFO] (/home3/redbarbe/public_html/telegram/webapps/reports/report_pers_detal.php:22) Array
(
)

[2026-01-30 19:47:15] [INFO] (/home3/redbarbe/public_html/telegram/webapps/reports/report_pers_detal.php:22) Array
(
    [ajax_method] => 2
    [action] => report_pers_detal
    [action_report] => report_view
    [admin] => 5
    [date_from] => 30.01.2026
    [date_to] => 30.01.2026
    [ip_club] => 178.158.212.173
    [podr] => grp
    [sotr] => 0708
)

[2026-01-30 19:49:15] [INFO] (/home3/redbarbe/public_html/telegram/webapps/action/ajax_get_tren.php:35) Array
(
    [0] => Array
        (
            [KOD] => 665883
            [TIME_FROM] => 08:00
            [TIME_TO] => 09:00               
            [CLIENTS_CNT] => 0
            [TOV_NAME] => Morning Functional
            [ACC] => 0
            [CNTTRAN] => 0
            [CNTTRANRESERV] => 0
        )

    [1] => Array
        (
            [KOD] => 665987
            [TIME_FROM] => 09:00
            [TIME_TO] => 10:00               
            [CLIENTS_CNT] => 0
            [TOV_NAME] => CrossActivity
            [ACC] => 0
            [CNTTRAN] => 0
            [CNTTRANRESERV] => 0
        )

    [2] => Array
        (
            [KOD] => 666195
            [TIME_FROM] => 17:00
            [TIME_TO] => 18:00               
            [CLIENTS_CNT] => 0
            [TOV_NAME] => Бокс Kids
            [ACC] => 0
            [CNTTRAN] => 1
            [CNTTRANRESERV] => 0
        )

    [3] => Array
        (
            [KOD] => 666091
            [TIME_FROM] => 18:00
            [TIME_TO] => 19:00               
            [CLIENTS_CNT] => 0
            [TOV_NAME] => Superhero Workout
            [ACC] => 0
            [CNTTRAN] => 0
            [CNTTRANRESERV] => 0
        )

    [4] => Array
        (
            [KOD] => 666507
            [TIME_FROM] => 19:30
            [TIME_TO] => 20:30               
            [CLIENTS_CNT] => 0
            [TOV_NAME] => Stretching
            [ACC] => 0
            [CNTTRAN] => 0
            [CNTTRANRESERV] => 0
        )

    [5] => Array
        (
            [KOD] => 666611
            [TIME_FROM] => 20:00
            [TIME_TO] => 21:00               
            [CLIENTS_CNT] => 0
            [TOV_NAME] => CrossActivity Pro
            [ACC] => 0
            [CNTTRAN] => 0
            [CNTTRANRESERV] => 0
        )

    [6] => Array
        (
            [KOD] => 666299
            [TIME_FROM] => 20:00
            [TIME_TO] => 21:00               
            [CLIENTS_CNT] => 0
            [TOV_NAME] => Бокс
            [ACC] => 0
            [CNTTRAN] => 0
            [CNTTRANRESERV] => 0
        )

    [7] => Array
        (
            [KOD] => 666403
            [TIME_FROM] => 20:30
            [TIME_TO] => 21:30               
            [CLIENTS_CNT] => 0
            [TOV_NAME] => Йога
            [ACC] => 0
            [CNTTRAN] => 0
            [CNTTRANRESERV] => 0
        )

)

[2026-01-30 19:49:15] [INFO] (/home3/redbarbe/public_html/telegram/webapps/action/ajax_get_tren.php:61) Array
(
    [KOD] => 665883
    [TIME_FROM] => 08:00
    [TIME_TO] => 09:00               
    [CLIENTS_CNT] => 0
    [TOV_NAME] => Morning Functional
    [ACC] => 0
    [CNTTRAN] => 0
    [CNTTRANRESERV] => 0
)

[2026-01-30 19:49:15] [INFO] (/home3/redbarbe/public_html/telegram/webapps/action/ajax_get_tren.php:61) Array
(
    [KOD] => 665987
    [TIME_FROM] => 09:00
    [TIME_TO] => 10:00               
    [CLIENTS_CNT] => 0
    [TOV_NAME] => CrossActivity
    [ACC] => 0
    [CNTTRAN] => 0
    [CNTTRANRESERV] => 0
)

[2026-01-30 19:49:15] [INFO] (/home3/redbarbe/public_html/telegram/webapps/action/ajax_get_tren.php:61) Array
(
    [KOD] => 666195
    [TIME_FROM] => 17:00
    [TIME_TO] => 18:00               
    [CLIENTS_CNT] => 0
    [TOV_NAME] => Бокс Kids
    [ACC] => 0
    [CNTTRAN] => 1
    [CNTTRANRESERV] => 0
)

[2026-01-30 19:49:15] [INFO] (/home3/redbarbe/public_html/telegram/webapps/action/ajax_get_tren.php:61) Array
(
    [KOD] => 666091
    [TIME_FROM] => 18:00
    [TIME_TO] => 19:00               
    [CLIENTS_CNT] => 0
    [TOV_NAME] => Superhero Workout
    [ACC] => 0
    [CNTTRAN] => 0
    [CNTTRANRESERV] => 0
)

[2026-01-30 19:49:15] [INFO] (/home3/redbarbe/public_html/telegram/webapps/action/ajax_get_tren.php:61) Array
(
    [KOD] => 666507
    [TIME_FROM] => 19:30
    [TIME_TO] => 20:30               
    [CLIENTS_CNT] => 0
    [TOV_NAME] => Stretching
    [ACC] => 0
    [CNTTRAN] => 0
    [CNTTRANRESERV] => 0
)

[2026-01-30 19:49:15] [INFO] (/home3/redbarbe/public_html/telegram/webapps/action/ajax_get_tren.php:61) Array
(
    [KOD] => 666611
    [TIME_FROM] => 20:00
    [TIME_TO] => 21:00               
    [CLIENTS_CNT] => 0
    [TOV_NAME] => CrossActivity Pro
    [ACC] => 0
    [CNTTRAN] => 0
    [CNTTRANRESERV] => 0
)

[2026-01-30 19:49:15] [INFO] (/home3/redbarbe/public_html/telegram/webapps/action/ajax_get_tren.php:61) Array
(
    [KOD] => 666299
    [TIME_FROM] => 20:00
    [TIME_TO] => 21:00               
    [CLIENTS_CNT] => 0
    [TOV_NAME] => Бокс
    [ACC] => 0
    [CNTTRAN] => 0
    [CNTTRANRESERV] => 0
)

[2026-01-30 19:49:15] [INFO] (/home3/redbarbe/public_html/telegram/webapps/action/ajax_get_tren.php:61) Array
(
    [KOD] => 666403
    [TIME_FROM] => 20:30
    [TIME_TO] => 21:30               
    [CLIENTS_CNT] => 0
    [TOV_NAME] => Йога
    [ACC] => 0
    [CNTTRAN] => 0
    [CNTTRANRESERV] => 0
)

[2026-01-30 19:49:22] [INFO] (/home3/redbarbe/public_html/telegram/webapps/action/ajax_fitness_zapis.php:22) Array
(
    [ajax_method] => 2
    [action] => ajax_fitness_zapis
    [dat] => 30.01.2026
    [acc] => 13123
    [trenid] => 666611
    [ost_all] => 100
    [ip_club] => 193.194.107.2
    [acctozapis] => 0
    [time_from] => 20:00
)

[2026-01-30 19:57:40] [INFO] (/home3/redbarbe/public_html/telegram/webapps/action/ajax_get_tren.php:35) Array
(
    [0] => Array
        (
            [KOD] => 799467
            [TIME_FROM] => 10:00
            [TIME_TO] => 11:00               
            [CLIENTS_CNT] => 0
            [TOV_NAME] => Йога
            [ACC] => 0
            [CNTTRAN] => 0
            [CNTTRANRESERV] => 0
        )

    [1] => Array
        (
            [KOD] => 799569
            [TIME_FROM] => 11:00
            [TIME_TO] => 12:00               
            [CLIENTS_CNT] => 0
            [TOV_NAME] => FitnessMix
            [ACC] => 0
            [CNTTRAN] => 0
            [CNTTRANRESERV] => 0
        )

    [2] => Array
        (
            [KOD] => 799518
            [TIME_FROM] => 12:00
            [TIME_TO] => 13:00               
            [CLIENTS_CNT] => 0
            [TOV_NAME] => CrossActivity
            [ACC] => 0
            [CNTTRAN] => 0
            [CNTTRANRESERV] => 0
        )

    [3] => Array
        (
            [KOD] => 799416
            [TIME_FROM] => 12:30
            [TIME_TO] => 13:30               
            [CLIENTS_CNT] => 0
            [TOV_NAME] => Stretching
            [ACC] => 0
            [CNTTRAN] => 0
            [CNTTRANRESERV] => 0
        )

)

[2026-01-30 19:57:40] [INFO] (/home3/redbarbe/public_html/telegram/webapps/action/ajax_get_tren.php:61) Array
(
    [KOD] => 799467
    [TIME_FROM] => 10:00
    [TIME_TO] => 11:00               
    [CLIENTS_CNT] => 0
    [TOV_NAME] => Йога
    [ACC] => 0
    [CNTTRAN] => 0
    [CNTTRANRESERV] => 0
)

[2026-01-30 19:57:40] [INFO] (/home3/redbarbe/public_html/telegram/webapps/action/ajax_get_tren.php:61) Array
(
    [KOD] => 799569
    [TIME_FROM] => 11:00
    [TIME_TO] => 12:00               
    [CLIENTS_CNT] => 0
    [TOV_NAME] => FitnessMix
    [ACC] => 0
    [CNTTRAN] => 0
    [CNTTRANRESERV] => 0
)

[2026-01-30 19:57:40] [INFO] (/home3/redbarbe/public_html/telegram/webapps/action/ajax_get_tren.php:61) Array
(
    [KOD] => 799518
    [TIME_FROM] => 12:00
    [TIME_TO] => 13:00               
    [CLIENTS_CNT] => 0
    [TOV_NAME] => CrossActivity
    [ACC] => 0
    [CNTTRAN] => 0
    [CNTTRANRESERV] => 0
)

[2026-01-30 19:57:40] [INFO] (/home3/redbarbe/public_html/telegram/webapps/action/ajax_get_tren.php:61) Array
(
    [KOD] => 799416
    [TIME_FROM] => 12:30
    [TIME_TO] => 13:30               
    [CLIENTS_CNT] => 0
    [TOV_NAME] => Stretching
    [ACC] => 0
    [CNTTRAN] => 0
    [CNTTRANRESERV] => 0
)

[2026-01-30 20:21:03] [INFO] (/home3/redbarbe/public_html/telegram/webapps/reports/report_pers_detal.php:22) Array
(
)

[2026-01-30 20:21:20] [INFO] (/home3/redbarbe/public_html/telegram/webapps/reports/report_pers_detal.php:22) Array
(
    [ajax_method] => 2
    [action] => report_pers_detal
    [action_report] => report_view
    [admin] => 5
    [date_from] => 30.01.2026
    [date_to] => 30.01.2026
    [ip_club] => 178.151.119.180
    [podr] => grp
    [sotr] => 0316
)

[2026-01-30 20:28:58] [INFO] (/home3/redbarbe/public_html/telegram/webapps/action/ajax_get_tren.php:35) Array
(
    [0] => Array
        (
            [KOD] => 801375
            [TIME_FROM] => 09:00
            [TIME_TO] => 10:00               
            [CLIENTS_CNT] => 0
            [TOV_NAME] => CrossActivity
            [ACC] => 0
            [CNTTRAN] => 0
            [CNTTRANRESERV] => 0
        )

    [1] => Array
        (
            [KOD] => 801284
            [TIME_FROM] => 09:00
            [TIME_TO] => 10:00               
            [CLIENTS_CNT] => 0
            [TOV_NAME] => Total Body
            [ACC] => 0
            [CNTTRAN] => 0
            [CNTTRANRESERV] => 0
        )

    [2] => Array
        (
            [KOD] => 802907
            [TIME_FROM] => 14:00
            [TIME_TO] => 15:00               
            [CLIENTS_CNT] => 0
            [TOV_NAME] => FitnessMix
            [ACC] => 0
            [CNTTRAN] => 0
            [CNTTRANRESERV] => 0
        )

    [3] => Array
        (
            [KOD] => 801362
            [TIME_FROM] => 18:00
            [TIME_TO] => 19:00               
            [CLIENTS_CNT] => 0
            [TOV_NAME] => Паркур Kids
            [ACC] => 0
            [CNTTRAN] => 0
            [CNTTRANRESERV] => 0
        )

    [4] => Array
        (
            [KOD] => 801336
            [TIME_FROM] => 19:00
            [TIME_TO] => 20:00               
            [CLIENTS_CNT] => 0
            [TOV_NAME] => Паркур
            [ACC] => 0
            [CNTTRAN] => 0
            [CNTTRANRESERV] => 0
        )

    [5] => Array
        (
            [KOD] => 801271
            [TIME_FROM] => 19:00
            [TIME_TO] => 20:00               
            [CLIENTS_CNT] => 0
            [TOV_NAME] => CrossActivity
            [ACC] => 0
            [CNTTRAN] => 0
            [CNTTRANRESERV] => 0
        )

    [6] => Array
        (
            [KOD] => 801297
            [TIME_FROM] => 20:00
            [TIME_TO] => 21:00               
            [CLIENTS_CNT] => 0
            [TOV_NAME] => CrossActivity
            [ACC] => 0
            [CNTTRAN] => 0
            [CNTTRANRESERV] => 0
        )

    [7] => Array
        (
            [KOD] => 801349
            [TIME_FROM] => 20:00
            [TIME_TO] => 21:00               
            [CLIENTS_CNT] => 0
            [TOV_NAME] => Бокс
            [ACC] => 0
            [CNTTRAN] => 0
            [CNTTRANRESERV] => 0
        )

)

[2026-01-30 20:28:58] [INFO] (/home3/redbarbe/public_html/telegram/webapps/action/ajax_get_tren.php:61) Array
(
    [KOD] => 801375
    [TIME_FROM] => 09:00
    [TIME_TO] => 10:00               
    [CLIENTS_CNT] => 0
    [TOV_NAME] => CrossActivity
    [ACC] => 0
    [CNTTRAN] => 0
    [CNTTRANRESERV] => 0
)

[2026-01-30 20:28:58] [INFO] (/home3/redbarbe/public_html/telegram/webapps/action/ajax_get_tren.php:61) Array
(
    [KOD] => 801284
    [TIME_FROM] => 09:00
    [TIME_TO] => 10:00               
    [CLIENTS_CNT] => 0
    [TOV_NAME] => Total Body
    [ACC] => 0
    [CNTTRAN] => 0
    [CNTTRANRESERV] => 0
)

[2026-01-30 20:28:58] [INFO] (/home3/redbarbe/public_html/telegram/webapps/action/ajax_get_tren.php:61) Array
(
    [KOD] => 802907
    [TIME_FROM] => 14:00
    [TIME_TO] => 15:00               
    [CLIENTS_CNT] => 0
    [TOV_NAME] => FitnessMix
    [ACC] => 0
    [CNTTRAN] => 0
    [CNTTRANRESERV] => 0
)

[2026-01-30 20:28:58] [INFO] (/home3/redbarbe/public_html/telegram/webapps/action/ajax_get_tren.php:61) Array
(
    [KOD] => 801362
    [TIME_FROM] => 18:00
    [TIME_TO] => 19:00               
    [CLIENTS_CNT] => 0
    [TOV_NAME] => Паркур Kids
    [ACC] => 0
    [CNTTRAN] => 0
    [CNTTRANRESERV] => 0
)

[2026-01-30 20:28:58] [INFO] (/home3/redbarbe/public_html/telegram/webapps/action/ajax_get_tren.php:61) Array
(
    [KOD] => 801336
    [TIME_FROM] => 19:00
    [TIME_TO] => 20:00               
    [CLIENTS_CNT] => 0
    [TOV_NAME] => Паркур
    [ACC] => 0
    [CNTTRAN] => 0
    [CNTTRANRESERV] => 0
)

[2026-01-30 20:28:58] [INFO] (/home3/redbarbe/public_html/telegram/webapps/action/ajax_get_tren.php:61) Array
(
    [KOD] => 801271
    [TIME_FROM] => 19:00
    [TIME_TO] => 20:00               
    [CLIENTS_CNT] => 0
    [TOV_NAME] => CrossActivity
    [ACC] => 0
    [CNTTRAN] => 0
    [CNTTRANRESERV] => 0
)

[2026-01-30 20:28:58] [INFO] (/home3/redbarbe/public_html/telegram/webapps/action/ajax_get_tren.php:61) Array
(
    [KOD] => 801297
    [TIME_FROM] => 20:00
    [TIME_TO] => 21:00               
    [CLIENTS_CNT] => 0
    [TOV_NAME] => CrossActivity
    [ACC] => 0
    [CNTTRAN] => 0
    [CNTTRANRESERV] => 0
)

[2026-01-30 20:28:58] [INFO] (/home3/redbarbe/public_html/telegram/webapps/action/ajax_get_tren.php:61) Array
(
    [KOD] => 801349
    [TIME_FROM] => 20:00
    [TIME_TO] => 21:00               
    [CLIENTS_CNT] => 0
    [TOV_NAME] => Бокс
    [ACC] => 0
    [CNTTRAN] => 0
    [CNTTRANRESERV] => 0
)

[2026-01-30 20:29:12] [INFO] (/home3/redbarbe/public_html/telegram/webapps/action/ajax_get_tren.php:35) Array
(
    [0] => Array
        (
            [KOD] => 799467
            [TIME_FROM] => 10:00
            [TIME_TO] => 11:00               
            [CLIENTS_CNT] => 0
            [TOV_NAME] => Йога
            [ACC] => 0
            [CNTTRAN] => 0
            [CNTTRANRESERV] => 0
        )

    [1] => Array
        (
            [KOD] => 799569
            [TIME_FROM] => 11:00
            [TIME_TO] => 12:00               
            [CLIENTS_CNT] => 0
            [TOV_NAME] => FitnessMix
            [ACC] => 0
            [CNTTRAN] => 0
            [CNTTRANRESERV] => 0
        )

    [2] => Array
        (
            [KOD] => 799518
            [TIME_FROM] => 12:00
            [TIME_TO] => 13:00               
            [CLIENTS_CNT] => 0
            [TOV_NAME] => CrossActivity
            [ACC] => 0
            [CNTTRAN] => 0
            [CNTTRANRESERV] => 0
        )

    [3] => Array
        (
            [KOD] => 799416
            [TIME_FROM] => 12:30
            [TIME_TO] => 13:30               
            [CLIENTS_CNT] => 0
            [TOV_NAME] => Stretching
            [ACC] => 0
            [CNTTRAN] => 0
            [CNTTRANRESERV] => 0
        )

)

[2026-01-30 20:29:12] [INFO] (/home3/redbarbe/public_html/telegram/webapps/action/ajax_get_tren.php:61) Array
(
    [KOD] => 799467
    [TIME_FROM] => 10:00
    [TIME_TO] => 11:00               
    [CLIENTS_CNT] => 0
    [TOV_NAME] => Йога
    [ACC] => 0
    [CNTTRAN] => 0
    [CNTTRANRESERV] => 0
)

[2026-01-30 20:29:12] [INFO] (/home3/redbarbe/public_html/telegram/webapps/action/ajax_get_tren.php:61) Array
(
    [KOD] => 799569
    [TIME_FROM] => 11:00
    [TIME_TO] => 12:00               
    [CLIENTS_CNT] => 0
    [TOV_NAME] => FitnessMix
    [ACC] => 0
    [CNTTRAN] => 0
    [CNTTRANRESERV] => 0
)

[2026-01-30 20:29:12] [INFO] (/home3/redbarbe/public_html/telegram/webapps/action/ajax_get_tren.php:61) Array
(
    [KOD] => 799518
    [TIME_FROM] => 12:00
    [TIME_TO] => 13:00               
    [CLIENTS_CNT] => 0
    [TOV_NAME] => CrossActivity
    [ACC] => 0
    [CNTTRAN] => 0
    [CNTTRANRESERV] => 0
)

[2026-01-30 20:29:12] [INFO] (/home3/redbarbe/public_html/telegram/webapps/action/ajax_get_tren.php:61) Array
(
    [KOD] => 799416
    [TIME_FROM] => 12:30
    [TIME_TO] => 13:30               
    [CLIENTS_CNT] => 0
    [TOV_NAME] => Stretching
    [ACC] => 0
    [CNTTRAN] => 0
    [CNTTRANRESERV] => 0
)

[2026-01-30 20:39:33] [INFO] (/home3/redbarbe/public_html/telegram/webapps/reports/report_pers_detal.php:22) Array
(
)

[2026-01-30 20:39:39] [INFO] (/home3/redbarbe/public_html/telegram/webapps/reports/report_pers_detal.php:22) Array
(
    [ajax_method] => 2
    [action] => report_pers_detal
    [action_report] => report_view
    [admin] => 5
    [date_from] => 30.01.2026
    [date_to] => 30.01.2026
    [ip_club] => 193.194.107.2
    [podr] => grp
    [sotr] => 0350
)

[2026-01-30 20:45:44] [INFO] (/home3/redbarbe/public_html/telegram/webapps/action/ajax_get_tren.php:35) Array
(
    [0] => Array
        (
            [KOD] => 799467
            [TIME_FROM] => 10:00
            [TIME_TO] => 11:00               
            [CLIENTS_CNT] => 0
            [TOV_NAME] => Йога
            [ACC] => 0
            [CNTTRAN] => 0
            [CNTTRANRESERV] => 0
        )

    [1] => Array
        (
            [KOD] => 799569
            [TIME_FROM] => 11:00
            [TIME_TO] => 12:00               
            [CLIENTS_CNT] => 0
            [TOV_NAME] => FitnessMix
            [ACC] => 0
            [CNTTRAN] => 0
            [CNTTRANRESERV] => 0
        )

    [2] => Array
        (
            [KOD] => 799518
            [TIME_FROM] => 12:00
            [TIME_TO] => 13:00               
            [CLIENTS_CNT] => 0
            [TOV_NAME] => CrossActivity
            [ACC] => 0
            [CNTTRAN] => 0
            [CNTTRANRESERV] => 0
        )

    [3] => Array
        (
            [KOD] => 799416
            [TIME_FROM] => 12:30
            [TIME_TO] => 13:30               
            [CLIENTS_CNT] => 0
            [TOV_NAME] => Stretching
            [ACC] => 0
            [CNTTRAN] => 0
            [CNTTRANRESERV] => 0
        )

)

[2026-01-30 20:45:44] [INFO] (/home3/redbarbe/public_html/telegram/webapps/action/ajax_get_tren.php:61) Array
(
    [KOD] => 799467
    [TIME_FROM] => 10:00
    [TIME_TO] => 11:00               
    [CLIENTS_CNT] => 0
    [TOV_NAME] => Йога
    [ACC] => 0
    [CNTTRAN] => 0
    [CNTTRANRESERV] => 0
)

[2026-01-30 20:45:44] [INFO] (/home3/redbarbe/public_html/telegram/webapps/action/ajax_get_tren.php:61) Array
(
    [KOD] => 799569
    [TIME_FROM] => 11:00
    [TIME_TO] => 12:00               
    [CLIENTS_CNT] => 0
    [TOV_NAME] => FitnessMix
    [ACC] => 0
    [CNTTRAN] => 0
    [CNTTRANRESERV] => 0
)

[2026-01-30 20:45:44] [INFO] (/home3/redbarbe/public_html/telegram/webapps/action/ajax_get_tren.php:61) Array
(
    [KOD] => 799518
    [TIME_FROM] => 12:00
    [TIME_TO] => 13:00               
    [CLIENTS_CNT] => 0
    [TOV_NAME] => CrossActivity
    [ACC] => 0
    [CNTTRAN] => 0
    [CNTTRANRESERV] => 0
)

[2026-01-30 20:45:44] [INFO] (/home3/redbarbe/public_html/telegram/webapps/action/ajax_get_tren.php:61) Array
(
    [KOD] => 799416
    [TIME_FROM] => 12:30
    [TIME_TO] => 13:30               
    [CLIENTS_CNT] => 0
    [TOV_NAME] => Stretching
    [ACC] => 0
    [CNTTRAN] => 0
    [CNTTRANRESERV] => 0
)

[2026-01-30 20:58:40] [INFO] (/home3/redbarbe/public_html/telegram/webapps/reports/report_pers_detal.php:22) Array
(
)

[2026-01-30 20:58:45] [INFO] (/home3/redbarbe/public_html/telegram/webapps/reports/report_pers_detal.php:22) Array
(
    [ajax_method] => 2
    [action] => report_pers_detal
    [action_report] => report_view
    [admin] => 5
    [date_from] => 30.01.2026
    [date_to] => 30.01.2026
    [ip_club] => 178.151.119.180
    [podr] => grp
    [sotr] => 0316
)

[2026-01-30 21:06:14] [INFO] (/home3/redbarbe/public_html/telegram/webapps/action/ajax_fitness_zapis.php:22) Array
(
    [ajax_method] => 2
    [action] => ajax_fitness_zapis
    [dat] => 31.01.2026
    [acc] => 15224
    [trenid] => 799569
    [ost_all] => 100
    [ip_club] => 178.158.212.173
    [acctozapis] => 0
    [time_from] => 11:00
)

[2026-01-30 21:06:34] [INFO] (/home3/redbarbe/public_html/telegram/webapps/action/ajax_get_tren.php:35) Array
(
    [0] => Array
        (
            [KOD] => 799467
            [TIME_FROM] => 10:00
            [TIME_TO] => 11:00               
            [CLIENTS_CNT] => 0
            [TOV_NAME] => Йога
            [ACC] => 0
            [CNTTRAN] => 0
            [CNTTRANRESERV] => 0
        )

    [1] => Array
        (
            [KOD] => 799569
            [TIME_FROM] => 11:00
            [TIME_TO] => 12:00               
            [CLIENTS_CNT] => 0
            [TOV_NAME] => FitnessMix
            [ACC] => 15224
            [CNTTRAN] => 1
            [CNTTRANRESERV] => 0
        )

    [2] => Array
        (
            [KOD] => 799518
            [TIME_FROM] => 12:00
            [TIME_TO] => 13:00               
            [CLIENTS_CNT] => 0
            [TOV_NAME] => CrossActivity
            [ACC] => 0
            [CNTTRAN] => 0
            [CNTTRANRESERV] => 0
        )

    [3] => Array
        (
            [KOD] => 799416
            [TIME_FROM] => 12:30
            [TIME_TO] => 13:30               
            [CLIENTS_CNT] => 0
            [TOV_NAME] => Stretching
            [ACC] => 0
            [CNTTRAN] => 0
            [CNTTRANRESERV] => 0
        )

)

[2026-01-30 21:06:34] [INFO] (/home3/redbarbe/public_html/telegram/webapps/action/ajax_get_tren.php:61) Array
(
    [KOD] => 799467
    [TIME_FROM] => 10:00
    [TIME_TO] => 11:00               
    [CLIENTS_CNT] => 0
    [TOV_NAME] => Йога
    [ACC] => 0
    [CNTTRAN] => 0
    [CNTTRANRESERV] => 0
)

[2026-01-30 21:06:34] [INFO] (/home3/redbarbe/public_html/telegram/webapps/action/ajax_get_tren.php:61) Array
(
    [KOD] => 799569
    [TIME_FROM] => 11:00
    [TIME_TO] => 12:00               
    [CLIENTS_CNT] => 0
    [TOV_NAME] => FitnessMix
    [ACC] => 15224
    [CNTTRAN] => 1
    [CNTTRANRESERV] => 0
)

[2026-01-30 21:06:34] [INFO] (/home3/redbarbe/public_html/telegram/webapps/action/ajax_get_tren.php:61) Array
(
    [KOD] => 799518
    [TIME_FROM] => 12:00
    [TIME_TO] => 13:00               
    [CLIENTS_CNT] => 0
    [TOV_NAME] => CrossActivity
    [ACC] => 0
    [CNTTRAN] => 0
    [CNTTRANRESERV] => 0
)

[2026-01-30 21:06:34] [INFO] (/home3/redbarbe/public_html/telegram/webapps/action/ajax_get_tren.php:61) Array
(
    [KOD] => 799416
    [TIME_FROM] => 12:30
    [TIME_TO] => 13:30               
    [CLIENTS_CNT] => 0
    [TOV_NAME] => Stretching
    [ACC] => 0
    [CNTTRAN] => 0
    [CNTTRANRESERV] => 0
)

[2026-01-30 21:06:46] [INFO] (/home3/redbarbe/public_html/telegram/webapps/action/hist_ind.php:16) SELECT a.name FROM `spr_acc` a, spr_users u WHERE u.active_account=a.acc and u.chat_id=a.chat_id and a.acc=9068 
and u.club=(select id from spr_clubs where ip_club="178.151.119.180") limit 1
[2026-01-30 21:06:46] [INFO] (/home3/redbarbe/public_html/telegram/webapps/action/hist_ind.php:17) hist_grp
[2026-01-30 21:06:46] [INFO] (/home3/redbarbe/public_html/telegram/webapps/action/hist_ind.php:108) Array
(
    [dbeg] => 30.10.2025
    [dend] => today
    [acc] => 9068
    [command] => get_ind_history
)

[2026-01-30 21:06:46] [INFO] (/home3/redbarbe/public_html/telegram/webapps/action/hist_ind.php:109) ip=178.151.119.180
[2026-01-30 21:06:51] [INFO] (/home3/redbarbe/public_html/telegram/webapps/action/hist_ost_poslug.php:12) SELECT a.name FROM `spr_acc` a, spr_users u WHERE u.active_account=a.acc and u.chat_id=a.chat_id and a.acc=9068 
and u.club=(select id from spr_clubs where ip_club="178.151.119.180") limit 1
[2026-01-30 21:06:51] [INFO] (/home3/redbarbe/public_html/telegram/webapps/action/hist_ost_poslug.php:13) hist_ost_poslug
[2026-01-30 21:06:51] [INFO] (/home3/redbarbe/public_html/telegram/webapps/action/hist_ost_poslug.php:104) Array
(
    [acc] => 9068
    [command] => GET_OST_POSLUG_ACC
)

[2026-01-30 21:06:51] [INFO] (/home3/redbarbe/public_html/telegram/webapps/action/hist_ost_poslug.php:105) ip=178.151.119.180
[2026-01-30 21:07:19] [INFO] (/home3/redbarbe/public_html/telegram/webapps/action/my_zapis.php:104) Array
(
    [0] => Array
        (
            [DAT1] => 2026-01-31 00:00:00
            [DAT] => 31.01.2026
            [TIME_START] => 11:00
            [TIME_STOP] => 12:00
            [PODR_NAME] => FitnessMix
            [SOTR_NAME] => 
            [TP] => 2
            [TRAIN] => 799569
            [TO_RESERV] => 
        )

)

[2026-01-30 21:18:52] [INFO] (/home3/redbarbe/public_html/telegram/webapps/action/hist_ind.php:16) SELECT a.name FROM `spr_acc` a, spr_users u WHERE u.active_account=a.acc and u.chat_id=a.chat_id and a.acc=13701 
and u.club=(select id from spr_clubs where ip_club="178.151.119.180") limit 1
[2026-01-30 21:18:52] [INFO] (/home3/redbarbe/public_html/telegram/webapps/action/hist_ind.php:17) hist_grp
[2026-01-30 21:18:52] [INFO] (/home3/redbarbe/public_html/telegram/webapps/action/hist_ind.php:108) Array
(
    [dbeg] => 30.10.2025
    [dend] => today
    [acc] => 13701
    [command] => get_ind_history
)

[2026-01-30 21:18:52] [INFO] (/home3/redbarbe/public_html/telegram/webapps/action/hist_ind.php:109) ip=178.151.119.180
[2026-01-30 21:18:58] [INFO] (/home3/redbarbe/public_html/telegram/webapps/action/hist_ost_poslug.php:12) SELECT a.name FROM `spr_acc` a, spr_users u WHERE u.active_account=a.acc and u.chat_id=a.chat_id and a.acc=13701 
and u.club=(select id from spr_clubs where ip_club="178.151.119.180") limit 1
[2026-01-30 21:18:58] [INFO] (/home3/redbarbe/public_html/telegram/webapps/action/hist_ost_poslug.php:13) hist_ost_poslug
[2026-01-30 21:18:58] [INFO] (/home3/redbarbe/public_html/telegram/webapps/action/hist_ost_poslug.php:104) Array
(
    [acc] => 13701
    [command] => GET_OST_POSLUG_ACC
)

[2026-01-30 21:18:58] [INFO] (/home3/redbarbe/public_html/telegram/webapps/action/hist_ost_poslug.php:105) ip=178.151.119.180
[2026-01-30 21:19:37] [INFO] (/home3/redbarbe/public_html/telegram/webapps/action/hist_ost_poslug.php:12) SELECT a.name FROM `spr_acc` a, spr_users u WHERE u.active_account=a.acc and u.chat_id=a.chat_id and a.acc=13701 
and u.club=(select id from spr_clubs where ip_club="178.151.119.180") limit 1
[2026-01-30 21:19:37] [INFO] (/home3/redbarbe/public_html/telegram/webapps/action/hist_ost_poslug.php:13) hist_ost_poslug
[2026-01-30 21:19:37] [INFO] (/home3/redbarbe/public_html/telegram/webapps/action/hist_ost_poslug.php:104) Array
(
    [acc] => 13701
    [command] => GET_OST_POSLUG_ACC
)

[2026-01-30 21:19:37] [INFO] (/home3/redbarbe/public_html/telegram/webapps/action/hist_ost_poslug.php:105) ip=178.151.119.180
[2026-01-30 21:19:42] [INFO] (/home3/redbarbe/public_html/telegram/webapps/action/hist_ind.php:16) SELECT a.name FROM `spr_acc` a, spr_users u WHERE u.active_account=a.acc and u.chat_id=a.chat_id and a.acc=13701 
and u.club=(select id from spr_clubs where ip_club="178.151.119.180") limit 1
[2026-01-30 21:19:42] [INFO] (/home3/redbarbe/public_html/telegram/webapps/action/hist_ind.php:17) hist_grp
[2026-01-30 21:19:42] [INFO] (/home3/redbarbe/public_html/telegram/webapps/action/hist_ind.php:108) Array
(
    [dbeg] => 30.10.2025
    [dend] => today
    [acc] => 13701
    [command] => get_ind_history
)

[2026-01-30 21:19:42] [INFO] (/home3/redbarbe/public_html/telegram/webapps/action/hist_ind.php:109) ip=178.151.119.180
[2026-01-30 21:23:52] [INFO] (/home3/redbarbe/public_html/telegram/webapps/reports/report_pers_detal.php:22) Array
(
)

[2026-01-30 21:24:00] [INFO] (/home3/redbarbe/public_html/telegram/webapps/reports/report_pers_detal.php:22) Array
(
    [ajax_method] => 2
    [action] => report_pers_detal
    [action_report] => report_view
    [admin] => 5
    [date_from] => 30.01.2026
    [date_to] => 30.01.2026
    [ip_club] => 193.194.107.2
    [podr] => grp
    [sotr] => 0315
)

[2026-01-30 21:37:58] [INFO] (/home3/redbarbe/public_html/telegram/webapps/action/select_sotr.php:17) Array
(
    [action] => select_sotr
    [club] => -
    [club_ip] => 178.151.119.180
)

[2026-01-30 21:37:58] [INFO] (/home3/redbarbe/public_html/telegram/webapps/action/select_sotr.php:27) Array
(
    [0] => Array
        (
            [ROLE] => Тренер
            [ID] => 0717
            [NAME] => Єфремова Олександра 
        )

    [1] => Array
        (
            [ROLE] => Тренер
            [ID] => 0707
            [NAME] => Андрияш Анна
        )

    [2] => Array
        (
            [ROLE] => Администратор фитнеса
            [ID] => 0903
            [NAME] => Антонова Аліса
        )

    [3] => Array
        (
            [ROLE] => Тренер
            [ID] => 0302
            [NAME] => Аштема Александр
        )

    [4] => Array
        (
            [ROLE] => Тренер
            [ID] => 0399
            [NAME] => Біліч Лариса
        )

    [5] => Array
        (
            [ROLE] => Тренер
            [ID] => 0316
            [NAME] => Вєтрова Катя
        )

    [6] => Array
        (
            [ROLE] => Тренер
            [ID] => 0708
            [NAME] => Виноградов Александр
        )

    [7] => Array
        (
            [ROLE] => Администратор фитнеса
            [ID] => 0402
            [NAME] => Войтюк Мар'яна
        )

    [8] => Array
        (
            [ROLE] => Тренер
            [ID] => 0327
            [NAME] => Гармаш Владимир
        )

    [9] => Array
        (
            [ROLE] => Главний бухгалтер
            [ID] => 0902
            [NAME] => Глав. Бух.
        )

    [10] => Array
        (
            [ROLE] => Тренер
            [ID] => 0718
            [NAME] => Дворніков Дмитро 
        )

    [11] => Array
        (
            [ROLE] => Администратор фитнеса
            [ID] => 0101
            [NAME] => Дежурный
        )

    [12] => Array
        (
            [ROLE] => Администратор фитнеса
            [ID] => 0104
            [NAME] => Демченко Александра
        )

    [13] => Array
        (
            [ROLE] => Администратор фитнеса
            [ID] => 0102
            [NAME] => Дубинчук Наталья
        )

    [14] => Array
        (
            [ROLE] => Тренер
            [ID] => 0304
            [NAME] => Елецкая Светлана
        )

    [15] => Array
        (
            [ROLE] => Тренер
            [ID] => 0308
            [NAME] => Колесник Богдан
        )

    [16] => Array
        (
            [ROLE] => Тренер
            [ID] => 0312
            [NAME] => Крыжановский Павел
        )

    [17] => Array
        (
            [ROLE] => Тренер
            [ID] => 0313
            [NAME] => Кукурудзяк Руслан
        )

    [18] => Array
        (
            [ROLE] => Тренер
            [ID] => 0325
            [NAME] => Оруджева Юлія
        )

    [19] => Array
        (
            [ROLE] => Тренер
            [ID] => 0710
            [NAME] => Остафи Денис
        )

    [20] => Array
        (
            [ROLE] => Тренер
            [ID] => 0715
            [NAME] => Проломов Данил
        )

    [21] => Array
        (
            [ROLE] => Тренер
            [ID] => 0311
            [NAME] => Романовская Наталья
        )

    [22] => Array
        (
            [ROLE] => Тренер
            [ID] => 0711
            [NAME] => Солянов Владислав
        )

    [23] => Array
        (
            [ROLE] => Тренер
            [ID] => 0326
            [NAME] => Тищенко Ольга
        )

    [24] => Array
        (
            [ROLE] => Тренер
            [ID] => 0310
            [NAME] => Фесенко Ира
        )

    [25] => Array
        (
            [ROLE] => Тренер
            [ID] => 0103
            [NAME] => Шевелько Руслан
        )

    [26] => Array
        (
            [ROLE] => Тренер
            [ID] => 0712
            [NAME] => Шевчук Вікторія
        )

    [27] => Array
        (
            [ROLE] => Головний адміністратор
            [ID] => 0901
            [NAME] => системный
        )

)

[2026-01-30 21:39:16] [INFO] (/home3/redbarbe/public_html/telegram/webapps/action/select_sotr.php:17) Array
(
    [action] => select_sotr
    [club] => -
    [club_ip] => 178.151.119.180
)

[2026-01-30 21:39:16] [INFO] (/home3/redbarbe/public_html/telegram/webapps/action/select_sotr.php:27) Array
(
    [0] => Array
        (
            [ROLE] => Тренер
            [ID] => 0717
            [NAME] => Єфремова Олександра 
        )

    [1] => Array
        (
            [ROLE] => Тренер
            [ID] => 0707
            [NAME] => Андрияш Анна
        )

    [2] => Array
        (
            [ROLE] => Администратор фитнеса
            [ID] => 0903
            [NAME] => Антонова Аліса
        )

    [3] => Array
        (
            [ROLE] => Тренер
            [ID] => 0302
            [NAME] => Аштема Александр
        )

    [4] => Array
        (
            [ROLE] => Тренер
            [ID] => 0399
            [NAME] => Біліч Лариса
        )

    [5] => Array
        (
            [ROLE] => Тренер
            [ID] => 0316
            [NAME] => Вєтрова Катя
        )

    [6] => Array
        (
            [ROLE] => Тренер
            [ID] => 0708
            [NAME] => Виноградов Александр
        )

    [7] => Array
        (
            [ROLE] => Администратор фитнеса
            [ID] => 0402
            [NAME] => Войтюк Мар'яна
        )

    [8] => Array
        (
            [ROLE] => Тренер
            [ID] => 0327
            [NAME] => Гармаш Владимир
        )

    [9] => Array
        (
            [ROLE] => Главний бухгалтер
            [ID] => 0902
            [NAME] => Глав. Бух.
        )

    [10] => Array
        (
            [ROLE] => Тренер
            [ID] => 0718
            [NAME] => Дворніков Дмитро 
        )

    [11] => Array
        (
            [ROLE] => Администратор фитнеса
            [ID] => 0101
            [NAME] => Дежурный
        )

    [12] => Array
        (
            [ROLE] => Администратор фитнеса
            [ID] => 0104
            [NAME] => Демченко Александра
        )

    [13] => Array
        (
            [ROLE] => Администратор фитнеса
            [ID] => 0102
            [NAME] => Дубинчук Наталья
        )

    [14] => Array
        (
            [ROLE] => Тренер
            [ID] => 0304
            [NAME] => Елецкая Светлана
        )

    [15] => Array
        (
            [ROLE] => Тренер
            [ID] => 0308
            [NAME] => Колесник Богдан
        )

    [16] => Array
        (
            [ROLE] => Тренер
            [ID] => 0312
            [NAME] => Крыжановский Павел
        )

    [17] => Array
        (
            [ROLE] => Тренер
            [ID] => 0313
            [NAME] => Кукурудзяк Руслан
        )

    [18] => Array
        (
            [ROLE] => Тренер
            [ID] => 0325
            [NAME] => Оруджева Юлія
        )

    [19] => Array
        (
            [ROLE] => Тренер
            [ID] => 0710
            [NAME] => Остафи Денис
        )

    [20] => Array
        (
            [ROLE] => Тренер
            [ID] => 0715
            [NAME] => Проломов Данил
        )

    [21] => Array
        (
            [ROLE] => Тренер
            [ID] => 0311
            [NAME] => Романовская Наталья
        )

    [22] => Array
        (
            [ROLE] => Тренер
            [ID] => 0711
            [NAME] => Солянов Владислав
        )

    [23] => Array
        (
            [ROLE] => Тренер
            [ID] => 0326
            [NAME] => Тищенко Ольга
        )

    [24] => Array
        (
            [ROLE] => Тренер
            [ID] => 0310
            [NAME] => Фесенко Ира
        )

    [25] => Array
        (
            [ROLE] => Тренер
            [ID] => 0103
            [NAME] => Шевелько Руслан
        )

    [26] => Array
        (
            [ROLE] => Тренер
            [ID] => 0712
            [NAME] => Шевчук Вікторія
        )

    [27] => Array
        (
            [ROLE] => Головний адміністратор
            [ID] => 0901
            [NAME] => системный
        )

)

[2026-01-30 21:50:28] [INFO] (/home3/redbarbe/public_html/telegram/webapps/action/hist_ind.php:16) SELECT a.name FROM `spr_acc` a, spr_users u WHERE u.active_account=a.acc and u.chat_id=a.chat_id and a.acc=13783 
and u.club=(select id from spr_clubs where ip_club="212.26.139.90") limit 1
[2026-01-30 21:50:28] [INFO] (/home3/redbarbe/public_html/telegram/webapps/action/hist_ind.php:17) hist_grp
[2026-01-30 21:50:28] [INFO] (/home3/redbarbe/public_html/telegram/webapps/action/hist_ind.php:108) Array
(
    [dbeg] => 30.10.2025
    [dend] => today
    [acc] => 13783
    [command] => get_ind_history
)

[2026-01-30 21:50:28] [INFO] (/home3/redbarbe/public_html/telegram/webapps/action/hist_ind.php:109) ip=212.26.139.90
[2026-01-30 21:57:01] [INFO] (/home3/redbarbe/public_html/telegram/webapps/action/ajax_get_tren.php:35) Array
(
    [0] => Array
        (
            [KOD] => 856241
            [TIME_FROM] => 10:00
            [TIME_TO] => 11:00               
            [CLIENTS_CNT] => 0
            [TOV_NAME] => F.B.T. (Fat burn traning)
            [ACC] => 0
            [CNTTRAN] => 0
            [CNTTRANRESERV] => 0
        )

)

[2026-01-30 21:57:01] [INFO] (/home3/redbarbe/public_html/telegram/webapps/action/ajax_get_tren.php:61) Array
(
    [KOD] => 856241
    [TIME_FROM] => 10:00
    [TIME_TO] => 11:00               
    [CLIENTS_CNT] => 0
    [TOV_NAME] => F.B.T. (Fat burn traning)
    [ACC] => 0
    [CNTTRAN] => 0
    [CNTTRANRESERV] => 0
)

[2026-01-30 22:00:38] [INFO] (/home3/redbarbe/public_html/telegram/webapps/reports/report_pers_detal.php:22) Array
(
)

[2026-01-30 22:00:49] [INFO] (/home3/redbarbe/public_html/telegram/webapps/reports/report_pers_detal.php:22) Array
(
    [ajax_method] => 2
    [action] => report_pers_detal
    [action_report] => report_view
    [admin] => 5
    [date_from] => 30.01.2026
    [date_to] => 30.01.2026
    [ip_club] => 178.158.212.173
    [podr] => all
    [sotr] => 0112
)

[2026-01-30 22:17:58] [INFO] (/home3/redbarbe/public_html/telegram/webapps/reports/report_pers_detal.php:22) Array
(
)

[2026-01-30 22:18:03] [INFO] (/home3/redbarbe/public_html/telegram/webapps/reports/report_pers_detal.php:22) Array
(
    [ajax_method] => 2
    [action] => report_pers_detal
    [action_report] => report_view
    [admin] => 5
    [date_from] => 01.01.2026
    [date_to] => 31.01.2026
    [ip_club] => 212.26.139.90
    [podr] => all
    [sotr] => 007989
)

[2026-01-30 22:27:16] [INFO] (/home3/redbarbe/public_html/telegram/webapps/reports/report_pers_detal.php:22) Array
(
)

[2026-01-30 22:27:22] [INFO] (/home3/redbarbe/public_html/telegram/webapps/reports/report_pers_detal.php:22) Array
(
)

[2026-01-30 22:27:36] [INFO] (/home3/redbarbe/public_html/telegram/webapps/reports/report_pers_detal.php:22) Array
(
    [ajax_method] => 2
    [action] => report_pers_detal
    [action_report] => report_view
    [admin] => 5
    [date_from] => 31.01.2026
    [date_to] => 30.01.2026
    [ip_club] => 178.151.119.180
    [podr] => all
    [sotr] => 0326
)

[2026-01-30 22:27:46] [INFO] (/home3/redbarbe/public_html/telegram/webapps/reports/report_pers_detal.php:22) Array
(
    [ajax_method] => 2
    [action] => report_pers_detal
    [action_report] => report_view
    [admin] => 5
    [date_from] => 31.01.2026
    [date_to] => 30.01.2026
    [ip_club] => 178.151.119.180
    [podr] => all
    [sotr] => 0326
)

[2026-01-30 22:27:57] [INFO] (/home3/redbarbe/public_html/telegram/webapps/reports/report_pers_detal.php:22) Array
(
    [ajax_method] => 2
    [action] => report_pers_detal
    [action_report] => report_view
    [admin] => 5
    [date_from] => 30.01.2026
    [date_to] => 30.01.2026
    [ip_club] => 178.151.119.180
    [podr] => all
    [sotr] => 0326
)

[2026-01-30 22:28:17] [INFO] (/home3/redbarbe/public_html/telegram/webapps/reports/report_pers_detal.php:22) Array
(
)

[2026-01-30 22:30:57] [INFO] (/home3/redbarbe/public_html/telegram/webapps/action/ajax_get_tren.php:35) Array
(
    [0] => Array
        (
            [KOD] => 799467
            [TIME_FROM] => 10:00
            [TIME_TO] => 11:00               
            [CLIENTS_CNT] => 0
            [TOV_NAME] => Йога
            [ACC] => 0
            [CNTTRAN] => 0
            [CNTTRANRESERV] => 0
        )

    [1] => Array
        (
            [KOD] => 799569
            [TIME_FROM] => 11:00
            [TIME_TO] => 12:00               
            [CLIENTS_CNT] => 0
            [TOV_NAME] => FitnessMix
            [ACC] => 0
            [CNTTRAN] => 1
            [CNTTRANRESERV] => 0
        )

    [2] => Array
        (
            [KOD] => 799518
            [TIME_FROM] => 12:00
            [TIME_TO] => 13:00               
            [CLIENTS_CNT] => 0
            [TOV_NAME] => CrossActivity
            [ACC] => 0
            [CNTTRAN] => 0
            [CNTTRANRESERV] => 0
        )

    [3] => Array
        (
            [KOD] => 799416
            [TIME_FROM] => 12:30
            [TIME_TO] => 13:30               
            [CLIENTS_CNT] => 0
            [TOV_NAME] => Stretching
            [ACC] => 0
            [CNTTRAN] => 0
            [CNTTRANRESERV] => 0
        )

)

[2026-01-30 22:30:57] [INFO] (/home3/redbarbe/public_html/telegram/webapps/action/ajax_get_tren.php:61) Array
(
    [KOD] => 799467
    [TIME_FROM] => 10:00
    [TIME_TO] => 11:00               
    [CLIENTS_CNT] => 0
    [TOV_NAME] => Йога
    [ACC] => 0
    [CNTTRAN] => 0
    [CNTTRANRESERV] => 0
)

[2026-01-30 22:30:57] [INFO] (/home3/redbarbe/public_html/telegram/webapps/action/ajax_get_tren.php:61) Array
(
    [KOD] => 799569
    [TIME_FROM] => 11:00
    [TIME_TO] => 12:00               
    [CLIENTS_CNT] => 0
    [TOV_NAME] => FitnessMix
    [ACC] => 0
    [CNTTRAN] => 1
    [CNTTRANRESERV] => 0
)

[2026-01-30 22:30:57] [INFO] (/home3/redbarbe/public_html/telegram/webapps/action/ajax_get_tren.php:61) Array
(
    [KOD] => 799518
    [TIME_FROM] => 12:00
    [TIME_TO] => 13:00               
    [CLIENTS_CNT] => 0
    [TOV_NAME] => CrossActivity
    [ACC] => 0
    [CNTTRAN] => 0
    [CNTTRANRESERV] => 0
)

[2026-01-30 22:30:57] [INFO] (/home3/redbarbe/public_html/telegram/webapps/action/ajax_get_tren.php:61) Array
(
    [KOD] => 799416
    [TIME_FROM] => 12:30
    [TIME_TO] => 13:30               
    [CLIENTS_CNT] => 0
    [TOV_NAME] => Stretching
    [ACC] => 0
    [CNTTRAN] => 0
    [CNTTRANRESERV] => 0
)

[2026-01-30 22:31:34] [INFO] (/home3/redbarbe/public_html/telegram/webapps/action/ajax_fitness_zapis.php:22) Array
(
    [ajax_method] => 2
    [action] => ajax_fitness_zapis
    [dat] => 31.01.2026
    [acc] => 15240
    [trenid] => 799467
    [ost_all] => 100
    [ip_club] => 178.158.212.173
    [acctozapis] => 0
    [time_from] => 10:00
)

[2026-01-30 23:19:51] [INFO] (/home3/redbarbe/public_html/telegram/webapps/action/chart.php:29) SELECT a.name FROM `spr_acc` a, spr_users u 
WHERE u.active_account=a.acc and u.chat_id=a.chat_id and a.chat_id="6323933269"
and u.club=2 limit 1
[2026-01-30 23:19:51] [INFO] (/home3/redbarbe/public_html/telegram/webapps/action/chart.php:30) Array
(
    [action] => chart
    [club] => 2
    [acc] => 13453
    [chatadmin] => 1847184190
    [who_user_write] => 6323933269
    [chatid] => 6323933269
    [ip_club] => 178.151.119.180
)

[2026-01-30 23:20:00] [INFO] (/home3/redbarbe/public_html/telegram/webapps/action/hist_ind.php:16) SELECT a.name FROM `spr_acc` a, spr_users u WHERE u.active_account=a.acc and u.chat_id=a.chat_id and a.acc=13454 
and u.club=(select id from spr_clubs where ip_club="178.151.119.180") limit 1
[2026-01-30 23:20:00] [INFO] (/home3/redbarbe/public_html/telegram/webapps/action/hist_ind.php:17) hist_grp
[2026-01-30 23:20:00] [INFO] (/home3/redbarbe/public_html/telegram/webapps/action/hist_ind.php:108) Array
(
    [dbeg] => 30.10.2025
    [dend] => today
    [acc] => 13454
    [command] => get_ind_history
)

[2026-01-30 23:20:00] [INFO] (/home3/redbarbe/public_html/telegram/webapps/action/hist_ind.php:109) ip=178.151.119.180
[2026-01-30 23:20:21] [INFO] (/home3/redbarbe/public_html/telegram/webapps/action/chart.php:29) SELECT a.name FROM `spr_acc` a, spr_users u 
WHERE u.active_account=a.acc and u.chat_id=a.chat_id and a.chat_id="6323933269"
and u.club=2 limit 1
[2026-01-30 23:20:21] [INFO] (/home3/redbarbe/public_html/telegram/webapps/action/chart.php:30) Array
(
    [action] => chart
    [club] => 2
    [acc] => 13453
    [chatadmin] => 1847184190
    [who_user_write] => 6323933269
    [chatid] => 6323933269
    [ip_club] => 178.151.119.180
)

[2026-01-30 23:34:14] [INFO] (/home3/redbarbe/public_html/telegram/webapps/reports/report_pers_detal.php:22) Array
(
)

[2026-01-30 23:34:21] [INFO] (/home3/redbarbe/public_html/telegram/webapps/reports/report_pers_detal.php:22) Array
(
    [ajax_method] => 2
    [action] => report_pers_detal
    [action_report] => report_view
    [admin] => 5
    [date_from] => 30.01.2026
    [date_to] => 30.01.2026
    [ip_club] => 178.151.119.180
    [podr] => grp
    [sotr] => 0316
)

[2026-01-30 23:44:16] [INFO] (/home3/redbarbe/public_html/telegram/webapps/action/ajax_get_tren.php:35) Нет связи с сервером
[2026-01-30 23:44:29] [INFO] (/home3/redbarbe/public_html/telegram/webapps/action/ajax_get_tren.php:35) Нет связи с сервером
[2026-01-30 23:44:34] [INFO] (/home3/redbarbe/public_html/telegram/webapps/action/ajax_get_tren.php:35) Нет связи с сервером
[2026-01-30 23:44:38] [INFO] (/home3/redbarbe/public_html/telegram/webapps/action/ajax_get_tren.php:35) Нет связи с сервером
[2026-01-30 23:52:08] [INFO] (/home3/redbarbe/public_html/telegram/webapps/action/hist_ind.php:16) SELECT a.name FROM `spr_acc` a, spr_users u WHERE u.active_account=a.acc and u.chat_id=a.chat_id and a.acc=12877 
and u.club=(select id from spr_clubs where ip_club="193.194.107.2") limit 1
[2026-01-30 23:52:08] [INFO] (/home3/redbarbe/public_html/telegram/webapps/action/hist_ind.php:17) hist_grp
[2026-01-30 23:52:08] [INFO] (/home3/redbarbe/public_html/telegram/webapps/action/hist_ind.php:108) Array
(
    [dbeg] => 30.10.2025
    [dend] => today
    [acc] => 12877
    [command] => get_ind_history
)

[2026-01-30 23:52:08] [INFO] (/home3/redbarbe/public_html/telegram/webapps/action/hist_ind.php:109) ip=193.194.107.2
