[2026-02-17 00:22:31] [INFO] (/home/redbarbe/public_html/telegram/webapps/action/hist_ost_poslug.php:19) SELECT a.name FROM `spr_acc` a, spr_users u WHERE u.active_account=a.acc and u.chat_id=a.chat_id and a.acc=11519 
and u.club=(select id from spr_clubs where ip_club="178.158.212.173") limit 1
[2026-02-17 00:22:31] [INFO] (/home/redbarbe/public_html/telegram/webapps/action/hist_ost_poslug.php:20) hist_ost_poslug
[2026-02-17 00:22:31] [INFO] (/home/redbarbe/public_html/telegram/webapps/action/hist_ost_poslug.php:111) Array
(
    [acc] => 11519
    [command] => GET_OST_POSLUG_ACC
)

[2026-02-17 00:22:31] [INFO] (/home/redbarbe/public_html/telegram/webapps/action/hist_ost_poslug.php:112) ip=178.158.212.173
[2026-02-17 00:22:44] [INFO] (/home/redbarbe/public_html/telegram/webapps/action/hist_ind.php:16) SELECT a.name FROM `spr_acc` a, spr_users u WHERE u.active_account=a.acc and u.chat_id=a.chat_id and a.acc=11519 
and u.club=(select id from spr_clubs where ip_club="178.158.212.173") limit 1
[2026-02-17 00:22:44] [INFO] (/home/redbarbe/public_html/telegram/webapps/action/hist_ind.php:17) hist_grp
[2026-02-17 00:22:44] [INFO] (/home/redbarbe/public_html/telegram/webapps/action/hist_ind.php:108) Array
(
    [dbeg] => 17.11.2025
    [dend] => today
    [acc] => 11519
    [command] => get_ind_history
)

[2026-02-17 00:22:44] [INFO] (/home/redbarbe/public_html/telegram/webapps/action/hist_ind.php:109) ip=178.158.212.173
[2026-02-17 03:32:04] [INFO] (/home/redbarbe/public_html/telegram/webapps/action/hist_ind.php:16) SELECT a.name FROM `spr_acc` a, spr_users u WHERE u.active_account=a.acc and u.chat_id=a.chat_id and a.acc=13431 
and u.club=(select id from spr_clubs where ip_club="212.26.139.90") limit 1
[2026-02-17 03:32:04] [INFO] (/home/redbarbe/public_html/telegram/webapps/action/hist_ind.php:17) hist_grp
[2026-02-17 03:32:04] [INFO] (/home/redbarbe/public_html/telegram/webapps/action/hist_ind.php:108) Array
(
    [dbeg] => 17.11.2025
    [dend] => today
    [acc] => 13431
    [command] => get_ind_history
)

[2026-02-17 03:32:04] [INFO] (/home/redbarbe/public_html/telegram/webapps/action/hist_ind.php:109) ip=212.26.139.90
[2026-02-17 03:32:25] [INFO] (/home/redbarbe/public_html/telegram/webapps/action/hist_ost_poslug.php:19) SELECT a.name FROM `spr_acc` a, spr_users u WHERE u.active_account=a.acc and u.chat_id=a.chat_id and a.acc=13431 
and u.club=(select id from spr_clubs where ip_club="212.26.139.90") limit 1
[2026-02-17 03:32:25] [INFO] (/home/redbarbe/public_html/telegram/webapps/action/hist_ost_poslug.php:20) hist_ost_poslug
[2026-02-17 03:32:25] [INFO] (/home/redbarbe/public_html/telegram/webapps/action/hist_ost_poslug.php:111) Array
(
    [acc] => 13431
    [command] => GET_OST_POSLUG_ACC
)

[2026-02-17 03:32:25] [INFO] (/home/redbarbe/public_html/telegram/webapps/action/hist_ost_poslug.php:112) ip=212.26.139.90
[2026-02-17 05:18:57] [INFO] (/home/redbarbe/public_html/telegram/webapps/action/my_zapis.php:105) Нет связи с сервером
[2026-02-17 07:03:54] [INFO] (/home/redbarbe/public_html/telegram/webapps/action/hist_ind.php:16) SELECT a.name FROM `spr_acc` a, spr_users u WHERE u.active_account=a.acc and u.chat_id=a.chat_id and a.acc=12913 
and u.club=(select id from spr_clubs where ip_club="178.158.212.173") limit 1
[2026-02-17 07:03:54] [INFO] (/home/redbarbe/public_html/telegram/webapps/action/hist_ind.php:17) hist_grp
[2026-02-17 07:03:54] [INFO] (/home/redbarbe/public_html/telegram/webapps/action/hist_ind.php:108) Array
(
    [dbeg] => 17.11.2025
    [dend] => today
    [acc] => 12913
    [command] => get_ind_history
)

[2026-02-17 07:03:54] [INFO] (/home/redbarbe/public_html/telegram/webapps/action/hist_ind.php:109) ip=178.158.212.173
[2026-02-17 07:04:10] [INFO] (/home/redbarbe/public_html/telegram/webapps/action/hist_grp.php:16) SELECT a.name FROM `spr_acc` a, spr_users u WHERE u.active_account=a.acc and u.chat_id=a.chat_id and a.acc=12913 
and u.club=(select id from spr_clubs where ip_club="178.158.212.173") limit 1
[2026-02-17 07:04:10] [INFO] (/home/redbarbe/public_html/telegram/webapps/action/hist_grp.php:17) hist_grp
[2026-02-17 07:04:10] [INFO] (/home/redbarbe/public_html/telegram/webapps/action/hist_grp.php:108) Array
(
    [dbeg] => 17.11.2025
    [dend] => today
    [acc] => 12913
    [command] => get_grp_history
)

[2026-02-17 07:04:10] [INFO] (/home/redbarbe/public_html/telegram/webapps/action/hist_grp.php:109) ip=178.158.212.173
[2026-02-17 07:04:13] [INFO] (/home/redbarbe/public_html/telegram/webapps/action/hist_ost_poslug.php:19) SELECT a.name FROM `spr_acc` a, spr_users u WHERE u.active_account=a.acc and u.chat_id=a.chat_id and a.acc=12913 
and u.club=(select id from spr_clubs where ip_club="178.158.212.173") limit 1
[2026-02-17 07:04:13] [INFO] (/home/redbarbe/public_html/telegram/webapps/action/hist_ost_poslug.php:20) hist_ost_poslug
[2026-02-17 07:04:13] [INFO] (/home/redbarbe/public_html/telegram/webapps/action/hist_ost_poslug.php:111) Array
(
    [acc] => 12913
    [command] => GET_OST_POSLUG_ACC
)

[2026-02-17 07:04:13] [INFO] (/home/redbarbe/public_html/telegram/webapps/action/hist_ost_poslug.php:112) ip=178.158.212.173
[2026-02-17 07:20:30] [INFO] (/home/redbarbe/public_html/telegram/webapps/action/ajax_get_tren.php:35) Array
(
    [0] => Array
        (
            [KOD] => 835963
            [TIME_FROM] => 10:00
            [TIME_TO] => 11:00               
            [CLIENTS_CNT] => 0
            [TOV_NAME] => Body Training
            [ACC] => 0
            [CNTTRAN] => 0
            [CNTTRANRESERV] => 0
        )

    [1] => Array
        (
            [KOD] => 835441
            [TIME_FROM] => 18:00
            [TIME_TO] => 19:00               
            [CLIENTS_CNT] => 0
            [TOV_NAME] => Кiкбоксинг
            [ACC] => 0
            [CNTTRAN] => 0
            [CNTTRANRESERV] => 0
        )

    [2] => Array
        (
            [KOD] => 834658
            [TIME_FROM] => 19:00
            [TIME_TO] => 20:00               
            [CLIENTS_CNT] => 0
            [TOV_NAME] => Body Training
            [ACC] => 0
            [CNTTRAN] => 0
            [CNTTRANRESERV] => 0
        )

    [3] => Array
        (
            [KOD] => 834397
            [TIME_FROM] => 19:00
            [TIME_TO] => 20:00               
            [CLIENTS_CNT] => 0
            [TOV_NAME] => Кругове тренування
            [ACC] => 0
            [CNTTRAN] => 0
            [CNTTRANRESERV] => 0
        )

    [4] => Array
        (
            [KOD] => 834919
            [TIME_FROM] => 19:30
            [TIME_TO] => 20:30               
            [CLIENTS_CNT] => 0
            [TOV_NAME] => Акробатика Kids
            [ACC] => 0
            [CNTTRAN] => 0
            [CNTTRANRESERV] => 0
        )

    [5] => Array
        (
            [KOD] => 835702
            [TIME_FROM] => 20:00
            [TIME_TO] => 21:00               
            [CLIENTS_CNT] => 0
            [TOV_NAME] => Степ-аеробіка
            [ACC] => 0
            [CNTTRAN] => 1
            [CNTTRANRESERV] => 0
        )

    [6] => Array
        (
            [KOD] => 835180
            [TIME_FROM] => 20:30
            [TIME_TO] => 21:30               
            [CLIENTS_CNT] => 0
            [TOV_NAME] => Акробатика
            [ACC] => 0
            [CNTTRAN] => 0
            [CNTTRANRESERV] => 0
        )

)

[2026-02-17 07:20:30] [INFO] (/home/redbarbe/public_html/telegram/webapps/action/ajax_get_tren.php:61) Array
(
    [KOD] => 835963
    [TIME_FROM] => 10:00
    [TIME_TO] => 11:00               
    [CLIENTS_CNT] => 0
    [TOV_NAME] => Body Training
    [ACC] => 0
    [CNTTRAN] => 0
    [CNTTRANRESERV] => 0
)

[2026-02-17 07:20:30] [INFO] (/home/redbarbe/public_html/telegram/webapps/action/ajax_get_tren.php:61) Array
(
    [KOD] => 835441
    [TIME_FROM] => 18:00
    [TIME_TO] => 19:00               
    [CLIENTS_CNT] => 0
    [TOV_NAME] => Кiкбоксинг
    [ACC] => 0
    [CNTTRAN] => 0
    [CNTTRANRESERV] => 0
)

[2026-02-17 07:20:30] [INFO] (/home/redbarbe/public_html/telegram/webapps/action/ajax_get_tren.php:61) Array
(
    [KOD] => 834658
    [TIME_FROM] => 19:00
    [TIME_TO] => 20:00               
    [CLIENTS_CNT] => 0
    [TOV_NAME] => Body Training
    [ACC] => 0
    [CNTTRAN] => 0
    [CNTTRANRESERV] => 0
)

[2026-02-17 07:20:30] [INFO] (/home/redbarbe/public_html/telegram/webapps/action/ajax_get_tren.php:61) Array
(
    [KOD] => 834397
    [TIME_FROM] => 19:00
    [TIME_TO] => 20:00               
    [CLIENTS_CNT] => 0
    [TOV_NAME] => Кругове тренування
    [ACC] => 0
    [CNTTRAN] => 0
    [CNTTRANRESERV] => 0
)

[2026-02-17 07:20:30] [INFO] (/home/redbarbe/public_html/telegram/webapps/action/ajax_get_tren.php:61) Array
(
    [KOD] => 834919
    [TIME_FROM] => 19:30
    [TIME_TO] => 20:30               
    [CLIENTS_CNT] => 0
    [TOV_NAME] => Акробатика Kids
    [ACC] => 0
    [CNTTRAN] => 0
    [CNTTRANRESERV] => 0
)

[2026-02-17 07:20:30] [INFO] (/home/redbarbe/public_html/telegram/webapps/action/ajax_get_tren.php:61) Array
(
    [KOD] => 835702
    [TIME_FROM] => 20:00
    [TIME_TO] => 21:00               
    [CLIENTS_CNT] => 0
    [TOV_NAME] => Степ-аеробіка
    [ACC] => 0
    [CNTTRAN] => 1
    [CNTTRANRESERV] => 0
)

[2026-02-17 07:20:30] [INFO] (/home/redbarbe/public_html/telegram/webapps/action/ajax_get_tren.php:61) Array
(
    [KOD] => 835180
    [TIME_FROM] => 20:30
    [TIME_TO] => 21:30               
    [CLIENTS_CNT] => 0
    [TOV_NAME] => Акробатика
    [ACC] => 0
    [CNTTRAN] => 0
    [CNTTRANRESERV] => 0
)

[2026-02-17 07:47:53] [INFO] (/home/redbarbe/public_html/telegram/webapps/action/ajax_get_tren.php:35) Array
(
    [0] => Array
        (
            [KOD] => 804338
            [TIME_FROM] => 10:00
            [TIME_TO] => 11:00               
            [CLIENTS_CNT] => 0
            [TOV_NAME] => Йога
            [ACC] => 0
            [CNTTRAN] => 0
            [CNTTRANRESERV] => 0
        )

    [1] => Array
        (
            [KOD] => 804491
            [TIME_FROM] => 18:00
            [TIME_TO] => 19:00               
            [CLIENTS_CNT] => 0
            [TOV_NAME] => Йога
            [ACC] => 0
            [CNTTRAN] => 0
            [CNTTRANRESERV] => 0
        )

    [2] => Array
        (
            [KOD] => 804542
            [TIME_FROM] => 18:00
            [TIME_TO] => 19:00               
            [CLIENTS_CNT] => 0
            [TOV_NAME] => Паркур Kids
            [ACC] => 0
            [CNTTRAN] => 1
            [CNTTRANRESERV] => 0
        )

    [3] => Array
        (
            [KOD] => 804389
            [TIME_FROM] => 19:00
            [TIME_TO] => 20:00               
            [CLIENTS_CNT] => 0
            [TOV_NAME] => Паркур
            [ACC] => 0
            [CNTTRAN] => 0
            [CNTTRANRESERV] => 0
        )

    [4] => Array
        (
            [KOD] => 804593
            [TIME_FROM] => 19:00
            [TIME_TO] => 20:00               
            [CLIENTS_CNT] => 0
            [TOV_NAME] => CrossActivity
            [ACC] => 0
            [CNTTRAN] => 0
            [CNTTRANRESERV] => 0
        )

    [5] => Array
        (
            [KOD] => 804644
            [TIME_FROM] => 19:00
            [TIME_TO] => 20:00               
            [CLIENTS_CNT] => 5
            [TOV_NAME] => Cycle
            [ACC] => 0
            [CNTTRAN] => 2
            [CNTTRANRESERV] => 0
        )

    [6] => Array
        (
            [KOD] => 804440
            [TIME_FROM] => 19:00
            [TIME_TO] => 20:00               
            [CLIENTS_CNT] => 0
            [TOV_NAME] => FitnessMix
            [ACC] => 0
            [CNTTRAN] => 1
            [CNTTRANRESERV] => 0
        )

)

[2026-02-17 07:47:53] [INFO] (/home/redbarbe/public_html/telegram/webapps/action/ajax_get_tren.php:61) Array
(
    [KOD] => 804338
    [TIME_FROM] => 10:00
    [TIME_TO] => 11:00               
    [CLIENTS_CNT] => 0
    [TOV_NAME] => Йога
    [ACC] => 0
    [CNTTRAN] => 0
    [CNTTRANRESERV] => 0
)

[2026-02-17 07:47:53] [INFO] (/home/redbarbe/public_html/telegram/webapps/action/ajax_get_tren.php:61) Array
(
    [KOD] => 804491
    [TIME_FROM] => 18:00
    [TIME_TO] => 19:00               
    [CLIENTS_CNT] => 0
    [TOV_NAME] => Йога
    [ACC] => 0
    [CNTTRAN] => 0
    [CNTTRANRESERV] => 0
)

[2026-02-17 07:47:53] [INFO] (/home/redbarbe/public_html/telegram/webapps/action/ajax_get_tren.php:61) Array
(
    [KOD] => 804542
    [TIME_FROM] => 18:00
    [TIME_TO] => 19:00               
    [CLIENTS_CNT] => 0
    [TOV_NAME] => Паркур Kids
    [ACC] => 0
    [CNTTRAN] => 1
    [CNTTRANRESERV] => 0
)

[2026-02-17 07:47:53] [INFO] (/home/redbarbe/public_html/telegram/webapps/action/ajax_get_tren.php:61) Array
(
    [KOD] => 804389
    [TIME_FROM] => 19:00
    [TIME_TO] => 20:00               
    [CLIENTS_CNT] => 0
    [TOV_NAME] => Паркур
    [ACC] => 0
    [CNTTRAN] => 0
    [CNTTRANRESERV] => 0
)

[2026-02-17 07:47:53] [INFO] (/home/redbarbe/public_html/telegram/webapps/action/ajax_get_tren.php:61) Array
(
    [KOD] => 804593
    [TIME_FROM] => 19:00
    [TIME_TO] => 20:00               
    [CLIENTS_CNT] => 0
    [TOV_NAME] => CrossActivity
    [ACC] => 0
    [CNTTRAN] => 0
    [CNTTRANRESERV] => 0
)

[2026-02-17 07:47:53] [INFO] (/home/redbarbe/public_html/telegram/webapps/action/ajax_get_tren.php:61) Array
(
    [KOD] => 804644
    [TIME_FROM] => 19:00
    [TIME_TO] => 20:00               
    [CLIENTS_CNT] => 5
    [TOV_NAME] => Cycle
    [ACC] => 0
    [CNTTRAN] => 2
    [CNTTRANRESERV] => 0
)

[2026-02-17 07:47:53] [INFO] (/home/redbarbe/public_html/telegram/webapps/action/ajax_get_tren.php:61) Array
(
    [KOD] => 804440
    [TIME_FROM] => 19:00
    [TIME_TO] => 20:00               
    [CLIENTS_CNT] => 0
    [TOV_NAME] => FitnessMix
    [ACC] => 0
    [CNTTRAN] => 1
    [CNTTRANRESERV] => 0
)

[2026-02-17 07:48:06] [INFO] (/home/redbarbe/public_html/telegram/webapps/action/ajax_get_tren.php:35) Array
(
    [0] => Array
        (
            [KOD] => 805311
            [TIME_FROM] => 10:00
            [TIME_TO] => 11:00               
            [CLIENTS_CNT] => 0
            [TOV_NAME] => Йога
            [ACC] => 0
            [CNTTRAN] => 0
            [CNTTRANRESERV] => 0
        )

    [1] => Array
        (
            [KOD] => 805467
            [TIME_FROM] => 18:00
            [TIME_TO] => 19:00               
            [CLIENTS_CNT] => 0
            [TOV_NAME] => Йога
            [ACC] => 0
            [CNTTRAN] => 0
            [CNTTRANRESERV] => 0
        )

    [2] => Array
        (
            [KOD] => 805519
            [TIME_FROM] => 18:00
            [TIME_TO] => 19:00               
            [CLIENTS_CNT] => 0
            [TOV_NAME] => Паркур Kids
            [ACC] => 0
            [CNTTRAN] => 0
            [CNTTRANRESERV] => 0
        )

    [3] => Array
        (
            [KOD] => 805363
            [TIME_FROM] => 19:00
            [TIME_TO] => 20:00               
            [CLIENTS_CNT] => 0
            [TOV_NAME] => Паркур
            [ACC] => 0
            [CNTTRAN] => 0
            [CNTTRANRESERV] => 0
        )

    [4] => Array
        (
            [KOD] => 805571
            [TIME_FROM] => 19:00
            [TIME_TO] => 20:00               
            [CLIENTS_CNT] => 0
            [TOV_NAME] => CrossActivity
            [ACC] => 0
            [CNTTRAN] => 0
            [CNTTRANRESERV] => 0
        )

    [5] => Array
        (
            [KOD] => 805623
            [TIME_FROM] => 19:00
            [TIME_TO] => 20:00               
            [CLIENTS_CNT] => 5
            [TOV_NAME] => Cycle
            [ACC] => 0
            [CNTTRAN] => 0
            [CNTTRANRESERV] => 0
        )

    [6] => Array
        (
            [KOD] => 805415
            [TIME_FROM] => 19:00
            [TIME_TO] => 20:00               
            [CLIENTS_CNT] => 0
            [TOV_NAME] => FitnessMix
            [ACC] => 0
            [CNTTRAN] => 1
            [CNTTRANRESERV] => 0
        )

)

[2026-02-17 07:48:06] [INFO] (/home/redbarbe/public_html/telegram/webapps/action/ajax_get_tren.php:61) Array
(
    [KOD] => 805311
    [TIME_FROM] => 10:00
    [TIME_TO] => 11:00               
    [CLIENTS_CNT] => 0
    [TOV_NAME] => Йога
    [ACC] => 0
    [CNTTRAN] => 0
    [CNTTRANRESERV] => 0
)

[2026-02-17 07:48:06] [INFO] (/home/redbarbe/public_html/telegram/webapps/action/ajax_get_tren.php:61) Array
(
    [KOD] => 805467
    [TIME_FROM] => 18:00
    [TIME_TO] => 19:00               
    [CLIENTS_CNT] => 0
    [TOV_NAME] => Йога
    [ACC] => 0
    [CNTTRAN] => 0
    [CNTTRANRESERV] => 0
)

[2026-02-17 07:48:06] [INFO] (/home/redbarbe/public_html/telegram/webapps/action/ajax_get_tren.php:61) Array
(
    [KOD] => 805519
    [TIME_FROM] => 18:00
    [TIME_TO] => 19:00               
    [CLIENTS_CNT] => 0
    [TOV_NAME] => Паркур Kids
    [ACC] => 0
    [CNTTRAN] => 0
    [CNTTRANRESERV] => 0
)

[2026-02-17 07:48:06] [INFO] (/home/redbarbe/public_html/telegram/webapps/action/ajax_get_tren.php:61) Array
(
    [KOD] => 805363
    [TIME_FROM] => 19:00
    [TIME_TO] => 20:00               
    [CLIENTS_CNT] => 0
    [TOV_NAME] => Паркур
    [ACC] => 0
    [CNTTRAN] => 0
    [CNTTRANRESERV] => 0
)

[2026-02-17 07:48:06] [INFO] (/home/redbarbe/public_html/telegram/webapps/action/ajax_get_tren.php:61) Array
(
    [KOD] => 805571
    [TIME_FROM] => 19:00
    [TIME_TO] => 20:00               
    [CLIENTS_CNT] => 0
    [TOV_NAME] => CrossActivity
    [ACC] => 0
    [CNTTRAN] => 0
    [CNTTRANRESERV] => 0
)

[2026-02-17 07:48:06] [INFO] (/home/redbarbe/public_html/telegram/webapps/action/ajax_get_tren.php:61) Array
(
    [KOD] => 805623
    [TIME_FROM] => 19:00
    [TIME_TO] => 20:00               
    [CLIENTS_CNT] => 5
    [TOV_NAME] => Cycle
    [ACC] => 0
    [CNTTRAN] => 0
    [CNTTRANRESERV] => 0
)

[2026-02-17 07:48:06] [INFO] (/home/redbarbe/public_html/telegram/webapps/action/ajax_get_tren.php:61) Array
(
    [KOD] => 805415
    [TIME_FROM] => 19:00
    [TIME_TO] => 20:00               
    [CLIENTS_CNT] => 0
    [TOV_NAME] => FitnessMix
    [ACC] => 0
    [CNTTRAN] => 1
    [CNTTRANRESERV] => 0
)

[2026-02-17 07:48:19] [INFO] (/home/redbarbe/public_html/telegram/webapps/action/ajax_get_tren.php:35) Array
(
    [0] => Array
        (
            [KOD] => 803675
            [TIME_FROM] => 11:00
            [TIME_TO] => 12:00               
            [CLIENTS_CNT] => 5
            [TOV_NAME] => Cycle
            [ACC] => 0
            [CNTTRAN] => 0
            [CNTTRANRESERV] => 0
        )

    [1] => Array
        (
            [KOD] => 803726
            [TIME_FROM] => 12:00
            [TIME_TO] => 13:00               
            [CLIENTS_CNT] => 0
            [TOV_NAME] => Stretching
            [ACC] => 0
            [CNTTRAN] => 0
            [CNTTRANRESERV] => 0
        )

)

[2026-02-17 07:48:19] [INFO] (/home/redbarbe/public_html/telegram/webapps/action/ajax_get_tren.php:61) Array
(
    [KOD] => 803675
    [TIME_FROM] => 11:00
    [TIME_TO] => 12:00               
    [CLIENTS_CNT] => 5
    [TOV_NAME] => Cycle
    [ACC] => 0
    [CNTTRAN] => 0
    [CNTTRANRESERV] => 0
)

[2026-02-17 07:48:19] [INFO] (/home/redbarbe/public_html/telegram/webapps/action/ajax_get_tren.php:61) Array
(
    [KOD] => 803726
    [TIME_FROM] => 12:00
    [TIME_TO] => 13:00               
    [CLIENTS_CNT] => 0
    [TOV_NAME] => Stretching
    [ACC] => 0
    [CNTTRAN] => 0
    [CNTTRANRESERV] => 0
)

[2026-02-17 07:48:26] [INFO] (/home/redbarbe/public_html/telegram/webapps/action/ajax_get_tren.php:35) Array
(
    [0] => Array
        (
            [KOD] => 803522
            [TIME_FROM] => 10:00
            [TIME_TO] => 11:00               
            [CLIENTS_CNT] => 0
            [TOV_NAME] => Йога
            [ACC] => 0
            [CNTTRAN] => 0
            [CNTTRANRESERV] => 0
        )

    [1] => Array
        (
            [KOD] => 803624
            [TIME_FROM] => 11:00
            [TIME_TO] => 12:00               
            [CLIENTS_CNT] => 0
            [TOV_NAME] => FitnessMix
            [ACC] => 0
            [CNTTRAN] => 0
            [CNTTRANRESERV] => 0
        )

    [2] => Array
        (
            [KOD] => 803573
            [TIME_FROM] => 12:00
            [TIME_TO] => 13:00               
            [CLIENTS_CNT] => 0
            [TOV_NAME] => CrossActivity
            [ACC] => 0
            [CNTTRAN] => 0
            [CNTTRANRESERV] => 0
        )

    [3] => Array
        (
            [KOD] => 803471
            [TIME_FROM] => 12:30
            [TIME_TO] => 13:30               
            [CLIENTS_CNT] => 0
            [TOV_NAME] => Stretching
            [ACC] => 0
            [CNTTRAN] => 0
            [CNTTRANRESERV] => 0
        )

)

[2026-02-17 07:48:26] [INFO] (/home/redbarbe/public_html/telegram/webapps/action/ajax_get_tren.php:61) Array
(
    [KOD] => 803522
    [TIME_FROM] => 10:00
    [TIME_TO] => 11:00               
    [CLIENTS_CNT] => 0
    [TOV_NAME] => Йога
    [ACC] => 0
    [CNTTRAN] => 0
    [CNTTRANRESERV] => 0
)

[2026-02-17 07:48:26] [INFO] (/home/redbarbe/public_html/telegram/webapps/action/ajax_get_tren.php:61) Array
(
    [KOD] => 803624
    [TIME_FROM] => 11:00
    [TIME_TO] => 12:00               
    [CLIENTS_CNT] => 0
    [TOV_NAME] => FitnessMix
    [ACC] => 0
    [CNTTRAN] => 0
    [CNTTRANRESERV] => 0
)

[2026-02-17 07:48:26] [INFO] (/home/redbarbe/public_html/telegram/webapps/action/ajax_get_tren.php:61) Array
(
    [KOD] => 803573
    [TIME_FROM] => 12:00
    [TIME_TO] => 13:00               
    [CLIENTS_CNT] => 0
    [TOV_NAME] => CrossActivity
    [ACC] => 0
    [CNTTRAN] => 0
    [CNTTRANRESERV] => 0
)

[2026-02-17 07:48:26] [INFO] (/home/redbarbe/public_html/telegram/webapps/action/ajax_get_tren.php:61) Array
(
    [KOD] => 803471
    [TIME_FROM] => 12:30
    [TIME_TO] => 13:30               
    [CLIENTS_CNT] => 0
    [TOV_NAME] => Stretching
    [ACC] => 0
    [CNTTRAN] => 0
    [CNTTRANRESERV] => 0
)

[2026-02-17 07:48:31] [INFO] (/home/redbarbe/public_html/telegram/webapps/action/ajax_get_tren.php:35) Array
(
    [0] => Array
        (
            [KOD] => 805257
            [TIME_FROM] => 09:00
            [TIME_TO] => 10:00               
            [CLIENTS_CNT] => 0
            [TOV_NAME] => CrossActivity
            [ACC] => 0
            [CNTTRAN] => 1
            [CNTTRANRESERV] => 0
        )

    [1] => Array
        (
            [KOD] => 804849
            [TIME_FROM] => 09:00
            [TIME_TO] => 10:00               
            [CLIENTS_CNT] => 0
            [TOV_NAME] => Total Body
            [ACC] => 0
            [CNTTRAN] => 0
            [CNTTRANRESERV] => 0
        )

    [2] => Array
        (
            [KOD] => 804900
            [TIME_FROM] => 14:00
            [TIME_TO] => 15:00               
            [CLIENTS_CNT] => 0
            [TOV_NAME] => FitnessMix
            [ACC] => 0
            [CNTTRAN] => 0
            [CNTTRANRESERV] => 0
        )

    [3] => Array
        (
            [KOD] => 804747
            [TIME_FROM] => 17:00
            [TIME_TO] => 18:00               
            [CLIENTS_CNT] => 0
            [TOV_NAME] => Mobility
            [ACC] => 0
            [CNTTRAN] => 0
            [CNTTRANRESERV] => 0
        )

    [4] => Array
        (
            [KOD] => 805206
            [TIME_FROM] => 18:00
            [TIME_TO] => 19:00               
            [CLIENTS_CNT] => 0
            [TOV_NAME] => Паркур Kids
            [ACC] => 0
            [CNTTRAN] => 0
            [CNTTRANRESERV] => 0
        )

    [5] => Array
        (
            [KOD] => 805002
            [TIME_FROM] => 18:30
            [TIME_TO] => 19:30               
            [CLIENTS_CNT] => 0
            [TOV_NAME] => Pilates
            [ACC] => 0
            [CNTTRAN] => 0
            [CNTTRANRESERV] => 0
        )

    [6] => Array
        (
            [KOD] => 805104
            [TIME_FROM] => 19:00
            [TIME_TO] => 20:00               
            [CLIENTS_CNT] => 0
            [TOV_NAME] => Паркур
            [ACC] => 0
            [CNTTRAN] => 0
            [CNTTRANRESERV] => 0
        )

    [7] => Array
        (
            [KOD] => 804798
            [TIME_FROM] => 19:00
            [TIME_TO] => 20:00               
            [CLIENTS_CNT] => 0
            [TOV_NAME] => CrossActivity
            [ACC] => 0
            [CNTTRAN] => 0
            [CNTTRANRESERV] => 0
        )

    [8] => Array
        (
            [KOD] => 804696
            [TIME_FROM] => 19:00
            [TIME_TO] => 20:00               
            [CLIENTS_CNT] => 0
            [TOV_NAME] => Aesthetic Gymnastics
            [ACC] => 0
            [CNTTRAN] => 1
            [CNTTRANRESERV] => 0
        )

    [9] => Array
        (
            [KOD] => 805053
            [TIME_FROM] => 19:30
            [TIME_TO] => 20:30               
            [CLIENTS_CNT] => 0
            [TOV_NAME] => TRX
            [ACC] => 0
            [CNTTRAN] => 0
            [CNTTRANRESERV] => 0
        )

    [10] => Array
        (
            [KOD] => 804951
            [TIME_FROM] => 20:00
            [TIME_TO] => 21:00               
            [CLIENTS_CNT] => 0
            [TOV_NAME] => CrossActivity
            [ACC] => 0
            [CNTTRAN] => 0
            [CNTTRANRESERV] => 0
        )

    [11] => Array
        (
            [KOD] => 805155
            [TIME_FROM] => 20:00
            [TIME_TO] => 21:00               
            [CLIENTS_CNT] => 0
            [TOV_NAME] => Бокс
            [ACC] => 0
            [CNTTRAN] => 0
            [CNTTRANRESERV] => 0
        )

)

[2026-02-17 07:48:31] [INFO] (/home/redbarbe/public_html/telegram/webapps/action/ajax_get_tren.php:61) Array
(
    [KOD] => 805257
    [TIME_FROM] => 09:00
    [TIME_TO] => 10:00               
    [CLIENTS_CNT] => 0
    [TOV_NAME] => CrossActivity
    [ACC] => 0
    [CNTTRAN] => 1
    [CNTTRANRESERV] => 0
)

[2026-02-17 07:48:31] [INFO] (/home/redbarbe/public_html/telegram/webapps/action/ajax_get_tren.php:61) Array
(
    [KOD] => 804849
    [TIME_FROM] => 09:00
    [TIME_TO] => 10:00               
    [CLIENTS_CNT] => 0
    [TOV_NAME] => Total Body
    [ACC] => 0
    [CNTTRAN] => 0
    [CNTTRANRESERV] => 0
)

[2026-02-17 07:48:31] [INFO] (/home/redbarbe/public_html/telegram/webapps/action/ajax_get_tren.php:61) Array
(
    [KOD] => 804900
    [TIME_FROM] => 14:00
    [TIME_TO] => 15:00               
    [CLIENTS_CNT] => 0
    [TOV_NAME] => FitnessMix
    [ACC] => 0
    [CNTTRAN] => 0
    [CNTTRANRESERV] => 0
)

[2026-02-17 07:48:31] [INFO] (/home/redbarbe/public_html/telegram/webapps/action/ajax_get_tren.php:61) Array
(
    [KOD] => 804747
    [TIME_FROM] => 17:00
    [TIME_TO] => 18:00               
    [CLIENTS_CNT] => 0
    [TOV_NAME] => Mobility
    [ACC] => 0
    [CNTTRAN] => 0
    [CNTTRANRESERV] => 0
)

[2026-02-17 07:48:31] [INFO] (/home/redbarbe/public_html/telegram/webapps/action/ajax_get_tren.php:61) Array
(
    [KOD] => 805206
    [TIME_FROM] => 18:00
    [TIME_TO] => 19:00               
    [CLIENTS_CNT] => 0
    [TOV_NAME] => Паркур Kids
    [ACC] => 0
    [CNTTRAN] => 0
    [CNTTRANRESERV] => 0
)

[2026-02-17 07:48:31] [INFO] (/home/redbarbe/public_html/telegram/webapps/action/ajax_get_tren.php:61) Array
(
    [KOD] => 805002
    [TIME_FROM] => 18:30
    [TIME_TO] => 19:30               
    [CLIENTS_CNT] => 0
    [TOV_NAME] => Pilates
    [ACC] => 0
    [CNTTRAN] => 0
    [CNTTRANRESERV] => 0
)

[2026-02-17 07:48:31] [INFO] (/home/redbarbe/public_html/telegram/webapps/action/ajax_get_tren.php:61) Array
(
    [KOD] => 805104
    [TIME_FROM] => 19:00
    [TIME_TO] => 20:00               
    [CLIENTS_CNT] => 0
    [TOV_NAME] => Паркур
    [ACC] => 0
    [CNTTRAN] => 0
    [CNTTRANRESERV] => 0
)

[2026-02-17 07:48:31] [INFO] (/home/redbarbe/public_html/telegram/webapps/action/ajax_get_tren.php:61) Array
(
    [KOD] => 804798
    [TIME_FROM] => 19:00
    [TIME_TO] => 20:00               
    [CLIENTS_CNT] => 0
    [TOV_NAME] => CrossActivity
    [ACC] => 0
    [CNTTRAN] => 0
    [CNTTRANRESERV] => 0
)

[2026-02-17 07:48:31] [INFO] (/home/redbarbe/public_html/telegram/webapps/action/ajax_get_tren.php:61) Array
(
    [KOD] => 804696
    [TIME_FROM] => 19:00
    [TIME_TO] => 20:00               
    [CLIENTS_CNT] => 0
    [TOV_NAME] => Aesthetic Gymnastics
    [ACC] => 0
    [CNTTRAN] => 1
    [CNTTRANRESERV] => 0
)

[2026-02-17 07:48:31] [INFO] (/home/redbarbe/public_html/telegram/webapps/action/ajax_get_tren.php:61) Array
(
    [KOD] => 805053
    [TIME_FROM] => 19:30
    [TIME_TO] => 20:30               
    [CLIENTS_CNT] => 0
    [TOV_NAME] => TRX
    [ACC] => 0
    [CNTTRAN] => 0
    [CNTTRANRESERV] => 0
)

[2026-02-17 07:48:31] [INFO] (/home/redbarbe/public_html/telegram/webapps/action/ajax_get_tren.php:61) Array
(
    [KOD] => 804951
    [TIME_FROM] => 20:00
    [TIME_TO] => 21:00               
    [CLIENTS_CNT] => 0
    [TOV_NAME] => CrossActivity
    [ACC] => 0
    [CNTTRAN] => 0
    [CNTTRANRESERV] => 0
)

[2026-02-17 07:48:31] [INFO] (/home/redbarbe/public_html/telegram/webapps/action/ajax_get_tren.php:61) Array
(
    [KOD] => 805155
    [TIME_FROM] => 20:00
    [TIME_TO] => 21:00               
    [CLIENTS_CNT] => 0
    [TOV_NAME] => Бокс
    [ACC] => 0
    [CNTTRAN] => 0
    [CNTTRANRESERV] => 0
)

[2026-02-17 07:57:40] [INFO] (/home/redbarbe/public_html/telegram/webapps/action/ajax_get_tren.php:35) Array
(
    [0] => Array
        (
            [KOD] => 798006
            [TIME_FROM] => 09:00
            [TIME_TO] => 10:00               
            [CLIENTS_CNT] => 0
            [TOV_NAME] => Functional cardio
            [ACC] => 0
            [CNTTRAN] => 0
            [CNTTRANRESERV] => 0
        )

    [1] => Array
        (
            [KOD] => 798213
            [TIME_FROM] => 10:00
            [TIME_TO] => 11:00               
            [CLIENTS_CNT] => 0
            [TOV_NAME] => Cardio&Body weight
            [ACC] => 0
            [CNTTRAN] => 0
            [CNTTRANRESERV] => 0
        )

    [2] => Array
        (
            [KOD] => 798420
            [TIME_FROM] => 16:00
            [TIME_TO] => 17:00               
            [CLIENTS_CNT] => 0
            [TOV_NAME] => Дзюдо kids 
            [ACC] => 0
            [CNTTRAN] => 0
            [CNTTRANRESERV] => 0
        )

    [3] => Array
        (
            [KOD] => 798627
            [TIME_FROM] => 17:00
            [TIME_TO] => 18:00               
            [CLIENTS_CNT] => 0
            [TOV_NAME] => Дзюдо teens
            [ACC] => 0
            [CNTTRAN] => 0
            [CNTTRANRESERV] => 0
        )

    [4] => Array
        (
            [KOD] => 805187
            [TIME_FROM] => 18:00
            [TIME_TO] => 19:00               
            [CLIENTS_CNT] => 0
            [TOV_NAME] => Бокс/Кікбоксинг  Kids
            [ACC] => 0
            [CNTTRAN] => 0
            [CNTTRANRESERV] => 0
        )

    [5] => Array
        (
            [KOD] => 798834
            [TIME_FROM] => 18:00
            [TIME_TO] => 19:00               
            [CLIENTS_CNT] => 0
            [TOV_NAME] => Step Drive
            [ACC] => 0
            [CNTTRAN] => 0
            [CNTTRANRESERV] => 0
        )

    [6] => Array
        (
            [KOD] => 799041
            [TIME_FROM] => 19:00
            [TIME_TO] => 20:00               
            [CLIENTS_CNT] => 0
            [TOV_NAME] => Пілатес
            [ACC] => 0
            [CNTTRAN] => 0
            [CNTTRANRESERV] => 0
        )

)

[2026-02-17 07:57:40] [INFO] (/home/redbarbe/public_html/telegram/webapps/action/ajax_get_tren.php:61) Array
(
    [KOD] => 798006
    [TIME_FROM] => 09:00
    [TIME_TO] => 10:00               
    [CLIENTS_CNT] => 0
    [TOV_NAME] => Functional cardio
    [ACC] => 0
    [CNTTRAN] => 0
    [CNTTRANRESERV] => 0
)

[2026-02-17 07:57:40] [INFO] (/home/redbarbe/public_html/telegram/webapps/action/ajax_get_tren.php:61) Array
(
    [KOD] => 798213
    [TIME_FROM] => 10:00
    [TIME_TO] => 11:00               
    [CLIENTS_CNT] => 0
    [TOV_NAME] => Cardio&Body weight
    [ACC] => 0
    [CNTTRAN] => 0
    [CNTTRANRESERV] => 0
)

[2026-02-17 07:57:40] [INFO] (/home/redbarbe/public_html/telegram/webapps/action/ajax_get_tren.php:61) Array
(
    [KOD] => 798420
    [TIME_FROM] => 16:00
    [TIME_TO] => 17:00               
    [CLIENTS_CNT] => 0
    [TOV_NAME] => Дзюдо kids 
    [ACC] => 0
    [CNTTRAN] => 0
    [CNTTRANRESERV] => 0
)

[2026-02-17 07:57:40] [INFO] (/home/redbarbe/public_html/telegram/webapps/action/ajax_get_tren.php:61) Array
(
    [KOD] => 798627
    [TIME_FROM] => 17:00
    [TIME_TO] => 18:00               
    [CLIENTS_CNT] => 0
    [TOV_NAME] => Дзюдо teens
    [ACC] => 0
    [CNTTRAN] => 0
    [CNTTRANRESERV] => 0
)

[2026-02-17 07:57:40] [INFO] (/home/redbarbe/public_html/telegram/webapps/action/ajax_get_tren.php:61) Array
(
    [KOD] => 805187
    [TIME_FROM] => 18:00
    [TIME_TO] => 19:00               
    [CLIENTS_CNT] => 0
    [TOV_NAME] => Бокс/Кікбоксинг  Kids
    [ACC] => 0
    [CNTTRAN] => 0
    [CNTTRANRESERV] => 0
)

[2026-02-17 07:57:40] [INFO] (/home/redbarbe/public_html/telegram/webapps/action/ajax_get_tren.php:61) Array
(
    [KOD] => 798834
    [TIME_FROM] => 18:00
    [TIME_TO] => 19:00               
    [CLIENTS_CNT] => 0
    [TOV_NAME] => Step Drive
    [ACC] => 0
    [CNTTRAN] => 0
    [CNTTRANRESERV] => 0
)

[2026-02-17 07:57:40] [INFO] (/home/redbarbe/public_html/telegram/webapps/action/ajax_get_tren.php:61) Array
(
    [KOD] => 799041
    [TIME_FROM] => 19:00
    [TIME_TO] => 20:00               
    [CLIENTS_CNT] => 0
    [TOV_NAME] => Пілатес
    [ACC] => 0
    [CNTTRAN] => 0
    [CNTTRANRESERV] => 0
)

[2026-02-17 07:57:44] [INFO] (/home/redbarbe/public_html/telegram/webapps/action/ajax_fitness_zapis.php:22) Array
(
    [ajax_method] => 2
    [action] => ajax_fitness_zapis
    [dat] => 17.02.2026
    [acc] => 11981
    [trenid] => 798834
    [ost_all] => 100
    [ip_club] => 212.26.139.90
    [acctozapis] => 0
    [time_from] => 18:00
)

[2026-02-17 08:56:42] [INFO] (/home/redbarbe/public_html/telegram/webapps/reports/report_pers_detal.php:22) Array
(
)

[2026-02-17 08:56:49] [INFO] (/home/redbarbe/public_html/telegram/webapps/reports/report_pers_detal.php:22) Array
(
    [ajax_method] => 2
    [action] => report_pers_detal
    [action_report] => report_view
    [admin] => 5
    [date_from] => 16.02.2026
    [date_to] => 16.02.2026
    [ip_club] => 178.151.119.180
    [podr] => pt
    [sotr] => 0399
)

[2026-02-17 08:56:56] [INFO] (/home/redbarbe/public_html/telegram/webapps/reports/report_pers_detal.php:22) Array
(
)

[2026-02-17 09:27:24] [INFO] (/home/redbarbe/public_html/telegram/webapps/action/ajax_get_tren.php:35) Array
(
    [0] => Array
        (
            [KOD] => 798006
            [TIME_FROM] => 09:00
            [TIME_TO] => 10:00               
            [CLIENTS_CNT] => 0
            [TOV_NAME] => Functional cardio
            [ACC] => 0
            [CNTTRAN] => 0
            [CNTTRANRESERV] => 0
        )

    [1] => Array
        (
            [KOD] => 798213
            [TIME_FROM] => 10:00
            [TIME_TO] => 11:00               
            [CLIENTS_CNT] => 0
            [TOV_NAME] => Cardio&Body weight
            [ACC] => 0
            [CNTTRAN] => 0
            [CNTTRANRESERV] => 0
        )

    [2] => Array
        (
            [KOD] => 798420
            [TIME_FROM] => 16:00
            [TIME_TO] => 17:00               
            [CLIENTS_CNT] => 0
            [TOV_NAME] => Дзюдо kids 
            [ACC] => 0
            [CNTTRAN] => 0
            [CNTTRANRESERV] => 0
        )

    [3] => Array
        (
            [KOD] => 798627
            [TIME_FROM] => 17:00
            [TIME_TO] => 18:00               
            [CLIENTS_CNT] => 0
            [TOV_NAME] => Дзюдо teens
            [ACC] => 0
            [CNTTRAN] => 0
            [CNTTRANRESERV] => 0
        )

    [4] => Array
        (
            [KOD] => 805187
            [TIME_FROM] => 18:00
            [TIME_TO] => 19:00               
            [CLIENTS_CNT] => 0
            [TOV_NAME] => Бокс/Кікбоксинг  Kids
            [ACC] => 0
            [CNTTRAN] => 0
            [CNTTRANRESERV] => 0
        )

    [5] => Array
        (
            [KOD] => 798834
            [TIME_FROM] => 18:00
            [TIME_TO] => 19:00               
            [CLIENTS_CNT] => 0
            [TOV_NAME] => Step Drive
            [ACC] => 0
            [CNTTRAN] => 1
            [CNTTRANRESERV] => 0
        )

    [6] => Array
        (
            [KOD] => 799041
            [TIME_FROM] => 19:00
            [TIME_TO] => 20:00               
            [CLIENTS_CNT] => 0
            [TOV_NAME] => Пілатес
            [ACC] => 0
            [CNTTRAN] => 0
            [CNTTRANRESERV] => 0
        )

)

[2026-02-17 09:27:24] [INFO] (/home/redbarbe/public_html/telegram/webapps/action/ajax_get_tren.php:61) Array
(
    [KOD] => 798006
    [TIME_FROM] => 09:00
    [TIME_TO] => 10:00               
    [CLIENTS_CNT] => 0
    [TOV_NAME] => Functional cardio
    [ACC] => 0
    [CNTTRAN] => 0
    [CNTTRANRESERV] => 0
)

[2026-02-17 09:27:24] [INFO] (/home/redbarbe/public_html/telegram/webapps/action/ajax_get_tren.php:61) Array
(
    [KOD] => 798213
    [TIME_FROM] => 10:00
    [TIME_TO] => 11:00               
    [CLIENTS_CNT] => 0
    [TOV_NAME] => Cardio&Body weight
    [ACC] => 0
    [CNTTRAN] => 0
    [CNTTRANRESERV] => 0
)

[2026-02-17 09:27:24] [INFO] (/home/redbarbe/public_html/telegram/webapps/action/ajax_get_tren.php:61) Array
(
    [KOD] => 798420
    [TIME_FROM] => 16:00
    [TIME_TO] => 17:00               
    [CLIENTS_CNT] => 0
    [TOV_NAME] => Дзюдо kids 
    [ACC] => 0
    [CNTTRAN] => 0
    [CNTTRANRESERV] => 0
)

[2026-02-17 09:27:24] [INFO] (/home/redbarbe/public_html/telegram/webapps/action/ajax_get_tren.php:61) Array
(
    [KOD] => 798627
    [TIME_FROM] => 17:00
    [TIME_TO] => 18:00               
    [CLIENTS_CNT] => 0
    [TOV_NAME] => Дзюдо teens
    [ACC] => 0
    [CNTTRAN] => 0
    [CNTTRANRESERV] => 0
)

[2026-02-17 09:27:24] [INFO] (/home/redbarbe/public_html/telegram/webapps/action/ajax_get_tren.php:61) Array
(
    [KOD] => 805187
    [TIME_FROM] => 18:00
    [TIME_TO] => 19:00               
    [CLIENTS_CNT] => 0
    [TOV_NAME] => Бокс/Кікбоксинг  Kids
    [ACC] => 0
    [CNTTRAN] => 0
    [CNTTRANRESERV] => 0
)

[2026-02-17 09:27:24] [INFO] (/home/redbarbe/public_html/telegram/webapps/action/ajax_get_tren.php:61) Array
(
    [KOD] => 798834
    [TIME_FROM] => 18:00
    [TIME_TO] => 19:00               
    [CLIENTS_CNT] => 0
    [TOV_NAME] => Step Drive
    [ACC] => 0
    [CNTTRAN] => 1
    [CNTTRANRESERV] => 0
)

[2026-02-17 09:27:24] [INFO] (/home/redbarbe/public_html/telegram/webapps/action/ajax_get_tren.php:61) Array
(
    [KOD] => 799041
    [TIME_FROM] => 19:00
    [TIME_TO] => 20:00               
    [CLIENTS_CNT] => 0
    [TOV_NAME] => Пілатес
    [ACC] => 0
    [CNTTRAN] => 0
    [CNTTRANRESERV] => 0
)

[2026-02-17 09:27:35] [INFO] (/home/redbarbe/public_html/telegram/webapps/action/ajax_get_tren.php:35) Array
(
    [0] => Array
        (
            [KOD] => 799250
            [TIME_FROM] => 09:00
            [TIME_TO] => 10:00               
            [CLIENTS_CNT] => 0
            [TOV_NAME] => Functional cardio
            [ACC] => 0
            [CNTTRAN] => 0
            [CNTTRANRESERV] => 0
        )

    [1] => Array
        (
            [KOD] => 799406
            [TIME_FROM] => 10:00
            [TIME_TO] => 11:00               
            [CLIENTS_CNT] => 0
            [TOV_NAME] => Cardio&Body weight
            [ACC] => 0
            [CNTTRAN] => 0
            [CNTTRANRESERV] => 0
        )

    [2] => Array
        (
            [KOD] => 799562
            [TIME_FROM] => 16:00
            [TIME_TO] => 17:00               
            [CLIENTS_CNT] => 0
            [TOV_NAME] => Дзюдо kids 
            [ACC] => 0
            [CNTTRAN] => 0
            [CNTTRANRESERV] => 0
        )

    [3] => Array
        (
            [KOD] => 799718
            [TIME_FROM] => 17:00
            [TIME_TO] => 18:00               
            [CLIENTS_CNT] => 0
            [TOV_NAME] => Дзюдо teens
            [ACC] => 0
            [CNTTRAN] => 0
            [CNTTRANRESERV] => 0
        )

    [4] => Array
        (
            [KOD] => 799874
            [TIME_FROM] => 18:00
            [TIME_TO] => 19:00               
            [CLIENTS_CNT] => 0
            [TOV_NAME] => Step Drive
            [ACC] => 0
            [CNTTRAN] => 0
            [CNTTRANRESERV] => 0
        )

    [5] => Array
        (
            [KOD] => 800030
            [TIME_FROM] => 19:00
            [TIME_TO] => 20:00               
            [CLIENTS_CNT] => 0
            [TOV_NAME] => Пілатес
            [ACC] => 0
            [CNTTRAN] => 0
            [CNTTRANRESERV] => 0
        )

)

[2026-02-17 09:27:35] [INFO] (/home/redbarbe/public_html/telegram/webapps/action/ajax_get_tren.php:61) Array
(
    [KOD] => 799250
    [TIME_FROM] => 09:00
    [TIME_TO] => 10:00               
    [CLIENTS_CNT] => 0
    [TOV_NAME] => Functional cardio
    [ACC] => 0
    [CNTTRAN] => 0
    [CNTTRANRESERV] => 0
)

[2026-02-17 09:27:35] [INFO] (/home/redbarbe/public_html/telegram/webapps/action/ajax_get_tren.php:61) Array
(
    [KOD] => 799406
    [TIME_FROM] => 10:00
    [TIME_TO] => 11:00               
    [CLIENTS_CNT] => 0
    [TOV_NAME] => Cardio&Body weight
    [ACC] => 0
    [CNTTRAN] => 0
    [CNTTRANRESERV] => 0
)

[2026-02-17 09:27:35] [INFO] (/home/redbarbe/public_html/telegram/webapps/action/ajax_get_tren.php:61) Array
(
    [KOD] => 799562
    [TIME_FROM] => 16:00
    [TIME_TO] => 17:00               
    [CLIENTS_CNT] => 0
    [TOV_NAME] => Дзюдо kids 
    [ACC] => 0
    [CNTTRAN] => 0
    [CNTTRANRESERV] => 0
)

[2026-02-17 09:27:35] [INFO] (/home/redbarbe/public_html/telegram/webapps/action/ajax_get_tren.php:61) Array
(
    [KOD] => 799718
    [TIME_FROM] => 17:00
    [TIME_TO] => 18:00               
    [CLIENTS_CNT] => 0
    [TOV_NAME] => Дзюдо teens
    [ACC] => 0
    [CNTTRAN] => 0
    [CNTTRANRESERV] => 0
)

[2026-02-17 09:27:35] [INFO] (/home/redbarbe/public_html/telegram/webapps/action/ajax_get_tren.php:61) Array
(
    [KOD] => 799874
    [TIME_FROM] => 18:00
    [TIME_TO] => 19:00               
    [CLIENTS_CNT] => 0
    [TOV_NAME] => Step Drive
    [ACC] => 0
    [CNTTRAN] => 0
    [CNTTRANRESERV] => 0
)

[2026-02-17 09:27:35] [INFO] (/home/redbarbe/public_html/telegram/webapps/action/ajax_get_tren.php:61) Array
(
    [KOD] => 800030
    [TIME_FROM] => 19:00
    [TIME_TO] => 20:00               
    [CLIENTS_CNT] => 0
    [TOV_NAME] => Пілатес
    [ACC] => 0
    [CNTTRAN] => 0
    [CNTTRANRESERV] => 0
)

[2026-02-17 09:27:38] [INFO] (/home/redbarbe/public_html/telegram/webapps/action/ajax_get_tren.php:35) Array
(
    [0] => Array
        (
            [KOD] => 794205
            [TIME_FROM] => 08:00
            [TIME_TO] => 09:00               
            [CLIENTS_CNT] => 0
            [TOV_NAME] => Бокс(хлопці, з 13 років)
            [ACC] => 0
            [CNTTRAN] => 0
            [CNTTRANRESERV] => 0
        )

    [1] => Array
        (
            [KOD] => 793947
            [TIME_FROM] => 16:00
            [TIME_TO] => 17:00               
            [CLIENTS_CNT] => 0
            [TOV_NAME] => Паркур kids
            [ACC] => 0
            [CNTTRAN] => 0
            [CNTTRANRESERV] => 0
        )

    [2] => Array
        (
            [KOD] => 793431
            [TIME_FROM] => 17:00
            [TIME_TO] => 18:00               
            [CLIENTS_CNT] => 0
            [TOV_NAME] => Паркур teens
            [ACC] => 0
            [CNTTRAN] => 0
            [CNTTRANRESERV] => 0
        )

    [3] => Array
        (
            [KOD] => 792141
            [TIME_FROM] => 18:00
            [TIME_TO] => 19:00               
            [CLIENTS_CNT] => 0
            [TOV_NAME] => Йога
            [ACC] => 0
            [CNTTRAN] => 0
            [CNTTRANRESERV] => 0
        )

    [4] => Array
        (
            [KOD] => 792399
            [TIME_FROM] => 19:40
            [TIME_TO] => 20:40               
            [CLIENTS_CNT] => 0
            [TOV_NAME] => Акробатика Kids
            [ACC] => 0
            [CNTTRAN] => 0
            [CNTTRANRESERV] => 0
        )

    [5] => Array
        (
            [KOD] => 792915
            [TIME_FROM] => 20:00
            [TIME_TO] => 21:00               
            [CLIENTS_CNT] => 0
            [TOV_NAME] => Cross activity
            [ACC] => 0
            [CNTTRAN] => 0
            [CNTTRANRESERV] => 0
        )

    [6] => Array
        (
            [KOD] => 793173
            [TIME_FROM] => 20:00
            [TIME_TO] => 21:00               
            [CLIENTS_CNT] => 0
            [TOV_NAME] => Stretching
            [ACC] => 0
            [CNTTRAN] => 1
            [CNTTRANRESERV] => 0
        )

)

[2026-02-17 09:27:38] [INFO] (/home/redbarbe/public_html/telegram/webapps/action/ajax_get_tren.php:61) Array
(
    [KOD] => 794205
    [TIME_FROM] => 08:00
    [TIME_TO] => 09:00               
    [CLIENTS_CNT] => 0
    [TOV_NAME] => Бокс(хлопці, з 13 років)
    [ACC] => 0
    [CNTTRAN] => 0
    [CNTTRANRESERV] => 0
)

[2026-02-17 09:27:38] [INFO] (/home/redbarbe/public_html/telegram/webapps/action/ajax_get_tren.php:61) Array
(
    [KOD] => 793947
    [TIME_FROM] => 16:00
    [TIME_TO] => 17:00               
    [CLIENTS_CNT] => 0
    [TOV_NAME] => Паркур kids
    [ACC] => 0
    [CNTTRAN] => 0
    [CNTTRANRESERV] => 0
)

[2026-02-17 09:27:38] [INFO] (/home/redbarbe/public_html/telegram/webapps/action/ajax_get_tren.php:61) Array
(
    [KOD] => 793431
    [TIME_FROM] => 17:00
    [TIME_TO] => 18:00               
    [CLIENTS_CNT] => 0
    [TOV_NAME] => Паркур teens
    [ACC] => 0
    [CNTTRAN] => 0
    [CNTTRANRESERV] => 0
)

[2026-02-17 09:27:38] [INFO] (/home/redbarbe/public_html/telegram/webapps/action/ajax_get_tren.php:61) Array
(
    [KOD] => 792141
    [TIME_FROM] => 18:00
    [TIME_TO] => 19:00               
    [CLIENTS_CNT] => 0
    [TOV_NAME] => Йога
    [ACC] => 0
    [CNTTRAN] => 0
    [CNTTRANRESERV] => 0
)

[2026-02-17 09:27:38] [INFO] (/home/redbarbe/public_html/telegram/webapps/action/ajax_get_tren.php:61) Array
(
    [KOD] => 792399
    [TIME_FROM] => 19:40
    [TIME_TO] => 20:40               
    [CLIENTS_CNT] => 0
    [TOV_NAME] => Акробатика Kids
    [ACC] => 0
    [CNTTRAN] => 0
    [CNTTRANRESERV] => 0
)

[2026-02-17 09:27:38] [INFO] (/home/redbarbe/public_html/telegram/webapps/action/ajax_get_tren.php:61) Array
(
    [KOD] => 792915
    [TIME_FROM] => 20:00
    [TIME_TO] => 21:00               
    [CLIENTS_CNT] => 0
    [TOV_NAME] => Cross activity
    [ACC] => 0
    [CNTTRAN] => 0
    [CNTTRANRESERV] => 0
)

[2026-02-17 09:27:38] [INFO] (/home/redbarbe/public_html/telegram/webapps/action/ajax_get_tren.php:61) Array
(
    [KOD] => 793173
    [TIME_FROM] => 20:00
    [TIME_TO] => 21:00               
    [CLIENTS_CNT] => 0
    [TOV_NAME] => Stretching
    [ACC] => 0
    [CNTTRAN] => 1
    [CNTTRANRESERV] => 0
)

[2026-02-17 09:28:02] [INFO] (/home/redbarbe/public_html/telegram/webapps/action/select_sotr.php:17) Array
(
    [action] => select_sotr
    [club] => -
    [club_ip] => 212.26.139.90
)

[2026-02-17 09:28:02] [INFO] (/home/redbarbe/public_html/telegram/webapps/action/select_sotr.php:27) Array
(
    [0] => Array
        (
            [ROLE] => Тренер
            [ID] => 697814
            [NAME] => Горева Анастасія
        )

    [1] => Array
        (
            [ROLE] => Администратор фитнеса
            [ID] => 0101
            [NAME] => Дежурный
        )

    [2] => Array
        (
            [ROLE] => Администратор фитнеса
            [ID] => 0103
            [NAME] => Йова Катерина
        )

    [3] => Array
        (
            [ROLE] => Тренер
            [ID] => 03354
            [NAME] => Колесник Богдан
        )

    [4] => Array
        (
            [ROLE] => Тренер
            [ID] => 2564
            [NAME] => Кулаковський Сергій
        )

    [5] => Array
        (
            [ROLE] => Администратор фитнеса
            [ID] => 0102
            [NAME] => Лазаренко Ліна
        )

    [6] => Array
        (
            [ROLE] => Тренер
            [ID] => 2452
            [NAME] => Лешковят Наталія
        )

    [7] => Array
        (
            [ROLE] => Администратор фитнеса
            [ID] => 0235
            [NAME] => Лучко Кирил
        )

    [8] => Array
        (
            [ROLE] => Администратор фитнеса
            [ID] => 0333
            [NAME] => Мамедова Ельнара
        )

    [9] => Array
        (
            [ROLE] => Тренер
            [ID] => 03336
            [NAME] => Мельниченко Надія
        )

    [10] => Array
        (
            [ROLE] => Тренер
            [ID] => 007989
            [NAME] => Підгурська Влада
        )

    [11] => Array
        (
            [ROLE] => Тренер
            [ID] => 03337
            [NAME] => Погорєлов Євгеній
        )

    [12] => Array
        (
            [ROLE] => Тренер
            [ID] => 03589
            [NAME] => Присняк Владислав
        )

    [13] => Array
        (
            [ROLE] => Тренер
            [ID] => 03352
            [NAME] => Рибак Роман
        )

    [14] => Array
        (
            [ROLE] => Тренер
            [ID] => 0334
            [NAME] => Самусенко Альона
        )

    [15] => Array
        (
            [ROLE] => Тренер
            [ID] => 03339
            [NAME] => Стрілець Данило
        )

    [16] => Array
        (
            [ROLE] => Тренер
            [ID] => 7895
            [NAME] => Тулаінов Андрій
        )

    [17] => Array
        (
            [ROLE] => Тренер
            [ID] => 0325
            [NAME] => Худоба Ігор
        )

    [18] => Array
        (
            [ROLE] => Тренер
            [ID] => 03342
            [NAME] => Шматко Ярослав
        )

    [19] => Array
        (
            [ROLE] => Тренер
            [ID] => 8987
            [NAME] => Яковенко Ганна
        )

)

[2026-02-17 09:34:22] [INFO] (/home/redbarbe/public_html/telegram/webapps/action/ajax_get_tren.php:35) Array
(
    [0] => Array
        (
            [KOD] => 835963
            [TIME_FROM] => 10:00
            [TIME_TO] => 11:00               
            [CLIENTS_CNT] => 0
            [TOV_NAME] => Body Training
            [ACC] => 0
            [CNTTRAN] => 0
            [CNTTRANRESERV] => 0
        )

    [1] => Array
        (
            [KOD] => 835441
            [TIME_FROM] => 18:00
            [TIME_TO] => 19:00               
            [CLIENTS_CNT] => 0
            [TOV_NAME] => Кiкбоксинг
            [ACC] => 0
            [CNTTRAN] => 0
            [CNTTRANRESERV] => 0
        )

    [2] => Array
        (
            [KOD] => 834658
            [TIME_FROM] => 19:00
            [TIME_TO] => 20:00               
            [CLIENTS_CNT] => 0
            [TOV_NAME] => Body Training
            [ACC] => 0
            [CNTTRAN] => 0
            [CNTTRANRESERV] => 0
        )

    [3] => Array
        (
            [KOD] => 834397
            [TIME_FROM] => 19:00
            [TIME_TO] => 20:00               
            [CLIENTS_CNT] => 0
            [TOV_NAME] => Кругове тренування
            [ACC] => 0
            [CNTTRAN] => 0
            [CNTTRANRESERV] => 0
        )

    [4] => Array
        (
            [KOD] => 834919
            [TIME_FROM] => 19:30
            [TIME_TO] => 20:30               
            [CLIENTS_CNT] => 0
            [TOV_NAME] => Акробатика Kids
            [ACC] => 0
            [CNTTRAN] => 0
            [CNTTRANRESERV] => 0
        )

    [5] => Array
        (
            [KOD] => 835702
            [TIME_FROM] => 20:00
            [TIME_TO] => 21:00               
            [CLIENTS_CNT] => 0
            [TOV_NAME] => Степ-аеробіка
            [ACC] => 0
            [CNTTRAN] => 1
            [CNTTRANRESERV] => 0
        )

    [6] => Array
        (
            [KOD] => 835180
            [TIME_FROM] => 20:30
            [TIME_TO] => 21:30               
            [CLIENTS_CNT] => 0
            [TOV_NAME] => Акробатика
            [ACC] => 0
            [CNTTRAN] => 0
            [CNTTRANRESERV] => 0
        )

)

[2026-02-17 09:34:22] [INFO] (/home/redbarbe/public_html/telegram/webapps/action/ajax_get_tren.php:61) Array
(
    [KOD] => 835963
    [TIME_FROM] => 10:00
    [TIME_TO] => 11:00               
    [CLIENTS_CNT] => 0
    [TOV_NAME] => Body Training
    [ACC] => 0
    [CNTTRAN] => 0
    [CNTTRANRESERV] => 0
)

[2026-02-17 09:34:22] [INFO] (/home/redbarbe/public_html/telegram/webapps/action/ajax_get_tren.php:61) Array
(
    [KOD] => 835441
    [TIME_FROM] => 18:00
    [TIME_TO] => 19:00               
    [CLIENTS_CNT] => 0
    [TOV_NAME] => Кiкбоксинг
    [ACC] => 0
    [CNTTRAN] => 0
    [CNTTRANRESERV] => 0
)

[2026-02-17 09:34:22] [INFO] (/home/redbarbe/public_html/telegram/webapps/action/ajax_get_tren.php:61) Array
(
    [KOD] => 834658
    [TIME_FROM] => 19:00
    [TIME_TO] => 20:00               
    [CLIENTS_CNT] => 0
    [TOV_NAME] => Body Training
    [ACC] => 0
    [CNTTRAN] => 0
    [CNTTRANRESERV] => 0
)

[2026-02-17 09:34:22] [INFO] (/home/redbarbe/public_html/telegram/webapps/action/ajax_get_tren.php:61) Array
(
    [KOD] => 834397
    [TIME_FROM] => 19:00
    [TIME_TO] => 20:00               
    [CLIENTS_CNT] => 0
    [TOV_NAME] => Кругове тренування
    [ACC] => 0
    [CNTTRAN] => 0
    [CNTTRANRESERV] => 0
)

[2026-02-17 09:34:22] [INFO] (/home/redbarbe/public_html/telegram/webapps/action/ajax_get_tren.php:61) Array
(
    [KOD] => 834919
    [TIME_FROM] => 19:30
    [TIME_TO] => 20:30               
    [CLIENTS_CNT] => 0
    [TOV_NAME] => Акробатика Kids
    [ACC] => 0
    [CNTTRAN] => 0
    [CNTTRANRESERV] => 0
)

[2026-02-17 09:34:22] [INFO] (/home/redbarbe/public_html/telegram/webapps/action/ajax_get_tren.php:61) Array
(
    [KOD] => 835702
    [TIME_FROM] => 20:00
    [TIME_TO] => 21:00               
    [CLIENTS_CNT] => 0
    [TOV_NAME] => Степ-аеробіка
    [ACC] => 0
    [CNTTRAN] => 1
    [CNTTRANRESERV] => 0
)

[2026-02-17 09:34:22] [INFO] (/home/redbarbe/public_html/telegram/webapps/action/ajax_get_tren.php:61) Array
(
    [KOD] => 835180
    [TIME_FROM] => 20:30
    [TIME_TO] => 21:30               
    [CLIENTS_CNT] => 0
    [TOV_NAME] => Акробатика
    [ACC] => 0
    [CNTTRAN] => 0
    [CNTTRANRESERV] => 0
)

[2026-02-17 09:34:29] [INFO] (/home/redbarbe/public_html/telegram/webapps/action/ajax_get_tren.php:35) Array
(
    [0] => Array
        (
            [KOD] => 838191
            [TIME_FROM] => 10:00
            [TIME_TO] => 11:00               
            [CLIENTS_CNT] => 0
            [TOV_NAME] => Степ-аеробіка
            [ACC] => 0
            [CNTTRAN] => 0
            [CNTTRANRESERV] => 0
        )

    [1] => Array
        (
            [KOD] => 838295
            [TIME_FROM] => 18:00
            [TIME_TO] => 19:00               
            [CLIENTS_CNT] => 0
            [TOV_NAME] => Пілатес
            [ACC] => 0
            [CNTTRAN] => 1
            [CNTTRANRESERV] => 0
        )

    [2] => Array
        (
            [KOD] => 837879
            [TIME_FROM] => 19:00
            [TIME_TO] => 20:00               
            [CLIENTS_CNT] => 0
            [TOV_NAME] => Степ-аеробіка
            [ACC] => 0
            [CNTTRAN] => 0
            [CNTTRANRESERV] => 0
        )

    [3] => Array
        (
            [KOD] => 837983
            [TIME_FROM] => 19:00
            [TIME_TO] => 20:00               
            [CLIENTS_CNT] => 0
            [TOV_NAME] => Бокс Kids
            [ACC] => 0
            [CNTTRAN] => 0
            [CNTTRANRESERV] => 0
        )

    [4] => Array
        (
            [KOD] => 838087
            [TIME_FROM] => 20:00
            [TIME_TO] => 21:00               
            [CLIENTS_CNT] => 0
            [TOV_NAME] => Cross Activity
            [ACC] => 0
            [CNTTRAN] => 0
            [CNTTRANRESERV] => 0
        )

    [5] => Array
        (
            [KOD] => 838503
            [TIME_FROM] => 20:00
            [TIME_TO] => 21:00               
            [CLIENTS_CNT] => 0
            [TOV_NAME] => Бокс
            [ACC] => 0
            [CNTTRAN] => 0
            [CNTTRANRESERV] => 0
        )

    [6] => Array
        (
            [KOD] => 838399
            [TIME_FROM] => 20:00
            [TIME_TO] => 21:00               
            [CLIENTS_CNT] => 0
            [TOV_NAME] => Functional Body
            [ACC] => 0
            [CNTTRAN] => 0
            [CNTTRANRESERV] => 0
        )

)

[2026-02-17 09:34:29] [INFO] (/home/redbarbe/public_html/telegram/webapps/action/ajax_get_tren.php:61) Array
(
    [KOD] => 838191
    [TIME_FROM] => 10:00
    [TIME_TO] => 11:00               
    [CLIENTS_CNT] => 0
    [TOV_NAME] => Степ-аеробіка
    [ACC] => 0
    [CNTTRAN] => 0
    [CNTTRANRESERV] => 0
)

[2026-02-17 09:34:29] [INFO] (/home/redbarbe/public_html/telegram/webapps/action/ajax_get_tren.php:61) Array
(
    [KOD] => 838295
    [TIME_FROM] => 18:00
    [TIME_TO] => 19:00               
    [CLIENTS_CNT] => 0
    [TOV_NAME] => Пілатес
    [ACC] => 0
    [CNTTRAN] => 1
    [CNTTRANRESERV] => 0
)

[2026-02-17 09:34:29] [INFO] (/home/redbarbe/public_html/telegram/webapps/action/ajax_get_tren.php:61) Array
(
    [KOD] => 837879
    [TIME_FROM] => 19:00
    [TIME_TO] => 20:00               
    [CLIENTS_CNT] => 0
    [TOV_NAME] => Степ-аеробіка
    [ACC] => 0
    [CNTTRAN] => 0
    [CNTTRANRESERV] => 0
)

[2026-02-17 09:34:29] [INFO] (/home/redbarbe/public_html/telegram/webapps/action/ajax_get_tren.php:61) Array
(
    [KOD] => 837983
    [TIME_FROM] => 19:00
    [TIME_TO] => 20:00               
    [CLIENTS_CNT] => 0
    [TOV_NAME] => Бокс Kids
    [ACC] => 0
    [CNTTRAN] => 0
    [CNTTRANRESERV] => 0
)

[2026-02-17 09:34:29] [INFO] (/home/redbarbe/public_html/telegram/webapps/action/ajax_get_tren.php:61) Array
(
    [KOD] => 838087
    [TIME_FROM] => 20:00
    [TIME_TO] => 21:00               
    [CLIENTS_CNT] => 0
    [TOV_NAME] => Cross Activity
    [ACC] => 0
    [CNTTRAN] => 0
    [CNTTRANRESERV] => 0
)

[2026-02-17 09:34:29] [INFO] (/home/redbarbe/public_html/telegram/webapps/action/ajax_get_tren.php:61) Array
(
    [KOD] => 838503
    [TIME_FROM] => 20:00
    [TIME_TO] => 21:00               
    [CLIENTS_CNT] => 0
    [TOV_NAME] => Бокс
    [ACC] => 0
    [CNTTRAN] => 0
    [CNTTRANRESERV] => 0
)

[2026-02-17 09:34:29] [INFO] (/home/redbarbe/public_html/telegram/webapps/action/ajax_get_tren.php:61) Array
(
    [KOD] => 838399
    [TIME_FROM] => 20:00
    [TIME_TO] => 21:00               
    [CLIENTS_CNT] => 0
    [TOV_NAME] => Functional Body
    [ACC] => 0
    [CNTTRAN] => 0
    [CNTTRANRESERV] => 0
)

[2026-02-17 09:44:58] [INFO] (/home/redbarbe/public_html/telegram/webapps/action/select_sotr.php:17) Array
(
    [action] => select_sotr
    [club] => -
    [club_ip] => 178.151.119.180
)

[2026-02-17 09:44:58] [INFO] (/home/redbarbe/public_html/telegram/webapps/action/select_sotr.php:27) Array
(
    [0] => Array
        (
            [ROLE] => Тренер
            [ID] => 0717
            [NAME] => Єфремова Олександра 
        )

    [1] => Array
        (
            [ROLE] => Тренер
            [ID] => 0707
            [NAME] => Андрияш Анна
        )

    [2] => Array
        (
            [ROLE] => Администратор фитнеса
            [ID] => 0903
            [NAME] => Антонова Аліса
        )

    [3] => Array
        (
            [ROLE] => Тренер
            [ID] => 0302
            [NAME] => Аштема Александр
        )

    [4] => Array
        (
            [ROLE] => Тренер
            [ID] => 0399
            [NAME] => Біліч Лариса
        )

    [5] => Array
        (
            [ROLE] => Тренер
            [ID] => 0316
            [NAME] => Вєтрова Катя
        )

    [6] => Array
        (
            [ROLE] => Тренер
            [ID] => 0708
            [NAME] => Виноградов Александр
        )

    [7] => Array
        (
            [ROLE] => Администратор фитнеса
            [ID] => 0402
            [NAME] => Войтюк Мар'яна
        )

    [8] => Array
        (
            [ROLE] => Тренер
            [ID] => 0327
            [NAME] => Гармаш Владимир
        )

    [9] => Array
        (
            [ROLE] => Главний бухгалтер
            [ID] => 0902
            [NAME] => Глав. Бух.
        )

    [10] => Array
        (
            [ROLE] => Тренер
            [ID] => 0718
            [NAME] => Дворніков Дмитро 
        )

    [11] => Array
        (
            [ROLE] => Администратор фитнеса
            [ID] => 0101
            [NAME] => Дежурный
        )

    [12] => Array
        (
            [ROLE] => Администратор фитнеса
            [ID] => 0104
            [NAME] => Демченко Александра
        )

    [13] => Array
        (
            [ROLE] => Администратор фитнеса
            [ID] => 0102
            [NAME] => Дубинчук Наталья
        )

    [14] => Array
        (
            [ROLE] => Тренер
            [ID] => 0304
            [NAME] => Елецкая Светлана
        )

    [15] => Array
        (
            [ROLE] => Тренер
            [ID] => 0308
            [NAME] => Колесник Богдан
        )

    [16] => Array
        (
            [ROLE] => Тренер
            [ID] => 0312
            [NAME] => Крыжановский Павел
        )

    [17] => Array
        (
            [ROLE] => Тренер
            [ID] => 0313
            [NAME] => Кукурудзяк Руслан
        )

    [18] => Array
        (
            [ROLE] => Тренер
            [ID] => 0325
            [NAME] => Оруджева Юлія
        )

    [19] => Array
        (
            [ROLE] => Тренер
            [ID] => 0710
            [NAME] => Остафи Денис
        )

    [20] => Array
        (
            [ROLE] => Тренер
            [ID] => 0715
            [NAME] => Проломов Данил
        )

    [21] => Array
        (
            [ROLE] => Тренер
            [ID] => 0311
            [NAME] => Романовская Наталья
        )

    [22] => Array
        (
            [ROLE] => Тренер
            [ID] => 0711
            [NAME] => Солянов Владислав
        )

    [23] => Array
        (
            [ROLE] => Тренер
            [ID] => 0326
            [NAME] => Тищенко Ольга
        )

    [24] => Array
        (
            [ROLE] => Тренер
            [ID] => 0310
            [NAME] => Фесенко Ира
        )

    [25] => Array
        (
            [ROLE] => Тренер
            [ID] => 0103
            [NAME] => Шевелько Руслан
        )

    [26] => Array
        (
            [ROLE] => Тренер
            [ID] => 0712
            [NAME] => Шевчук Вікторія
        )

    [27] => Array
        (
            [ROLE] => Головний адміністратор
            [ID] => 0901
            [NAME] => системный
        )

)

[2026-02-17 10:03:56] [INFO] (/home/redbarbe/public_html/telegram/webapps/action/select_sotr.php:17) Array
(
    [action] => select_sotr
    [club] => -
    [club_ip] => 212.26.139.90
)

[2026-02-17 10:03:56] [INFO] (/home/redbarbe/public_html/telegram/webapps/action/select_sotr.php:27) Array
(
    [0] => Array
        (
            [ROLE] => Тренер
            [ID] => 697814
            [NAME] => Горева Анастасія
        )

    [1] => Array
        (
            [ROLE] => Администратор фитнеса
            [ID] => 0101
            [NAME] => Дежурный
        )

    [2] => Array
        (
            [ROLE] => Администратор фитнеса
            [ID] => 0103
            [NAME] => Йова Катерина
        )

    [3] => Array
        (
            [ROLE] => Тренер
            [ID] => 03354
            [NAME] => Колесник Богдан
        )

    [4] => Array
        (
            [ROLE] => Тренер
            [ID] => 2564
            [NAME] => Кулаковський Сергій
        )

    [5] => Array
        (
            [ROLE] => Администратор фитнеса
            [ID] => 0102
            [NAME] => Лазаренко Ліна
        )

    [6] => Array
        (
            [ROLE] => Тренер
            [ID] => 2452
            [NAME] => Лешковят Наталія
        )

    [7] => Array
        (
            [ROLE] => Администратор фитнеса
            [ID] => 0235
            [NAME] => Лучко Кирил
        )

    [8] => Array
        (
            [ROLE] => Администратор фитнеса
            [ID] => 0333
            [NAME] => Мамедова Ельнара
        )

    [9] => Array
        (
            [ROLE] => Тренер
            [ID] => 03336
            [NAME] => Мельниченко Надія
        )

    [10] => Array
        (
            [ROLE] => Тренер
            [ID] => 007989
            [NAME] => Підгурська Влада
        )

    [11] => Array
        (
            [ROLE] => Тренер
            [ID] => 03337
            [NAME] => Погорєлов Євгеній
        )

    [12] => Array
        (
            [ROLE] => Тренер
            [ID] => 03589
            [NAME] => Присняк Владислав
        )

    [13] => Array
        (
            [ROLE] => Тренер
            [ID] => 03352
            [NAME] => Рибак Роман
        )

    [14] => Array
        (
            [ROLE] => Тренер
            [ID] => 0334
            [NAME] => Самусенко Альона
        )

    [15] => Array
        (
            [ROLE] => Тренер
            [ID] => 03339
            [NAME] => Стрілець Данило
        )

    [16] => Array
        (
            [ROLE] => Тренер
            [ID] => 7895
            [NAME] => Тулаінов Андрій
        )

    [17] => Array
        (
            [ROLE] => Тренер
            [ID] => 0325
            [NAME] => Худоба Ігор
        )

    [18] => Array
        (
            [ROLE] => Тренер
            [ID] => 03342
            [NAME] => Шматко Ярослав
        )

    [19] => Array
        (
            [ROLE] => Тренер
            [ID] => 8987
            [NAME] => Яковенко Ганна
        )

)

[2026-02-17 10:05:23] [INFO] (/home/redbarbe/public_html/telegram/webapps/action/select_sotr.php:17) Array
(
    [action] => select_sotr
    [club] => -
    [club_ip] => 212.26.139.90
)

[2026-02-17 10:05:23] [INFO] (/home/redbarbe/public_html/telegram/webapps/action/select_sotr.php:27) Array
(
    [0] => Array
        (
            [ROLE] => Тренер
            [ID] => 697814
            [NAME] => Горева Анастасія
        )

    [1] => Array
        (
            [ROLE] => Администратор фитнеса
            [ID] => 0101
            [NAME] => Дежурный
        )

    [2] => Array
        (
            [ROLE] => Администратор фитнеса
            [ID] => 0103
            [NAME] => Йова Катерина
        )

    [3] => Array
        (
            [ROLE] => Тренер
            [ID] => 03354
            [NAME] => Колесник Богдан
        )

    [4] => Array
        (
            [ROLE] => Тренер
            [ID] => 2564
            [NAME] => Кулаковський Сергій
        )

    [5] => Array
        (
            [ROLE] => Администратор фитнеса
            [ID] => 0102
            [NAME] => Лазаренко Ліна
        )

    [6] => Array
        (
            [ROLE] => Тренер
            [ID] => 2452
            [NAME] => Лешковят Наталія
        )

    [7] => Array
        (
            [ROLE] => Администратор фитнеса
            [ID] => 0235
            [NAME] => Лучко Кирил
        )

    [8] => Array
        (
            [ROLE] => Администратор фитнеса
            [ID] => 0333
            [NAME] => Мамедова Ельнара
        )

    [9] => Array
        (
            [ROLE] => Тренер
            [ID] => 03336
            [NAME] => Мельниченко Надія
        )

    [10] => Array
        (
            [ROLE] => Тренер
            [ID] => 007989
            [NAME] => Підгурська Влада
        )

    [11] => Array
        (
            [ROLE] => Тренер
            [ID] => 03337
            [NAME] => Погорєлов Євгеній
        )

    [12] => Array
        (
            [ROLE] => Тренер
            [ID] => 03589
            [NAME] => Присняк Владислав
        )

    [13] => Array
        (
            [ROLE] => Тренер
            [ID] => 03352
            [NAME] => Рибак Роман
        )

    [14] => Array
        (
            [ROLE] => Тренер
            [ID] => 0334
            [NAME] => Самусенко Альона
        )

    [15] => Array
        (
            [ROLE] => Тренер
            [ID] => 03339
            [NAME] => Стрілець Данило
        )

    [16] => Array
        (
            [ROLE] => Тренер
            [ID] => 7895
            [NAME] => Тулаінов Андрій
        )

    [17] => Array
        (
            [ROLE] => Тренер
            [ID] => 0325
            [NAME] => Худоба Ігор
        )

    [18] => Array
        (
            [ROLE] => Тренер
            [ID] => 03342
            [NAME] => Шматко Ярослав
        )

    [19] => Array
        (
            [ROLE] => Тренер
            [ID] => 8987
            [NAME] => Яковенко Ганна
        )

)

[2026-02-17 10:06:03] [INFO] (/home/redbarbe/public_html/telegram/webapps/reports/report_pers_detal.php:22) Array
(
)

[2026-02-17 10:06:14] [INFO] (/home/redbarbe/public_html/telegram/webapps/reports/report_pers_detal.php:22) Array
(
    [ajax_method] => 2
    [action] => report_pers_detal
    [action_report] => report_view
    [admin] => 5
    [date_from] => 17.02.2026
    [date_to] => 17.02.2026
    [ip_club] => 193.194.107.2
    [podr] => all
    [sotr] => 0311
)

[2026-02-17 10:39:44] [INFO] (/home/redbarbe/public_html/telegram/webapps/action/ajax_get_tren.php:35) Array
(
    [0] => Array
        (
            [KOD] => 835963
            [TIME_FROM] => 10:00
            [TIME_TO] => 11:00               
            [CLIENTS_CNT] => 0
            [TOV_NAME] => Body Training
            [ACC] => 0
            [CNTTRAN] => 0
            [CNTTRANRESERV] => 0
        )

    [1] => Array
        (
            [KOD] => 835441
            [TIME_FROM] => 18:00
            [TIME_TO] => 19:00               
            [CLIENTS_CNT] => 0
            [TOV_NAME] => Кiкбоксинг
            [ACC] => 0
            [CNTTRAN] => 0
            [CNTTRANRESERV] => 0
        )

    [2] => Array
        (
            [KOD] => 834658
            [TIME_FROM] => 19:00
            [TIME_TO] => 20:00               
            [CLIENTS_CNT] => 0
            [TOV_NAME] => Body Training
            [ACC] => 0
            [CNTTRAN] => 0
            [CNTTRANRESERV] => 0
        )

    [3] => Array
        (
            [KOD] => 834397
            [TIME_FROM] => 19:00
            [TIME_TO] => 20:00               
            [CLIENTS_CNT] => 0
            [TOV_NAME] => Кругове тренування
            [ACC] => 0
            [CNTTRAN] => 0
            [CNTTRANRESERV] => 0
        )

    [4] => Array
        (
            [KOD] => 834919
            [TIME_FROM] => 19:30
            [TIME_TO] => 20:30               
            [CLIENTS_CNT] => 0
            [TOV_NAME] => Акробатика Kids
            [ACC] => 0
            [CNTTRAN] => 0
            [CNTTRANRESERV] => 0
        )

    [5] => Array
        (
            [KOD] => 835702
            [TIME_FROM] => 20:00
            [TIME_TO] => 21:00               
            [CLIENTS_CNT] => 0
            [TOV_NAME] => Степ-аеробіка
            [ACC] => 0
            [CNTTRAN] => 1
            [CNTTRANRESERV] => 0
        )

    [6] => Array
        (
            [KOD] => 835180
            [TIME_FROM] => 20:30
            [TIME_TO] => 21:30               
            [CLIENTS_CNT] => 0
            [TOV_NAME] => Акробатика
            [ACC] => 0
            [CNTTRAN] => 0
            [CNTTRANRESERV] => 0
        )

)

[2026-02-17 10:39:44] [INFO] (/home/redbarbe/public_html/telegram/webapps/action/ajax_get_tren.php:61) Array
(
    [KOD] => 835963
    [TIME_FROM] => 10:00
    [TIME_TO] => 11:00               
    [CLIENTS_CNT] => 0
    [TOV_NAME] => Body Training
    [ACC] => 0
    [CNTTRAN] => 0
    [CNTTRANRESERV] => 0
)

[2026-02-17 10:39:44] [INFO] (/home/redbarbe/public_html/telegram/webapps/action/ajax_get_tren.php:61) Array
(
    [KOD] => 835441
    [TIME_FROM] => 18:00
    [TIME_TO] => 19:00               
    [CLIENTS_CNT] => 0
    [TOV_NAME] => Кiкбоксинг
    [ACC] => 0
    [CNTTRAN] => 0
    [CNTTRANRESERV] => 0
)

[2026-02-17 10:39:44] [INFO] (/home/redbarbe/public_html/telegram/webapps/action/ajax_get_tren.php:61) Array
(
    [KOD] => 834658
    [TIME_FROM] => 19:00
    [TIME_TO] => 20:00               
    [CLIENTS_CNT] => 0
    [TOV_NAME] => Body Training
    [ACC] => 0
    [CNTTRAN] => 0
    [CNTTRANRESERV] => 0
)

[2026-02-17 10:39:44] [INFO] (/home/redbarbe/public_html/telegram/webapps/action/ajax_get_tren.php:61) Array
(
    [KOD] => 834397
    [TIME_FROM] => 19:00
    [TIME_TO] => 20:00               
    [CLIENTS_CNT] => 0
    [TOV_NAME] => Кругове тренування
    [ACC] => 0
    [CNTTRAN] => 0
    [CNTTRANRESERV] => 0
)

[2026-02-17 10:39:44] [INFO] (/home/redbarbe/public_html/telegram/webapps/action/ajax_get_tren.php:61) Array
(
    [KOD] => 834919
    [TIME_FROM] => 19:30
    [TIME_TO] => 20:30               
    [CLIENTS_CNT] => 0
    [TOV_NAME] => Акробатика Kids
    [ACC] => 0
    [CNTTRAN] => 0
    [CNTTRANRESERV] => 0
)

[2026-02-17 10:39:44] [INFO] (/home/redbarbe/public_html/telegram/webapps/action/ajax_get_tren.php:61) Array
(
    [KOD] => 835702
    [TIME_FROM] => 20:00
    [TIME_TO] => 21:00               
    [CLIENTS_CNT] => 0
    [TOV_NAME] => Степ-аеробіка
    [ACC] => 0
    [CNTTRAN] => 1
    [CNTTRANRESERV] => 0
)

[2026-02-17 10:39:44] [INFO] (/home/redbarbe/public_html/telegram/webapps/action/ajax_get_tren.php:61) Array
(
    [KOD] => 835180
    [TIME_FROM] => 20:30
    [TIME_TO] => 21:30               
    [CLIENTS_CNT] => 0
    [TOV_NAME] => Акробатика
    [ACC] => 0
    [CNTTRAN] => 0
    [CNTTRANRESERV] => 0
)

[2026-02-17 10:40:31] [INFO] (/home/redbarbe/public_html/telegram/webapps/action/ajax_get_tren.php:35) Array
(
    [0] => Array
        (
            [KOD] => 838191
            [TIME_FROM] => 10:00
            [TIME_TO] => 11:00               
            [CLIENTS_CNT] => 0
            [TOV_NAME] => Степ-аеробіка
            [ACC] => 0
            [CNTTRAN] => 0
            [CNTTRANRESERV] => 0
        )

    [1] => Array
        (
            [KOD] => 838295
            [TIME_FROM] => 18:00
            [TIME_TO] => 19:00               
            [CLIENTS_CNT] => 0
            [TOV_NAME] => Пілатес
            [ACC] => 0
            [CNTTRAN] => 1
            [CNTTRANRESERV] => 0
        )

    [2] => Array
        (
            [KOD] => 837879
            [TIME_FROM] => 19:00
            [TIME_TO] => 20:00               
            [CLIENTS_CNT] => 0
            [TOV_NAME] => Степ-аеробіка
            [ACC] => 0
            [CNTTRAN] => 0
            [CNTTRANRESERV] => 0
        )

    [3] => Array
        (
            [KOD] => 837983
            [TIME_FROM] => 19:00
            [TIME_TO] => 20:00               
            [CLIENTS_CNT] => 0
            [TOV_NAME] => Бокс Kids
            [ACC] => 0
            [CNTTRAN] => 0
            [CNTTRANRESERV] => 0
        )

    [4] => Array
        (
            [KOD] => 838087
            [TIME_FROM] => 20:00
            [TIME_TO] => 21:00               
            [CLIENTS_CNT] => 0
            [TOV_NAME] => Cross Activity
            [ACC] => 0
            [CNTTRAN] => 0
            [CNTTRANRESERV] => 0
        )

    [5] => Array
        (
            [KOD] => 838503
            [TIME_FROM] => 20:00
            [TIME_TO] => 21:00               
            [CLIENTS_CNT] => 0
            [TOV_NAME] => Бокс
            [ACC] => 0
            [CNTTRAN] => 0
            [CNTTRANRESERV] => 0
        )

    [6] => Array
        (
            [KOD] => 838399
            [TIME_FROM] => 20:00
            [TIME_TO] => 21:00               
            [CLIENTS_CNT] => 0
            [TOV_NAME] => Functional Body
            [ACC] => 0
            [CNTTRAN] => 0
            [CNTTRANRESERV] => 0
        )

)

[2026-02-17 10:40:31] [INFO] (/home/redbarbe/public_html/telegram/webapps/action/ajax_get_tren.php:61) Array
(
    [KOD] => 838191
    [TIME_FROM] => 10:00
    [TIME_TO] => 11:00               
    [CLIENTS_CNT] => 0
    [TOV_NAME] => Степ-аеробіка
    [ACC] => 0
    [CNTTRAN] => 0
    [CNTTRANRESERV] => 0
)

[2026-02-17 10:40:31] [INFO] (/home/redbarbe/public_html/telegram/webapps/action/ajax_get_tren.php:61) Array
(
    [KOD] => 838295
    [TIME_FROM] => 18:00
    [TIME_TO] => 19:00               
    [CLIENTS_CNT] => 0
    [TOV_NAME] => Пілатес
    [ACC] => 0
    [CNTTRAN] => 1
    [CNTTRANRESERV] => 0
)

[2026-02-17 10:40:31] [INFO] (/home/redbarbe/public_html/telegram/webapps/action/ajax_get_tren.php:61) Array
(
    [KOD] => 837879
    [TIME_FROM] => 19:00
    [TIME_TO] => 20:00               
    [CLIENTS_CNT] => 0
    [TOV_NAME] => Степ-аеробіка
    [ACC] => 0
    [CNTTRAN] => 0
    [CNTTRANRESERV] => 0
)

[2026-02-17 10:40:31] [INFO] (/home/redbarbe/public_html/telegram/webapps/action/ajax_get_tren.php:61) Array
(
    [KOD] => 837983
    [TIME_FROM] => 19:00
    [TIME_TO] => 20:00               
    [CLIENTS_CNT] => 0
    [TOV_NAME] => Бокс Kids
    [ACC] => 0
    [CNTTRAN] => 0
    [CNTTRANRESERV] => 0
)

[2026-02-17 10:40:31] [INFO] (/home/redbarbe/public_html/telegram/webapps/action/ajax_get_tren.php:61) Array
(
    [KOD] => 838087
    [TIME_FROM] => 20:00
    [TIME_TO] => 21:00               
    [CLIENTS_CNT] => 0
    [TOV_NAME] => Cross Activity
    [ACC] => 0
    [CNTTRAN] => 0
    [CNTTRANRESERV] => 0
)

[2026-02-17 10:40:31] [INFO] (/home/redbarbe/public_html/telegram/webapps/action/ajax_get_tren.php:61) Array
(
    [KOD] => 838503
    [TIME_FROM] => 20:00
    [TIME_TO] => 21:00               
    [CLIENTS_CNT] => 0
    [TOV_NAME] => Бокс
    [ACC] => 0
    [CNTTRAN] => 0
    [CNTTRANRESERV] => 0
)

[2026-02-17 10:40:31] [INFO] (/home/redbarbe/public_html/telegram/webapps/action/ajax_get_tren.php:61) Array
(
    [KOD] => 838399
    [TIME_FROM] => 20:00
    [TIME_TO] => 21:00               
    [CLIENTS_CNT] => 0
    [TOV_NAME] => Functional Body
    [ACC] => 0
    [CNTTRAN] => 0
    [CNTTRANRESERV] => 0
)

[2026-02-17 10:48:05] [INFO] (/home/redbarbe/public_html/telegram/webapps/action/ajax_get_tren.php:35) Array
(
    [0] => Array
        (
            [KOD] => 835963
            [TIME_FROM] => 10:00
            [TIME_TO] => 11:00               
            [CLIENTS_CNT] => 0
            [TOV_NAME] => Body Training
            [ACC] => 0
            [CNTTRAN] => 0
            [CNTTRANRESERV] => 0
        )

    [1] => Array
        (
            [KOD] => 835441
            [TIME_FROM] => 18:00
            [TIME_TO] => 19:00               
            [CLIENTS_CNT] => 0
            [TOV_NAME] => Кiкбоксинг
            [ACC] => 0
            [CNTTRAN] => 0
            [CNTTRANRESERV] => 0
        )

    [2] => Array
        (
            [KOD] => 834658
            [TIME_FROM] => 19:00
            [TIME_TO] => 20:00               
            [CLIENTS_CNT] => 0
            [TOV_NAME] => Body Training
            [ACC] => 0
            [CNTTRAN] => 0
            [CNTTRANRESERV] => 0
        )

    [3] => Array
        (
            [KOD] => 834397
            [TIME_FROM] => 19:00
            [TIME_TO] => 20:00               
            [CLIENTS_CNT] => 0
            [TOV_NAME] => Кругове тренування
            [ACC] => 0
            [CNTTRAN] => 0
            [CNTTRANRESERV] => 0
        )

    [4] => Array
        (
            [KOD] => 834919
            [TIME_FROM] => 19:30
            [TIME_TO] => 20:30               
            [CLIENTS_CNT] => 0
            [TOV_NAME] => Акробатика Kids
            [ACC] => 0
            [CNTTRAN] => 0
            [CNTTRANRESERV] => 0
        )

    [5] => Array
        (
            [KOD] => 835702
            [TIME_FROM] => 20:00
            [TIME_TO] => 21:00               
            [CLIENTS_CNT] => 0
            [TOV_NAME] => Степ-аеробіка
            [ACC] => 0
            [CNTTRAN] => 1
            [CNTTRANRESERV] => 0
        )

    [6] => Array
        (
            [KOD] => 835180
            [TIME_FROM] => 20:30
            [TIME_TO] => 21:30               
            [CLIENTS_CNT] => 0
            [TOV_NAME] => Акробатика
            [ACC] => 0
            [CNTTRAN] => 0
            [CNTTRANRESERV] => 0
        )

)

[2026-02-17 10:48:05] [INFO] (/home/redbarbe/public_html/telegram/webapps/action/ajax_get_tren.php:61) Array
(
    [KOD] => 835963
    [TIME_FROM] => 10:00
    [TIME_TO] => 11:00               
    [CLIENTS_CNT] => 0
    [TOV_NAME] => Body Training
    [ACC] => 0
    [CNTTRAN] => 0
    [CNTTRANRESERV] => 0
)

[2026-02-17 10:48:05] [INFO] (/home/redbarbe/public_html/telegram/webapps/action/ajax_get_tren.php:61) Array
(
    [KOD] => 835441
    [TIME_FROM] => 18:00
    [TIME_TO] => 19:00               
    [CLIENTS_CNT] => 0
    [TOV_NAME] => Кiкбоксинг
    [ACC] => 0
    [CNTTRAN] => 0
    [CNTTRANRESERV] => 0
)

[2026-02-17 10:48:05] [INFO] (/home/redbarbe/public_html/telegram/webapps/action/ajax_get_tren.php:61) Array
(
    [KOD] => 834658
    [TIME_FROM] => 19:00
    [TIME_TO] => 20:00               
    [CLIENTS_CNT] => 0
    [TOV_NAME] => Body Training
    [ACC] => 0
    [CNTTRAN] => 0
    [CNTTRANRESERV] => 0
)

[2026-02-17 10:48:05] [INFO] (/home/redbarbe/public_html/telegram/webapps/action/ajax_get_tren.php:61) Array
(
    [KOD] => 834397
    [TIME_FROM] => 19:00
    [TIME_TO] => 20:00               
    [CLIENTS_CNT] => 0
    [TOV_NAME] => Кругове тренування
    [ACC] => 0
    [CNTTRAN] => 0
    [CNTTRANRESERV] => 0
)

[2026-02-17 10:48:05] [INFO] (/home/redbarbe/public_html/telegram/webapps/action/ajax_get_tren.php:61) Array
(
    [KOD] => 834919
    [TIME_FROM] => 19:30
    [TIME_TO] => 20:30               
    [CLIENTS_CNT] => 0
    [TOV_NAME] => Акробатика Kids
    [ACC] => 0
    [CNTTRAN] => 0
    [CNTTRANRESERV] => 0
)

[2026-02-17 10:48:05] [INFO] (/home/redbarbe/public_html/telegram/webapps/action/ajax_get_tren.php:61) Array
(
    [KOD] => 835702
    [TIME_FROM] => 20:00
    [TIME_TO] => 21:00               
    [CLIENTS_CNT] => 0
    [TOV_NAME] => Степ-аеробіка
    [ACC] => 0
    [CNTTRAN] => 1
    [CNTTRANRESERV] => 0
)

[2026-02-17 10:48:05] [INFO] (/home/redbarbe/public_html/telegram/webapps/action/ajax_get_tren.php:61) Array
(
    [KOD] => 835180
    [TIME_FROM] => 20:30
    [TIME_TO] => 21:30               
    [CLIENTS_CNT] => 0
    [TOV_NAME] => Акробатика
    [ACC] => 0
    [CNTTRAN] => 0
    [CNTTRANRESERV] => 0
)

[2026-02-17 10:54:19] [INFO] (/home/redbarbe/public_html/telegram/webapps/action/hist_ost_poslug.php:19) SELECT a.name FROM `spr_acc` a, spr_users u WHERE u.active_account=a.acc and u.chat_id=a.chat_id and a.acc=12735 
and u.club=(select id from spr_clubs where ip_club="178.158.212.173") limit 1
[2026-02-17 10:54:19] [INFO] (/home/redbarbe/public_html/telegram/webapps/action/hist_ost_poslug.php:20) hist_ost_poslug
[2026-02-17 10:54:19] [INFO] (/home/redbarbe/public_html/telegram/webapps/action/hist_ost_poslug.php:111) Array
(
    [acc] => 12735
    [command] => GET_OST_POSLUG_ACC
)

[2026-02-17 10:54:19] [INFO] (/home/redbarbe/public_html/telegram/webapps/action/hist_ost_poslug.php:112) ip=178.158.212.173
[2026-02-17 10:54:26] [INFO] (/home/redbarbe/public_html/telegram/webapps/action/hist_ost_poslug.php:19) SELECT a.name FROM `spr_acc` a, spr_users u WHERE u.active_account=a.acc and u.chat_id=a.chat_id and a.acc=12735 
and u.club=(select id from spr_clubs where ip_club="178.158.212.173") limit 1
[2026-02-17 10:54:26] [INFO] (/home/redbarbe/public_html/telegram/webapps/action/hist_ost_poslug.php:20) hist_ost_poslug
[2026-02-17 10:54:26] [INFO] (/home/redbarbe/public_html/telegram/webapps/action/hist_ost_poslug.php:111) Array
(
    [acc] => 12735
    [command] => GET_OST_POSLUG_ACC
)

[2026-02-17 10:54:26] [INFO] (/home/redbarbe/public_html/telegram/webapps/action/hist_ost_poslug.php:112) ip=178.158.212.173
[2026-02-17 10:54:29] [INFO] (/home/redbarbe/public_html/telegram/webapps/action/hist_ind.php:16) SELECT a.name FROM `spr_acc` a, spr_users u WHERE u.active_account=a.acc and u.chat_id=a.chat_id and a.acc=12735 
and u.club=(select id from spr_clubs where ip_club="178.158.212.173") limit 1
[2026-02-17 10:54:29] [INFO] (/home/redbarbe/public_html/telegram/webapps/action/hist_ind.php:17) hist_grp
[2026-02-17 10:54:29] [INFO] (/home/redbarbe/public_html/telegram/webapps/action/hist_ind.php:108) Array
(
    [dbeg] => 17.11.2025
    [dend] => today
    [acc] => 12735
    [command] => get_ind_history
)

[2026-02-17 10:54:29] [INFO] (/home/redbarbe/public_html/telegram/webapps/action/hist_ind.php:109) ip=178.158.212.173
[2026-02-17 10:54:42] [INFO] (/home/redbarbe/public_html/telegram/webapps/action/hist_grp.php:16) SELECT a.name FROM `spr_acc` a, spr_users u WHERE u.active_account=a.acc and u.chat_id=a.chat_id and a.acc=12735 
and u.club=(select id from spr_clubs where ip_club="178.158.212.173") limit 1
[2026-02-17 10:54:42] [INFO] (/home/redbarbe/public_html/telegram/webapps/action/hist_grp.php:17) hist_grp
[2026-02-17 10:54:42] [INFO] (/home/redbarbe/public_html/telegram/webapps/action/hist_grp.php:108) Array
(
    [dbeg] => 17.11.2025
    [dend] => today
    [acc] => 12735
    [command] => get_grp_history
)

[2026-02-17 10:54:42] [INFO] (/home/redbarbe/public_html/telegram/webapps/action/hist_grp.php:109) ip=178.158.212.173
[2026-02-17 10:54:45] [INFO] (/home/redbarbe/public_html/telegram/webapps/action/hist_ost_poslug.php:19) SELECT a.name FROM `spr_acc` a, spr_users u WHERE u.active_account=a.acc and u.chat_id=a.chat_id and a.acc=12735 
and u.club=(select id from spr_clubs where ip_club="178.158.212.173") limit 1
[2026-02-17 10:54:45] [INFO] (/home/redbarbe/public_html/telegram/webapps/action/hist_ost_poslug.php:20) hist_ost_poslug
[2026-02-17 10:54:45] [INFO] (/home/redbarbe/public_html/telegram/webapps/action/hist_ost_poslug.php:111) Array
(
    [acc] => 12735
    [command] => GET_OST_POSLUG_ACC
)

[2026-02-17 10:54:45] [INFO] (/home/redbarbe/public_html/telegram/webapps/action/hist_ost_poslug.php:112) ip=178.158.212.173
[2026-02-17 11:06:24] [INFO] (/home/redbarbe/public_html/telegram/webapps/reports/report_kassa.php:216) reports1
[2026-02-17 11:06:24] [INFO] (/home/redbarbe/public_html/telegram/webapps/reports/report_kassa.php:219) Array
(
    [dbeg] => 15.02.2026
    [dend] => 15.02.2026
    [kasa] => 
    [command] => GET_REPORT1_KASSA
)

[2026-02-17 11:13:51] [INFO] (/home/redbarbe/public_html/telegram/webapps/action/ajax_get_tren.php:35) Array
(
    [0] => Array
        (
            [KOD] => 667745
            [TIME_FROM] => 16:00
            [TIME_TO] => 17:00               
            [CLIENTS_CNT] => 0
            [TOV_NAME] => Гімнастика Kids
            [ACC] => 0
            [CNTTRAN] => 0
            [CNTTRANRESERV] => 0
        )

    [1] => Array
        (
            [KOD] => 667953
            [TIME_FROM] => 17:00
            [TIME_TO] => 18:00               
            [CLIENTS_CNT] => 0
            [TOV_NAME] => Little Fighters
            [ACC] => 0
            [CNTTRAN] => 0
            [CNTTRANRESERV] => 0
        )

    [2] => Array
        (
            [KOD] => 667537
            [TIME_FROM] => 19:00
            [TIME_TO] => 20:00               
            [CLIENTS_CNT] => 0
            [TOV_NAME] => CrossActivity
            [ACC] => 0
            [CNTTRAN] => 0
            [CNTTRANRESERV] => 0
        )

    [3] => Array
        (
            [KOD] => 667329
            [TIME_FROM] => 19:00
            [TIME_TO] => 20:00               
            [CLIENTS_CNT] => 0
            [TOV_NAME] => Бокс
            [ACC] => 0
            [CNTTRAN] => 0
            [CNTTRANRESERV] => 0
        )

    [4] => Array
        (
            [KOD] => 668369
            [TIME_FROM] => 20:00
            [TIME_TO] => 21:00               
            [CLIENTS_CNT] => 0
            [TOV_NAME] => Важка Атлетика
            [ACC] => 0
            [CNTTRAN] => 0
            [CNTTRANRESERV] => 0
        )

    [5] => Array
        (
            [KOD] => 668161
            [TIME_FROM] => 20:00
            [TIME_TO] => 21:00               
            [CLIENTS_CNT] => 0
            [TOV_NAME] => Функціональний бодібілдинг
            [ACC] => 0
            [CNTTRAN] => 0
            [CNTTRANRESERV] => 0
        )

)

[2026-02-17 11:13:51] [INFO] (/home/redbarbe/public_html/telegram/webapps/action/ajax_get_tren.php:61) Array
(
    [KOD] => 667745
    [TIME_FROM] => 16:00
    [TIME_TO] => 17:00               
    [CLIENTS_CNT] => 0
    [TOV_NAME] => Гімнастика Kids
    [ACC] => 0
    [CNTTRAN] => 0
    [CNTTRANRESERV] => 0
)

[2026-02-17 11:13:51] [INFO] (/home/redbarbe/public_html/telegram/webapps/action/ajax_get_tren.php:61) Array
(
    [KOD] => 667953
    [TIME_FROM] => 17:00
    [TIME_TO] => 18:00               
    [CLIENTS_CNT] => 0
    [TOV_NAME] => Little Fighters
    [ACC] => 0
    [CNTTRAN] => 0
    [CNTTRANRESERV] => 0
)

[2026-02-17 11:13:51] [INFO] (/home/redbarbe/public_html/telegram/webapps/action/ajax_get_tren.php:61) Array
(
    [KOD] => 667537
    [TIME_FROM] => 19:00
    [TIME_TO] => 20:00               
    [CLIENTS_CNT] => 0
    [TOV_NAME] => CrossActivity
    [ACC] => 0
    [CNTTRAN] => 0
    [CNTTRANRESERV] => 0
)

[2026-02-17 11:13:51] [INFO] (/home/redbarbe/public_html/telegram/webapps/action/ajax_get_tren.php:61) Array
(
    [KOD] => 667329
    [TIME_FROM] => 19:00
    [TIME_TO] => 20:00               
    [CLIENTS_CNT] => 0
    [TOV_NAME] => Бокс
    [ACC] => 0
    [CNTTRAN] => 0
    [CNTTRANRESERV] => 0
)

[2026-02-17 11:13:51] [INFO] (/home/redbarbe/public_html/telegram/webapps/action/ajax_get_tren.php:61) Array
(
    [KOD] => 668369
    [TIME_FROM] => 20:00
    [TIME_TO] => 21:00               
    [CLIENTS_CNT] => 0
    [TOV_NAME] => Важка Атлетика
    [ACC] => 0
    [CNTTRAN] => 0
    [CNTTRANRESERV] => 0
)

[2026-02-17 11:13:51] [INFO] (/home/redbarbe/public_html/telegram/webapps/action/ajax_get_tren.php:61) Array
(
    [KOD] => 668161
    [TIME_FROM] => 20:00
    [TIME_TO] => 21:00               
    [CLIENTS_CNT] => 0
    [TOV_NAME] => Функціональний бодібілдинг
    [ACC] => 0
    [CNTTRAN] => 0
    [CNTTRANRESERV] => 0
)

[2026-02-17 11:15:56] [INFO] (/home/redbarbe/public_html/telegram/webapps/reports/report_pers_detal.php:22) Array
(
)

[2026-02-17 11:16:02] [INFO] (/home/redbarbe/public_html/telegram/webapps/reports/report_pers_detal.php:22) Array
(
    [ajax_method] => 2
    [action] => report_pers_detal
    [action_report] => report_view
    [admin] => 5
    [date_from] => 17.02.2026
    [date_to] => 17.02.2026
    [ip_club] => 212.26.139.90
    [podr] => grp
    [sotr] => 03352
)

[2026-02-17 11:28:16] [INFO] (/home/redbarbe/public_html/telegram/webapps/reports/report_pers_detal.php:22) Array
(
)

[2026-02-17 11:28:19] [INFO] (/home/redbarbe/public_html/telegram/webapps/reports/report_pers_detal.php:22) Array
(
    [ajax_method] => 2
    [action] => report_pers_detal
    [action_report] => report_view
    [admin] => 5
    [date_from] => 01.02.2026
    [date_to] => 28.02.2026
    [ip_club] => 212.26.139.90
    [podr] => all
    [sotr] => 007989
)

[2026-02-17 11:28:56] [INFO] (/home/redbarbe/public_html/telegram/webapps/reports/report_kassa.php:216) reports1
[2026-02-17 11:28:56] [INFO] (/home/redbarbe/public_html/telegram/webapps/reports/report_kassa.php:219) Array
(
    [dbeg] => 09.02.2026
    [dend] => 16.02.2026
    [kasa] => 
    [command] => GET_REPORT1_KASSA
)

[2026-02-17 11:58:28] [INFO] (/home/redbarbe/public_html/telegram/webapps/action/ajax_get_tren.php:35) Array
(
    [0] => Array
        (
            [KOD] => 794205
            [TIME_FROM] => 08:00
            [TIME_TO] => 09:00               
            [CLIENTS_CNT] => 0
            [TOV_NAME] => Бокс(хлопці, з 13 років)
            [ACC] => 0
            [CNTTRAN] => 0
            [CNTTRANRESERV] => 0
        )

    [1] => Array
        (
            [KOD] => 793947
            [TIME_FROM] => 16:00
            [TIME_TO] => 17:00               
            [CLIENTS_CNT] => 0
            [TOV_NAME] => Паркур kids
            [ACC] => 0
            [CNTTRAN] => 0
            [CNTTRANRESERV] => 0
        )

    [2] => Array
        (
            [KOD] => 793431
            [TIME_FROM] => 17:00
            [TIME_TO] => 18:00               
            [CLIENTS_CNT] => 0
            [TOV_NAME] => Паркур teens
            [ACC] => 0
            [CNTTRAN] => 0
            [CNTTRANRESERV] => 0
        )

    [3] => Array
        (
            [KOD] => 792141
            [TIME_FROM] => 18:00
            [TIME_TO] => 19:00               
            [CLIENTS_CNT] => 0
            [TOV_NAME] => Йога
            [ACC] => 0
            [CNTTRAN] => 0
            [CNTTRANRESERV] => 0
        )

    [4] => Array
        (
            [KOD] => 792399
            [TIME_FROM] => 19:40
            [TIME_TO] => 20:40               
            [CLIENTS_CNT] => 0
            [TOV_NAME] => Акробатика Kids
            [ACC] => 0
            [CNTTRAN] => 0
            [CNTTRANRESERV] => 0
        )

    [5] => Array
        (
            [KOD] => 792915
            [TIME_FROM] => 20:00
            [TIME_TO] => 21:00               
            [CLIENTS_CNT] => 0
            [TOV_NAME] => Cross activity
            [ACC] => 0
            [CNTTRAN] => 0
            [CNTTRANRESERV] => 0
        )

    [6] => Array
        (
            [KOD] => 793173
            [TIME_FROM] => 20:00
            [TIME_TO] => 21:00               
            [CLIENTS_CNT] => 0
            [TOV_NAME] => Stretching
            [ACC] => 0
            [CNTTRAN] => 1
            [CNTTRANRESERV] => 0
        )

)

[2026-02-17 11:58:28] [INFO] (/home/redbarbe/public_html/telegram/webapps/action/ajax_get_tren.php:61) Array
(
    [KOD] => 794205
    [TIME_FROM] => 08:00
    [TIME_TO] => 09:00               
    [CLIENTS_CNT] => 0
    [TOV_NAME] => Бокс(хлопці, з 13 років)
    [ACC] => 0
    [CNTTRAN] => 0
    [CNTTRANRESERV] => 0
)

[2026-02-17 11:58:28] [INFO] (/home/redbarbe/public_html/telegram/webapps/action/ajax_get_tren.php:61) Array
(
    [KOD] => 793947
    [TIME_FROM] => 16:00
    [TIME_TO] => 17:00               
    [CLIENTS_CNT] => 0
    [TOV_NAME] => Паркур kids
    [ACC] => 0
    [CNTTRAN] => 0
    [CNTTRANRESERV] => 0
)

[2026-02-17 11:58:28] [INFO] (/home/redbarbe/public_html/telegram/webapps/action/ajax_get_tren.php:61) Array
(
    [KOD] => 793431
    [TIME_FROM] => 17:00
    [TIME_TO] => 18:00               
    [CLIENTS_CNT] => 0
    [TOV_NAME] => Паркур teens
    [ACC] => 0
    [CNTTRAN] => 0
    [CNTTRANRESERV] => 0
)

[2026-02-17 11:58:28] [INFO] (/home/redbarbe/public_html/telegram/webapps/action/ajax_get_tren.php:61) Array
(
    [KOD] => 792141
    [TIME_FROM] => 18:00
    [TIME_TO] => 19:00               
    [CLIENTS_CNT] => 0
    [TOV_NAME] => Йога
    [ACC] => 0
    [CNTTRAN] => 0
    [CNTTRANRESERV] => 0
)

[2026-02-17 11:58:28] [INFO] (/home/redbarbe/public_html/telegram/webapps/action/ajax_get_tren.php:61) Array
(
    [KOD] => 792399
    [TIME_FROM] => 19:40
    [TIME_TO] => 20:40               
    [CLIENTS_CNT] => 0
    [TOV_NAME] => Акробатика Kids
    [ACC] => 0
    [CNTTRAN] => 0
    [CNTTRANRESERV] => 0
)

[2026-02-17 11:58:28] [INFO] (/home/redbarbe/public_html/telegram/webapps/action/ajax_get_tren.php:61) Array
(
    [KOD] => 792915
    [TIME_FROM] => 20:00
    [TIME_TO] => 21:00               
    [CLIENTS_CNT] => 0
    [TOV_NAME] => Cross activity
    [ACC] => 0
    [CNTTRAN] => 0
    [CNTTRANRESERV] => 0
)

[2026-02-17 11:58:28] [INFO] (/home/redbarbe/public_html/telegram/webapps/action/ajax_get_tren.php:61) Array
(
    [KOD] => 793173
    [TIME_FROM] => 20:00
    [TIME_TO] => 21:00               
    [CLIENTS_CNT] => 0
    [TOV_NAME] => Stretching
    [ACC] => 0
    [CNTTRAN] => 1
    [CNTTRANRESERV] => 0
)

[2026-02-17 12:07:49] [INFO] (/home/redbarbe/public_html/telegram/webapps/action/hist_ost_poslug.php:19) SELECT a.name FROM `spr_acc` a, spr_users u WHERE u.active_account=a.acc and u.chat_id=a.chat_id and a.acc=12166 
and u.club=(select id from spr_clubs where ip_club="193.194.107.2") limit 1
[2026-02-17 12:07:49] [INFO] (/home/redbarbe/public_html/telegram/webapps/action/hist_ost_poslug.php:20) hist_ost_poslug
[2026-02-17 12:07:49] [INFO] (/home/redbarbe/public_html/telegram/webapps/action/hist_ost_poslug.php:111) Array
(
    [acc] => 12166
    [command] => GET_OST_POSLUG_ACC
)

[2026-02-17 12:07:49] [INFO] (/home/redbarbe/public_html/telegram/webapps/action/hist_ost_poslug.php:112) ip=193.194.107.2
[2026-02-17 12:08:02] [INFO] (/home/redbarbe/public_html/telegram/webapps/action/my_zapis.php:105) 
[2026-02-17 12:08:05] [INFO] (/home/redbarbe/public_html/telegram/webapps/action/my_zapis.php:105) 
[2026-02-17 12:08:07] [INFO] (/home/redbarbe/public_html/telegram/webapps/action/my_zapis.php:105) 
[2026-02-17 12:16:12] [INFO] (/home/redbarbe/public_html/telegram/webapps/action/ajax_get_tren.php:35) Array
(
    [0] => Array
        (
            [KOD] => 804338
            [TIME_FROM] => 10:00
            [TIME_TO] => 11:00               
            [CLIENTS_CNT] => 0
            [TOV_NAME] => Йога
            [ACC] => 0
            [CNTTRAN] => 0
            [CNTTRANRESERV] => 0
        )

    [1] => Array
        (
            [KOD] => 804491
            [TIME_FROM] => 18:00
            [TIME_TO] => 19:00               
            [CLIENTS_CNT] => 0
            [TOV_NAME] => Йога
            [ACC] => 0
            [CNTTRAN] => 0
            [CNTTRANRESERV] => 0
        )

    [2] => Array
        (
            [KOD] => 804542
            [TIME_FROM] => 18:00
            [TIME_TO] => 19:00               
            [CLIENTS_CNT] => 0
            [TOV_NAME] => Паркур Kids
            [ACC] => 0
            [CNTTRAN] => 1
            [CNTTRANRESERV] => 0
        )

    [3] => Array
        (
            [KOD] => 804389
            [TIME_FROM] => 19:00
            [TIME_TO] => 20:00               
            [CLIENTS_CNT] => 0
            [TOV_NAME] => Паркур
            [ACC] => 0
            [CNTTRAN] => 0
            [CNTTRANRESERV] => 0
        )

    [4] => Array
        (
            [KOD] => 804593
            [TIME_FROM] => 19:00
            [TIME_TO] => 20:00               
            [CLIENTS_CNT] => 0
            [TOV_NAME] => CrossActivity
            [ACC] => 0
            [CNTTRAN] => 0
            [CNTTRANRESERV] => 0
        )

    [5] => Array
        (
            [KOD] => 804644
            [TIME_FROM] => 19:00
            [TIME_TO] => 20:00               
            [CLIENTS_CNT] => 5
            [TOV_NAME] => Cycle
            [ACC] => 0
            [CNTTRAN] => 2
            [CNTTRANRESERV] => 0
        )

    [6] => Array
        (
            [KOD] => 804440
            [TIME_FROM] => 19:00
            [TIME_TO] => 20:00               
            [CLIENTS_CNT] => 0
            [TOV_NAME] => FitnessMix
            [ACC] => 0
            [CNTTRAN] => 1
            [CNTTRANRESERV] => 0
        )

)

[2026-02-17 12:16:12] [INFO] (/home/redbarbe/public_html/telegram/webapps/action/ajax_get_tren.php:61) Array
(
    [KOD] => 804338
    [TIME_FROM] => 10:00
    [TIME_TO] => 11:00               
    [CLIENTS_CNT] => 0
    [TOV_NAME] => Йога
    [ACC] => 0
    [CNTTRAN] => 0
    [CNTTRANRESERV] => 0
)

[2026-02-17 12:16:12] [INFO] (/home/redbarbe/public_html/telegram/webapps/action/ajax_get_tren.php:61) Array
(
    [KOD] => 804491
    [TIME_FROM] => 18:00
    [TIME_TO] => 19:00               
    [CLIENTS_CNT] => 0
    [TOV_NAME] => Йога
    [ACC] => 0
    [CNTTRAN] => 0
    [CNTTRANRESERV] => 0
)

[2026-02-17 12:16:12] [INFO] (/home/redbarbe/public_html/telegram/webapps/action/ajax_get_tren.php:61) Array
(
    [KOD] => 804542
    [TIME_FROM] => 18:00
    [TIME_TO] => 19:00               
    [CLIENTS_CNT] => 0
    [TOV_NAME] => Паркур Kids
    [ACC] => 0
    [CNTTRAN] => 1
    [CNTTRANRESERV] => 0
)

[2026-02-17 12:16:12] [INFO] (/home/redbarbe/public_html/telegram/webapps/action/ajax_get_tren.php:61) Array
(
    [KOD] => 804389
    [TIME_FROM] => 19:00
    [TIME_TO] => 20:00               
    [CLIENTS_CNT] => 0
    [TOV_NAME] => Паркур
    [ACC] => 0
    [CNTTRAN] => 0
    [CNTTRANRESERV] => 0
)

[2026-02-17 12:16:12] [INFO] (/home/redbarbe/public_html/telegram/webapps/action/ajax_get_tren.php:61) Array
(
    [KOD] => 804593
    [TIME_FROM] => 19:00
    [TIME_TO] => 20:00               
    [CLIENTS_CNT] => 0
    [TOV_NAME] => CrossActivity
    [ACC] => 0
    [CNTTRAN] => 0
    [CNTTRANRESERV] => 0
)

[2026-02-17 12:16:12] [INFO] (/home/redbarbe/public_html/telegram/webapps/action/ajax_get_tren.php:61) Array
(
    [KOD] => 804644
    [TIME_FROM] => 19:00
    [TIME_TO] => 20:00               
    [CLIENTS_CNT] => 5
    [TOV_NAME] => Cycle
    [ACC] => 0
    [CNTTRAN] => 2
    [CNTTRANRESERV] => 0
)

[2026-02-17 12:16:12] [INFO] (/home/redbarbe/public_html/telegram/webapps/action/ajax_get_tren.php:61) Array
(
    [KOD] => 804440
    [TIME_FROM] => 19:00
    [TIME_TO] => 20:00               
    [CLIENTS_CNT] => 0
    [TOV_NAME] => FitnessMix
    [ACC] => 0
    [CNTTRAN] => 1
    [CNTTRANRESERV] => 0
)

[2026-02-17 12:48:10] [INFO] (/home/redbarbe/public_html/telegram/webapps/reports/report_pers_detal.php:22) Array
(
)

[2026-02-17 12:48:16] [INFO] (/home/redbarbe/public_html/telegram/webapps/reports/report_pers_detal.php:22) Array
(
    [ajax_method] => 2
    [action] => report_pers_detal
    [action_report] => report_view
    [admin] => 5
    [date_from] => 17.02.2026
    [date_to] => 17.02.2026
    [ip_club] => 178.151.119.180
    [podr] => all
    [sotr] => 0710
)

[2026-02-17 12:51:58] [INFO] (/home/redbarbe/public_html/telegram/webapps/action/select_sotr.php:17) Array
(
    [action] => select_sotr
    [club] => -
    [club_ip] => 212.26.139.90
)

[2026-02-17 12:51:59] [INFO] (/home/redbarbe/public_html/telegram/webapps/action/select_sotr.php:27) Array
(
    [0] => Array
        (
            [ROLE] => Тренер
            [ID] => 697814
            [NAME] => Горева Анастасія
        )

    [1] => Array
        (
            [ROLE] => Администратор фитнеса
            [ID] => 0101
            [NAME] => Дежурный
        )

    [2] => Array
        (
            [ROLE] => Администратор фитнеса
            [ID] => 0103
            [NAME] => Йова Катерина
        )

    [3] => Array
        (
            [ROLE] => Тренер
            [ID] => 03354
            [NAME] => Колесник Богдан
        )

    [4] => Array
        (
            [ROLE] => Тренер
            [ID] => 2564
            [NAME] => Кулаковський Сергій
        )

    [5] => Array
        (
            [ROLE] => Администратор фитнеса
            [ID] => 0102
            [NAME] => Лазаренко Ліна
        )

    [6] => Array
        (
            [ROLE] => Тренер
            [ID] => 2452
            [NAME] => Лешковят Наталія
        )

    [7] => Array
        (
            [ROLE] => Администратор фитнеса
            [ID] => 0235
            [NAME] => Лучко Кирил
        )

    [8] => Array
        (
            [ROLE] => Администратор фитнеса
            [ID] => 0333
            [NAME] => Мамедова Ельнара
        )

    [9] => Array
        (
            [ROLE] => Тренер
            [ID] => 03336
            [NAME] => Мельниченко Надія
        )

    [10] => Array
        (
            [ROLE] => Тренер
            [ID] => 007989
            [NAME] => Підгурська Влада
        )

    [11] => Array
        (
            [ROLE] => Тренер
            [ID] => 03337
            [NAME] => Погорєлов Євгеній
        )

    [12] => Array
        (
            [ROLE] => Тренер
            [ID] => 03589
            [NAME] => Присняк Владислав
        )

    [13] => Array
        (
            [ROLE] => Тренер
            [ID] => 03352
            [NAME] => Рибак Роман
        )

    [14] => Array
        (
            [ROLE] => Тренер
            [ID] => 0334
            [NAME] => Самусенко Альона
        )

    [15] => Array
        (
            [ROLE] => Тренер
            [ID] => 03339
            [NAME] => Стрілець Данило
        )

    [16] => Array
        (
            [ROLE] => Тренер
            [ID] => 7895
            [NAME] => Тулаінов Андрій
        )

    [17] => Array
        (
            [ROLE] => Тренер
            [ID] => 0325
            [NAME] => Худоба Ігор
        )

    [18] => Array
        (
            [ROLE] => Тренер
            [ID] => 03342
            [NAME] => Шматко Ярослав
        )

    [19] => Array
        (
            [ROLE] => Тренер
            [ID] => 8987
            [NAME] => Яковенко Ганна
        )

)

[2026-02-17 12:53:29] [INFO] (/home/redbarbe/public_html/telegram/webapps/action/select_sotr.php:17) Array
(
    [action] => select_sotr
    [club] => -
    [club_ip] => 212.26.139.90
)

[2026-02-17 12:53:29] [INFO] (/home/redbarbe/public_html/telegram/webapps/action/select_sotr.php:27) Array
(
    [0] => Array
        (
            [ROLE] => Тренер
            [ID] => 697814
            [NAME] => Горева Анастасія
        )

    [1] => Array
        (
            [ROLE] => Администратор фитнеса
            [ID] => 0101
            [NAME] => Дежурный
        )

    [2] => Array
        (
            [ROLE] => Администратор фитнеса
            [ID] => 0103
            [NAME] => Йова Катерина
        )

    [3] => Array
        (
            [ROLE] => Тренер
            [ID] => 03354
            [NAME] => Колесник Богдан
        )

    [4] => Array
        (
            [ROLE] => Тренер
            [ID] => 2564
            [NAME] => Кулаковський Сергій
        )

    [5] => Array
        (
            [ROLE] => Администратор фитнеса
            [ID] => 0102
            [NAME] => Лазаренко Ліна
        )

    [6] => Array
        (
            [ROLE] => Тренер
            [ID] => 2452
            [NAME] => Лешковят Наталія
        )

    [7] => Array
        (
            [ROLE] => Администратор фитнеса
            [ID] => 0235
            [NAME] => Лучко Кирил
        )

    [8] => Array
        (
            [ROLE] => Администратор фитнеса
            [ID] => 0333
            [NAME] => Мамедова Ельнара
        )

    [9] => Array
        (
            [ROLE] => Тренер
            [ID] => 03336
            [NAME] => Мельниченко Надія
        )

    [10] => Array
        (
            [ROLE] => Тренер
            [ID] => 007989
            [NAME] => Підгурська Влада
        )

    [11] => Array
        (
            [ROLE] => Тренер
            [ID] => 03337
            [NAME] => Погорєлов Євгеній
        )

    [12] => Array
        (
            [ROLE] => Тренер
            [ID] => 03589
            [NAME] => Присняк Владислав
        )

    [13] => Array
        (
            [ROLE] => Тренер
            [ID] => 03352
            [NAME] => Рибак Роман
        )

    [14] => Array
        (
            [ROLE] => Тренер
            [ID] => 0334
            [NAME] => Самусенко Альона
        )

    [15] => Array
        (
            [ROLE] => Тренер
            [ID] => 03339
            [NAME] => Стрілець Данило
        )

    [16] => Array
        (
            [ROLE] => Тренер
            [ID] => 7895
            [NAME] => Тулаінов Андрій
        )

    [17] => Array
        (
            [ROLE] => Тренер
            [ID] => 0325
            [NAME] => Худоба Ігор
        )

    [18] => Array
        (
            [ROLE] => Тренер
            [ID] => 03342
            [NAME] => Шматко Ярослав
        )

    [19] => Array
        (
            [ROLE] => Тренер
            [ID] => 8987
            [NAME] => Яковенко Ганна
        )

)

[2026-02-17 13:43:13] [INFO] (/home/redbarbe/public_html/telegram/webapps/action/ajax_get_tren.php:35) Array
(
    [0] => Array
        (
            [KOD] => 804338
            [TIME_FROM] => 10:00
            [TIME_TO] => 11:00               
            [CLIENTS_CNT] => 0
            [TOV_NAME] => Йога
            [ACC] => 0
            [CNTTRAN] => 0
            [CNTTRANRESERV] => 0
        )

    [1] => Array
        (
            [KOD] => 804491
            [TIME_FROM] => 18:00
            [TIME_TO] => 19:00               
            [CLIENTS_CNT] => 0
            [TOV_NAME] => Йога
            [ACC] => 0
            [CNTTRAN] => 0
            [CNTTRANRESERV] => 0
        )

    [2] => Array
        (
            [KOD] => 804542
            [TIME_FROM] => 18:00
            [TIME_TO] => 19:00               
            [CLIENTS_CNT] => 0
            [TOV_NAME] => Паркур Kids
            [ACC] => 0
            [CNTTRAN] => 1
            [CNTTRANRESERV] => 0
        )

    [3] => Array
        (
            [KOD] => 804389
            [TIME_FROM] => 19:00
            [TIME_TO] => 20:00               
            [CLIENTS_CNT] => 0
            [TOV_NAME] => Паркур
            [ACC] => 0
            [CNTTRAN] => 0
            [CNTTRANRESERV] => 0
        )

    [4] => Array
        (
            [KOD] => 804593
            [TIME_FROM] => 19:00
            [TIME_TO] => 20:00               
            [CLIENTS_CNT] => 0
            [TOV_NAME] => CrossActivity
            [ACC] => 0
            [CNTTRAN] => 0
            [CNTTRANRESERV] => 0
        )

    [5] => Array
        (
            [KOD] => 804644
            [TIME_FROM] => 19:00
            [TIME_TO] => 20:00               
            [CLIENTS_CNT] => 5
            [TOV_NAME] => Cycle
            [ACC] => 0
            [CNTTRAN] => 2
            [CNTTRANRESERV] => 0
        )

    [6] => Array
        (
            [KOD] => 804440
            [TIME_FROM] => 19:00
            [TIME_TO] => 20:00               
            [CLIENTS_CNT] => 0
            [TOV_NAME] => FitnessMix
            [ACC] => 0
            [CNTTRAN] => 1
            [CNTTRANRESERV] => 0
        )

)

[2026-02-17 13:43:13] [INFO] (/home/redbarbe/public_html/telegram/webapps/action/ajax_get_tren.php:61) Array
(
    [KOD] => 804338
    [TIME_FROM] => 10:00
    [TIME_TO] => 11:00               
    [CLIENTS_CNT] => 0
    [TOV_NAME] => Йога
    [ACC] => 0
    [CNTTRAN] => 0
    [CNTTRANRESERV] => 0
)

[2026-02-17 13:43:13] [INFO] (/home/redbarbe/public_html/telegram/webapps/action/ajax_get_tren.php:61) Array
(
    [KOD] => 804491
    [TIME_FROM] => 18:00
    [TIME_TO] => 19:00               
    [CLIENTS_CNT] => 0
    [TOV_NAME] => Йога
    [ACC] => 0
    [CNTTRAN] => 0
    [CNTTRANRESERV] => 0
)

[2026-02-17 13:43:13] [INFO] (/home/redbarbe/public_html/telegram/webapps/action/ajax_get_tren.php:61) Array
(
    [KOD] => 804542
    [TIME_FROM] => 18:00
    [TIME_TO] => 19:00               
    [CLIENTS_CNT] => 0
    [TOV_NAME] => Паркур Kids
    [ACC] => 0
    [CNTTRAN] => 1
    [CNTTRANRESERV] => 0
)

[2026-02-17 13:43:13] [INFO] (/home/redbarbe/public_html/telegram/webapps/action/ajax_get_tren.php:61) Array
(
    [KOD] => 804389
    [TIME_FROM] => 19:00
    [TIME_TO] => 20:00               
    [CLIENTS_CNT] => 0
    [TOV_NAME] => Паркур
    [ACC] => 0
    [CNTTRAN] => 0
    [CNTTRANRESERV] => 0
)

[2026-02-17 13:43:13] [INFO] (/home/redbarbe/public_html/telegram/webapps/action/ajax_get_tren.php:61) Array
(
    [KOD] => 804593
    [TIME_FROM] => 19:00
    [TIME_TO] => 20:00               
    [CLIENTS_CNT] => 0
    [TOV_NAME] => CrossActivity
    [ACC] => 0
    [CNTTRAN] => 0
    [CNTTRANRESERV] => 0
)

[2026-02-17 13:43:13] [INFO] (/home/redbarbe/public_html/telegram/webapps/action/ajax_get_tren.php:61) Array
(
    [KOD] => 804644
    [TIME_FROM] => 19:00
    [TIME_TO] => 20:00               
    [CLIENTS_CNT] => 5
    [TOV_NAME] => Cycle
    [ACC] => 0
    [CNTTRAN] => 2
    [CNTTRANRESERV] => 0
)

[2026-02-17 13:43:13] [INFO] (/home/redbarbe/public_html/telegram/webapps/action/ajax_get_tren.php:61) Array
(
    [KOD] => 804440
    [TIME_FROM] => 19:00
    [TIME_TO] => 20:00               
    [CLIENTS_CNT] => 0
    [TOV_NAME] => FitnessMix
    [ACC] => 0
    [CNTTRAN] => 1
    [CNTTRANRESERV] => 0
)

[2026-02-17 13:43:20] [INFO] (/home/redbarbe/public_html/telegram/webapps/action/ajax_fitness_zapis.php:22) Array
(
    [ajax_method] => 2
    [action] => ajax_fitness_zapis
    [dat] => 17.02.2026
    [acc] => 14706
    [trenid] => 804542
    [ost_all] => 100
    [ip_club] => 178.158.212.173
    [acctozapis] => 0
    [time_from] => 18:00
)

[2026-02-17 13:54:50] [INFO] (/home/redbarbe/public_html/telegram/webapps/action/ajax_get_tren.php:35) Array
(
    [0] => Array
        (
            [KOD] => 804338
            [TIME_FROM] => 10:00
            [TIME_TO] => 11:00               
            [CLIENTS_CNT] => 0
            [TOV_NAME] => Йога
            [ACC] => 0
            [CNTTRAN] => 0
            [CNTTRANRESERV] => 0
        )

    [1] => Array
        (
            [KOD] => 804491
            [TIME_FROM] => 18:00
            [TIME_TO] => 19:00               
            [CLIENTS_CNT] => 0
            [TOV_NAME] => Йога
            [ACC] => 0
            [CNTTRAN] => 0
            [CNTTRANRESERV] => 0
        )

    [2] => Array
        (
            [KOD] => 804542
            [TIME_FROM] => 18:00
            [TIME_TO] => 19:00               
            [CLIENTS_CNT] => 0
            [TOV_NAME] => Паркур Kids
            [ACC] => 0
            [CNTTRAN] => 2
            [CNTTRANRESERV] => 0
        )

    [3] => Array
        (
            [KOD] => 804389
            [TIME_FROM] => 19:00
            [TIME_TO] => 20:00               
            [CLIENTS_CNT] => 0
            [TOV_NAME] => Паркур
            [ACC] => 0
            [CNTTRAN] => 0
            [CNTTRANRESERV] => 0
        )

    [4] => Array
        (
            [KOD] => 804593
            [TIME_FROM] => 19:00
            [TIME_TO] => 20:00               
            [CLIENTS_CNT] => 0
            [TOV_NAME] => CrossActivity
            [ACC] => 0
            [CNTTRAN] => 0
            [CNTTRANRESERV] => 0
        )

    [5] => Array
        (
            [KOD] => 804644
            [TIME_FROM] => 19:00
            [TIME_TO] => 20:00               
            [CLIENTS_CNT] => 5
            [TOV_NAME] => Cycle
            [ACC] => 0
            [CNTTRAN] => 2
            [CNTTRANRESERV] => 0
        )

    [6] => Array
        (
            [KOD] => 804440
            [TIME_FROM] => 19:00
            [TIME_TO] => 20:00               
            [CLIENTS_CNT] => 0
            [TOV_NAME] => FitnessMix
            [ACC] => 0
            [CNTTRAN] => 1
            [CNTTRANRESERV] => 0
        )

)

[2026-02-17 13:54:50] [INFO] (/home/redbarbe/public_html/telegram/webapps/action/ajax_get_tren.php:61) Array
(
    [KOD] => 804338
    [TIME_FROM] => 10:00
    [TIME_TO] => 11:00               
    [CLIENTS_CNT] => 0
    [TOV_NAME] => Йога
    [ACC] => 0
    [CNTTRAN] => 0
    [CNTTRANRESERV] => 0
)

[2026-02-17 13:54:50] [INFO] (/home/redbarbe/public_html/telegram/webapps/action/ajax_get_tren.php:61) Array
(
    [KOD] => 804491
    [TIME_FROM] => 18:00
    [TIME_TO] => 19:00               
    [CLIENTS_CNT] => 0
    [TOV_NAME] => Йога
    [ACC] => 0
    [CNTTRAN] => 0
    [CNTTRANRESERV] => 0
)

[2026-02-17 13:54:50] [INFO] (/home/redbarbe/public_html/telegram/webapps/action/ajax_get_tren.php:61) Array
(
    [KOD] => 804542
    [TIME_FROM] => 18:00
    [TIME_TO] => 19:00               
    [CLIENTS_CNT] => 0
    [TOV_NAME] => Паркур Kids
    [ACC] => 0
    [CNTTRAN] => 2
    [CNTTRANRESERV] => 0
)

[2026-02-17 13:54:50] [INFO] (/home/redbarbe/public_html/telegram/webapps/action/ajax_get_tren.php:61) Array
(
    [KOD] => 804389
    [TIME_FROM] => 19:00
    [TIME_TO] => 20:00               
    [CLIENTS_CNT] => 0
    [TOV_NAME] => Паркур
    [ACC] => 0
    [CNTTRAN] => 0
    [CNTTRANRESERV] => 0
)

[2026-02-17 13:54:50] [INFO] (/home/redbarbe/public_html/telegram/webapps/action/ajax_get_tren.php:61) Array
(
    [KOD] => 804593
    [TIME_FROM] => 19:00
    [TIME_TO] => 20:00               
    [CLIENTS_CNT] => 0
    [TOV_NAME] => CrossActivity
    [ACC] => 0
    [CNTTRAN] => 0
    [CNTTRANRESERV] => 0
)

[2026-02-17 13:54:50] [INFO] (/home/redbarbe/public_html/telegram/webapps/action/ajax_get_tren.php:61) Array
(
    [KOD] => 804644
    [TIME_FROM] => 19:00
    [TIME_TO] => 20:00               
    [CLIENTS_CNT] => 5
    [TOV_NAME] => Cycle
    [ACC] => 0
    [CNTTRAN] => 2
    [CNTTRANRESERV] => 0
)

[2026-02-17 13:54:50] [INFO] (/home/redbarbe/public_html/telegram/webapps/action/ajax_get_tren.php:61) Array
(
    [KOD] => 804440
    [TIME_FROM] => 19:00
    [TIME_TO] => 20:00               
    [CLIENTS_CNT] => 0
    [TOV_NAME] => FitnessMix
    [ACC] => 0
    [CNTTRAN] => 1
    [CNTTRANRESERV] => 0
)

[2026-02-17 13:56:08] [INFO] (/home/redbarbe/public_html/telegram/webapps/reports/report_pers_detal.php:22) Array
(
)

[2026-02-17 13:56:16] [INFO] (/home/redbarbe/public_html/telegram/webapps/reports/report_pers_detal.php:22) Array
(
    [ajax_method] => 2
    [action] => report_pers_detal
    [action_report] => report_view
    [admin] => 5
    [date_from] => 17.02.2026
    [date_to] => 17.02.2026
    [ip_club] => 212.26.139.90
    [podr] => pt
    [sotr] => 03336
)

[2026-02-17 14:10:59] [INFO] (/home/redbarbe/public_html/telegram/webapps/action/my_zapis.php:105) Array
(
    [0] => Array
        (
            [DAT1] => 2026-02-17 00:00:00
            [DAT] => 17.02.2026
            [TIME_START] => 19:00
            [TIME_STOP] => 20:00
            [PODR_NAME] => FitnessMix
            [SOTR_NAME] => 
            [TP] => 2
            [TRAIN] => 804440
            [TO_RESERV] => 
        )

    [1] => Array
        (
            [DAT1] => 2026-02-19 00:00:00
            [DAT] => 19.02.2026
            [TIME_START] => 19:00
            [TIME_STOP] => 20:00
            [PODR_NAME] => FitnessMix
            [SOTR_NAME] => 
            [TP] => 2
            [TRAIN] => 805415
            [TO_RESERV] => 
        )

)

[2026-02-17 14:11:16] [INFO] (/home/redbarbe/public_html/telegram/webapps/action/ajax_del_zapis.php:34) del_zapis_acc=15336
[2026-02-17 14:11:16] [INFO] (/home/redbarbe/public_html/telegram/webapps/action/ajax_del_zapis.php:35) del_zapis_ip=178.158.212.173
[2026-02-17 14:11:16] [INFO] (/home/redbarbe/public_html/telegram/webapps/action/ajax_del_zapis.php:61) проблема з видаленням 
[2026-02-17 14:11:16] [INFO] (/home/redbarbe/public_html/telegram/webapps/action/ajax_del_zapis.php:62) Array
(
    [id] => 3
    [name] => REDBARBELL на Петропавлівській Борщагівці
    [ip_club] => 178.158.212.173
    [chat_admin] => 5890364519
    [chat_group] => -1002602928963
    [active] => 1
    [phone] => +38 (066) 264 1233
    [adress] => вул. Садова 1г
)

[2026-02-17 14:11:16] [INFO] (/home/redbarbe/public_html/telegram/webapps/action/ajax_del_zapis.php:63) 178.158.212.173
[2026-02-17 14:11:16] [INFO] (/home/redbarbe/public_html/telegram/webapps/action/ajax_del_zapis.php:64) 15336
[2026-02-17 14:11:16] [INFO] (/home/redbarbe/public_html/telegram/webapps/action/ajax_del_zapis.php:65) 804440
[2026-02-17 14:11:20] [INFO] (/home/redbarbe/public_html/telegram/webapps/action/my_zapis.php:105) Array
(
    [0] => Array
        (
            [DAT1] => 2026-02-19 00:00:00
            [DAT] => 19.02.2026
            [TIME_START] => 19:00
            [TIME_STOP] => 20:00
            [PODR_NAME] => FitnessMix
            [SOTR_NAME] => 
            [TP] => 2
            [TRAIN] => 805415
            [TO_RESERV] => 
        )

)

[2026-02-17 14:32:13] [INFO] (/home/redbarbe/public_html/telegram/webapps/action/ajax_get_tren.php:35) Array
(
    [0] => Array
        (
            [KOD] => 805311
            [TIME_FROM] => 10:00
            [TIME_TO] => 11:00               
            [CLIENTS_CNT] => 0
            [TOV_NAME] => Йога
            [ACC] => 0
            [CNTTRAN] => 0
            [CNTTRANRESERV] => 0
        )

    [1] => Array
        (
            [KOD] => 805467
            [TIME_FROM] => 18:00
            [TIME_TO] => 19:00               
            [CLIENTS_CNT] => 0
            [TOV_NAME] => Йога
            [ACC] => 0
            [CNTTRAN] => 0
            [CNTTRANRESERV] => 0
        )

    [2] => Array
        (
            [KOD] => 805519
            [TIME_FROM] => 18:00
            [TIME_TO] => 19:00               
            [CLIENTS_CNT] => 0
            [TOV_NAME] => Паркур Kids
            [ACC] => 0
            [CNTTRAN] => 0
            [CNTTRANRESERV] => 0
        )

    [3] => Array
        (
            [KOD] => 805363
            [TIME_FROM] => 19:00
            [TIME_TO] => 20:00               
            [CLIENTS_CNT] => 0
            [TOV_NAME] => Паркур
            [ACC] => 0
            [CNTTRAN] => 0
            [CNTTRANRESERV] => 0
        )

    [4] => Array
        (
            [KOD] => 805571
            [TIME_FROM] => 19:00
            [TIME_TO] => 20:00               
            [CLIENTS_CNT] => 0
            [TOV_NAME] => CrossActivity
            [ACC] => 0
            [CNTTRAN] => 0
            [CNTTRANRESERV] => 0
        )

    [5] => Array
        (
            [KOD] => 805623
            [TIME_FROM] => 19:00
            [TIME_TO] => 20:00               
            [CLIENTS_CNT] => 5
            [TOV_NAME] => Cycle
            [ACC] => 0
            [CNTTRAN] => 0
            [CNTTRANRESERV] => 0
        )

    [6] => Array
        (
            [KOD] => 805415
            [TIME_FROM] => 19:00
            [TIME_TO] => 20:00               
            [CLIENTS_CNT] => 0
            [TOV_NAME] => FitnessMix
            [ACC] => 15336
            [CNTTRAN] => 1
            [CNTTRANRESERV] => 0
        )

)

[2026-02-17 14:32:13] [INFO] (/home/redbarbe/public_html/telegram/webapps/action/ajax_get_tren.php:61) Array
(
    [KOD] => 805311
    [TIME_FROM] => 10:00
    [TIME_TO] => 11:00               
    [CLIENTS_CNT] => 0
    [TOV_NAME] => Йога
    [ACC] => 0
    [CNTTRAN] => 0
    [CNTTRANRESERV] => 0
)

[2026-02-17 14:32:13] [INFO] (/home/redbarbe/public_html/telegram/webapps/action/ajax_get_tren.php:61) Array
(
    [KOD] => 805467
    [TIME_FROM] => 18:00
    [TIME_TO] => 19:00               
    [CLIENTS_CNT] => 0
    [TOV_NAME] => Йога
    [ACC] => 0
    [CNTTRAN] => 0
    [CNTTRANRESERV] => 0
)

[2026-02-17 14:32:13] [INFO] (/home/redbarbe/public_html/telegram/webapps/action/ajax_get_tren.php:61) Array
(
    [KOD] => 805519
    [TIME_FROM] => 18:00
    [TIME_TO] => 19:00               
    [CLIENTS_CNT] => 0
    [TOV_NAME] => Паркур Kids
    [ACC] => 0
    [CNTTRAN] => 0
    [CNTTRANRESERV] => 0
)

[2026-02-17 14:32:13] [INFO] (/home/redbarbe/public_html/telegram/webapps/action/ajax_get_tren.php:61) Array
(
    [KOD] => 805363
    [TIME_FROM] => 19:00
    [TIME_TO] => 20:00               
    [CLIENTS_CNT] => 0
    [TOV_NAME] => Паркур
    [ACC] => 0
    [CNTTRAN] => 0
    [CNTTRANRESERV] => 0
)

[2026-02-17 14:32:13] [INFO] (/home/redbarbe/public_html/telegram/webapps/action/ajax_get_tren.php:61) Array
(
    [KOD] => 805571
    [TIME_FROM] => 19:00
    [TIME_TO] => 20:00               
    [CLIENTS_CNT] => 0
    [TOV_NAME] => CrossActivity
    [ACC] => 0
    [CNTTRAN] => 0
    [CNTTRANRESERV] => 0
)

[2026-02-17 14:32:13] [INFO] (/home/redbarbe/public_html/telegram/webapps/action/ajax_get_tren.php:61) Array
(
    [KOD] => 805623
    [TIME_FROM] => 19:00
    [TIME_TO] => 20:00               
    [CLIENTS_CNT] => 5
    [TOV_NAME] => Cycle
    [ACC] => 0
    [CNTTRAN] => 0
    [CNTTRANRESERV] => 0
)

[2026-02-17 14:32:13] [INFO] (/home/redbarbe/public_html/telegram/webapps/action/ajax_get_tren.php:61) Array
(
    [KOD] => 805415
    [TIME_FROM] => 19:00
    [TIME_TO] => 20:00               
    [CLIENTS_CNT] => 0
    [TOV_NAME] => FitnessMix
    [ACC] => 15336
    [CNTTRAN] => 1
    [CNTTRANRESERV] => 0
)

[2026-02-17 14:35:59] [INFO] (/home/redbarbe/public_html/telegram/webapps/action/ajax_get_tren.php:35) Array
(
    [0] => Array
        (
            [KOD] => 803522
            [TIME_FROM] => 10:00
            [TIME_TO] => 11:00               
            [CLIENTS_CNT] => 0
            [TOV_NAME] => Йога
            [ACC] => 0
            [CNTTRAN] => 0
            [CNTTRANRESERV] => 0
        )

    [1] => Array
        (
            [KOD] => 803624
            [TIME_FROM] => 11:00
            [TIME_TO] => 12:00               
            [CLIENTS_CNT] => 0
            [TOV_NAME] => FitnessMix
            [ACC] => 0
            [CNTTRAN] => 0
            [CNTTRANRESERV] => 0
        )

    [2] => Array
        (
            [KOD] => 803573
            [TIME_FROM] => 12:00
            [TIME_TO] => 13:00               
            [CLIENTS_CNT] => 0
            [TOV_NAME] => CrossActivity
            [ACC] => 0
            [CNTTRAN] => 0
            [CNTTRANRESERV] => 0
        )

    [3] => Array
        (
            [KOD] => 803471
            [TIME_FROM] => 12:30
            [TIME_TO] => 13:30               
            [CLIENTS_CNT] => 0
            [TOV_NAME] => Stretching
            [ACC] => 0
            [CNTTRAN] => 0
            [CNTTRANRESERV] => 0
        )

)

[2026-02-17 14:35:59] [INFO] (/home/redbarbe/public_html/telegram/webapps/action/ajax_get_tren.php:61) Array
(
    [KOD] => 803522
    [TIME_FROM] => 10:00
    [TIME_TO] => 11:00               
    [CLIENTS_CNT] => 0
    [TOV_NAME] => Йога
    [ACC] => 0
    [CNTTRAN] => 0
    [CNTTRANRESERV] => 0
)

[2026-02-17 14:35:59] [INFO] (/home/redbarbe/public_html/telegram/webapps/action/ajax_get_tren.php:61) Array
(
    [KOD] => 803624
    [TIME_FROM] => 11:00
    [TIME_TO] => 12:00               
    [CLIENTS_CNT] => 0
    [TOV_NAME] => FitnessMix
    [ACC] => 0
    [CNTTRAN] => 0
    [CNTTRANRESERV] => 0
)

[2026-02-17 14:35:59] [INFO] (/home/redbarbe/public_html/telegram/webapps/action/ajax_get_tren.php:61) Array
(
    [KOD] => 803573
    [TIME_FROM] => 12:00
    [TIME_TO] => 13:00               
    [CLIENTS_CNT] => 0
    [TOV_NAME] => CrossActivity
    [ACC] => 0
    [CNTTRAN] => 0
    [CNTTRANRESERV] => 0
)

[2026-02-17 14:35:59] [INFO] (/home/redbarbe/public_html/telegram/webapps/action/ajax_get_tren.php:61) Array
(
    [KOD] => 803471
    [TIME_FROM] => 12:30
    [TIME_TO] => 13:30               
    [CLIENTS_CNT] => 0
    [TOV_NAME] => Stretching
    [ACC] => 0
    [CNTTRAN] => 0
    [CNTTRANRESERV] => 0
)

[2026-02-17 14:36:23] [INFO] (/home/redbarbe/public_html/telegram/webapps/action/ajax_fitness_zapis.php:22) Array
(
    [ajax_method] => 2
    [action] => ajax_fitness_zapis
    [dat] => 21.02.2026
    [acc] => 15336
    [trenid] => 803624
    [ost_all] => 100
    [ip_club] => 178.158.212.173
    [acctozapis] => 0
    [time_from] => 11:00
)

[2026-02-17 14:49:27] [INFO] (/home/redbarbe/public_html/telegram/webapps/action/my_zapis.php:105) 
[2026-02-17 14:50:56] [INFO] (/home/redbarbe/public_html/telegram/webapps/action/ajax_get_tren.php:35) Array
(
    [0] => Array
        (
            [KOD] => 804338
            [TIME_FROM] => 10:00
            [TIME_TO] => 11:00               
            [CLIENTS_CNT] => 0
            [TOV_NAME] => Йога
            [ACC] => 0
            [CNTTRAN] => 0
            [CNTTRANRESERV] => 0
        )

    [1] => Array
        (
            [KOD] => 804491
            [TIME_FROM] => 18:00
            [TIME_TO] => 19:00               
            [CLIENTS_CNT] => 0
            [TOV_NAME] => Йога
            [ACC] => 0
            [CNTTRAN] => 0
            [CNTTRANRESERV] => 0
        )

    [2] => Array
        (
            [KOD] => 804542
            [TIME_FROM] => 18:00
            [TIME_TO] => 19:00               
            [CLIENTS_CNT] => 0
            [TOV_NAME] => Паркур Kids
            [ACC] => 0
            [CNTTRAN] => 2
            [CNTTRANRESERV] => 0
        )

    [3] => Array
        (
            [KOD] => 804389
            [TIME_FROM] => 19:00
            [TIME_TO] => 20:00               
            [CLIENTS_CNT] => 0
            [TOV_NAME] => Паркур
            [ACC] => 0
            [CNTTRAN] => 0
            [CNTTRANRESERV] => 0
        )

    [4] => Array
        (
            [KOD] => 804593
            [TIME_FROM] => 19:00
            [TIME_TO] => 20:00               
            [CLIENTS_CNT] => 0
            [TOV_NAME] => CrossActivity
            [ACC] => 0
            [CNTTRAN] => 0
            [CNTTRANRESERV] => 0
        )

    [5] => Array
        (
            [KOD] => 804644
            [TIME_FROM] => 19:00
            [TIME_TO] => 20:00               
            [CLIENTS_CNT] => 5
            [TOV_NAME] => Cycle
            [ACC] => 0
            [CNTTRAN] => 2
            [CNTTRANRESERV] => 0
        )

    [6] => Array
        (
            [KOD] => 804440
            [TIME_FROM] => 19:00
            [TIME_TO] => 20:00               
            [CLIENTS_CNT] => 0
            [TOV_NAME] => FitnessMix
            [ACC] => 0
            [CNTTRAN] => 0
            [CNTTRANRESERV] => 0
        )

)

[2026-02-17 14:50:56] [INFO] (/home/redbarbe/public_html/telegram/webapps/action/ajax_get_tren.php:61) Array
(
    [KOD] => 804338
    [TIME_FROM] => 10:00
    [TIME_TO] => 11:00               
    [CLIENTS_CNT] => 0
    [TOV_NAME] => Йога
    [ACC] => 0
    [CNTTRAN] => 0
    [CNTTRANRESERV] => 0
)

[2026-02-17 14:50:56] [INFO] (/home/redbarbe/public_html/telegram/webapps/action/ajax_get_tren.php:61) Array
(
    [KOD] => 804491
    [TIME_FROM] => 18:00
    [TIME_TO] => 19:00               
    [CLIENTS_CNT] => 0
    [TOV_NAME] => Йога
    [ACC] => 0
    [CNTTRAN] => 0
    [CNTTRANRESERV] => 0
)

[2026-02-17 14:50:56] [INFO] (/home/redbarbe/public_html/telegram/webapps/action/ajax_get_tren.php:61) Array
(
    [KOD] => 804542
    [TIME_FROM] => 18:00
    [TIME_TO] => 19:00               
    [CLIENTS_CNT] => 0
    [TOV_NAME] => Паркур Kids
    [ACC] => 0
    [CNTTRAN] => 2
    [CNTTRANRESERV] => 0
)

[2026-02-17 14:50:56] [INFO] (/home/redbarbe/public_html/telegram/webapps/action/ajax_get_tren.php:61) Array
(
    [KOD] => 804389
    [TIME_FROM] => 19:00
    [TIME_TO] => 20:00               
    [CLIENTS_CNT] => 0
    [TOV_NAME] => Паркур
    [ACC] => 0
    [CNTTRAN] => 0
    [CNTTRANRESERV] => 0
)

[2026-02-17 14:50:56] [INFO] (/home/redbarbe/public_html/telegram/webapps/action/ajax_get_tren.php:61) Array
(
    [KOD] => 804593
    [TIME_FROM] => 19:00
    [TIME_TO] => 20:00               
    [CLIENTS_CNT] => 0
    [TOV_NAME] => CrossActivity
    [ACC] => 0
    [CNTTRAN] => 0
    [CNTTRANRESERV] => 0
)

[2026-02-17 14:50:56] [INFO] (/home/redbarbe/public_html/telegram/webapps/action/ajax_get_tren.php:61) Array
(
    [KOD] => 804644
    [TIME_FROM] => 19:00
    [TIME_TO] => 20:00               
    [CLIENTS_CNT] => 5
    [TOV_NAME] => Cycle
    [ACC] => 0
    [CNTTRAN] => 2
    [CNTTRANRESERV] => 0
)

[2026-02-17 14:50:56] [INFO] (/home/redbarbe/public_html/telegram/webapps/action/ajax_get_tren.php:61) Array
(
    [KOD] => 804440
    [TIME_FROM] => 19:00
    [TIME_TO] => 20:00               
    [CLIENTS_CNT] => 0
    [TOV_NAME] => FitnessMix
    [ACC] => 0
    [CNTTRAN] => 0
    [CNTTRANRESERV] => 0
)

[2026-02-17 14:53:34] [INFO] (/home/redbarbe/public_html/telegram/webapps/action/ajax_get_tren.php:35) Array
(
    [0] => Array
        (
            [KOD] => 804338
            [TIME_FROM] => 10:00
            [TIME_TO] => 11:00               
            [CLIENTS_CNT] => 0
            [TOV_NAME] => Йога
            [ACC] => 0
            [CNTTRAN] => 0
            [CNTTRANRESERV] => 0
        )

    [1] => Array
        (
            [KOD] => 804491
            [TIME_FROM] => 18:00
            [TIME_TO] => 19:00               
            [CLIENTS_CNT] => 0
            [TOV_NAME] => Йога
            [ACC] => 0
            [CNTTRAN] => 0
            [CNTTRANRESERV] => 0
        )

    [2] => Array
        (
            [KOD] => 804542
            [TIME_FROM] => 18:00
            [TIME_TO] => 19:00               
            [CLIENTS_CNT] => 0
            [TOV_NAME] => Паркур Kids
            [ACC] => 0
            [CNTTRAN] => 2
            [CNTTRANRESERV] => 0
        )

    [3] => Array
        (
            [KOD] => 804389
            [TIME_FROM] => 19:00
            [TIME_TO] => 20:00               
            [CLIENTS_CNT] => 0
            [TOV_NAME] => Паркур
            [ACC] => 0
            [CNTTRAN] => 0
            [CNTTRANRESERV] => 0
        )

    [4] => Array
        (
            [KOD] => 804593
            [TIME_FROM] => 19:00
            [TIME_TO] => 20:00               
            [CLIENTS_CNT] => 0
            [TOV_NAME] => CrossActivity
            [ACC] => 0
            [CNTTRAN] => 0
            [CNTTRANRESERV] => 0
        )

    [5] => Array
        (
            [KOD] => 804644
            [TIME_FROM] => 19:00
            [TIME_TO] => 20:00               
            [CLIENTS_CNT] => 5
            [TOV_NAME] => Cycle
            [ACC] => 0
            [CNTTRAN] => 2
            [CNTTRANRESERV] => 0
        )

    [6] => Array
        (
            [KOD] => 804440
            [TIME_FROM] => 19:00
            [TIME_TO] => 20:00               
            [CLIENTS_CNT] => 0
            [TOV_NAME] => FitnessMix
            [ACC] => 0
            [CNTTRAN] => 0
            [CNTTRANRESERV] => 0
        )

)

[2026-02-17 14:53:34] [INFO] (/home/redbarbe/public_html/telegram/webapps/action/ajax_get_tren.php:61) Array
(
    [KOD] => 804338
    [TIME_FROM] => 10:00
    [TIME_TO] => 11:00               
    [CLIENTS_CNT] => 0
    [TOV_NAME] => Йога
    [ACC] => 0
    [CNTTRAN] => 0
    [CNTTRANRESERV] => 0
)

[2026-02-17 14:53:34] [INFO] (/home/redbarbe/public_html/telegram/webapps/action/ajax_get_tren.php:61) Array
(
    [KOD] => 804491
    [TIME_FROM] => 18:00
    [TIME_TO] => 19:00               
    [CLIENTS_CNT] => 0
    [TOV_NAME] => Йога
    [ACC] => 0
    [CNTTRAN] => 0
    [CNTTRANRESERV] => 0
)

[2026-02-17 14:53:34] [INFO] (/home/redbarbe/public_html/telegram/webapps/action/ajax_get_tren.php:61) Array
(
    [KOD] => 804542
    [TIME_FROM] => 18:00
    [TIME_TO] => 19:00               
    [CLIENTS_CNT] => 0
    [TOV_NAME] => Паркур Kids
    [ACC] => 0
    [CNTTRAN] => 2
    [CNTTRANRESERV] => 0
)

[2026-02-17 14:53:34] [INFO] (/home/redbarbe/public_html/telegram/webapps/action/ajax_get_tren.php:61) Array
(
    [KOD] => 804389
    [TIME_FROM] => 19:00
    [TIME_TO] => 20:00               
    [CLIENTS_CNT] => 0
    [TOV_NAME] => Паркур
    [ACC] => 0
    [CNTTRAN] => 0
    [CNTTRANRESERV] => 0
)

[2026-02-17 14:53:34] [INFO] (/home/redbarbe/public_html/telegram/webapps/action/ajax_get_tren.php:61) Array
(
    [KOD] => 804593
    [TIME_FROM] => 19:00
    [TIME_TO] => 20:00               
    [CLIENTS_CNT] => 0
    [TOV_NAME] => CrossActivity
    [ACC] => 0
    [CNTTRAN] => 0
    [CNTTRANRESERV] => 0
)

[2026-02-17 14:53:34] [INFO] (/home/redbarbe/public_html/telegram/webapps/action/ajax_get_tren.php:61) Array
(
    [KOD] => 804644
    [TIME_FROM] => 19:00
    [TIME_TO] => 20:00               
    [CLIENTS_CNT] => 5
    [TOV_NAME] => Cycle
    [ACC] => 0
    [CNTTRAN] => 2
    [CNTTRANRESERV] => 0
)

[2026-02-17 14:53:34] [INFO] (/home/redbarbe/public_html/telegram/webapps/action/ajax_get_tren.php:61) Array
(
    [KOD] => 804440
    [TIME_FROM] => 19:00
    [TIME_TO] => 20:00               
    [CLIENTS_CNT] => 0
    [TOV_NAME] => FitnessMix
    [ACC] => 0
    [CNTTRAN] => 0
    [CNTTRANRESERV] => 0
)

[2026-02-17 14:57:03] [INFO] (/home/redbarbe/public_html/telegram/webapps/action/ajax_get_tren.php:35) Array
(
    [0] => Array
        (
            [KOD] => 804338
            [TIME_FROM] => 10:00
            [TIME_TO] => 11:00               
            [CLIENTS_CNT] => 0
            [TOV_NAME] => Йога
            [ACC] => 0
            [CNTTRAN] => 0
            [CNTTRANRESERV] => 0
        )

    [1] => Array
        (
            [KOD] => 804491
            [TIME_FROM] => 18:00
            [TIME_TO] => 19:00               
            [CLIENTS_CNT] => 0
            [TOV_NAME] => Йога
            [ACC] => 0
            [CNTTRAN] => 0
            [CNTTRANRESERV] => 0
        )

    [2] => Array
        (
            [KOD] => 804542
            [TIME_FROM] => 18:00
            [TIME_TO] => 19:00               
            [CLIENTS_CNT] => 0
            [TOV_NAME] => Паркур Kids
            [ACC] => 0
            [CNTTRAN] => 2
            [CNTTRANRESERV] => 0
        )

    [3] => Array
        (
            [KOD] => 804389
            [TIME_FROM] => 19:00
            [TIME_TO] => 20:00               
            [CLIENTS_CNT] => 0
            [TOV_NAME] => Паркур
            [ACC] => 0
            [CNTTRAN] => 0
            [CNTTRANRESERV] => 0
        )

    [4] => Array
        (
            [KOD] => 804593
            [TIME_FROM] => 19:00
            [TIME_TO] => 20:00               
            [CLIENTS_CNT] => 0
            [TOV_NAME] => CrossActivity
            [ACC] => 0
            [CNTTRAN] => 0
            [CNTTRANRESERV] => 0
        )

    [5] => Array
        (
            [KOD] => 804644
            [TIME_FROM] => 19:00
            [TIME_TO] => 20:00               
            [CLIENTS_CNT] => 5
            [TOV_NAME] => Cycle
            [ACC] => 0
            [CNTTRAN] => 2
            [CNTTRANRESERV] => 0
        )

    [6] => Array
        (
            [KOD] => 804440
            [TIME_FROM] => 19:00
            [TIME_TO] => 20:00               
            [CLIENTS_CNT] => 0
            [TOV_NAME] => FitnessMix
            [ACC] => 0
            [CNTTRAN] => 0
            [CNTTRANRESERV] => 0
        )

)

[2026-02-17 14:57:03] [INFO] (/home/redbarbe/public_html/telegram/webapps/action/ajax_get_tren.php:61) Array
(
    [KOD] => 804338
    [TIME_FROM] => 10:00
    [TIME_TO] => 11:00               
    [CLIENTS_CNT] => 0
    [TOV_NAME] => Йога
    [ACC] => 0
    [CNTTRAN] => 0
    [CNTTRANRESERV] => 0
)

[2026-02-17 14:57:03] [INFO] (/home/redbarbe/public_html/telegram/webapps/action/ajax_get_tren.php:61) Array
(
    [KOD] => 804491
    [TIME_FROM] => 18:00
    [TIME_TO] => 19:00               
    [CLIENTS_CNT] => 0
    [TOV_NAME] => Йога
    [ACC] => 0
    [CNTTRAN] => 0
    [CNTTRANRESERV] => 0
)

[2026-02-17 14:57:03] [INFO] (/home/redbarbe/public_html/telegram/webapps/action/ajax_get_tren.php:61) Array
(
    [KOD] => 804542
    [TIME_FROM] => 18:00
    [TIME_TO] => 19:00               
    [CLIENTS_CNT] => 0
    [TOV_NAME] => Паркур Kids
    [ACC] => 0
    [CNTTRAN] => 2
    [CNTTRANRESERV] => 0
)

[2026-02-17 14:57:03] [INFO] (/home/redbarbe/public_html/telegram/webapps/action/ajax_get_tren.php:61) Array
(
    [KOD] => 804389
    [TIME_FROM] => 19:00
    [TIME_TO] => 20:00               
    [CLIENTS_CNT] => 0
    [TOV_NAME] => Паркур
    [ACC] => 0
    [CNTTRAN] => 0
    [CNTTRANRESERV] => 0
)

[2026-02-17 14:57:03] [INFO] (/home/redbarbe/public_html/telegram/webapps/action/ajax_get_tren.php:61) Array
(
    [KOD] => 804593
    [TIME_FROM] => 19:00
    [TIME_TO] => 20:00               
    [CLIENTS_CNT] => 0
    [TOV_NAME] => CrossActivity
    [ACC] => 0
    [CNTTRAN] => 0
    [CNTTRANRESERV] => 0
)

[2026-02-17 14:57:03] [INFO] (/home/redbarbe/public_html/telegram/webapps/action/ajax_get_tren.php:61) Array
(
    [KOD] => 804644
    [TIME_FROM] => 19:00
    [TIME_TO] => 20:00               
    [CLIENTS_CNT] => 5
    [TOV_NAME] => Cycle
    [ACC] => 0
    [CNTTRAN] => 2
    [CNTTRANRESERV] => 0
)

[2026-02-17 14:57:03] [INFO] (/home/redbarbe/public_html/telegram/webapps/action/ajax_get_tren.php:61) Array
(
    [KOD] => 804440
    [TIME_FROM] => 19:00
    [TIME_TO] => 20:00               
    [CLIENTS_CNT] => 0
    [TOV_NAME] => FitnessMix
    [ACC] => 0
    [CNTTRAN] => 0
    [CNTTRANRESERV] => 0
)

[2026-02-17 15:00:39] [INFO] (/home/redbarbe/public_html/telegram/webapps/action/hist_grp.php:16) SELECT a.name FROM `spr_acc` a, spr_users u WHERE u.active_account=a.acc and u.chat_id=a.chat_id and a.acc=11114 
and u.club=(select id from spr_clubs where ip_club="178.158.212.173") limit 1
[2026-02-17 15:00:39] [INFO] (/home/redbarbe/public_html/telegram/webapps/action/hist_grp.php:17) hist_grp
[2026-02-17 15:00:39] [INFO] (/home/redbarbe/public_html/telegram/webapps/action/hist_grp.php:108) Array
(
    [dbeg] => 17.11.2025
    [dend] => today
    [acc] => 11114
    [command] => get_grp_history
)

[2026-02-17 15:00:39] [INFO] (/home/redbarbe/public_html/telegram/webapps/action/hist_grp.php:109) ip=178.158.212.173
[2026-02-17 15:00:45] [INFO] (/home/redbarbe/public_html/telegram/webapps/action/ajax_get_tren.php:35) Array
(
    [0] => Array
        (
            [KOD] => 806196
            [TIME_FROM] => 09:00
            [TIME_TO] => 10:00               
            [CLIENTS_CNT] => 0
            [TOV_NAME] => CrossActivity
            [ACC] => 0
            [CNTTRAN] => 0
            [CNTTRANRESERV] => 0
        )

    [1] => Array
        (
            [KOD] => 805832
            [TIME_FROM] => 14:00
            [TIME_TO] => 15:00               
            [CLIENTS_CNT] => 0
            [TOV_NAME] => FitnessMix
            [ACC] => 0
            [CNTTRAN] => 0
            [CNTTRANRESERV] => 0
        )

    [2] => Array
        (
            [KOD] => 805728
            [TIME_FROM] => 17:00
            [TIME_TO] => 18:00               
            [CLIENTS_CNT] => 0
            [TOV_NAME] => Mobility
            [ACC] => 0
            [CNTTRAN] => 0
            [CNTTRANRESERV] => 0
        )

    [3] => Array
        (
            [KOD] => 806144
            [TIME_FROM] => 18:00
            [TIME_TO] => 19:00               
            [CLIENTS_CNT] => 0
            [TOV_NAME] => Паркур Kids
            [ACC] => 0
            [CNTTRAN] => 0
            [CNTTRANRESERV] => 0
        )

    [4] => Array
        (
            [KOD] => 805936
            [TIME_FROM] => 18:30
            [TIME_TO] => 19:30               
            [CLIENTS_CNT] => 0
            [TOV_NAME] => Pilates
            [ACC] => 11114
            [CNTTRAN] => 1
            [CNTTRANRESERV] => 0
        )

    [5] => Array
        (
            [KOD] => 806040
            [TIME_FROM] => 19:00
            [TIME_TO] => 20:00               
            [CLIENTS_CNT] => 0
            [TOV_NAME] => Паркур
            [ACC] => 0
            [CNTTRAN] => 0
            [CNTTRANRESERV] => 0
        )

    [6] => Array
        (
            [KOD] => 805780
            [TIME_FROM] => 19:00
            [TIME_TO] => 20:00               
            [CLIENTS_CNT] => 0
            [TOV_NAME] => CrossActivity
            [ACC] => 0
            [CNTTRAN] => 0
            [CNTTRANRESERV] => 0
        )

    [7] => Array
        (
            [KOD] => 805676
            [TIME_FROM] => 19:00
            [TIME_TO] => 20:00               
            [CLIENTS_CNT] => 0
            [TOV_NAME] => Aesthetic Gymnastics
            [ACC] => 0
            [CNTTRAN] => 1
            [CNTTRANRESERV] => 0
        )

    [8] => Array
        (
            [KOD] => 805988
            [TIME_FROM] => 19:30
            [TIME_TO] => 20:30               
            [CLIENTS_CNT] => 0
            [TOV_NAME] => TRX
            [ACC] => 0
            [CNTTRAN] => 0
            [CNTTRANRESERV] => 0
        )

    [9] => Array
        (
            [KOD] => 805884
            [TIME_FROM] => 20:00
            [TIME_TO] => 21:00               
            [CLIENTS_CNT] => 0
            [TOV_NAME] => CrossActivity
            [ACC] => 0
            [CNTTRAN] => 0
            [CNTTRANRESERV] => 0
        )

    [10] => Array
        (
            [KOD] => 806092
            [TIME_FROM] => 20:00
            [TIME_TO] => 21:00               
            [CLIENTS_CNT] => 0
            [TOV_NAME] => Бокс
            [ACC] => 0
            [CNTTRAN] => 0
            [CNTTRANRESERV] => 0
        )

)

[2026-02-17 15:00:45] [INFO] (/home/redbarbe/public_html/telegram/webapps/action/ajax_get_tren.php:61) Array
(
    [KOD] => 806196
    [TIME_FROM] => 09:00
    [TIME_TO] => 10:00               
    [CLIENTS_CNT] => 0
    [TOV_NAME] => CrossActivity
    [ACC] => 0
    [CNTTRAN] => 0
    [CNTTRANRESERV] => 0
)

[2026-02-17 15:00:45] [INFO] (/home/redbarbe/public_html/telegram/webapps/action/ajax_get_tren.php:61) Array
(
    [KOD] => 805832
    [TIME_FROM] => 14:00
    [TIME_TO] => 15:00               
    [CLIENTS_CNT] => 0
    [TOV_NAME] => FitnessMix
    [ACC] => 0
    [CNTTRAN] => 0
    [CNTTRANRESERV] => 0
)

[2026-02-17 15:00:45] [INFO] (/home/redbarbe/public_html/telegram/webapps/action/ajax_get_tren.php:61) Array
(
    [KOD] => 805728
    [TIME_FROM] => 17:00
    [TIME_TO] => 18:00               
    [CLIENTS_CNT] => 0
    [TOV_NAME] => Mobility
    [ACC] => 0
    [CNTTRAN] => 0
    [CNTTRANRESERV] => 0
)

[2026-02-17 15:00:45] [INFO] (/home/redbarbe/public_html/telegram/webapps/action/ajax_get_tren.php:61) Array
(
    [KOD] => 806144
    [TIME_FROM] => 18:00
    [TIME_TO] => 19:00               
    [CLIENTS_CNT] => 0
    [TOV_NAME] => Паркур Kids
    [ACC] => 0
    [CNTTRAN] => 0
    [CNTTRANRESERV] => 0
)

[2026-02-17 15:00:45] [INFO] (/home/redbarbe/public_html/telegram/webapps/action/ajax_get_tren.php:61) Array
(
    [KOD] => 805936
    [TIME_FROM] => 18:30
    [TIME_TO] => 19:30               
    [CLIENTS_CNT] => 0
    [TOV_NAME] => Pilates
    [ACC] => 11114
    [CNTTRAN] => 1
    [CNTTRANRESERV] => 0
)

[2026-02-17 15:00:45] [INFO] (/home/redbarbe/public_html/telegram/webapps/action/ajax_get_tren.php:61) Array
(
    [KOD] => 806040
    [TIME_FROM] => 19:00
    [TIME_TO] => 20:00               
    [CLIENTS_CNT] => 0
    [TOV_NAME] => Паркур
    [ACC] => 0
    [CNTTRAN] => 0
    [CNTTRANRESERV] => 0
)

[2026-02-17 15:00:45] [INFO] (/home/redbarbe/public_html/telegram/webapps/action/ajax_get_tren.php:61) Array
(
    [KOD] => 805780
    [TIME_FROM] => 19:00
    [TIME_TO] => 20:00               
    [CLIENTS_CNT] => 0
    [TOV_NAME] => CrossActivity
    [ACC] => 0
    [CNTTRAN] => 0
    [CNTTRANRESERV] => 0
)

[2026-02-17 15:00:45] [INFO] (/home/redbarbe/public_html/telegram/webapps/action/ajax_get_tren.php:61) Array
(
    [KOD] => 805676
    [TIME_FROM] => 19:00
    [TIME_TO] => 20:00               
    [CLIENTS_CNT] => 0
    [TOV_NAME] => Aesthetic Gymnastics
    [ACC] => 0
    [CNTTRAN] => 1
    [CNTTRANRESERV] => 0
)

[2026-02-17 15:00:45] [INFO] (/home/redbarbe/public_html/telegram/webapps/action/ajax_get_tren.php:61) Array
(
    [KOD] => 805988
    [TIME_FROM] => 19:30
    [TIME_TO] => 20:30               
    [CLIENTS_CNT] => 0
    [TOV_NAME] => TRX
    [ACC] => 0
    [CNTTRAN] => 0
    [CNTTRANRESERV] => 0
)

[2026-02-17 15:00:45] [INFO] (/home/redbarbe/public_html/telegram/webapps/action/ajax_get_tren.php:61) Array
(
    [KOD] => 805884
    [TIME_FROM] => 20:00
    [TIME_TO] => 21:00               
    [CLIENTS_CNT] => 0
    [TOV_NAME] => CrossActivity
    [ACC] => 0
    [CNTTRAN] => 0
    [CNTTRANRESERV] => 0
)

[2026-02-17 15:00:45] [INFO] (/home/redbarbe/public_html/telegram/webapps/action/ajax_get_tren.php:61) Array
(
    [KOD] => 806092
    [TIME_FROM] => 20:00
    [TIME_TO] => 21:00               
    [CLIENTS_CNT] => 0
    [TOV_NAME] => Бокс
    [ACC] => 0
    [CNTTRAN] => 0
    [CNTTRANRESERV] => 0
)

[2026-02-17 15:04:09] [INFO] (/home/redbarbe/public_html/telegram/webapps/action/hist_ind.php:16) SELECT a.name FROM `spr_acc` a, spr_users u WHERE u.active_account=a.acc and u.chat_id=a.chat_id and a.acc=13601 
and u.club=(select id from spr_clubs where ip_club="178.151.119.180") limit 1
[2026-02-17 15:04:09] [INFO] (/home/redbarbe/public_html/telegram/webapps/action/hist_ind.php:17) hist_grp
[2026-02-17 15:04:09] [INFO] (/home/redbarbe/public_html/telegram/webapps/action/hist_ind.php:108) Array
(
    [dbeg] => 17.11.2025
    [dend] => today
    [acc] => 13601
    [command] => get_ind_history
)

[2026-02-17 15:04:09] [INFO] (/home/redbarbe/public_html/telegram/webapps/action/hist_ind.php:109) ip=178.151.119.180
[2026-02-17 15:04:14] [INFO] (/home/redbarbe/public_html/telegram/webapps/action/hist_ost_poslug.php:19) SELECT a.name FROM `spr_acc` a, spr_users u WHERE u.active_account=a.acc and u.chat_id=a.chat_id and a.acc=13601 
and u.club=(select id from spr_clubs where ip_club="178.151.119.180") limit 1
[2026-02-17 15:04:14] [INFO] (/home/redbarbe/public_html/telegram/webapps/action/hist_ost_poslug.php:20) hist_ost_poslug
[2026-02-17 15:04:14] [INFO] (/home/redbarbe/public_html/telegram/webapps/action/hist_ost_poslug.php:111) Array
(
    [acc] => 13601
    [command] => GET_OST_POSLUG_ACC
)

[2026-02-17 15:04:14] [INFO] (/home/redbarbe/public_html/telegram/webapps/action/hist_ost_poslug.php:112) ip=178.151.119.180
[2026-02-17 15:20:07] [INFO] (/home/redbarbe/public_html/telegram/webapps/action/select_sotr.php:17) Array
(
    [action] => select_sotr
    [club] => -
    [club_ip] => 212.26.139.90
)

[2026-02-17 15:20:07] [INFO] (/home/redbarbe/public_html/telegram/webapps/action/select_sotr.php:27) Array
(
    [0] => Array
        (
            [ROLE] => Тренер
            [ID] => 697814
            [NAME] => Горева Анастасія
        )

    [1] => Array
        (
            [ROLE] => Администратор фитнеса
            [ID] => 0101
            [NAME] => Дежурный
        )

    [2] => Array
        (
            [ROLE] => Администратор фитнеса
            [ID] => 0103
            [NAME] => Йова Катерина
        )

    [3] => Array
        (
            [ROLE] => Тренер
            [ID] => 03354
            [NAME] => Колесник Богдан
        )

    [4] => Array
        (
            [ROLE] => Тренер
            [ID] => 2564
            [NAME] => Кулаковський Сергій
        )

    [5] => Array
        (
            [ROLE] => Администратор фитнеса
            [ID] => 0102
            [NAME] => Лазаренко Ліна
        )

    [6] => Array
        (
            [ROLE] => Тренер
            [ID] => 2452
            [NAME] => Лешковят Наталія
        )

    [7] => Array
        (
            [ROLE] => Администратор фитнеса
            [ID] => 0235
            [NAME] => Лучко Кирил
        )

    [8] => Array
        (
            [ROLE] => Администратор фитнеса
            [ID] => 0333
            [NAME] => Мамедова Ельнара
        )

    [9] => Array
        (
            [ROLE] => Тренер
            [ID] => 03336
            [NAME] => Мельниченко Надія
        )

    [10] => Array
        (
            [ROLE] => Тренер
            [ID] => 007989
            [NAME] => Підгурська Влада
        )

    [11] => Array
        (
            [ROLE] => Тренер
            [ID] => 03337
            [NAME] => Погорєлов Євгеній
        )

    [12] => Array
        (
            [ROLE] => Тренер
            [ID] => 03589
            [NAME] => Присняк Владислав
        )

    [13] => Array
        (
            [ROLE] => Тренер
            [ID] => 03352
            [NAME] => Рибак Роман
        )

    [14] => Array
        (
            [ROLE] => Тренер
            [ID] => 0334
            [NAME] => Самусенко Альона
        )

    [15] => Array
        (
            [ROLE] => Тренер
            [ID] => 03339
            [NAME] => Стрілець Данило
        )

    [16] => Array
        (
            [ROLE] => Тренер
            [ID] => 7895
            [NAME] => Тулаінов Андрій
        )

    [17] => Array
        (
            [ROLE] => Тренер
            [ID] => 0325
            [NAME] => Худоба Ігор
        )

    [18] => Array
        (
            [ROLE] => Тренер
            [ID] => 03342
            [NAME] => Шматко Ярослав
        )

    [19] => Array
        (
            [ROLE] => Тренер
            [ID] => 8987
            [NAME] => Яковенко Ганна
        )

)

[2026-02-17 15:24:37] [INFO] (/home/redbarbe/public_html/telegram/webapps/action/ajax_get_tren.php:35) Array
(
    [0] => Array
        (
            [KOD] => 857491
            [TIME_FROM] => 09:00
            [TIME_TO] => 10:00               
            [CLIENTS_CNT] => 0
            [TOV_NAME] => Пілатес
            [ACC] => 0
            [CNTTRAN] => 1
            [CNTTRANRESERV] => 0
        )

    [1] => Array
        (
            [KOD] => 857699
            [TIME_FROM] => 18:00
            [TIME_TO] => 19:00               
            [CLIENTS_CNT] => 0
            [TOV_NAME] => F.B.T. (Fat burn traning)
            [ACC] => 0
            [CNTTRAN] => 2
            [CNTTRANRESERV] => 0
        )

    [2] => Array
        (
            [KOD] => 857283
            [TIME_FROM] => 19:00
            [TIME_TO] => 20:00               
            [CLIENTS_CNT] => 0
            [TOV_NAME] => Stretching & Mobility
            [ACC] => 0
            [CNTTRAN] => 0
            [CNTTRANRESERV] => 0
        )

)

[2026-02-17 15:24:37] [INFO] (/home/redbarbe/public_html/telegram/webapps/action/ajax_get_tren.php:61) Array
(
    [KOD] => 857491
    [TIME_FROM] => 09:00
    [TIME_TO] => 10:00               
    [CLIENTS_CNT] => 0
    [TOV_NAME] => Пілатес
    [ACC] => 0
    [CNTTRAN] => 1
    [CNTTRANRESERV] => 0
)

[2026-02-17 15:24:37] [INFO] (/home/redbarbe/public_html/telegram/webapps/action/ajax_get_tren.php:61) Array
(
    [KOD] => 857699
    [TIME_FROM] => 18:00
    [TIME_TO] => 19:00               
    [CLIENTS_CNT] => 0
    [TOV_NAME] => F.B.T. (Fat burn traning)
    [ACC] => 0
    [CNTTRAN] => 2
    [CNTTRANRESERV] => 0
)

[2026-02-17 15:24:37] [INFO] (/home/redbarbe/public_html/telegram/webapps/action/ajax_get_tren.php:61) Array
(
    [KOD] => 857283
    [TIME_FROM] => 19:00
    [TIME_TO] => 20:00               
    [CLIENTS_CNT] => 0
    [TOV_NAME] => Stretching & Mobility
    [ACC] => 0
    [CNTTRAN] => 0
    [CNTTRANRESERV] => 0
)

[2026-02-17 15:29:20] [INFO] (/home/redbarbe/public_html/telegram/webapps/action/ajax_get_tren.php:35) Array
(
    [0] => Array
        (
            [KOD] => 804338
            [TIME_FROM] => 10:00
            [TIME_TO] => 11:00               
            [CLIENTS_CNT] => 0
            [TOV_NAME] => Йога
            [ACC] => 0
            [CNTTRAN] => 0
            [CNTTRANRESERV] => 0
        )

    [1] => Array
        (
            [KOD] => 804491
            [TIME_FROM] => 18:00
            [TIME_TO] => 19:00               
            [CLIENTS_CNT] => 0
            [TOV_NAME] => Йога
            [ACC] => 0
            [CNTTRAN] => 0
            [CNTTRANRESERV] => 0
        )

    [2] => Array
        (
            [KOD] => 804542
            [TIME_FROM] => 18:00
            [TIME_TO] => 19:00               
            [CLIENTS_CNT] => 0
            [TOV_NAME] => Паркур Kids
            [ACC] => 0
            [CNTTRAN] => 2
            [CNTTRANRESERV] => 0
        )

    [3] => Array
        (
            [KOD] => 804389
            [TIME_FROM] => 19:00
            [TIME_TO] => 20:00               
            [CLIENTS_CNT] => 0
            [TOV_NAME] => Паркур
            [ACC] => 0
            [CNTTRAN] => 0
            [CNTTRANRESERV] => 0
        )

    [4] => Array
        (
            [KOD] => 804593
            [TIME_FROM] => 19:00
            [TIME_TO] => 20:00               
            [CLIENTS_CNT] => 0
            [TOV_NAME] => CrossActivity
            [ACC] => 0
            [CNTTRAN] => 0
            [CNTTRANRESERV] => 0
        )

    [5] => Array
        (
            [KOD] => 804644
            [TIME_FROM] => 19:00
            [TIME_TO] => 20:00               
            [CLIENTS_CNT] => 5
            [TOV_NAME] => Cycle
            [ACC] => 0
            [CNTTRAN] => 2
            [CNTTRANRESERV] => 0
        )

    [6] => Array
        (
            [KOD] => 804440
            [TIME_FROM] => 19:00
            [TIME_TO] => 20:00               
            [CLIENTS_CNT] => 0
            [TOV_NAME] => FitnessMix
            [ACC] => 0
            [CNTTRAN] => 0
            [CNTTRANRESERV] => 0
        )

)

[2026-02-17 15:29:20] [INFO] (/home/redbarbe/public_html/telegram/webapps/action/ajax_get_tren.php:61) Array
(
    [KOD] => 804338
    [TIME_FROM] => 10:00
    [TIME_TO] => 11:00               
    [CLIENTS_CNT] => 0
    [TOV_NAME] => Йога
    [ACC] => 0
    [CNTTRAN] => 0
    [CNTTRANRESERV] => 0
)

[2026-02-17 15:29:20] [INFO] (/home/redbarbe/public_html/telegram/webapps/action/ajax_get_tren.php:61) Array
(
    [KOD] => 804491
    [TIME_FROM] => 18:00
    [TIME_TO] => 19:00               
    [CLIENTS_CNT] => 0
    [TOV_NAME] => Йога
    [ACC] => 0
    [CNTTRAN] => 0
    [CNTTRANRESERV] => 0
)

[2026-02-17 15:29:20] [INFO] (/home/redbarbe/public_html/telegram/webapps/action/ajax_get_tren.php:61) Array
(
    [KOD] => 804542
    [TIME_FROM] => 18:00
    [TIME_TO] => 19:00               
    [CLIENTS_CNT] => 0
    [TOV_NAME] => Паркур Kids
    [ACC] => 0
    [CNTTRAN] => 2
    [CNTTRANRESERV] => 0
)

[2026-02-17 15:29:20] [INFO] (/home/redbarbe/public_html/telegram/webapps/action/ajax_get_tren.php:61) Array
(
    [KOD] => 804389
    [TIME_FROM] => 19:00
    [TIME_TO] => 20:00               
    [CLIENTS_CNT] => 0
    [TOV_NAME] => Паркур
    [ACC] => 0
    [CNTTRAN] => 0
    [CNTTRANRESERV] => 0
)

[2026-02-17 15:29:20] [INFO] (/home/redbarbe/public_html/telegram/webapps/action/ajax_get_tren.php:61) Array
(
    [KOD] => 804593
    [TIME_FROM] => 19:00
    [TIME_TO] => 20:00               
    [CLIENTS_CNT] => 0
    [TOV_NAME] => CrossActivity
    [ACC] => 0
    [CNTTRAN] => 0
    [CNTTRANRESERV] => 0
)

[2026-02-17 15:29:20] [INFO] (/home/redbarbe/public_html/telegram/webapps/action/ajax_get_tren.php:61) Array
(
    [KOD] => 804644
    [TIME_FROM] => 19:00
    [TIME_TO] => 20:00               
    [CLIENTS_CNT] => 5
    [TOV_NAME] => Cycle
    [ACC] => 0
    [CNTTRAN] => 2
    [CNTTRANRESERV] => 0
)

[2026-02-17 15:29:20] [INFO] (/home/redbarbe/public_html/telegram/webapps/action/ajax_get_tren.php:61) Array
(
    [KOD] => 804440
    [TIME_FROM] => 19:00
    [TIME_TO] => 20:00               
    [CLIENTS_CNT] => 0
    [TOV_NAME] => FitnessMix
    [ACC] => 0
    [CNTTRAN] => 0
    [CNTTRANRESERV] => 0
)

[2026-02-17 15:34:57] [INFO] (/home/redbarbe/public_html/telegram/webapps/action/hist_ind.php:16) SELECT a.name FROM `spr_acc` a, spr_users u WHERE u.active_account=a.acc and u.chat_id=a.chat_id and a.acc=13342 
and u.club=(select id from spr_clubs where ip_club="212.26.139.90") limit 1
[2026-02-17 15:34:57] [INFO] (/home/redbarbe/public_html/telegram/webapps/action/hist_ind.php:17) hist_grp
[2026-02-17 15:34:57] [INFO] (/home/redbarbe/public_html/telegram/webapps/action/hist_ind.php:108) Array
(
    [dbeg] => 17.11.2025
    [dend] => today
    [acc] => 13342
    [command] => get_ind_history
)

[2026-02-17 15:34:57] [INFO] (/home/redbarbe/public_html/telegram/webapps/action/hist_ind.php:109) ip=212.26.139.90
[2026-02-17 15:38:41] [INFO] (/home/redbarbe/public_html/telegram/webapps/action/my_zapis.php:105) 
[2026-02-17 15:39:02] [INFO] (/home/redbarbe/public_html/telegram/webapps/action/ajax_get_tren.php:35) Array
(
    [0] => Array
        (
            [KOD] => 803675
            [TIME_FROM] => 11:00
            [TIME_TO] => 12:00               
            [CLIENTS_CNT] => 5
            [TOV_NAME] => Cycle
            [ACC] => 0
            [CNTTRAN] => 0
            [CNTTRANRESERV] => 0
        )

    [1] => Array
        (
            [KOD] => 803726
            [TIME_FROM] => 12:00
            [TIME_TO] => 13:00               
            [CLIENTS_CNT] => 0
            [TOV_NAME] => Stretching
            [ACC] => 0
            [CNTTRAN] => 0
            [CNTTRANRESERV] => 0
        )

)

[2026-02-17 15:39:02] [INFO] (/home/redbarbe/public_html/telegram/webapps/action/ajax_get_tren.php:61) Array
(
    [KOD] => 803675
    [TIME_FROM] => 11:00
    [TIME_TO] => 12:00               
    [CLIENTS_CNT] => 5
    [TOV_NAME] => Cycle
    [ACC] => 0
    [CNTTRAN] => 0
    [CNTTRANRESERV] => 0
)

[2026-02-17 15:39:02] [INFO] (/home/redbarbe/public_html/telegram/webapps/action/ajax_get_tren.php:61) Array
(
    [KOD] => 803726
    [TIME_FROM] => 12:00
    [TIME_TO] => 13:00               
    [CLIENTS_CNT] => 0
    [TOV_NAME] => Stretching
    [ACC] => 0
    [CNTTRAN] => 0
    [CNTTRANRESERV] => 0
)

[2026-02-17 15:39:04] [INFO] (/home/redbarbe/public_html/telegram/webapps/action/ajax_fitness_zapis.php:22) Array
(
    [ajax_method] => 2
    [action] => ajax_fitness_zapis
    [dat] => 22.02.2026
    [acc] => 14312
    [trenid] => 803675
    [ost_all] => 5
    [ip_club] => 178.158.212.173
    [acctozapis] => 0
    [time_from] => 11:00
)

[2026-02-17 15:39:07] [INFO] (/home/redbarbe/public_html/telegram/webapps/action/ajax_get_tren.php:35) Array
(
    [0] => Array
        (
            [KOD] => 803675
            [TIME_FROM] => 11:00
            [TIME_TO] => 12:00               
            [CLIENTS_CNT] => 5
            [TOV_NAME] => Cycle
            [ACC] => 14312
            [CNTTRAN] => 1
            [CNTTRANRESERV] => 0
        )

    [1] => Array
        (
            [KOD] => 803726
            [TIME_FROM] => 12:00
            [TIME_TO] => 13:00               
            [CLIENTS_CNT] => 0
            [TOV_NAME] => Stretching
            [ACC] => 0
            [CNTTRAN] => 0
            [CNTTRANRESERV] => 0
        )

)

[2026-02-17 15:39:07] [INFO] (/home/redbarbe/public_html/telegram/webapps/action/ajax_get_tren.php:61) Array
(
    [KOD] => 803675
    [TIME_FROM] => 11:00
    [TIME_TO] => 12:00               
    [CLIENTS_CNT] => 5
    [TOV_NAME] => Cycle
    [ACC] => 14312
    [CNTTRAN] => 1
    [CNTTRANRESERV] => 0
)

[2026-02-17 15:39:07] [INFO] (/home/redbarbe/public_html/telegram/webapps/action/ajax_get_tren.php:61) Array
(
    [KOD] => 803726
    [TIME_FROM] => 12:00
    [TIME_TO] => 13:00               
    [CLIENTS_CNT] => 0
    [TOV_NAME] => Stretching
    [ACC] => 0
    [CNTTRAN] => 0
    [CNTTRANRESERV] => 0
)

[2026-02-17 15:39:09] [INFO] (/home/redbarbe/public_html/telegram/webapps/action/ajax_fitness_zapis.php:22) Array
(
    [ajax_method] => 2
    [action] => ajax_fitness_zapis
    [dat] => 22.02.2026
    [acc] => 14312
    [trenid] => 803726
    [ost_all] => 100
    [ip_club] => 178.158.212.173
    [acctozapis] => 0
    [time_from] => 12:00
)

[2026-02-17 15:39:34] [INFO] (/home/redbarbe/public_html/telegram/webapps/action/ajax_get_tren.php:35) Array
(
    [0] => Array
        (
            [KOD] => 804338
            [TIME_FROM] => 10:00
            [TIME_TO] => 11:00               
            [CLIENTS_CNT] => 0
            [TOV_NAME] => Йога
            [ACC] => 0
            [CNTTRAN] => 0
            [CNTTRANRESERV] => 0
        )

    [1] => Array
        (
            [KOD] => 804491
            [TIME_FROM] => 18:00
            [TIME_TO] => 19:00               
            [CLIENTS_CNT] => 0
            [TOV_NAME] => Йога
            [ACC] => 0
            [CNTTRAN] => 0
            [CNTTRANRESERV] => 0
        )

    [2] => Array
        (
            [KOD] => 804542
            [TIME_FROM] => 18:00
            [TIME_TO] => 19:00               
            [CLIENTS_CNT] => 0
            [TOV_NAME] => Паркур Kids
            [ACC] => 0
            [CNTTRAN] => 2
            [CNTTRANRESERV] => 0
        )

    [3] => Array
        (
            [KOD] => 804389
            [TIME_FROM] => 19:00
            [TIME_TO] => 20:00               
            [CLIENTS_CNT] => 0
            [TOV_NAME] => Паркур
            [ACC] => 0
            [CNTTRAN] => 0
            [CNTTRANRESERV] => 0
        )

    [4] => Array
        (
            [KOD] => 804593
            [TIME_FROM] => 19:00
            [TIME_TO] => 20:00               
            [CLIENTS_CNT] => 0
            [TOV_NAME] => CrossActivity
            [ACC] => 0
            [CNTTRAN] => 0
            [CNTTRANRESERV] => 0
        )

    [5] => Array
        (
            [KOD] => 804644
            [TIME_FROM] => 19:00
            [TIME_TO] => 20:00               
            [CLIENTS_CNT] => 5
            [TOV_NAME] => Cycle
            [ACC] => 0
            [CNTTRAN] => 2
            [CNTTRANRESERV] => 0
        )

    [6] => Array
        (
            [KOD] => 804440
            [TIME_FROM] => 19:00
            [TIME_TO] => 20:00               
            [CLIENTS_CNT] => 0
            [TOV_NAME] => FitnessMix
            [ACC] => 0
            [CNTTRAN] => 0
            [CNTTRANRESERV] => 0
        )

)

[2026-02-17 15:39:34] [INFO] (/home/redbarbe/public_html/telegram/webapps/action/ajax_get_tren.php:61) Array
(
    [KOD] => 804338
    [TIME_FROM] => 10:00
    [TIME_TO] => 11:00               
    [CLIENTS_CNT] => 0
    [TOV_NAME] => Йога
    [ACC] => 0
    [CNTTRAN] => 0
    [CNTTRANRESERV] => 0
)

[2026-02-17 15:39:34] [INFO] (/home/redbarbe/public_html/telegram/webapps/action/ajax_get_tren.php:61) Array
(
    [KOD] => 804491
    [TIME_FROM] => 18:00
    [TIME_TO] => 19:00               
    [CLIENTS_CNT] => 0
    [TOV_NAME] => Йога
    [ACC] => 0
    [CNTTRAN] => 0
    [CNTTRANRESERV] => 0
)

[2026-02-17 15:39:34] [INFO] (/home/redbarbe/public_html/telegram/webapps/action/ajax_get_tren.php:61) Array
(
    [KOD] => 804542
    [TIME_FROM] => 18:00
    [TIME_TO] => 19:00               
    [CLIENTS_CNT] => 0
    [TOV_NAME] => Паркур Kids
    [ACC] => 0
    [CNTTRAN] => 2
    [CNTTRANRESERV] => 0
)

[2026-02-17 15:39:34] [INFO] (/home/redbarbe/public_html/telegram/webapps/action/ajax_get_tren.php:61) Array
(
    [KOD] => 804389
    [TIME_FROM] => 19:00
    [TIME_TO] => 20:00               
    [CLIENTS_CNT] => 0
    [TOV_NAME] => Паркур
    [ACC] => 0
    [CNTTRAN] => 0
    [CNTTRANRESERV] => 0
)

[2026-02-17 15:39:34] [INFO] (/home/redbarbe/public_html/telegram/webapps/action/ajax_get_tren.php:61) Array
(
    [KOD] => 804593
    [TIME_FROM] => 19:00
    [TIME_TO] => 20:00               
    [CLIENTS_CNT] => 0
    [TOV_NAME] => CrossActivity
    [ACC] => 0
    [CNTTRAN] => 0
    [CNTTRANRESERV] => 0
)

[2026-02-17 15:39:34] [INFO] (/home/redbarbe/public_html/telegram/webapps/action/ajax_get_tren.php:61) Array
(
    [KOD] => 804644
    [TIME_FROM] => 19:00
    [TIME_TO] => 20:00               
    [CLIENTS_CNT] => 5
    [TOV_NAME] => Cycle
    [ACC] => 0
    [CNTTRAN] => 2
    [CNTTRANRESERV] => 0
)

[2026-02-17 15:39:34] [INFO] (/home/redbarbe/public_html/telegram/webapps/action/ajax_get_tren.php:61) Array
(
    [KOD] => 804440
    [TIME_FROM] => 19:00
    [TIME_TO] => 20:00               
    [CLIENTS_CNT] => 0
    [TOV_NAME] => FitnessMix
    [ACC] => 0
    [CNTTRAN] => 0
    [CNTTRANRESERV] => 0
)

[2026-02-17 15:39:42] [INFO] (/home/redbarbe/public_html/telegram/webapps/action/ajax_get_tren.php:35) Array
(
    [0] => Array
        (
            [KOD] => 805257
            [TIME_FROM] => 09:00
            [TIME_TO] => 10:00               
            [CLIENTS_CNT] => 0
            [TOV_NAME] => CrossActivity
            [ACC] => 0
            [CNTTRAN] => 1
            [CNTTRANRESERV] => 0
        )

    [1] => Array
        (
            [KOD] => 804849
            [TIME_FROM] => 09:00
            [TIME_TO] => 10:00               
            [CLIENTS_CNT] => 0
            [TOV_NAME] => Total Body
            [ACC] => 0
            [CNTTRAN] => 0
            [CNTTRANRESERV] => 0
        )

    [2] => Array
        (
            [KOD] => 804900
            [TIME_FROM] => 14:00
            [TIME_TO] => 15:00               
            [CLIENTS_CNT] => 0
            [TOV_NAME] => FitnessMix
            [ACC] => 0
            [CNTTRAN] => 0
            [CNTTRANRESERV] => 0
        )

    [3] => Array
        (
            [KOD] => 804747
            [TIME_FROM] => 17:00
            [TIME_TO] => 18:00               
            [CLIENTS_CNT] => 0
            [TOV_NAME] => Mobility
            [ACC] => 0
            [CNTTRAN] => 0
            [CNTTRANRESERV] => 0
        )

    [4] => Array
        (
            [KOD] => 805206
            [TIME_FROM] => 18:00
            [TIME_TO] => 19:00               
            [CLIENTS_CNT] => 0
            [TOV_NAME] => Паркур Kids
            [ACC] => 0
            [CNTTRAN] => 0
            [CNTTRANRESERV] => 0
        )

    [5] => Array
        (
            [KOD] => 805002
            [TIME_FROM] => 18:30
            [TIME_TO] => 19:30               
            [CLIENTS_CNT] => 0
            [TOV_NAME] => Pilates
            [ACC] => 0
            [CNTTRAN] => 0
            [CNTTRANRESERV] => 0
        )

    [6] => Array
        (
            [KOD] => 805104
            [TIME_FROM] => 19:00
            [TIME_TO] => 20:00               
            [CLIENTS_CNT] => 0
            [TOV_NAME] => Паркур
            [ACC] => 0
            [CNTTRAN] => 0
            [CNTTRANRESERV] => 0
        )

    [7] => Array
        (
            [KOD] => 804798
            [TIME_FROM] => 19:00
            [TIME_TO] => 20:00               
            [CLIENTS_CNT] => 0
            [TOV_NAME] => CrossActivity
            [ACC] => 0
            [CNTTRAN] => 0
            [CNTTRANRESERV] => 0
        )

    [8] => Array
        (
            [KOD] => 804696
            [TIME_FROM] => 19:00
            [TIME_TO] => 20:00               
            [CLIENTS_CNT] => 0
            [TOV_NAME] => Aesthetic Gymnastics
            [ACC] => 0
            [CNTTRAN] => 1
            [CNTTRANRESERV] => 0
        )

    [9] => Array
        (
            [KOD] => 805053
            [TIME_FROM] => 19:30
            [TIME_TO] => 20:30               
            [CLIENTS_CNT] => 0
            [TOV_NAME] => TRX
            [ACC] => 0
            [CNTTRAN] => 0
            [CNTTRANRESERV] => 0
        )

    [10] => Array
        (
            [KOD] => 804951
            [TIME_FROM] => 20:00
            [TIME_TO] => 21:00               
            [CLIENTS_CNT] => 0
            [TOV_NAME] => CrossActivity
            [ACC] => 0
            [CNTTRAN] => 0
            [CNTTRANRESERV] => 0
        )

    [11] => Array
        (
            [KOD] => 805155
            [TIME_FROM] => 20:00
            [TIME_TO] => 21:00               
            [CLIENTS_CNT] => 0
            [TOV_NAME] => Бокс
            [ACC] => 0
            [CNTTRAN] => 0
            [CNTTRANRESERV] => 0
        )

)

[2026-02-17 15:39:42] [INFO] (/home/redbarbe/public_html/telegram/webapps/action/ajax_get_tren.php:61) Array
(
    [KOD] => 805257
    [TIME_FROM] => 09:00
    [TIME_TO] => 10:00               
    [CLIENTS_CNT] => 0
    [TOV_NAME] => CrossActivity
    [ACC] => 0
    [CNTTRAN] => 1
    [CNTTRANRESERV] => 0
)

[2026-02-17 15:39:42] [INFO] (/home/redbarbe/public_html/telegram/webapps/action/ajax_get_tren.php:61) Array
(
    [KOD] => 804849
    [TIME_FROM] => 09:00
    [TIME_TO] => 10:00               
    [CLIENTS_CNT] => 0
    [TOV_NAME] => Total Body
    [ACC] => 0
    [CNTTRAN] => 0
    [CNTTRANRESERV] => 0
)

[2026-02-17 15:39:42] [INFO] (/home/redbarbe/public_html/telegram/webapps/action/ajax_get_tren.php:61) Array
(
    [KOD] => 804900
    [TIME_FROM] => 14:00
    [TIME_TO] => 15:00               
    [CLIENTS_CNT] => 0
    [TOV_NAME] => FitnessMix
    [ACC] => 0
    [CNTTRAN] => 0
    [CNTTRANRESERV] => 0
)

[2026-02-17 15:39:42] [INFO] (/home/redbarbe/public_html/telegram/webapps/action/ajax_get_tren.php:61) Array
(
    [KOD] => 804747
    [TIME_FROM] => 17:00
    [TIME_TO] => 18:00               
    [CLIENTS_CNT] => 0
    [TOV_NAME] => Mobility
    [ACC] => 0
    [CNTTRAN] => 0
    [CNTTRANRESERV] => 0
)

[2026-02-17 15:39:42] [INFO] (/home/redbarbe/public_html/telegram/webapps/action/ajax_get_tren.php:61) Array
(
    [KOD] => 805206
    [TIME_FROM] => 18:00
    [TIME_TO] => 19:00               
    [CLIENTS_CNT] => 0
    [TOV_NAME] => Паркур Kids
    [ACC] => 0
    [CNTTRAN] => 0
    [CNTTRANRESERV] => 0
)

[2026-02-17 15:39:42] [INFO] (/home/redbarbe/public_html/telegram/webapps/action/ajax_get_tren.php:61) Array
(
    [KOD] => 805002
    [TIME_FROM] => 18:30
    [TIME_TO] => 19:30               
    [CLIENTS_CNT] => 0
    [TOV_NAME] => Pilates
    [ACC] => 0
    [CNTTRAN] => 0
    [CNTTRANRESERV] => 0
)

[2026-02-17 15:39:42] [INFO] (/home/redbarbe/public_html/telegram/webapps/action/ajax_get_tren.php:61) Array
(
    [KOD] => 805104
    [TIME_FROM] => 19:00
    [TIME_TO] => 20:00               
    [CLIENTS_CNT] => 0
    [TOV_NAME] => Паркур
    [ACC] => 0
    [CNTTRAN] => 0
    [CNTTRANRESERV] => 0
)

[2026-02-17 15:39:42] [INFO] (/home/redbarbe/public_html/telegram/webapps/action/ajax_get_tren.php:61) Array
(
    [KOD] => 804798
    [TIME_FROM] => 19:00
    [TIME_TO] => 20:00               
    [CLIENTS_CNT] => 0
    [TOV_NAME] => CrossActivity
    [ACC] => 0
    [CNTTRAN] => 0
    [CNTTRANRESERV] => 0
)

[2026-02-17 15:39:42] [INFO] (/home/redbarbe/public_html/telegram/webapps/action/ajax_get_tren.php:61) Array
(
    [KOD] => 804696
    [TIME_FROM] => 19:00
    [TIME_TO] => 20:00               
    [CLIENTS_CNT] => 0
    [TOV_NAME] => Aesthetic Gymnastics
    [ACC] => 0
    [CNTTRAN] => 1
    [CNTTRANRESERV] => 0
)

[2026-02-17 15:39:42] [INFO] (/home/redbarbe/public_html/telegram/webapps/action/ajax_get_tren.php:61) Array
(
    [KOD] => 805053
    [TIME_FROM] => 19:30
    [TIME_TO] => 20:30               
    [CLIENTS_CNT] => 0
    [TOV_NAME] => TRX
    [ACC] => 0
    [CNTTRAN] => 0
    [CNTTRANRESERV] => 0
)

[2026-02-17 15:39:42] [INFO] (/home/redbarbe/public_html/telegram/webapps/action/ajax_get_tren.php:61) Array
(
    [KOD] => 804951
    [TIME_FROM] => 20:00
    [TIME_TO] => 21:00               
    [CLIENTS_CNT] => 0
    [TOV_NAME] => CrossActivity
    [ACC] => 0
    [CNTTRAN] => 0
    [CNTTRANRESERV] => 0
)

[2026-02-17 15:39:42] [INFO] (/home/redbarbe/public_html/telegram/webapps/action/ajax_get_tren.php:61) Array
(
    [KOD] => 805155
    [TIME_FROM] => 20:00
    [TIME_TO] => 21:00               
    [CLIENTS_CNT] => 0
    [TOV_NAME] => Бокс
    [ACC] => 0
    [CNTTRAN] => 0
    [CNTTRANRESERV] => 0
)

[2026-02-17 15:40:23] [INFO] (/home/redbarbe/public_html/telegram/webapps/action/ajax_get_tren.php:35) Array
(
    [0] => Array
        (
            [KOD] => 805311
            [TIME_FROM] => 10:00
            [TIME_TO] => 11:00               
            [CLIENTS_CNT] => 0
            [TOV_NAME] => Йога
            [ACC] => 0
            [CNTTRAN] => 0
            [CNTTRANRESERV] => 0
        )

    [1] => Array
        (
            [KOD] => 805467
            [TIME_FROM] => 18:00
            [TIME_TO] => 19:00               
            [CLIENTS_CNT] => 0
            [TOV_NAME] => Йога
            [ACC] => 0
            [CNTTRAN] => 0
            [CNTTRANRESERV] => 0
        )

    [2] => Array
        (
            [KOD] => 805519
            [TIME_FROM] => 18:00
            [TIME_TO] => 19:00               
            [CLIENTS_CNT] => 0
            [TOV_NAME] => Паркур Kids
            [ACC] => 0
            [CNTTRAN] => 0
            [CNTTRANRESERV] => 0
        )

    [3] => Array
        (
            [KOD] => 805363
            [TIME_FROM] => 19:00
            [TIME_TO] => 20:00               
            [CLIENTS_CNT] => 0
            [TOV_NAME] => Паркур
            [ACC] => 0
            [CNTTRAN] => 0
            [CNTTRANRESERV] => 0
        )

    [4] => Array
        (
            [KOD] => 805571
            [TIME_FROM] => 19:00
            [TIME_TO] => 20:00               
            [CLIENTS_CNT] => 0
            [TOV_NAME] => CrossActivity
            [ACC] => 0
            [CNTTRAN] => 0
            [CNTTRANRESERV] => 0
        )

    [5] => Array
        (
            [KOD] => 805623
            [TIME_FROM] => 19:00
            [TIME_TO] => 20:00               
            [CLIENTS_CNT] => 5
            [TOV_NAME] => Cycle
            [ACC] => 0
            [CNTTRAN] => 0
            [CNTTRANRESERV] => 0
        )

    [6] => Array
        (
            [KOD] => 805415
            [TIME_FROM] => 19:00
            [TIME_TO] => 20:00               
            [CLIENTS_CNT] => 0
            [TOV_NAME] => FitnessMix
            [ACC] => 0
            [CNTTRAN] => 1
            [CNTTRANRESERV] => 0
        )

)

[2026-02-17 15:40:23] [INFO] (/home/redbarbe/public_html/telegram/webapps/action/ajax_get_tren.php:61) Array
(
    [KOD] => 805311
    [TIME_FROM] => 10:00
    [TIME_TO] => 11:00               
    [CLIENTS_CNT] => 0
    [TOV_NAME] => Йога
    [ACC] => 0
    [CNTTRAN] => 0
    [CNTTRANRESERV] => 0
)

[2026-02-17 15:40:23] [INFO] (/home/redbarbe/public_html/telegram/webapps/action/ajax_get_tren.php:61) Array
(
    [KOD] => 805467
    [TIME_FROM] => 18:00
    [TIME_TO] => 19:00               
    [CLIENTS_CNT] => 0
    [TOV_NAME] => Йога
    [ACC] => 0
    [CNTTRAN] => 0
    [CNTTRANRESERV] => 0
)

[2026-02-17 15:40:23] [INFO] (/home/redbarbe/public_html/telegram/webapps/action/ajax_get_tren.php:61) Array
(
    [KOD] => 805519
    [TIME_FROM] => 18:00
    [TIME_TO] => 19:00               
    [CLIENTS_CNT] => 0
    [TOV_NAME] => Паркур Kids
    [ACC] => 0
    [CNTTRAN] => 0
    [CNTTRANRESERV] => 0
)

[2026-02-17 15:40:23] [INFO] (/home/redbarbe/public_html/telegram/webapps/action/ajax_get_tren.php:61) Array
(
    [KOD] => 805363
    [TIME_FROM] => 19:00
    [TIME_TO] => 20:00               
    [CLIENTS_CNT] => 0
    [TOV_NAME] => Паркур
    [ACC] => 0
    [CNTTRAN] => 0
    [CNTTRANRESERV] => 0
)

[2026-02-17 15:40:23] [INFO] (/home/redbarbe/public_html/telegram/webapps/action/ajax_get_tren.php:61) Array
(
    [KOD] => 805571
    [TIME_FROM] => 19:00
    [TIME_TO] => 20:00               
    [CLIENTS_CNT] => 0
    [TOV_NAME] => CrossActivity
    [ACC] => 0
    [CNTTRAN] => 0
    [CNTTRANRESERV] => 0
)

[2026-02-17 15:40:23] [INFO] (/home/redbarbe/public_html/telegram/webapps/action/ajax_get_tren.php:61) Array
(
    [KOD] => 805623
    [TIME_FROM] => 19:00
    [TIME_TO] => 20:00               
    [CLIENTS_CNT] => 5
    [TOV_NAME] => Cycle
    [ACC] => 0
    [CNTTRAN] => 0
    [CNTTRANRESERV] => 0
)

[2026-02-17 15:40:23] [INFO] (/home/redbarbe/public_html/telegram/webapps/action/ajax_get_tren.php:61) Array
(
    [KOD] => 805415
    [TIME_FROM] => 19:00
    [TIME_TO] => 20:00               
    [CLIENTS_CNT] => 0
    [TOV_NAME] => FitnessMix
    [ACC] => 0
    [CNTTRAN] => 1
    [CNTTRANRESERV] => 0
)

[2026-02-17 15:40:32] [INFO] (/home/redbarbe/public_html/telegram/webapps/action/ajax_get_tren.php:35) Array
(
    [0] => Array
        (
            [KOD] => 806196
            [TIME_FROM] => 09:00
            [TIME_TO] => 10:00               
            [CLIENTS_CNT] => 0
            [TOV_NAME] => CrossActivity
            [ACC] => 0
            [CNTTRAN] => 0
            [CNTTRANRESERV] => 0
        )

    [1] => Array
        (
            [KOD] => 805832
            [TIME_FROM] => 14:00
            [TIME_TO] => 15:00               
            [CLIENTS_CNT] => 0
            [TOV_NAME] => FitnessMix
            [ACC] => 0
            [CNTTRAN] => 0
            [CNTTRANRESERV] => 0
        )

    [2] => Array
        (
            [KOD] => 805728
            [TIME_FROM] => 17:00
            [TIME_TO] => 18:00               
            [CLIENTS_CNT] => 0
            [TOV_NAME] => Mobility
            [ACC] => 0
            [CNTTRAN] => 0
            [CNTTRANRESERV] => 0
        )

    [3] => Array
        (
            [KOD] => 806144
            [TIME_FROM] => 18:00
            [TIME_TO] => 19:00               
            [CLIENTS_CNT] => 0
            [TOV_NAME] => Паркур Kids
            [ACC] => 0
            [CNTTRAN] => 0
            [CNTTRANRESERV] => 0
        )

    [4] => Array
        (
            [KOD] => 805936
            [TIME_FROM] => 18:30
            [TIME_TO] => 19:30               
            [CLIENTS_CNT] => 0
            [TOV_NAME] => Pilates
            [ACC] => 0
            [CNTTRAN] => 1
            [CNTTRANRESERV] => 0
        )

    [5] => Array
        (
            [KOD] => 806040
            [TIME_FROM] => 19:00
            [TIME_TO] => 20:00               
            [CLIENTS_CNT] => 0
            [TOV_NAME] => Паркур
            [ACC] => 0
            [CNTTRAN] => 0
            [CNTTRANRESERV] => 0
        )

    [6] => Array
        (
            [KOD] => 805780
            [TIME_FROM] => 19:00
            [TIME_TO] => 20:00               
            [CLIENTS_CNT] => 0
            [TOV_NAME] => CrossActivity
            [ACC] => 0
            [CNTTRAN] => 0
            [CNTTRANRESERV] => 0
        )

    [7] => Array
        (
            [KOD] => 805676
            [TIME_FROM] => 19:00
            [TIME_TO] => 20:00               
            [CLIENTS_CNT] => 0
            [TOV_NAME] => Aesthetic Gymnastics
            [ACC] => 0
            [CNTTRAN] => 1
            [CNTTRANRESERV] => 0
        )

    [8] => Array
        (
            [KOD] => 805988
            [TIME_FROM] => 19:30
            [TIME_TO] => 20:30               
            [CLIENTS_CNT] => 0
            [TOV_NAME] => TRX
            [ACC] => 0
            [CNTTRAN] => 0
            [CNTTRANRESERV] => 0
        )

    [9] => Array
        (
            [KOD] => 805884
            [TIME_FROM] => 20:00
            [TIME_TO] => 21:00               
            [CLIENTS_CNT] => 0
            [TOV_NAME] => CrossActivity
            [ACC] => 0
            [CNTTRAN] => 0
            [CNTTRANRESERV] => 0
        )

    [10] => Array
        (
            [KOD] => 806092
            [TIME_FROM] => 20:00
            [TIME_TO] => 21:00               
            [CLIENTS_CNT] => 0
            [TOV_NAME] => Бокс
            [ACC] => 0
            [CNTTRAN] => 0
            [CNTTRANRESERV] => 0
        )

)

[2026-02-17 15:40:32] [INFO] (/home/redbarbe/public_html/telegram/webapps/action/ajax_get_tren.php:61) Array
(
    [KOD] => 806196
    [TIME_FROM] => 09:00
    [TIME_TO] => 10:00               
    [CLIENTS_CNT] => 0
    [TOV_NAME] => CrossActivity
    [ACC] => 0
    [CNTTRAN] => 0
    [CNTTRANRESERV] => 0
)

[2026-02-17 15:40:32] [INFO] (/home/redbarbe/public_html/telegram/webapps/action/ajax_get_tren.php:61) Array
(
    [KOD] => 805832
    [TIME_FROM] => 14:00
    [TIME_TO] => 15:00               
    [CLIENTS_CNT] => 0
    [TOV_NAME] => FitnessMix
    [ACC] => 0
    [CNTTRAN] => 0
    [CNTTRANRESERV] => 0
)

[2026-02-17 15:40:32] [INFO] (/home/redbarbe/public_html/telegram/webapps/action/ajax_get_tren.php:61) Array
(
    [KOD] => 805728
    [TIME_FROM] => 17:00
    [TIME_TO] => 18:00               
    [CLIENTS_CNT] => 0
    [TOV_NAME] => Mobility
    [ACC] => 0
    [CNTTRAN] => 0
    [CNTTRANRESERV] => 0
)

[2026-02-17 15:40:32] [INFO] (/home/redbarbe/public_html/telegram/webapps/action/ajax_get_tren.php:61) Array
(
    [KOD] => 806144
    [TIME_FROM] => 18:00
    [TIME_TO] => 19:00               
    [CLIENTS_CNT] => 0
    [TOV_NAME] => Паркур Kids
    [ACC] => 0
    [CNTTRAN] => 0
    [CNTTRANRESERV] => 0
)

[2026-02-17 15:40:32] [INFO] (/home/redbarbe/public_html/telegram/webapps/action/ajax_get_tren.php:61) Array
(
    [KOD] => 805936
    [TIME_FROM] => 18:30
    [TIME_TO] => 19:30               
    [CLIENTS_CNT] => 0
    [TOV_NAME] => Pilates
    [ACC] => 0
    [CNTTRAN] => 1
    [CNTTRANRESERV] => 0
)

[2026-02-17 15:40:32] [INFO] (/home/redbarbe/public_html/telegram/webapps/action/ajax_get_tren.php:61) Array
(
    [KOD] => 806040
    [TIME_FROM] => 19:00
    [TIME_TO] => 20:00               
    [CLIENTS_CNT] => 0
    [TOV_NAME] => Паркур
    [ACC] => 0
    [CNTTRAN] => 0
    [CNTTRANRESERV] => 0
)

[2026-02-17 15:40:32] [INFO] (/home/redbarbe/public_html/telegram/webapps/action/ajax_get_tren.php:61) Array
(
    [KOD] => 805780
    [TIME_FROM] => 19:00
    [TIME_TO] => 20:00               
    [CLIENTS_CNT] => 0
    [TOV_NAME] => CrossActivity
    [ACC] => 0
    [CNTTRAN] => 0
    [CNTTRANRESERV] => 0
)

[2026-02-17 15:40:32] [INFO] (/home/redbarbe/public_html/telegram/webapps/action/ajax_get_tren.php:61) Array
(
    [KOD] => 805676
    [TIME_FROM] => 19:00
    [TIME_TO] => 20:00               
    [CLIENTS_CNT] => 0
    [TOV_NAME] => Aesthetic Gymnastics
    [ACC] => 0
    [CNTTRAN] => 1
    [CNTTRANRESERV] => 0
)

[2026-02-17 15:40:32] [INFO] (/home/redbarbe/public_html/telegram/webapps/action/ajax_get_tren.php:61) Array
(
    [KOD] => 805988
    [TIME_FROM] => 19:30
    [TIME_TO] => 20:30               
    [CLIENTS_CNT] => 0
    [TOV_NAME] => TRX
    [ACC] => 0
    [CNTTRAN] => 0
    [CNTTRANRESERV] => 0
)

[2026-02-17 15:40:32] [INFO] (/home/redbarbe/public_html/telegram/webapps/action/ajax_get_tren.php:61) Array
(
    [KOD] => 805884
    [TIME_FROM] => 20:00
    [TIME_TO] => 21:00               
    [CLIENTS_CNT] => 0
    [TOV_NAME] => CrossActivity
    [ACC] => 0
    [CNTTRAN] => 0
    [CNTTRANRESERV] => 0
)

[2026-02-17 15:40:32] [INFO] (/home/redbarbe/public_html/telegram/webapps/action/ajax_get_tren.php:61) Array
(
    [KOD] => 806092
    [TIME_FROM] => 20:00
    [TIME_TO] => 21:00               
    [CLIENTS_CNT] => 0
    [TOV_NAME] => Бокс
    [ACC] => 0
    [CNTTRAN] => 0
    [CNTTRANRESERV] => 0
)

[2026-02-17 15:43:00] [INFO] (/home/redbarbe/public_html/telegram/webapps/action/ajax_get_tren.php:35) Array
(
    [0] => Array
        (
            [KOD] => 806196
            [TIME_FROM] => 09:00
            [TIME_TO] => 10:00               
            [CLIENTS_CNT] => 0
            [TOV_NAME] => CrossActivity
            [ACC] => 0
            [CNTTRAN] => 0
            [CNTTRANRESERV] => 0
        )

    [1] => Array
        (
            [KOD] => 805832
            [TIME_FROM] => 14:00
            [TIME_TO] => 15:00               
            [CLIENTS_CNT] => 0
            [TOV_NAME] => FitnessMix
            [ACC] => 0
            [CNTTRAN] => 0
            [CNTTRANRESERV] => 0
        )

    [2] => Array
        (
            [KOD] => 805728
            [TIME_FROM] => 17:00
            [TIME_TO] => 18:00               
            [CLIENTS_CNT] => 0
            [TOV_NAME] => Mobility
            [ACC] => 0
            [CNTTRAN] => 0
            [CNTTRANRESERV] => 0
        )

    [3] => Array
        (
            [KOD] => 806144
            [TIME_FROM] => 18:00
            [TIME_TO] => 19:00               
            [CLIENTS_CNT] => 0
            [TOV_NAME] => Паркур Kids
            [ACC] => 0
            [CNTTRAN] => 0
            [CNTTRANRESERV] => 0
        )

    [4] => Array
        (
            [KOD] => 805936
            [TIME_FROM] => 18:30
            [TIME_TO] => 19:30               
            [CLIENTS_CNT] => 0
            [TOV_NAME] => Pilates
            [ACC] => 11114
            [CNTTRAN] => 1
            [CNTTRANRESERV] => 0
        )

    [5] => Array
        (
            [KOD] => 806040
            [TIME_FROM] => 19:00
            [TIME_TO] => 20:00               
            [CLIENTS_CNT] => 0
            [TOV_NAME] => Паркур
            [ACC] => 0
            [CNTTRAN] => 0
            [CNTTRANRESERV] => 0
        )

    [6] => Array
        (
            [KOD] => 805780
            [TIME_FROM] => 19:00
            [TIME_TO] => 20:00               
            [CLIENTS_CNT] => 0
            [TOV_NAME] => CrossActivity
            [ACC] => 0
            [CNTTRAN] => 0
            [CNTTRANRESERV] => 0
        )

    [7] => Array
        (
            [KOD] => 805676
            [TIME_FROM] => 19:00
            [TIME_TO] => 20:00               
            [CLIENTS_CNT] => 0
            [TOV_NAME] => Aesthetic Gymnastics
            [ACC] => 0
            [CNTTRAN] => 1
            [CNTTRANRESERV] => 0
        )

    [8] => Array
        (
            [KOD] => 805988
            [TIME_FROM] => 19:30
            [TIME_TO] => 20:30               
            [CLIENTS_CNT] => 0
            [TOV_NAME] => TRX
            [ACC] => 0
            [CNTTRAN] => 0
            [CNTTRANRESERV] => 0
        )

    [9] => Array
        (
            [KOD] => 805884
            [TIME_FROM] => 20:00
            [TIME_TO] => 21:00               
            [CLIENTS_CNT] => 0
            [TOV_NAME] => CrossActivity
            [ACC] => 0
            [CNTTRAN] => 0
            [CNTTRANRESERV] => 0
        )

    [10] => Array
        (
            [KOD] => 806092
            [TIME_FROM] => 20:00
            [TIME_TO] => 21:00               
            [CLIENTS_CNT] => 0
            [TOV_NAME] => Бокс
            [ACC] => 0
            [CNTTRAN] => 0
            [CNTTRANRESERV] => 0
        )

)

[2026-02-17 15:43:00] [INFO] (/home/redbarbe/public_html/telegram/webapps/action/ajax_get_tren.php:61) Array
(
    [KOD] => 806196
    [TIME_FROM] => 09:00
    [TIME_TO] => 10:00               
    [CLIENTS_CNT] => 0
    [TOV_NAME] => CrossActivity
    [ACC] => 0
    [CNTTRAN] => 0
    [CNTTRANRESERV] => 0
)

[2026-02-17 15:43:00] [INFO] (/home/redbarbe/public_html/telegram/webapps/action/ajax_get_tren.php:61) Array
(
    [KOD] => 805832
    [TIME_FROM] => 14:00
    [TIME_TO] => 15:00               
    [CLIENTS_CNT] => 0
    [TOV_NAME] => FitnessMix
    [ACC] => 0
    [CNTTRAN] => 0
    [CNTTRANRESERV] => 0
)

[2026-02-17 15:43:00] [INFO] (/home/redbarbe/public_html/telegram/webapps/action/ajax_get_tren.php:61) Array
(
    [KOD] => 805728
    [TIME_FROM] => 17:00
    [TIME_TO] => 18:00               
    [CLIENTS_CNT] => 0
    [TOV_NAME] => Mobility
    [ACC] => 0
    [CNTTRAN] => 0
    [CNTTRANRESERV] => 0
)

[2026-02-17 15:43:00] [INFO] (/home/redbarbe/public_html/telegram/webapps/action/ajax_get_tren.php:61) Array
(
    [KOD] => 806144
    [TIME_FROM] => 18:00
    [TIME_TO] => 19:00               
    [CLIENTS_CNT] => 0
    [TOV_NAME] => Паркур Kids
    [ACC] => 0
    [CNTTRAN] => 0
    [CNTTRANRESERV] => 0
)

[2026-02-17 15:43:00] [INFO] (/home/redbarbe/public_html/telegram/webapps/action/ajax_get_tren.php:61) Array
(
    [KOD] => 805936
    [TIME_FROM] => 18:30
    [TIME_TO] => 19:30               
    [CLIENTS_CNT] => 0
    [TOV_NAME] => Pilates
    [ACC] => 11114
    [CNTTRAN] => 1
    [CNTTRANRESERV] => 0
)

[2026-02-17 15:43:00] [INFO] (/home/redbarbe/public_html/telegram/webapps/action/ajax_get_tren.php:61) Array
(
    [KOD] => 806040
    [TIME_FROM] => 19:00
    [TIME_TO] => 20:00               
    [CLIENTS_CNT] => 0
    [TOV_NAME] => Паркур
    [ACC] => 0
    [CNTTRAN] => 0
    [CNTTRANRESERV] => 0
)

[2026-02-17 15:43:00] [INFO] (/home/redbarbe/public_html/telegram/webapps/action/ajax_get_tren.php:61) Array
(
    [KOD] => 805780
    [TIME_FROM] => 19:00
    [TIME_TO] => 20:00               
    [CLIENTS_CNT] => 0
    [TOV_NAME] => CrossActivity
    [ACC] => 0
    [CNTTRAN] => 0
    [CNTTRANRESERV] => 0
)

[2026-02-17 15:43:00] [INFO] (/home/redbarbe/public_html/telegram/webapps/action/ajax_get_tren.php:61) Array
(
    [KOD] => 805676
    [TIME_FROM] => 19:00
    [TIME_TO] => 20:00               
    [CLIENTS_CNT] => 0
    [TOV_NAME] => Aesthetic Gymnastics
    [ACC] => 0
    [CNTTRAN] => 1
    [CNTTRANRESERV] => 0
)

[2026-02-17 15:43:00] [INFO] (/home/redbarbe/public_html/telegram/webapps/action/ajax_get_tren.php:61) Array
(
    [KOD] => 805988
    [TIME_FROM] => 19:30
    [TIME_TO] => 20:30               
    [CLIENTS_CNT] => 0
    [TOV_NAME] => TRX
    [ACC] => 0
    [CNTTRAN] => 0
    [CNTTRANRESERV] => 0
)

[2026-02-17 15:43:00] [INFO] (/home/redbarbe/public_html/telegram/webapps/action/ajax_get_tren.php:61) Array
(
    [KOD] => 805884
    [TIME_FROM] => 20:00
    [TIME_TO] => 21:00               
    [CLIENTS_CNT] => 0
    [TOV_NAME] => CrossActivity
    [ACC] => 0
    [CNTTRAN] => 0
    [CNTTRANRESERV] => 0
)

[2026-02-17 15:43:00] [INFO] (/home/redbarbe/public_html/telegram/webapps/action/ajax_get_tren.php:61) Array
(
    [KOD] => 806092
    [TIME_FROM] => 20:00
    [TIME_TO] => 21:00               
    [CLIENTS_CNT] => 0
    [TOV_NAME] => Бокс
    [ACC] => 0
    [CNTTRAN] => 0
    [CNTTRANRESERV] => 0
)

[2026-02-17 15:43:10] [INFO] (/home/redbarbe/public_html/telegram/webapps/action/ajax_get_tren.php:35) Array
(
    [0] => Array
        (
            [KOD] => 804338
            [TIME_FROM] => 10:00
            [TIME_TO] => 11:00               
            [CLIENTS_CNT] => 0
            [TOV_NAME] => Йога
            [ACC] => 0
            [CNTTRAN] => 0
            [CNTTRANRESERV] => 0
        )

    [1] => Array
        (
            [KOD] => 804491
            [TIME_FROM] => 18:00
            [TIME_TO] => 19:00               
            [CLIENTS_CNT] => 0
            [TOV_NAME] => Йога
            [ACC] => 0
            [CNTTRAN] => 0
            [CNTTRANRESERV] => 0
        )

    [2] => Array
        (
            [KOD] => 804542
            [TIME_FROM] => 18:00
            [TIME_TO] => 19:00               
            [CLIENTS_CNT] => 0
            [TOV_NAME] => Паркур Kids
            [ACC] => 0
            [CNTTRAN] => 2
            [CNTTRANRESERV] => 0
        )

    [3] => Array
        (
            [KOD] => 804389
            [TIME_FROM] => 19:00
            [TIME_TO] => 20:00               
            [CLIENTS_CNT] => 0
            [TOV_NAME] => Паркур
            [ACC] => 0
            [CNTTRAN] => 0
            [CNTTRANRESERV] => 0
        )

    [4] => Array
        (
            [KOD] => 804593
            [TIME_FROM] => 19:00
            [TIME_TO] => 20:00               
            [CLIENTS_CNT] => 0
            [TOV_NAME] => CrossActivity
            [ACC] => 0
            [CNTTRAN] => 0
            [CNTTRANRESERV] => 0
        )

    [5] => Array
        (
            [KOD] => 804644
            [TIME_FROM] => 19:00
            [TIME_TO] => 20:00               
            [CLIENTS_CNT] => 5
            [TOV_NAME] => Cycle
            [ACC] => 11114
            [CNTTRAN] => 2
            [CNTTRANRESERV] => 0
        )

    [6] => Array
        (
            [KOD] => 804440
            [TIME_FROM] => 19:00
            [TIME_TO] => 20:00               
            [CLIENTS_CNT] => 0
            [TOV_NAME] => FitnessMix
            [ACC] => 0
            [CNTTRAN] => 0
            [CNTTRANRESERV] => 0
        )

)

[2026-02-17 15:43:10] [INFO] (/home/redbarbe/public_html/telegram/webapps/action/ajax_get_tren.php:61) Array
(
    [KOD] => 804338
    [TIME_FROM] => 10:00
    [TIME_TO] => 11:00               
    [CLIENTS_CNT] => 0
    [TOV_NAME] => Йога
    [ACC] => 0
    [CNTTRAN] => 0
    [CNTTRANRESERV] => 0
)

[2026-02-17 15:43:10] [INFO] (/home/redbarbe/public_html/telegram/webapps/action/ajax_get_tren.php:61) Array
(
    [KOD] => 804491
    [TIME_FROM] => 18:00
    [TIME_TO] => 19:00               
    [CLIENTS_CNT] => 0
    [TOV_NAME] => Йога
    [ACC] => 0
    [CNTTRAN] => 0
    [CNTTRANRESERV] => 0
)

[2026-02-17 15:43:10] [INFO] (/home/redbarbe/public_html/telegram/webapps/action/ajax_get_tren.php:61) Array
(
    [KOD] => 804542
    [TIME_FROM] => 18:00
    [TIME_TO] => 19:00               
    [CLIENTS_CNT] => 0
    [TOV_NAME] => Паркур Kids
    [ACC] => 0
    [CNTTRAN] => 2
    [CNTTRANRESERV] => 0
)

[2026-02-17 15:43:10] [INFO] (/home/redbarbe/public_html/telegram/webapps/action/ajax_get_tren.php:61) Array
(
    [KOD] => 804389
    [TIME_FROM] => 19:00
    [TIME_TO] => 20:00               
    [CLIENTS_CNT] => 0
    [TOV_NAME] => Паркур
    [ACC] => 0
    [CNTTRAN] => 0
    [CNTTRANRESERV] => 0
)

[2026-02-17 15:43:10] [INFO] (/home/redbarbe/public_html/telegram/webapps/action/ajax_get_tren.php:61) Array
(
    [KOD] => 804593
    [TIME_FROM] => 19:00
    [TIME_TO] => 20:00               
    [CLIENTS_CNT] => 0
    [TOV_NAME] => CrossActivity
    [ACC] => 0
    [CNTTRAN] => 0
    [CNTTRANRESERV] => 0
)

[2026-02-17 15:43:10] [INFO] (/home/redbarbe/public_html/telegram/webapps/action/ajax_get_tren.php:61) Array
(
    [KOD] => 804644
    [TIME_FROM] => 19:00
    [TIME_TO] => 20:00               
    [CLIENTS_CNT] => 5
    [TOV_NAME] => Cycle
    [ACC] => 11114
    [CNTTRAN] => 2
    [CNTTRANRESERV] => 0
)

[2026-02-17 15:43:10] [INFO] (/home/redbarbe/public_html/telegram/webapps/action/ajax_get_tren.php:61) Array
(
    [KOD] => 804440
    [TIME_FROM] => 19:00
    [TIME_TO] => 20:00               
    [CLIENTS_CNT] => 0
    [TOV_NAME] => FitnessMix
    [ACC] => 0
    [CNTTRAN] => 0
    [CNTTRANRESERV] => 0
)

[2026-02-17 15:51:10] [INFO] (/home/redbarbe/public_html/telegram/webapps/reports/report_pers_detal.php:22) Array
(
)

[2026-02-17 15:51:15] [INFO] (/home/redbarbe/public_html/telegram/webapps/reports/report_pers_detal.php:22) Array
(
    [ajax_method] => 2
    [action] => report_pers_detal
    [action_report] => report_view
    [admin] => 5
    [date_from] => 16.02.2026
    [date_to] => 16.02.2026
    [ip_club] => 178.151.119.180
    [podr] => pt
    [sotr] => 0399
)

[2026-02-17 15:53:29] [INFO] (/home/redbarbe/public_html/telegram/webapps/action/ajax_get_tren.php:35) Array
(
    [0] => Array
        (
            [KOD] => 804338
            [TIME_FROM] => 10:00
            [TIME_TO] => 11:00               
            [CLIENTS_CNT] => 0
            [TOV_NAME] => Йога
            [ACC] => 0
            [CNTTRAN] => 0
            [CNTTRANRESERV] => 0
        )

    [1] => Array
        (
            [KOD] => 804491
            [TIME_FROM] => 18:00
            [TIME_TO] => 19:00               
            [CLIENTS_CNT] => 0
            [TOV_NAME] => Йога
            [ACC] => 0
            [CNTTRAN] => 0
            [CNTTRANRESERV] => 0
        )

    [2] => Array
        (
            [KOD] => 804542
            [TIME_FROM] => 18:00
            [TIME_TO] => 19:00               
            [CLIENTS_CNT] => 0
            [TOV_NAME] => Паркур Kids
            [ACC] => 0
            [CNTTRAN] => 2
            [CNTTRANRESERV] => 0
        )

    [3] => Array
        (
            [KOD] => 804389
            [TIME_FROM] => 19:00
            [TIME_TO] => 20:00               
            [CLIENTS_CNT] => 0
            [TOV_NAME] => Паркур
            [ACC] => 0
            [CNTTRAN] => 0
            [CNTTRANRESERV] => 0
        )

    [4] => Array
        (
            [KOD] => 804593
            [TIME_FROM] => 19:00
            [TIME_TO] => 20:00               
            [CLIENTS_CNT] => 0
            [TOV_NAME] => CrossActivity
            [ACC] => 0
            [CNTTRAN] => 0
            [CNTTRANRESERV] => 0
        )

    [5] => Array
        (
            [KOD] => 804644
            [TIME_FROM] => 19:00
            [TIME_TO] => 20:00               
            [CLIENTS_CNT] => 5
            [TOV_NAME] => Cycle
            [ACC] => 0
            [CNTTRAN] => 2
            [CNTTRANRESERV] => 0
        )

    [6] => Array
        (
            [KOD] => 804440
            [TIME_FROM] => 19:00
            [TIME_TO] => 20:00               
            [CLIENTS_CNT] => 0
            [TOV_NAME] => FitnessMix
            [ACC] => 0
            [CNTTRAN] => 0
            [CNTTRANRESERV] => 0
        )

)

[2026-02-17 15:53:29] [INFO] (/home/redbarbe/public_html/telegram/webapps/action/ajax_get_tren.php:61) Array
(
    [KOD] => 804338
    [TIME_FROM] => 10:00
    [TIME_TO] => 11:00               
    [CLIENTS_CNT] => 0
    [TOV_NAME] => Йога
    [ACC] => 0
    [CNTTRAN] => 0
    [CNTTRANRESERV] => 0
)

[2026-02-17 15:53:29] [INFO] (/home/redbarbe/public_html/telegram/webapps/action/ajax_get_tren.php:61) Array
(
    [KOD] => 804491
    [TIME_FROM] => 18:00
    [TIME_TO] => 19:00               
    [CLIENTS_CNT] => 0
    [TOV_NAME] => Йога
    [ACC] => 0
    [CNTTRAN] => 0
    [CNTTRANRESERV] => 0
)

[2026-02-17 15:53:29] [INFO] (/home/redbarbe/public_html/telegram/webapps/action/ajax_get_tren.php:61) Array
(
    [KOD] => 804542
    [TIME_FROM] => 18:00
    [TIME_TO] => 19:00               
    [CLIENTS_CNT] => 0
    [TOV_NAME] => Паркур Kids
    [ACC] => 0
    [CNTTRAN] => 2
    [CNTTRANRESERV] => 0
)

[2026-02-17 15:53:29] [INFO] (/home/redbarbe/public_html/telegram/webapps/action/ajax_get_tren.php:61) Array
(
    [KOD] => 804389
    [TIME_FROM] => 19:00
    [TIME_TO] => 20:00               
    [CLIENTS_CNT] => 0
    [TOV_NAME] => Паркур
    [ACC] => 0
    [CNTTRAN] => 0
    [CNTTRANRESERV] => 0
)

[2026-02-17 15:53:29] [INFO] (/home/redbarbe/public_html/telegram/webapps/action/ajax_get_tren.php:61) Array
(
    [KOD] => 804593
    [TIME_FROM] => 19:00
    [TIME_TO] => 20:00               
    [CLIENTS_CNT] => 0
    [TOV_NAME] => CrossActivity
    [ACC] => 0
    [CNTTRAN] => 0
    [CNTTRANRESERV] => 0
)

[2026-02-17 15:53:29] [INFO] (/home/redbarbe/public_html/telegram/webapps/action/ajax_get_tren.php:61) Array
(
    [KOD] => 804644
    [TIME_FROM] => 19:00
    [TIME_TO] => 20:00               
    [CLIENTS_CNT] => 5
    [TOV_NAME] => Cycle
    [ACC] => 0
    [CNTTRAN] => 2
    [CNTTRANRESERV] => 0
)

[2026-02-17 15:53:29] [INFO] (/home/redbarbe/public_html/telegram/webapps/action/ajax_get_tren.php:61) Array
(
    [KOD] => 804440
    [TIME_FROM] => 19:00
    [TIME_TO] => 20:00               
    [CLIENTS_CNT] => 0
    [TOV_NAME] => FitnessMix
    [ACC] => 0
    [CNTTRAN] => 0
    [CNTTRANRESERV] => 0
)

[2026-02-17 15:53:48] [INFO] (/home/redbarbe/public_html/telegram/webapps/action/ajax_get_tren.php:35) Array
(
    [0] => Array
        (
            [KOD] => 805257
            [TIME_FROM] => 09:00
            [TIME_TO] => 10:00               
            [CLIENTS_CNT] => 0
            [TOV_NAME] => CrossActivity
            [ACC] => 0
            [CNTTRAN] => 1
            [CNTTRANRESERV] => 0
        )

    [1] => Array
        (
            [KOD] => 804849
            [TIME_FROM] => 09:00
            [TIME_TO] => 10:00               
            [CLIENTS_CNT] => 0
            [TOV_NAME] => Total Body
            [ACC] => 0
            [CNTTRAN] => 0
            [CNTTRANRESERV] => 0
        )

    [2] => Array
        (
            [KOD] => 804900
            [TIME_FROM] => 14:00
            [TIME_TO] => 15:00               
            [CLIENTS_CNT] => 0
            [TOV_NAME] => FitnessMix
            [ACC] => 0
            [CNTTRAN] => 0
            [CNTTRANRESERV] => 0
        )

    [3] => Array
        (
            [KOD] => 804747
            [TIME_FROM] => 17:00
            [TIME_TO] => 18:00               
            [CLIENTS_CNT] => 0
            [TOV_NAME] => Mobility
            [ACC] => 0
            [CNTTRAN] => 0
            [CNTTRANRESERV] => 0
        )

    [4] => Array
        (
            [KOD] => 805206
            [TIME_FROM] => 18:00
            [TIME_TO] => 19:00               
            [CLIENTS_CNT] => 0
            [TOV_NAME] => Паркур Kids
            [ACC] => 0
            [CNTTRAN] => 0
            [CNTTRANRESERV] => 0
        )

    [5] => Array
        (
            [KOD] => 805002
            [TIME_FROM] => 18:30
            [TIME_TO] => 19:30               
            [CLIENTS_CNT] => 0
            [TOV_NAME] => Pilates
            [ACC] => 0
            [CNTTRAN] => 0
            [CNTTRANRESERV] => 0
        )

    [6] => Array
        (
            [KOD] => 805104
            [TIME_FROM] => 19:00
            [TIME_TO] => 20:00               
            [CLIENTS_CNT] => 0
            [TOV_NAME] => Паркур
            [ACC] => 0
            [CNTTRAN] => 0
            [CNTTRANRESERV] => 0
        )

    [7] => Array
        (
            [KOD] => 804798
            [TIME_FROM] => 19:00
            [TIME_TO] => 20:00               
            [CLIENTS_CNT] => 0
            [TOV_NAME] => CrossActivity
            [ACC] => 0
            [CNTTRAN] => 0
            [CNTTRANRESERV] => 0
        )

    [8] => Array
        (
            [KOD] => 804696
            [TIME_FROM] => 19:00
            [TIME_TO] => 20:00               
            [CLIENTS_CNT] => 0
            [TOV_NAME] => Aesthetic Gymnastics
            [ACC] => 0
            [CNTTRAN] => 1
            [CNTTRANRESERV] => 0
        )

    [9] => Array
        (
            [KOD] => 805053
            [TIME_FROM] => 19:30
            [TIME_TO] => 20:30               
            [CLIENTS_CNT] => 0
            [TOV_NAME] => TRX
            [ACC] => 0
            [CNTTRAN] => 0
            [CNTTRANRESERV] => 0
        )

    [10] => Array
        (
            [KOD] => 804951
            [TIME_FROM] => 20:00
            [TIME_TO] => 21:00               
            [CLIENTS_CNT] => 0
            [TOV_NAME] => CrossActivity
            [ACC] => 0
            [CNTTRAN] => 0
            [CNTTRANRESERV] => 0
        )

    [11] => Array
        (
            [KOD] => 805155
            [TIME_FROM] => 20:00
            [TIME_TO] => 21:00               
            [CLIENTS_CNT] => 0
            [TOV_NAME] => Бокс
            [ACC] => 0
            [CNTTRAN] => 0
            [CNTTRANRESERV] => 0
        )

)

[2026-02-17 15:53:48] [INFO] (/home/redbarbe/public_html/telegram/webapps/action/ajax_get_tren.php:61) Array
(
    [KOD] => 805257
    [TIME_FROM] => 09:00
    [TIME_TO] => 10:00               
    [CLIENTS_CNT] => 0
    [TOV_NAME] => CrossActivity
    [ACC] => 0
    [CNTTRAN] => 1
    [CNTTRANRESERV] => 0
)

[2026-02-17 15:53:48] [INFO] (/home/redbarbe/public_html/telegram/webapps/action/ajax_get_tren.php:61) Array
(
    [KOD] => 804849
    [TIME_FROM] => 09:00
    [TIME_TO] => 10:00               
    [CLIENTS_CNT] => 0
    [TOV_NAME] => Total Body
    [ACC] => 0
    [CNTTRAN] => 0
    [CNTTRANRESERV] => 0
)

[2026-02-17 15:53:48] [INFO] (/home/redbarbe/public_html/telegram/webapps/action/ajax_get_tren.php:61) Array
(
    [KOD] => 804900
    [TIME_FROM] => 14:00
    [TIME_TO] => 15:00               
    [CLIENTS_CNT] => 0
    [TOV_NAME] => FitnessMix
    [ACC] => 0
    [CNTTRAN] => 0
    [CNTTRANRESERV] => 0
)

[2026-02-17 15:53:48] [INFO] (/home/redbarbe/public_html/telegram/webapps/action/ajax_get_tren.php:61) Array
(
    [KOD] => 804747
    [TIME_FROM] => 17:00
    [TIME_TO] => 18:00               
    [CLIENTS_CNT] => 0
    [TOV_NAME] => Mobility
    [ACC] => 0
    [CNTTRAN] => 0
    [CNTTRANRESERV] => 0
)

[2026-02-17 15:53:48] [INFO] (/home/redbarbe/public_html/telegram/webapps/action/ajax_get_tren.php:61) Array
(
    [KOD] => 805206
    [TIME_FROM] => 18:00
    [TIME_TO] => 19:00               
    [CLIENTS_CNT] => 0
    [TOV_NAME] => Паркур Kids
    [ACC] => 0
    [CNTTRAN] => 0
    [CNTTRANRESERV] => 0
)

[2026-02-17 15:53:48] [INFO] (/home/redbarbe/public_html/telegram/webapps/action/ajax_get_tren.php:61) Array
(
    [KOD] => 805002
    [TIME_FROM] => 18:30
    [TIME_TO] => 19:30               
    [CLIENTS_CNT] => 0
    [TOV_NAME] => Pilates
    [ACC] => 0
    [CNTTRAN] => 0
    [CNTTRANRESERV] => 0
)

[2026-02-17 15:53:48] [INFO] (/home/redbarbe/public_html/telegram/webapps/action/ajax_get_tren.php:61) Array
(
    [KOD] => 805104
    [TIME_FROM] => 19:00
    [TIME_TO] => 20:00               
    [CLIENTS_CNT] => 0
    [TOV_NAME] => Паркур
    [ACC] => 0
    [CNTTRAN] => 0
    [CNTTRANRESERV] => 0
)

[2026-02-17 15:53:48] [INFO] (/home/redbarbe/public_html/telegram/webapps/action/ajax_get_tren.php:61) Array
(
    [KOD] => 804798
    [TIME_FROM] => 19:00
    [TIME_TO] => 20:00               
    [CLIENTS_CNT] => 0
    [TOV_NAME] => CrossActivity
    [ACC] => 0
    [CNTTRAN] => 0
    [CNTTRANRESERV] => 0
)

[2026-02-17 15:53:48] [INFO] (/home/redbarbe/public_html/telegram/webapps/action/ajax_get_tren.php:61) Array
(
    [KOD] => 804696
    [TIME_FROM] => 19:00
    [TIME_TO] => 20:00               
    [CLIENTS_CNT] => 0
    [TOV_NAME] => Aesthetic Gymnastics
    [ACC] => 0
    [CNTTRAN] => 1
    [CNTTRANRESERV] => 0
)

[2026-02-17 15:53:48] [INFO] (/home/redbarbe/public_html/telegram/webapps/action/ajax_get_tren.php:61) Array
(
    [KOD] => 805053
    [TIME_FROM] => 19:30
    [TIME_TO] => 20:30               
    [CLIENTS_CNT] => 0
    [TOV_NAME] => TRX
    [ACC] => 0
    [CNTTRAN] => 0
    [CNTTRANRESERV] => 0
)

[2026-02-17 15:53:48] [INFO] (/home/redbarbe/public_html/telegram/webapps/action/ajax_get_tren.php:61) Array
(
    [KOD] => 804951
    [TIME_FROM] => 20:00
    [TIME_TO] => 21:00               
    [CLIENTS_CNT] => 0
    [TOV_NAME] => CrossActivity
    [ACC] => 0
    [CNTTRAN] => 0
    [CNTTRANRESERV] => 0
)

[2026-02-17 15:53:48] [INFO] (/home/redbarbe/public_html/telegram/webapps/action/ajax_get_tren.php:61) Array
(
    [KOD] => 805155
    [TIME_FROM] => 20:00
    [TIME_TO] => 21:00               
    [CLIENTS_CNT] => 0
    [TOV_NAME] => Бокс
    [ACC] => 0
    [CNTTRAN] => 0
    [CNTTRANRESERV] => 0
)

[2026-02-17 15:54:08] [INFO] (/home/redbarbe/public_html/telegram/webapps/action/ajax_get_tren.php:35) Array
(
    [0] => Array
        (
            [KOD] => 804338
            [TIME_FROM] => 10:00
            [TIME_TO] => 11:00               
            [CLIENTS_CNT] => 0
            [TOV_NAME] => Йога
            [ACC] => 0
            [CNTTRAN] => 0
            [CNTTRANRESERV] => 0
        )

    [1] => Array
        (
            [KOD] => 804491
            [TIME_FROM] => 18:00
            [TIME_TO] => 19:00               
            [CLIENTS_CNT] => 0
            [TOV_NAME] => Йога
            [ACC] => 0
            [CNTTRAN] => 0
            [CNTTRANRESERV] => 0
        )

    [2] => Array
        (
            [KOD] => 804542
            [TIME_FROM] => 18:00
            [TIME_TO] => 19:00               
            [CLIENTS_CNT] => 0
            [TOV_NAME] => Паркур Kids
            [ACC] => 0
            [CNTTRAN] => 2
            [CNTTRANRESERV] => 0
        )

    [3] => Array
        (
            [KOD] => 804389
            [TIME_FROM] => 19:00
            [TIME_TO] => 20:00               
            [CLIENTS_CNT] => 0
            [TOV_NAME] => Паркур
            [ACC] => 0
            [CNTTRAN] => 0
            [CNTTRANRESERV] => 0
        )

    [4] => Array
        (
            [KOD] => 804593
            [TIME_FROM] => 19:00
            [TIME_TO] => 20:00               
            [CLIENTS_CNT] => 0
            [TOV_NAME] => CrossActivity
            [ACC] => 0
            [CNTTRAN] => 0
            [CNTTRANRESERV] => 0
        )

    [5] => Array
        (
            [KOD] => 804644
            [TIME_FROM] => 19:00
            [TIME_TO] => 20:00               
            [CLIENTS_CNT] => 5
            [TOV_NAME] => Cycle
            [ACC] => 0
            [CNTTRAN] => 2
            [CNTTRANRESERV] => 0
        )

    [6] => Array
        (
            [KOD] => 804440
            [TIME_FROM] => 19:00
            [TIME_TO] => 20:00               
            [CLIENTS_CNT] => 0
            [TOV_NAME] => FitnessMix
            [ACC] => 0
            [CNTTRAN] => 0
            [CNTTRANRESERV] => 0
        )

)

[2026-02-17 15:54:08] [INFO] (/home/redbarbe/public_html/telegram/webapps/action/ajax_get_tren.php:61) Array
(
    [KOD] => 804338
    [TIME_FROM] => 10:00
    [TIME_TO] => 11:00               
    [CLIENTS_CNT] => 0
    [TOV_NAME] => Йога
    [ACC] => 0
    [CNTTRAN] => 0
    [CNTTRANRESERV] => 0
)

[2026-02-17 15:54:08] [INFO] (/home/redbarbe/public_html/telegram/webapps/action/ajax_get_tren.php:61) Array
(
    [KOD] => 804491
    [TIME_FROM] => 18:00
    [TIME_TO] => 19:00               
    [CLIENTS_CNT] => 0
    [TOV_NAME] => Йога
    [ACC] => 0
    [CNTTRAN] => 0
    [CNTTRANRESERV] => 0
)

[2026-02-17 15:54:08] [INFO] (/home/redbarbe/public_html/telegram/webapps/action/ajax_get_tren.php:61) Array
(
    [KOD] => 804542
    [TIME_FROM] => 18:00
    [TIME_TO] => 19:00               
    [CLIENTS_CNT] => 0
    [TOV_NAME] => Паркур Kids
    [ACC] => 0
    [CNTTRAN] => 2
    [CNTTRANRESERV] => 0
)

[2026-02-17 15:54:08] [INFO] (/home/redbarbe/public_html/telegram/webapps/action/ajax_get_tren.php:61) Array
(
    [KOD] => 804389
    [TIME_FROM] => 19:00
    [TIME_TO] => 20:00               
    [CLIENTS_CNT] => 0
    [TOV_NAME] => Паркур
    [ACC] => 0
    [CNTTRAN] => 0
    [CNTTRANRESERV] => 0
)

[2026-02-17 15:54:08] [INFO] (/home/redbarbe/public_html/telegram/webapps/action/ajax_get_tren.php:61) Array
(
    [KOD] => 804593
    [TIME_FROM] => 19:00
    [TIME_TO] => 20:00               
    [CLIENTS_CNT] => 0
    [TOV_NAME] => CrossActivity
    [ACC] => 0
    [CNTTRAN] => 0
    [CNTTRANRESERV] => 0
)

[2026-02-17 15:54:08] [INFO] (/home/redbarbe/public_html/telegram/webapps/action/ajax_get_tren.php:61) Array
(
    [KOD] => 804644
    [TIME_FROM] => 19:00
    [TIME_TO] => 20:00               
    [CLIENTS_CNT] => 5
    [TOV_NAME] => Cycle
    [ACC] => 0
    [CNTTRAN] => 2
    [CNTTRANRESERV] => 0
)

[2026-02-17 15:54:08] [INFO] (/home/redbarbe/public_html/telegram/webapps/action/ajax_get_tren.php:61) Array
(
    [KOD] => 804440
    [TIME_FROM] => 19:00
    [TIME_TO] => 20:00               
    [CLIENTS_CNT] => 0
    [TOV_NAME] => FitnessMix
    [ACC] => 0
    [CNTTRAN] => 0
    [CNTTRANRESERV] => 0
)

[2026-02-17 15:54:18] [INFO] (/home/redbarbe/public_html/telegram/webapps/action/ajax_get_tren.php:35) Array
(
    [0] => Array
        (
            [KOD] => 803675
            [TIME_FROM] => 11:00
            [TIME_TO] => 12:00               
            [CLIENTS_CNT] => 5
            [TOV_NAME] => Cycle
            [ACC] => 0
            [CNTTRAN] => 1
            [CNTTRANRESERV] => 0
        )

    [1] => Array
        (
            [KOD] => 803726
            [TIME_FROM] => 12:00
            [TIME_TO] => 13:00               
            [CLIENTS_CNT] => 0
            [TOV_NAME] => Stretching
            [ACC] => 0
            [CNTTRAN] => 1
            [CNTTRANRESERV] => 0
        )

)

[2026-02-17 15:54:18] [INFO] (/home/redbarbe/public_html/telegram/webapps/action/ajax_get_tren.php:61) Array
(
    [KOD] => 803675
    [TIME_FROM] => 11:00
    [TIME_TO] => 12:00               
    [CLIENTS_CNT] => 5
    [TOV_NAME] => Cycle
    [ACC] => 0
    [CNTTRAN] => 1
    [CNTTRANRESERV] => 0
)

[2026-02-17 15:54:18] [INFO] (/home/redbarbe/public_html/telegram/webapps/action/ajax_get_tren.php:61) Array
(
    [KOD] => 803726
    [TIME_FROM] => 12:00
    [TIME_TO] => 13:00               
    [CLIENTS_CNT] => 0
    [TOV_NAME] => Stretching
    [ACC] => 0
    [CNTTRAN] => 1
    [CNTTRANRESERV] => 0
)

[2026-02-17 16:00:53] [INFO] (/home/redbarbe/public_html/telegram/webapps/action/select_sotr.php:17) Array
(
    [action] => select_sotr
    [club] => -
    [club_ip] => 212.26.139.90
)

[2026-02-17 16:00:53] [INFO] (/home/redbarbe/public_html/telegram/webapps/action/select_sotr.php:27) Array
(
    [0] => Array
        (
            [ROLE] => Тренер
            [ID] => 697814
            [NAME] => Горева Анастасія
        )

    [1] => Array
        (
            [ROLE] => Администратор фитнеса
            [ID] => 0101
            [NAME] => Дежурный
        )

    [2] => Array
        (
            [ROLE] => Администратор фитнеса
            [ID] => 0103
            [NAME] => Йова Катерина
        )

    [3] => Array
        (
            [ROLE] => Тренер
            [ID] => 03354
            [NAME] => Колесник Богдан
        )

    [4] => Array
        (
            [ROLE] => Тренер
            [ID] => 2564
            [NAME] => Кулаковський Сергій
        )

    [5] => Array
        (
            [ROLE] => Администратор фитнеса
            [ID] => 0102
            [NAME] => Лазаренко Ліна
        )

    [6] => Array
        (
            [ROLE] => Тренер
            [ID] => 2452
            [NAME] => Лешковят Наталія
        )

    [7] => Array
        (
            [ROLE] => Администратор фитнеса
            [ID] => 0235
            [NAME] => Лучко Кирил
        )

    [8] => Array
        (
            [ROLE] => Администратор фитнеса
            [ID] => 0333
            [NAME] => Мамедова Ельнара
        )

    [9] => Array
        (
            [ROLE] => Тренер
            [ID] => 03336
            [NAME] => Мельниченко Надія
        )

    [10] => Array
        (
            [ROLE] => Тренер
            [ID] => 007989
            [NAME] => Підгурська Влада
        )

    [11] => Array
        (
            [ROLE] => Тренер
            [ID] => 03337
            [NAME] => Погорєлов Євгеній
        )

    [12] => Array
        (
            [ROLE] => Тренер
            [ID] => 03589
            [NAME] => Присняк Владислав
        )

    [13] => Array
        (
            [ROLE] => Тренер
            [ID] => 03352
            [NAME] => Рибак Роман
        )

    [14] => Array
        (
            [ROLE] => Тренер
            [ID] => 0334
            [NAME] => Самусенко Альона
        )

    [15] => Array
        (
            [ROLE] => Тренер
            [ID] => 03339
            [NAME] => Стрілець Данило
        )

    [16] => Array
        (
            [ROLE] => Тренер
            [ID] => 7895
            [NAME] => Тулаінов Андрій
        )

    [17] => Array
        (
            [ROLE] => Тренер
            [ID] => 0325
            [NAME] => Худоба Ігор
        )

    [18] => Array
        (
            [ROLE] => Тренер
            [ID] => 03342
            [NAME] => Шматко Ярослав
        )

    [19] => Array
        (
            [ROLE] => Тренер
            [ID] => 8987
            [NAME] => Яковенко Ганна
        )

)

[2026-02-17 16:21:23] [INFO] (/home/redbarbe/public_html/telegram/webapps/action/ajax_get_tren.php:35) Нет связи с сервером
[2026-02-17 16:21:36] [INFO] (/home/redbarbe/public_html/telegram/webapps/action/ajax_get_tren.php:35) Нет связи с сервером
[2026-02-17 16:21:40] [INFO] (/home/redbarbe/public_html/telegram/webapps/action/ajax_get_tren.php:35) Нет связи с сервером
[2026-02-17 16:21:44] [INFO] (/home/redbarbe/public_html/telegram/webapps/action/ajax_get_tren.php:35) Нет связи с сервером
[2026-02-17 16:21:48] [INFO] (/home/redbarbe/public_html/telegram/webapps/action/ajax_get_tren.php:35) Нет связи с сервером
[2026-02-17 16:21:52] [INFO] (/home/redbarbe/public_html/telegram/webapps/action/ajax_get_tren.php:35) Нет связи с сервером
[2026-02-17 16:21:56] [INFO] (/home/redbarbe/public_html/telegram/webapps/action/ajax_get_tren.php:35) Нет связи с сервером
[2026-02-17 16:22:00] [INFO] (/home/redbarbe/public_html/telegram/webapps/action/ajax_get_tren.php:35) Нет связи с сервером
[2026-02-17 16:22:08] [INFO] (/home/redbarbe/public_html/telegram/webapps/action/ajax_get_tren.php:35) Нет связи с сервером
[2026-02-17 16:22:21] [INFO] (/home/redbarbe/public_html/telegram/webapps/action/ajax_get_tren.php:35) Нет связи с сервером
[2026-02-17 16:22:41] [INFO] (/home/redbarbe/public_html/telegram/webapps/action/ajax_get_tren.php:35) Нет связи с сервером
[2026-02-17 16:22:45] [INFO] (/home/redbarbe/public_html/telegram/webapps/action/ajax_get_tren.php:35) Нет связи с сервером
[2026-02-17 16:22:53] [INFO] (/home/redbarbe/public_html/telegram/webapps/action/ajax_get_tren.php:35) Нет связи с сервером
[2026-02-17 16:23:02] [INFO] (/home/redbarbe/public_html/telegram/webapps/action/ajax_get_tren.php:35) Нет связи с сервером
[2026-02-17 16:23:14] [INFO] (/home/redbarbe/public_html/telegram/webapps/action/ajax_get_tren.php:35) Нет связи с сервером
[2026-02-17 16:23:22] [INFO] (/home/redbarbe/public_html/telegram/webapps/action/ajax_get_tren.php:35) Нет связи с сервером
[2026-02-17 16:23:34] [INFO] (/home/redbarbe/public_html/telegram/webapps/action/ajax_get_tren.php:35) Нет связи с сервером
[2026-02-17 16:23:42] [INFO] (/home/redbarbe/public_html/telegram/webapps/action/ajax_get_tren.php:35) Нет связи с сервером
[2026-02-17 16:23:55] [INFO] (/home/redbarbe/public_html/telegram/webapps/action/ajax_get_tren.php:35) Нет связи с сервером
[2026-02-17 16:24:03] [INFO] (/home/redbarbe/public_html/telegram/webapps/action/ajax_get_tren.php:35) Нет связи с сервером
[2026-02-17 16:25:00] [INFO] (/home/redbarbe/public_html/telegram/webapps/action/ajax_get_tren.php:35) Нет связи с сервером
[2026-02-17 16:27:28] [INFO] (/home/redbarbe/public_html/telegram/webapps/action/select_sotr.php:17) Array
(
    [action] => select_sotr
    [club] => -
    [club_ip] => 212.26.139.90
)

[2026-02-17 16:27:28] [INFO] (/home/redbarbe/public_html/telegram/webapps/action/select_sotr.php:27) Array
(
    [0] => Array
        (
            [ROLE] => Тренер
            [ID] => 697814
            [NAME] => Горева Анастасія
        )

    [1] => Array
        (
            [ROLE] => Администратор фитнеса
            [ID] => 0101
            [NAME] => Дежурный
        )

    [2] => Array
        (
            [ROLE] => Администратор фитнеса
            [ID] => 0103
            [NAME] => Йова Катерина
        )

    [3] => Array
        (
            [ROLE] => Тренер
            [ID] => 03354
            [NAME] => Колесник Богдан
        )

    [4] => Array
        (
            [ROLE] => Тренер
            [ID] => 2564
            [NAME] => Кулаковський Сергій
        )

    [5] => Array
        (
            [ROLE] => Администратор фитнеса
            [ID] => 0102
            [NAME] => Лазаренко Ліна
        )

    [6] => Array
        (
            [ROLE] => Тренер
            [ID] => 2452
            [NAME] => Лешковят Наталія
        )

    [7] => Array
        (
            [ROLE] => Администратор фитнеса
            [ID] => 0235
            [NAME] => Лучко Кирил
        )

    [8] => Array
        (
            [ROLE] => Администратор фитнеса
            [ID] => 0333
            [NAME] => Мамедова Ельнара
        )

    [9] => Array
        (
            [ROLE] => Тренер
            [ID] => 03336
            [NAME] => Мельниченко Надія
        )

    [10] => Array
        (
            [ROLE] => Тренер
            [ID] => 007989
            [NAME] => Підгурська Влада
        )

    [11] => Array
        (
            [ROLE] => Тренер
            [ID] => 03337
            [NAME] => Погорєлов Євгеній
        )

    [12] => Array
        (
            [ROLE] => Тренер
            [ID] => 03589
            [NAME] => Присняк Владислав
        )

    [13] => Array
        (
            [ROLE] => Тренер
            [ID] => 03352
            [NAME] => Рибак Роман
        )

    [14] => Array
        (
            [ROLE] => Тренер
            [ID] => 0334
            [NAME] => Самусенко Альона
        )

    [15] => Array
        (
            [ROLE] => Тренер
            [ID] => 03339
            [NAME] => Стрілець Данило
        )

    [16] => Array
        (
            [ROLE] => Тренер
            [ID] => 7895
            [NAME] => Тулаінов Андрій
        )

    [17] => Array
        (
            [ROLE] => Тренер
            [ID] => 0325
            [NAME] => Худоба Ігор
        )

    [18] => Array
        (
            [ROLE] => Тренер
            [ID] => 03342
            [NAME] => Шматко Ярослав
        )

    [19] => Array
        (
            [ROLE] => Тренер
            [ID] => 8987
            [NAME] => Яковенко Ганна
        )

)

[2026-02-17 16:38:23] [INFO] (/home/redbarbe/public_html/telegram/webapps/action/ajax_get_tren.php:35) Нет связи с сервером
[2026-02-17 16:39:33] [INFO] (/home/redbarbe/public_html/telegram/webapps/action/ajax_get_tren.php:35) Нет связи с сервером
[2026-02-17 16:41:52] [INFO] (/home/redbarbe/public_html/telegram/webapps/action/ajax_get_tren.php:35) Нет связи с сервером
[2026-02-17 16:42:08] [INFO] (/home/redbarbe/public_html/telegram/webapps/action/ajax_get_tren.php:35) Нет связи с сервером
[2026-02-17 16:42:21] [INFO] (/home/redbarbe/public_html/telegram/webapps/action/ajax_get_tren.php:35) Нет связи с сервером
[2026-02-17 16:42:33] [INFO] (/home/redbarbe/public_html/telegram/webapps/action/ajax_get_tren.php:35) Нет связи с сервером
[2026-02-17 16:43:55] [INFO] (/home/redbarbe/public_html/telegram/webapps/action/ajax_get_tren.php:35) Нет связи с сервером
[2026-02-17 16:44:36] [INFO] (/home/redbarbe/public_html/telegram/webapps/action/ajax_get_tren.php:35) Нет связи с сервером
[2026-02-17 16:48:22] [INFO] (/home/redbarbe/public_html/telegram/webapps/action/select_sotr.php:17) Array
(
    [action] => select_sotr
    [club] => -
    [club_ip] => 193.194.107.2
)

[2026-02-17 16:48:22] [INFO] (/home/redbarbe/public_html/telegram/webapps/action/select_sotr.php:27) Array
(
    [0] => Array
        (
            [ROLE] => Тренер
            [ID] => 0302
            [NAME] => Брагин Денис
        )

    [1] => Array
        (
            [ROLE] => Тренер
            [ID] => 0323
            [NAME] => Букач Олег
        )

    [2] => Array
        (
            [ROLE] => Администратор фитнеса
            [ID] => 0103
            [NAME] => Бухтеева Ангелина
        )

    [3] => Array
        (
            [ROLE] => Тренер
            [ID] => 0350
            [NAME] => Воротинцева Анастасия
        )

    [4] => Array
        (
            [ROLE] => Главний бухгалтер
            [ID] => 0902
            [NAME] => Глав. Бух.
        )

    [5] => Array
        (
            [ROLE] => Тренер
            [ID] => 0304
            [NAME] => Данильченко Антон
        )

    [6] => Array
        (
            [ROLE] => Тренер
            [ID] => 0331
            [NAME] => Еднак Назар
        )

    [7] => Array
        (
            [ROLE] => Тренер
            [ID] => 0301
            [NAME] => Ивашина Анастасия
        )

    [8] => Array
        (
            [ROLE] => Тренер
            [ID] => 0328
            [NAME] => Ивашко Евгений
        )

    [9] => Array
        (
            [ROLE] => Тренер
            [ID] => 0307
            [NAME] => Колесник Ирина
        )

    [10] => Array
        (
            [ROLE] => Тренер
            [ID] => 0319
            [NAME] => Компричевська Таня
        )

    [11] => Array
        (
            [ROLE] => Тренер
            [ID] => 0326
            [NAME] => Корпан Анжелика
        )

    [12] => Array
        (
            [ROLE] => Тренер
            [ID] => 0312
            [NAME] => Крыжановский Павел
        )

    [13] => Array
        (
            [ROLE] => Тренер
            [ID] => 0313
            [NAME] => Кукурудзяк Руслан
        )

    [14] => Array
        (
            [ROLE] => Тренер
            [ID] => 0310
            [NAME] => Кушнир Андрей
        )

    [15] => Array
        (
            [ROLE] => Тренер
            [ID] => 0315
            [NAME] => Ломака Дмитро
        )

    [16] => Array
        (
            [ROLE] => Администратор фитнеса
            [ID] => 0101
            [NAME] => Мамай Вероніка
        )

    [17] => Array
        (
            [ROLE] => Тренер
            [ID] => 0324
            [NAME] => Нечаева Анастасия
        )

    [18] => Array
        (
            [ROLE] => Тренер
            [ID] => 0318
            [NAME] => Попова Анна
        )

    [19] => Array
        (
            [ROLE] => Тренер
            [ID] => 0311
            [NAME] => Резанов Александр
        )

    [20] => Array
        (
            [ROLE] => Администратор фитнеса
            [ID] => 0333
            [NAME] => Розколодько Марина
        )

    [21] => Array
        (
            [ROLE] => Тренер
            [ID] => 192
            [NAME] => Смишляк Денис
        )

    [22] => Array
        (
            [ROLE] => Администратор фитнеса
            [ID] => 0104
            [NAME] => Тихонюк Дарина Анатоліївна
        )

    [23] => Array
        (
            [ROLE] => Тренер
            [ID] => 0316
            [NAME] => Федащин Артур
        )

    [24] => Array
        (
            [ROLE] => Тренер
            [ID] => 0305
            [NAME] => Фортуна Дмитрий
        )

    [25] => Array
        (
            [ROLE] => Тренер
            [ID] => 0321
            [NAME] => Черняк Владислав
        )

    [26] => Array
        (
            [ROLE] => Головний адміністратор
            [ID] => 0901
            [NAME] => системный
        )

)

[2026-02-17 16:48:42] [INFO] (/home/redbarbe/public_html/telegram/webapps/action/ajax_get_tren.php:35) Нет связи с сервером
[2026-02-17 16:50:45] [INFO] (/home/redbarbe/public_html/telegram/webapps/action/ajax_get_tren.php:35) Нет связи с сервером
[2026-02-17 16:52:06] [INFO] (/home/redbarbe/public_html/telegram/webapps/action/ajax_get_tren.php:35) Нет связи с сервером
[2026-02-17 16:54:48] [INFO] (/home/redbarbe/public_html/telegram/webapps/action/ajax_get_tren.php:35) Array
(
    [0] => Array
        (
            [KOD] => 804338
            [TIME_FROM] => 10:00
            [TIME_TO] => 11:00               
            [CLIENTS_CNT] => 0
            [TOV_NAME] => Йога
            [ACC] => 0
            [CNTTRAN] => 0
            [CNTTRANRESERV] => 0
        )

    [1] => Array
        (
            [KOD] => 804491
            [TIME_FROM] => 18:00
            [TIME_TO] => 19:00               
            [CLIENTS_CNT] => 0
            [TOV_NAME] => Йога
            [ACC] => 0
            [CNTTRAN] => 0
            [CNTTRANRESERV] => 0
        )

    [2] => Array
        (
            [KOD] => 804542
            [TIME_FROM] => 18:00
            [TIME_TO] => 19:00               
            [CLIENTS_CNT] => 0
            [TOV_NAME] => Паркур Kids
            [ACC] => 0
            [CNTTRAN] => 2
            [CNTTRANRESERV] => 0
        )

    [3] => Array
        (
            [KOD] => 804389
            [TIME_FROM] => 19:00
            [TIME_TO] => 20:00               
            [CLIENTS_CNT] => 0
            [TOV_NAME] => Паркур
            [ACC] => 0
            [CNTTRAN] => 0
            [CNTTRANRESERV] => 0
        )

    [4] => Array
        (
            [KOD] => 804593
            [TIME_FROM] => 19:00
            [TIME_TO] => 20:00               
            [CLIENTS_CNT] => 0
            [TOV_NAME] => CrossActivity
            [ACC] => 0
            [CNTTRAN] => 0
            [CNTTRANRESERV] => 0
        )

    [5] => Array
        (
            [KOD] => 804644
            [TIME_FROM] => 19:00
            [TIME_TO] => 20:00               
            [CLIENTS_CNT] => 5
            [TOV_NAME] => Cycle
            [ACC] => 0
            [CNTTRAN] => 2
            [CNTTRANRESERV] => 0
        )

    [6] => Array
        (
            [KOD] => 804440
            [TIME_FROM] => 19:00
            [TIME_TO] => 20:00               
            [CLIENTS_CNT] => 0
            [TOV_NAME] => FitnessMix
            [ACC] => 0
            [CNTTRAN] => 0
            [CNTTRANRESERV] => 0
        )

)

[2026-02-17 16:54:48] [INFO] (/home/redbarbe/public_html/telegram/webapps/action/ajax_get_tren.php:61) Array
(
    [KOD] => 804338
    [TIME_FROM] => 10:00
    [TIME_TO] => 11:00               
    [CLIENTS_CNT] => 0
    [TOV_NAME] => Йога
    [ACC] => 0
    [CNTTRAN] => 0
    [CNTTRANRESERV] => 0
)

[2026-02-17 16:54:48] [INFO] (/home/redbarbe/public_html/telegram/webapps/action/ajax_get_tren.php:61) Array
(
    [KOD] => 804491
    [TIME_FROM] => 18:00
    [TIME_TO] => 19:00               
    [CLIENTS_CNT] => 0
    [TOV_NAME] => Йога
    [ACC] => 0
    [CNTTRAN] => 0
    [CNTTRANRESERV] => 0
)

[2026-02-17 16:54:48] [INFO] (/home/redbarbe/public_html/telegram/webapps/action/ajax_get_tren.php:61) Array
(
    [KOD] => 804542
    [TIME_FROM] => 18:00
    [TIME_TO] => 19:00               
    [CLIENTS_CNT] => 0
    [TOV_NAME] => Паркур Kids
    [ACC] => 0
    [CNTTRAN] => 2
    [CNTTRANRESERV] => 0
)

[2026-02-17 16:54:48] [INFO] (/home/redbarbe/public_html/telegram/webapps/action/ajax_get_tren.php:61) Array
(
    [KOD] => 804389
    [TIME_FROM] => 19:00
    [TIME_TO] => 20:00               
    [CLIENTS_CNT] => 0
    [TOV_NAME] => Паркур
    [ACC] => 0
    [CNTTRAN] => 0
    [CNTTRANRESERV] => 0
)

[2026-02-17 16:54:48] [INFO] (/home/redbarbe/public_html/telegram/webapps/action/ajax_get_tren.php:61) Array
(
    [KOD] => 804593
    [TIME_FROM] => 19:00
    [TIME_TO] => 20:00               
    [CLIENTS_CNT] => 0
    [TOV_NAME] => CrossActivity
    [ACC] => 0
    [CNTTRAN] => 0
    [CNTTRANRESERV] => 0
)

[2026-02-17 16:54:48] [INFO] (/home/redbarbe/public_html/telegram/webapps/action/ajax_get_tren.php:61) Array
(
    [KOD] => 804644
    [TIME_FROM] => 19:00
    [TIME_TO] => 20:00               
    [CLIENTS_CNT] => 5
    [TOV_NAME] => Cycle
    [ACC] => 0
    [CNTTRAN] => 2
    [CNTTRANRESERV] => 0
)

[2026-02-17 16:54:48] [INFO] (/home/redbarbe/public_html/telegram/webapps/action/ajax_get_tren.php:61) Array
(
    [KOD] => 804440
    [TIME_FROM] => 19:00
    [TIME_TO] => 20:00               
    [CLIENTS_CNT] => 0
    [TOV_NAME] => FitnessMix
    [ACC] => 0
    [CNTTRAN] => 0
    [CNTTRANRESERV] => 0
)

[2026-02-17 16:55:06] [INFO] (/home/redbarbe/public_html/telegram/webapps/action/ajax_fitness_zapis.php:22) Array
(
    [ajax_method] => 2
    [action] => ajax_fitness_zapis
    [dat] => 17.02.2026
    [acc] => 15336
    [trenid] => 804440
    [ost_all] => 100
    [ip_club] => 178.158.212.173
    [acctozapis] => 0
    [time_from] => 19:00
)

[2026-02-17 16:55:07] [INFO] (/home/redbarbe/public_html/telegram/webapps/action/ajax_fitness_zapis.php:22) Array
(
    [ajax_method] => 2
    [action] => ajax_fitness_zapis
    [dat] => 17.02.2026
    [acc] => 15336
    [trenid] => 804440
    [ost_all] => 100
    [ip_club] => 178.158.212.173
    [acctozapis] => 0
    [time_from] => 19:00
)

[2026-02-17 16:55:30] [INFO] (/home/redbarbe/public_html/telegram/webapps/action/ajax_get_tren.php:35) Array
(
    [0] => Array
        (
            [KOD] => 804338
            [TIME_FROM] => 10:00
            [TIME_TO] => 11:00               
            [CLIENTS_CNT] => 0
            [TOV_NAME] => Йога
            [ACC] => 0
            [CNTTRAN] => 0
            [CNTTRANRESERV] => 0
        )

    [1] => Array
        (
            [KOD] => 804491
            [TIME_FROM] => 18:00
            [TIME_TO] => 19:00               
            [CLIENTS_CNT] => 0
            [TOV_NAME] => Йога
            [ACC] => 0
            [CNTTRAN] => 0
            [CNTTRANRESERV] => 0
        )

    [2] => Array
        (
            [KOD] => 804542
            [TIME_FROM] => 18:00
            [TIME_TO] => 19:00               
            [CLIENTS_CNT] => 0
            [TOV_NAME] => Паркур Kids
            [ACC] => 0
            [CNTTRAN] => 2
            [CNTTRANRESERV] => 0
        )

    [3] => Array
        (
            [KOD] => 804389
            [TIME_FROM] => 19:00
            [TIME_TO] => 20:00               
            [CLIENTS_CNT] => 0
            [TOV_NAME] => Паркур
            [ACC] => 0
            [CNTTRAN] => 0
            [CNTTRANRESERV] => 0
        )

    [4] => Array
        (
            [KOD] => 804593
            [TIME_FROM] => 19:00
            [TIME_TO] => 20:00               
            [CLIENTS_CNT] => 0
            [TOV_NAME] => CrossActivity
            [ACC] => 0
            [CNTTRAN] => 0
            [CNTTRANRESERV] => 0
        )

    [5] => Array
        (
            [KOD] => 804644
            [TIME_FROM] => 19:00
            [TIME_TO] => 20:00               
            [CLIENTS_CNT] => 5
            [TOV_NAME] => Cycle
            [ACC] => 0
            [CNTTRAN] => 2
            [CNTTRANRESERV] => 0
        )

    [6] => Array
        (
            [KOD] => 804440
            [TIME_FROM] => 19:00
            [TIME_TO] => 20:00               
            [CLIENTS_CNT] => 0
            [TOV_NAME] => FitnessMix
            [ACC] => 15336
            [CNTTRAN] => 1
            [CNTTRANRESERV] => 0
        )

)

[2026-02-17 16:55:30] [INFO] (/home/redbarbe/public_html/telegram/webapps/action/ajax_get_tren.php:61) Array
(
    [KOD] => 804338
    [TIME_FROM] => 10:00
    [TIME_TO] => 11:00               
    [CLIENTS_CNT] => 0
    [TOV_NAME] => Йога
    [ACC] => 0
    [CNTTRAN] => 0
    [CNTTRANRESERV] => 0
)

[2026-02-17 16:55:30] [INFO] (/home/redbarbe/public_html/telegram/webapps/action/ajax_get_tren.php:61) Array
(
    [KOD] => 804491
    [TIME_FROM] => 18:00
    [TIME_TO] => 19:00               
    [CLIENTS_CNT] => 0
    [TOV_NAME] => Йога
    [ACC] => 0
    [CNTTRAN] => 0
    [CNTTRANRESERV] => 0
)

[2026-02-17 16:55:30] [INFO] (/home/redbarbe/public_html/telegram/webapps/action/ajax_get_tren.php:61) Array
(
    [KOD] => 804542
    [TIME_FROM] => 18:00
    [TIME_TO] => 19:00               
    [CLIENTS_CNT] => 0
    [TOV_NAME] => Паркур Kids
    [ACC] => 0
    [CNTTRAN] => 2
    [CNTTRANRESERV] => 0
)

[2026-02-17 16:55:30] [INFO] (/home/redbarbe/public_html/telegram/webapps/action/ajax_get_tren.php:61) Array
(
    [KOD] => 804389
    [TIME_FROM] => 19:00
    [TIME_TO] => 20:00               
    [CLIENTS_CNT] => 0
    [TOV_NAME] => Паркур
    [ACC] => 0
    [CNTTRAN] => 0
    [CNTTRANRESERV] => 0
)

[2026-02-17 16:55:30] [INFO] (/home/redbarbe/public_html/telegram/webapps/action/ajax_get_tren.php:61) Array
(
    [KOD] => 804593
    [TIME_FROM] => 19:00
    [TIME_TO] => 20:00               
    [CLIENTS_CNT] => 0
    [TOV_NAME] => CrossActivity
    [ACC] => 0
    [CNTTRAN] => 0
    [CNTTRANRESERV] => 0
)

[2026-02-17 16:55:30] [INFO] (/home/redbarbe/public_html/telegram/webapps/action/ajax_get_tren.php:61) Array
(
    [KOD] => 804644
    [TIME_FROM] => 19:00
    [TIME_TO] => 20:00               
    [CLIENTS_CNT] => 5
    [TOV_NAME] => Cycle
    [ACC] => 0
    [CNTTRAN] => 2
    [CNTTRANRESERV] => 0
)

[2026-02-17 16:55:30] [INFO] (/home/redbarbe/public_html/telegram/webapps/action/ajax_get_tren.php:61) Array
(
    [KOD] => 804440
    [TIME_FROM] => 19:00
    [TIME_TO] => 20:00               
    [CLIENTS_CNT] => 0
    [TOV_NAME] => FitnessMix
    [ACC] => 15336
    [CNTTRAN] => 1
    [CNTTRANRESERV] => 0
)

[2026-02-17 16:59:19] [INFO] (/home/redbarbe/public_html/telegram/webapps/reports/report_pers_detal.php:22) Array
(
)

[2026-02-17 16:59:23] [INFO] (/home/redbarbe/public_html/telegram/webapps/reports/report_pers_detal.php:22) Array
(
    [ajax_method] => 2
    [action] => report_pers_detal
    [action_report] => report_view
    [admin] => 5
    [date_from] => 01.02.2026
    [date_to] => 28.02.2026
    [ip_club] => 212.26.139.90
    [podr] => all
    [sotr] => 007989
)

[2026-02-17 17:07:18] [INFO] (/home/redbarbe/public_html/telegram/webapps/action/ajax_get_tren.php:35) Array
(
    [0] => Array
        (
            [KOD] => 804338
            [TIME_FROM] => 10:00
            [TIME_TO] => 11:00               
            [CLIENTS_CNT] => 0
            [TOV_NAME] => Йога
            [ACC] => 0
            [CNTTRAN] => 0
            [CNTTRANRESERV] => 0
        )

    [1] => Array
        (
            [KOD] => 804491
            [TIME_FROM] => 18:00
            [TIME_TO] => 19:00               
            [CLIENTS_CNT] => 0
            [TOV_NAME] => Йога
            [ACC] => 0
            [CNTTRAN] => 0
            [CNTTRANRESERV] => 0
        )

    [2] => Array
        (
            [KOD] => 804542
            [TIME_FROM] => 18:00
            [TIME_TO] => 19:00               
            [CLIENTS_CNT] => 0
            [TOV_NAME] => Паркур Kids
            [ACC] => 0
            [CNTTRAN] => 2
            [CNTTRANRESERV] => 0
        )

    [3] => Array
        (
            [KOD] => 804389
            [TIME_FROM] => 19:00
            [TIME_TO] => 20:00               
            [CLIENTS_CNT] => 0
            [TOV_NAME] => Паркур
            [ACC] => 0
            [CNTTRAN] => 0
            [CNTTRANRESERV] => 0
        )

    [4] => Array
        (
            [KOD] => 804593
            [TIME_FROM] => 19:00
            [TIME_TO] => 20:00               
            [CLIENTS_CNT] => 0
            [TOV_NAME] => CrossActivity
            [ACC] => 0
            [CNTTRAN] => 0
            [CNTTRANRESERV] => 0
        )

    [5] => Array
        (
            [KOD] => 804644
            [TIME_FROM] => 19:00
            [TIME_TO] => 20:00               
            [CLIENTS_CNT] => 5
            [TOV_NAME] => Cycle
            [ACC] => 0
            [CNTTRAN] => 2
            [CNTTRANRESERV] => 0
        )

    [6] => Array
        (
            [KOD] => 804440
            [TIME_FROM] => 19:00
            [TIME_TO] => 20:00               
            [CLIENTS_CNT] => 0
            [TOV_NAME] => FitnessMix
            [ACC] => 0
            [CNTTRAN] => 1
            [CNTTRANRESERV] => 0
        )

)

[2026-02-17 17:07:18] [INFO] (/home/redbarbe/public_html/telegram/webapps/action/ajax_get_tren.php:61) Array
(
    [KOD] => 804338
    [TIME_FROM] => 10:00
    [TIME_TO] => 11:00               
    [CLIENTS_CNT] => 0
    [TOV_NAME] => Йога
    [ACC] => 0
    [CNTTRAN] => 0
    [CNTTRANRESERV] => 0
)

[2026-02-17 17:07:18] [INFO] (/home/redbarbe/public_html/telegram/webapps/action/ajax_get_tren.php:61) Array
(
    [KOD] => 804491
    [TIME_FROM] => 18:00
    [TIME_TO] => 19:00               
    [CLIENTS_CNT] => 0
    [TOV_NAME] => Йога
    [ACC] => 0
    [CNTTRAN] => 0
    [CNTTRANRESERV] => 0
)

[2026-02-17 17:07:18] [INFO] (/home/redbarbe/public_html/telegram/webapps/action/ajax_get_tren.php:61) Array
(
    [KOD] => 804542
    [TIME_FROM] => 18:00
    [TIME_TO] => 19:00               
    [CLIENTS_CNT] => 0
    [TOV_NAME] => Паркур Kids
    [ACC] => 0
    [CNTTRAN] => 2
    [CNTTRANRESERV] => 0
)

[2026-02-17 17:07:18] [INFO] (/home/redbarbe/public_html/telegram/webapps/action/ajax_get_tren.php:61) Array
(
    [KOD] => 804389
    [TIME_FROM] => 19:00
    [TIME_TO] => 20:00               
    [CLIENTS_CNT] => 0
    [TOV_NAME] => Паркур
    [ACC] => 0
    [CNTTRAN] => 0
    [CNTTRANRESERV] => 0
)

[2026-02-17 17:07:18] [INFO] (/home/redbarbe/public_html/telegram/webapps/action/ajax_get_tren.php:61) Array
(
    [KOD] => 804593
    [TIME_FROM] => 19:00
    [TIME_TO] => 20:00               
    [CLIENTS_CNT] => 0
    [TOV_NAME] => CrossActivity
    [ACC] => 0
    [CNTTRAN] => 0
    [CNTTRANRESERV] => 0
)

[2026-02-17 17:07:18] [INFO] (/home/redbarbe/public_html/telegram/webapps/action/ajax_get_tren.php:61) Array
(
    [KOD] => 804644
    [TIME_FROM] => 19:00
    [TIME_TO] => 20:00               
    [CLIENTS_CNT] => 5
    [TOV_NAME] => Cycle
    [ACC] => 0
    [CNTTRAN] => 2
    [CNTTRANRESERV] => 0
)

[2026-02-17 17:07:18] [INFO] (/home/redbarbe/public_html/telegram/webapps/action/ajax_get_tren.php:61) Array
(
    [KOD] => 804440
    [TIME_FROM] => 19:00
    [TIME_TO] => 20:00               
    [CLIENTS_CNT] => 0
    [TOV_NAME] => FitnessMix
    [ACC] => 0
    [CNTTRAN] => 1
    [CNTTRANRESERV] => 0
)

[2026-02-17 17:17:51] [INFO] (/home/redbarbe/public_html/telegram/webapps/action/ajax_get_tren.php:35) Array
(
    [0] => Array
        (
            [KOD] => 857491
            [TIME_FROM] => 09:00
            [TIME_TO] => 10:00               
            [CLIENTS_CNT] => 0
            [TOV_NAME] => Пілатес
            [ACC] => 0
            [CNTTRAN] => 1
            [CNTTRANRESERV] => 0
        )

    [1] => Array
        (
            [KOD] => 857699
            [TIME_FROM] => 18:00
            [TIME_TO] => 19:00               
            [CLIENTS_CNT] => 0
            [TOV_NAME] => F.B.T. (Fat burn traning)
            [ACC] => 86
            [CNTTRAN] => 2
            [CNTTRANRESERV] => 0
        )

    [2] => Array
        (
            [KOD] => 857283
            [TIME_FROM] => 19:00
            [TIME_TO] => 20:00               
            [CLIENTS_CNT] => 0
            [TOV_NAME] => Stretching & Mobility
            [ACC] => 0
            [CNTTRAN] => 0
            [CNTTRANRESERV] => 0
        )

)

[2026-02-17 17:17:51] [INFO] (/home/redbarbe/public_html/telegram/webapps/action/ajax_get_tren.php:61) Array
(
    [KOD] => 857491
    [TIME_FROM] => 09:00
    [TIME_TO] => 10:00               
    [CLIENTS_CNT] => 0
    [TOV_NAME] => Пілатес
    [ACC] => 0
    [CNTTRAN] => 1
    [CNTTRANRESERV] => 0
)

[2026-02-17 17:17:51] [INFO] (/home/redbarbe/public_html/telegram/webapps/action/ajax_get_tren.php:61) Array
(
    [KOD] => 857699
    [TIME_FROM] => 18:00
    [TIME_TO] => 19:00               
    [CLIENTS_CNT] => 0
    [TOV_NAME] => F.B.T. (Fat burn traning)
    [ACC] => 86
    [CNTTRAN] => 2
    [CNTTRANRESERV] => 0
)

[2026-02-17 17:17:51] [INFO] (/home/redbarbe/public_html/telegram/webapps/action/ajax_get_tren.php:61) Array
(
    [KOD] => 857283
    [TIME_FROM] => 19:00
    [TIME_TO] => 20:00               
    [CLIENTS_CNT] => 0
    [TOV_NAME] => Stretching & Mobility
    [ACC] => 0
    [CNTTRAN] => 0
    [CNTTRANRESERV] => 0
)

[2026-02-17 17:28:51] [INFO] (/home/redbarbe/public_html/telegram/webapps/action/ajax_get_tren.php:35) Array
(
    [0] => Array
        (
            [KOD] => 794205
            [TIME_FROM] => 08:00
            [TIME_TO] => 09:00               
            [CLIENTS_CNT] => 0
            [TOV_NAME] => Бокс(хлопці, з 13 років)
            [ACC] => 0
            [CNTTRAN] => 0
            [CNTTRANRESERV] => 0
        )

    [1] => Array
        (
            [KOD] => 793947
            [TIME_FROM] => 16:00
            [TIME_TO] => 17:00               
            [CLIENTS_CNT] => 0
            [TOV_NAME] => Паркур kids
            [ACC] => 0
            [CNTTRAN] => 0
            [CNTTRANRESERV] => 0
        )

    [2] => Array
        (
            [KOD] => 793431
            [TIME_FROM] => 17:00
            [TIME_TO] => 18:00               
            [CLIENTS_CNT] => 0
            [TOV_NAME] => Паркур teens
            [ACC] => 0
            [CNTTRAN] => 0
            [CNTTRANRESERV] => 0
        )

    [3] => Array
        (
            [KOD] => 792141
            [TIME_FROM] => 18:00
            [TIME_TO] => 19:00               
            [CLIENTS_CNT] => 0
            [TOV_NAME] => Йога
            [ACC] => 0
            [CNTTRAN] => 0
            [CNTTRANRESERV] => 0
        )

    [4] => Array
        (
            [KOD] => 792399
            [TIME_FROM] => 19:40
            [TIME_TO] => 20:40               
            [CLIENTS_CNT] => 0
            [TOV_NAME] => Акробатика Kids
            [ACC] => 0
            [CNTTRAN] => 0
            [CNTTRANRESERV] => 0
        )

    [5] => Array
        (
            [KOD] => 792915
            [TIME_FROM] => 20:00
            [TIME_TO] => 21:00               
            [CLIENTS_CNT] => 0
            [TOV_NAME] => Cross activity
            [ACC] => 0
            [CNTTRAN] => 0
            [CNTTRANRESERV] => 0
        )

    [6] => Array
        (
            [KOD] => 793173
            [TIME_FROM] => 20:00
            [TIME_TO] => 21:00               
            [CLIENTS_CNT] => 0
            [TOV_NAME] => Stretching
            [ACC] => 0
            [CNTTRAN] => 1
            [CNTTRANRESERV] => 0
        )

)

[2026-02-17 17:28:51] [INFO] (/home/redbarbe/public_html/telegram/webapps/action/ajax_get_tren.php:61) Array
(
    [KOD] => 794205
    [TIME_FROM] => 08:00
    [TIME_TO] => 09:00               
    [CLIENTS_CNT] => 0
    [TOV_NAME] => Бокс(хлопці, з 13 років)
    [ACC] => 0
    [CNTTRAN] => 0
    [CNTTRANRESERV] => 0
)

[2026-02-17 17:28:51] [INFO] (/home/redbarbe/public_html/telegram/webapps/action/ajax_get_tren.php:61) Array
(
    [KOD] => 793947
    [TIME_FROM] => 16:00
    [TIME_TO] => 17:00               
    [CLIENTS_CNT] => 0
    [TOV_NAME] => Паркур kids
    [ACC] => 0
    [CNTTRAN] => 0
    [CNTTRANRESERV] => 0
)

[2026-02-17 17:28:51] [INFO] (/home/redbarbe/public_html/telegram/webapps/action/ajax_get_tren.php:61) Array
(
    [KOD] => 793431
    [TIME_FROM] => 17:00
    [TIME_TO] => 18:00               
    [CLIENTS_CNT] => 0
    [TOV_NAME] => Паркур teens
    [ACC] => 0
    [CNTTRAN] => 0
    [CNTTRANRESERV] => 0
)

[2026-02-17 17:28:51] [INFO] (/home/redbarbe/public_html/telegram/webapps/action/ajax_get_tren.php:61) Array
(
    [KOD] => 792141
    [TIME_FROM] => 18:00
    [TIME_TO] => 19:00               
    [CLIENTS_CNT] => 0
    [TOV_NAME] => Йога
    [ACC] => 0
    [CNTTRAN] => 0
    [CNTTRANRESERV] => 0
)

[2026-02-17 17:28:51] [INFO] (/home/redbarbe/public_html/telegram/webapps/action/ajax_get_tren.php:61) Array
(
    [KOD] => 792399
    [TIME_FROM] => 19:40
    [TIME_TO] => 20:40               
    [CLIENTS_CNT] => 0
    [TOV_NAME] => Акробатика Kids
    [ACC] => 0
    [CNTTRAN] => 0
    [CNTTRANRESERV] => 0
)

[2026-02-17 17:28:51] [INFO] (/home/redbarbe/public_html/telegram/webapps/action/ajax_get_tren.php:61) Array
(
    [KOD] => 792915
    [TIME_FROM] => 20:00
    [TIME_TO] => 21:00               
    [CLIENTS_CNT] => 0
    [TOV_NAME] => Cross activity
    [ACC] => 0
    [CNTTRAN] => 0
    [CNTTRANRESERV] => 0
)

[2026-02-17 17:28:51] [INFO] (/home/redbarbe/public_html/telegram/webapps/action/ajax_get_tren.php:61) Array
(
    [KOD] => 793173
    [TIME_FROM] => 20:00
    [TIME_TO] => 21:00               
    [CLIENTS_CNT] => 0
    [TOV_NAME] => Stretching
    [ACC] => 0
    [CNTTRAN] => 1
    [CNTTRANRESERV] => 0
)

[2026-02-17 17:29:05] [INFO] (/home/redbarbe/public_html/telegram/webapps/action/ajax_fitness_zapis.php:22) Array
(
    [ajax_method] => 2
    [action] => ajax_fitness_zapis
    [dat] => 18.02.2026
    [acc] => 13776
    [trenid] => 793173
    [ost_all] => 100
    [ip_club] => 212.26.139.90
    [acctozapis] => 0
    [time_from] => 20:00
)

[2026-02-17 17:31:22] [INFO] (/home/redbarbe/public_html/telegram/webapps/action/ajax_get_tren.php:35) Array
(
    [0] => Array
        (
            [KOD] => 794205
            [TIME_FROM] => 08:00
            [TIME_TO] => 09:00               
            [CLIENTS_CNT] => 0
            [TOV_NAME] => Бокс(хлопці, з 13 років)
            [ACC] => 0
            [CNTTRAN] => 0
            [CNTTRANRESERV] => 0
        )

    [1] => Array
        (
            [KOD] => 793947
            [TIME_FROM] => 16:00
            [TIME_TO] => 17:00               
            [CLIENTS_CNT] => 0
            [TOV_NAME] => Паркур kids
            [ACC] => 0
            [CNTTRAN] => 0
            [CNTTRANRESERV] => 0
        )

    [2] => Array
        (
            [KOD] => 793431
            [TIME_FROM] => 17:00
            [TIME_TO] => 18:00               
            [CLIENTS_CNT] => 0
            [TOV_NAME] => Паркур teens
            [ACC] => 0
            [CNTTRAN] => 0
            [CNTTRANRESERV] => 0
        )

    [3] => Array
        (
            [KOD] => 792141
            [TIME_FROM] => 18:00
            [TIME_TO] => 19:00               
            [CLIENTS_CNT] => 0
            [TOV_NAME] => Йога
            [ACC] => 0
            [CNTTRAN] => 0
            [CNTTRANRESERV] => 0
        )

    [4] => Array
        (
            [KOD] => 792399
            [TIME_FROM] => 19:40
            [TIME_TO] => 20:40               
            [CLIENTS_CNT] => 0
            [TOV_NAME] => Акробатика Kids
            [ACC] => 0
            [CNTTRAN] => 0
            [CNTTRANRESERV] => 0
        )

    [5] => Array
        (
            [KOD] => 792915
            [TIME_FROM] => 20:00
            [TIME_TO] => 21:00               
            [CLIENTS_CNT] => 0
            [TOV_NAME] => Cross activity
            [ACC] => 0
            [CNTTRAN] => 0
            [CNTTRANRESERV] => 0
        )

    [6] => Array
        (
            [KOD] => 793173
            [TIME_FROM] => 20:00
            [TIME_TO] => 21:00               
            [CLIENTS_CNT] => 0
            [TOV_NAME] => Stretching
            [ACC] => 0
            [CNTTRAN] => 2
            [CNTTRANRESERV] => 0
        )

)

[2026-02-17 17:31:22] [INFO] (/home/redbarbe/public_html/telegram/webapps/action/ajax_get_tren.php:61) Array
(
    [KOD] => 794205
    [TIME_FROM] => 08:00
    [TIME_TO] => 09:00               
    [CLIENTS_CNT] => 0
    [TOV_NAME] => Бокс(хлопці, з 13 років)
    [ACC] => 0
    [CNTTRAN] => 0
    [CNTTRANRESERV] => 0
)

[2026-02-17 17:31:22] [INFO] (/home/redbarbe/public_html/telegram/webapps/action/ajax_get_tren.php:61) Array
(
    [KOD] => 793947
    [TIME_FROM] => 16:00
    [TIME_TO] => 17:00               
    [CLIENTS_CNT] => 0
    [TOV_NAME] => Паркур kids
    [ACC] => 0
    [CNTTRAN] => 0
    [CNTTRANRESERV] => 0
)

[2026-02-17 17:31:22] [INFO] (/home/redbarbe/public_html/telegram/webapps/action/ajax_get_tren.php:61) Array
(
    [KOD] => 793431
    [TIME_FROM] => 17:00
    [TIME_TO] => 18:00               
    [CLIENTS_CNT] => 0
    [TOV_NAME] => Паркур teens
    [ACC] => 0
    [CNTTRAN] => 0
    [CNTTRANRESERV] => 0
)

[2026-02-17 17:31:22] [INFO] (/home/redbarbe/public_html/telegram/webapps/action/ajax_get_tren.php:61) Array
(
    [KOD] => 792141
    [TIME_FROM] => 18:00
    [TIME_TO] => 19:00               
    [CLIENTS_CNT] => 0
    [TOV_NAME] => Йога
    [ACC] => 0
    [CNTTRAN] => 0
    [CNTTRANRESERV] => 0
)

[2026-02-17 17:31:22] [INFO] (/home/redbarbe/public_html/telegram/webapps/action/ajax_get_tren.php:61) Array
(
    [KOD] => 792399
    [TIME_FROM] => 19:40
    [TIME_TO] => 20:40               
    [CLIENTS_CNT] => 0
    [TOV_NAME] => Акробатика Kids
    [ACC] => 0
    [CNTTRAN] => 0
    [CNTTRANRESERV] => 0
)

[2026-02-17 17:31:22] [INFO] (/home/redbarbe/public_html/telegram/webapps/action/ajax_get_tren.php:61) Array
(
    [KOD] => 792915
    [TIME_FROM] => 20:00
    [TIME_TO] => 21:00               
    [CLIENTS_CNT] => 0
    [TOV_NAME] => Cross activity
    [ACC] => 0
    [CNTTRAN] => 0
    [CNTTRANRESERV] => 0
)

[2026-02-17 17:31:22] [INFO] (/home/redbarbe/public_html/telegram/webapps/action/ajax_get_tren.php:61) Array
(
    [KOD] => 793173
    [TIME_FROM] => 20:00
    [TIME_TO] => 21:00               
    [CLIENTS_CNT] => 0
    [TOV_NAME] => Stretching
    [ACC] => 0
    [CNTTRAN] => 2
    [CNTTRANRESERV] => 0
)

[2026-02-17 17:31:26] [INFO] (/home/redbarbe/public_html/telegram/webapps/action/ajax_fitness_zapis.php:22) Array
(
    [ajax_method] => 2
    [action] => ajax_fitness_zapis
    [dat] => 18.02.2026
    [acc] => 12607
    [trenid] => 793173
    [ost_all] => 100
    [ip_club] => 212.26.139.90
    [acctozapis] => 0
    [time_from] => 20:00
)

[2026-02-17 17:39:47] [INFO] (/home/redbarbe/public_html/telegram/webapps/action/ajax_get_tren.php:35) Array
(
    [0] => Array
        (
            [KOD] => 804338
            [TIME_FROM] => 10:00
            [TIME_TO] => 11:00               
            [CLIENTS_CNT] => 0
            [TOV_NAME] => Йога
            [ACC] => 0
            [CNTTRAN] => 0
            [CNTTRANRESERV] => 0
        )

    [1] => Array
        (
            [KOD] => 804491
            [TIME_FROM] => 18:00
            [TIME_TO] => 19:00               
            [CLIENTS_CNT] => 0
            [TOV_NAME] => Йога
            [ACC] => 0
            [CNTTRAN] => 0
            [CNTTRANRESERV] => 0
        )

    [2] => Array
        (
            [KOD] => 804542
            [TIME_FROM] => 18:00
            [TIME_TO] => 19:00               
            [CLIENTS_CNT] => 0
            [TOV_NAME] => Паркур Kids
            [ACC] => 0
            [CNTTRAN] => 2
            [CNTTRANRESERV] => 0
        )

    [3] => Array
        (
            [KOD] => 804389
            [TIME_FROM] => 19:00
            [TIME_TO] => 20:00               
            [CLIENTS_CNT] => 0
            [TOV_NAME] => Паркур
            [ACC] => 0
            [CNTTRAN] => 0
            [CNTTRANRESERV] => 0
        )

    [4] => Array
        (
            [KOD] => 804593
            [TIME_FROM] => 19:00
            [TIME_TO] => 20:00               
            [CLIENTS_CNT] => 0
            [TOV_NAME] => CrossActivity
            [ACC] => 0
            [CNTTRAN] => 0
            [CNTTRANRESERV] => 0
        )

    [5] => Array
        (
            [KOD] => 804644
            [TIME_FROM] => 19:00
            [TIME_TO] => 20:00               
            [CLIENTS_CNT] => 5
            [TOV_NAME] => Cycle
            [ACC] => 0
            [CNTTRAN] => 2
            [CNTTRANRESERV] => 0
        )

    [6] => Array
        (
            [KOD] => 804440
            [TIME_FROM] => 19:00
            [TIME_TO] => 20:00               
            [CLIENTS_CNT] => 0
            [TOV_NAME] => FitnessMix
            [ACC] => 0
            [CNTTRAN] => 1
            [CNTTRANRESERV] => 0
        )

)

[2026-02-17 17:39:47] [INFO] (/home/redbarbe/public_html/telegram/webapps/action/ajax_get_tren.php:61) Array
(
    [KOD] => 804338
    [TIME_FROM] => 10:00
    [TIME_TO] => 11:00               
    [CLIENTS_CNT] => 0
    [TOV_NAME] => Йога
    [ACC] => 0
    [CNTTRAN] => 0
    [CNTTRANRESERV] => 0
)

[2026-02-17 17:39:47] [INFO] (/home/redbarbe/public_html/telegram/webapps/action/ajax_get_tren.php:61) Array
(
    [KOD] => 804491
    [TIME_FROM] => 18:00
    [TIME_TO] => 19:00               
    [CLIENTS_CNT] => 0
    [TOV_NAME] => Йога
    [ACC] => 0
    [CNTTRAN] => 0
    [CNTTRANRESERV] => 0
)

[2026-02-17 17:39:47] [INFO] (/home/redbarbe/public_html/telegram/webapps/action/ajax_get_tren.php:61) Array
(
    [KOD] => 804542
    [TIME_FROM] => 18:00
    [TIME_TO] => 19:00               
    [CLIENTS_CNT] => 0
    [TOV_NAME] => Паркур Kids
    [ACC] => 0
    [CNTTRAN] => 2
    [CNTTRANRESERV] => 0
)

[2026-02-17 17:39:47] [INFO] (/home/redbarbe/public_html/telegram/webapps/action/ajax_get_tren.php:61) Array
(
    [KOD] => 804389
    [TIME_FROM] => 19:00
    [TIME_TO] => 20:00               
    [CLIENTS_CNT] => 0
    [TOV_NAME] => Паркур
    [ACC] => 0
    [CNTTRAN] => 0
    [CNTTRANRESERV] => 0
)

[2026-02-17 17:39:47] [INFO] (/home/redbarbe/public_html/telegram/webapps/action/ajax_get_tren.php:61) Array
(
    [KOD] => 804593
    [TIME_FROM] => 19:00
    [TIME_TO] => 20:00               
    [CLIENTS_CNT] => 0
    [TOV_NAME] => CrossActivity
    [ACC] => 0
    [CNTTRAN] => 0
    [CNTTRANRESERV] => 0
)

[2026-02-17 17:39:47] [INFO] (/home/redbarbe/public_html/telegram/webapps/action/ajax_get_tren.php:61) Array
(
    [KOD] => 804644
    [TIME_FROM] => 19:00
    [TIME_TO] => 20:00               
    [CLIENTS_CNT] => 5
    [TOV_NAME] => Cycle
    [ACC] => 0
    [CNTTRAN] => 2
    [CNTTRANRESERV] => 0
)

[2026-02-17 17:39:47] [INFO] (/home/redbarbe/public_html/telegram/webapps/action/ajax_get_tren.php:61) Array
(
    [KOD] => 804440
    [TIME_FROM] => 19:00
    [TIME_TO] => 20:00               
    [CLIENTS_CNT] => 0
    [TOV_NAME] => FitnessMix
    [ACC] => 0
    [CNTTRAN] => 1
    [CNTTRANRESERV] => 0
)

[2026-02-17 17:52:44] [INFO] (/home/redbarbe/public_html/telegram/webapps/reports/report_pers_detal.php:22) Array
(
)

[2026-02-17 17:52:55] [INFO] (/home/redbarbe/public_html/telegram/webapps/reports/report_pers_detal.php:22) Array
(
    [ajax_method] => 2
    [action] => report_pers_detal
    [action_report] => report_view
    [admin] => 5
    [date_from] => 17.02.2026
    [date_to] => 17.02.2026
    [ip_club] => 178.158.212.173
    [podr] => pt
    [sotr] => 0331
)

[2026-02-17 18:05:56] [INFO] (/home/redbarbe/public_html/telegram/webapps/action/hist_ind.php:16) SELECT a.name FROM `spr_acc` a, spr_users u WHERE u.active_account=a.acc and u.chat_id=a.chat_id and a.acc=13176 
and u.club=(select id from spr_clubs where ip_club="193.194.107.2") limit 1
[2026-02-17 18:05:56] [INFO] (/home/redbarbe/public_html/telegram/webapps/action/hist_ind.php:17) hist_grp
[2026-02-17 18:05:56] [INFO] (/home/redbarbe/public_html/telegram/webapps/action/hist_ind.php:108) Array
(
    [dbeg] => 17.11.2025
    [dend] => today
    [acc] => 13176
    [command] => get_ind_history
)

[2026-02-17 18:05:56] [INFO] (/home/redbarbe/public_html/telegram/webapps/action/hist_ind.php:109) ip=193.194.107.2
[2026-02-17 18:06:54] [INFO] (/home/redbarbe/public_html/telegram/webapps/reports/report_pers_detal.php:22) Array
(
)

[2026-02-17 18:07:03] [INFO] (/home/redbarbe/public_html/telegram/webapps/reports/report_pers_detal.php:22) Array
(
    [ajax_method] => 2
    [action] => report_pers_detal
    [action_report] => report_view
    [admin] => 5
    [date_from] => 17.02.2026
    [date_to] => 17.02.2026
    [ip_club] => 178.151.119.180
    [podr] => pt
    [sotr] => 0718
)

[2026-02-17 18:09:13] [INFO] (/home/redbarbe/public_html/telegram/webapps/action/hist_ind.php:16) SELECT a.name FROM `spr_acc` a, spr_users u WHERE u.active_account=a.acc and u.chat_id=a.chat_id and a.acc=12847 
and u.club=(select id from spr_clubs where ip_club="178.158.212.173") limit 1
[2026-02-17 18:09:13] [INFO] (/home/redbarbe/public_html/telegram/webapps/action/hist_ind.php:17) hist_grp
[2026-02-17 18:09:13] [INFO] (/home/redbarbe/public_html/telegram/webapps/action/hist_ind.php:108) Array
(
    [dbeg] => 17.11.2025
    [dend] => today
    [acc] => 12847
    [command] => get_ind_history
)

[2026-02-17 18:09:13] [INFO] (/home/redbarbe/public_html/telegram/webapps/action/hist_ind.php:109) ip=178.158.212.173
[2026-02-17 18:09:35] [INFO] (/home/redbarbe/public_html/telegram/webapps/action/hist_ost_poslug.php:19) SELECT a.name FROM `spr_acc` a, spr_users u WHERE u.active_account=a.acc and u.chat_id=a.chat_id and a.acc=12847 
and u.club=(select id from spr_clubs where ip_club="178.158.212.173") limit 1
[2026-02-17 18:09:35] [INFO] (/home/redbarbe/public_html/telegram/webapps/action/hist_ost_poslug.php:20) hist_ost_poslug
[2026-02-17 18:09:35] [INFO] (/home/redbarbe/public_html/telegram/webapps/action/hist_ost_poslug.php:111) Array
(
    [acc] => 12847
    [command] => GET_OST_POSLUG_ACC
)

[2026-02-17 18:09:35] [INFO] (/home/redbarbe/public_html/telegram/webapps/action/hist_ost_poslug.php:112) ip=178.158.212.173
[2026-02-17 18:21:13] [INFO] (/home/redbarbe/public_html/telegram/webapps/action/ajax_get_tren.php:35) Array
(
    [0] => Array
        (
            [KOD] => 805257
            [TIME_FROM] => 09:00
            [TIME_TO] => 10:00               
            [CLIENTS_CNT] => 0
            [TOV_NAME] => CrossActivity
            [ACC] => 0
            [CNTTRAN] => 1
            [CNTTRANRESERV] => 0
        )

    [1] => Array
        (
            [KOD] => 804849
            [TIME_FROM] => 09:00
            [TIME_TO] => 10:00               
            [CLIENTS_CNT] => 0
            [TOV_NAME] => Total Body
            [ACC] => 0
            [CNTTRAN] => 0
            [CNTTRANRESERV] => 0
        )

    [2] => Array
        (
            [KOD] => 804900
            [TIME_FROM] => 14:00
            [TIME_TO] => 15:00               
            [CLIENTS_CNT] => 0
            [TOV_NAME] => FitnessMix
            [ACC] => 0
            [CNTTRAN] => 0
            [CNTTRANRESERV] => 0
        )

    [3] => Array
        (
            [KOD] => 804747
            [TIME_FROM] => 17:00
            [TIME_TO] => 18:00               
            [CLIENTS_CNT] => 0
            [TOV_NAME] => Mobility
            [ACC] => 0
            [CNTTRAN] => 0
            [CNTTRANRESERV] => 0
        )

    [4] => Array
        (
            [KOD] => 805206
            [TIME_FROM] => 18:00
            [TIME_TO] => 19:00               
            [CLIENTS_CNT] => 0
            [TOV_NAME] => Паркур Kids
            [ACC] => 0
            [CNTTRAN] => 0
            [CNTTRANRESERV] => 0
        )

    [5] => Array
        (
            [KOD] => 805002
            [TIME_FROM] => 18:30
            [TIME_TO] => 19:30               
            [CLIENTS_CNT] => 0
            [TOV_NAME] => Pilates
            [ACC] => 0
            [CNTTRAN] => 0
            [CNTTRANRESERV] => 0
        )

    [6] => Array
        (
            [KOD] => 805104
            [TIME_FROM] => 19:00
            [TIME_TO] => 20:00               
            [CLIENTS_CNT] => 0
            [TOV_NAME] => Паркур
            [ACC] => 0
            [CNTTRAN] => 0
            [CNTTRANRESERV] => 0
        )

    [7] => Array
        (
            [KOD] => 804798
            [TIME_FROM] => 19:00
            [TIME_TO] => 20:00               
            [CLIENTS_CNT] => 0
            [TOV_NAME] => CrossActivity
            [ACC] => 0
            [CNTTRAN] => 0
            [CNTTRANRESERV] => 0
        )

    [8] => Array
        (
            [KOD] => 804696
            [TIME_FROM] => 19:00
            [TIME_TO] => 20:00               
            [CLIENTS_CNT] => 0
            [TOV_NAME] => Aesthetic Gymnastics
            [ACC] => 0
            [CNTTRAN] => 1
            [CNTTRANRESERV] => 0
        )

    [9] => Array
        (
            [KOD] => 805053
            [TIME_FROM] => 19:30
            [TIME_TO] => 20:30               
            [CLIENTS_CNT] => 0
            [TOV_NAME] => TRX
            [ACC] => 0
            [CNTTRAN] => 0
            [CNTTRANRESERV] => 0
        )

    [10] => Array
        (
            [KOD] => 804951
            [TIME_FROM] => 20:00
            [TIME_TO] => 21:00               
            [CLIENTS_CNT] => 0
            [TOV_NAME] => CrossActivity
            [ACC] => 0
            [CNTTRAN] => 0
            [CNTTRANRESERV] => 0
        )

    [11] => Array
        (
            [KOD] => 805155
            [TIME_FROM] => 20:00
            [TIME_TO] => 21:00               
            [CLIENTS_CNT] => 0
            [TOV_NAME] => Бокс
            [ACC] => 0
            [CNTTRAN] => 0
            [CNTTRANRESERV] => 0
        )

)

[2026-02-17 18:21:13] [INFO] (/home/redbarbe/public_html/telegram/webapps/action/ajax_get_tren.php:61) Array
(
    [KOD] => 805257
    [TIME_FROM] => 09:00
    [TIME_TO] => 10:00               
    [CLIENTS_CNT] => 0
    [TOV_NAME] => CrossActivity
    [ACC] => 0
    [CNTTRAN] => 1
    [CNTTRANRESERV] => 0
)

[2026-02-17 18:21:13] [INFO] (/home/redbarbe/public_html/telegram/webapps/action/ajax_get_tren.php:61) Array
(
    [KOD] => 804849
    [TIME_FROM] => 09:00
    [TIME_TO] => 10:00               
    [CLIENTS_CNT] => 0
    [TOV_NAME] => Total Body
    [ACC] => 0
    [CNTTRAN] => 0
    [CNTTRANRESERV] => 0
)

[2026-02-17 18:21:13] [INFO] (/home/redbarbe/public_html/telegram/webapps/action/ajax_get_tren.php:61) Array
(
    [KOD] => 804900
    [TIME_FROM] => 14:00
    [TIME_TO] => 15:00               
    [CLIENTS_CNT] => 0
    [TOV_NAME] => FitnessMix
    [ACC] => 0
    [CNTTRAN] => 0
    [CNTTRANRESERV] => 0
)

[2026-02-17 18:21:13] [INFO] (/home/redbarbe/public_html/telegram/webapps/action/ajax_get_tren.php:61) Array
(
    [KOD] => 804747
    [TIME_FROM] => 17:00
    [TIME_TO] => 18:00               
    [CLIENTS_CNT] => 0
    [TOV_NAME] => Mobility
    [ACC] => 0
    [CNTTRAN] => 0
    [CNTTRANRESERV] => 0
)

[2026-02-17 18:21:13] [INFO] (/home/redbarbe/public_html/telegram/webapps/action/ajax_get_tren.php:61) Array
(
    [KOD] => 805206
    [TIME_FROM] => 18:00
    [TIME_TO] => 19:00               
    [CLIENTS_CNT] => 0
    [TOV_NAME] => Паркур Kids
    [ACC] => 0
    [CNTTRAN] => 0
    [CNTTRANRESERV] => 0
)

[2026-02-17 18:21:13] [INFO] (/home/redbarbe/public_html/telegram/webapps/action/ajax_get_tren.php:61) Array
(
    [KOD] => 805002
    [TIME_FROM] => 18:30
    [TIME_TO] => 19:30               
    [CLIENTS_CNT] => 0
    [TOV_NAME] => Pilates
    [ACC] => 0
    [CNTTRAN] => 0
    [CNTTRANRESERV] => 0
)

[2026-02-17 18:21:13] [INFO] (/home/redbarbe/public_html/telegram/webapps/action/ajax_get_tren.php:61) Array
(
    [KOD] => 805104
    [TIME_FROM] => 19:00
    [TIME_TO] => 20:00               
    [CLIENTS_CNT] => 0
    [TOV_NAME] => Паркур
    [ACC] => 0
    [CNTTRAN] => 0
    [CNTTRANRESERV] => 0
)

[2026-02-17 18:21:13] [INFO] (/home/redbarbe/public_html/telegram/webapps/action/ajax_get_tren.php:61) Array
(
    [KOD] => 804798
    [TIME_FROM] => 19:00
    [TIME_TO] => 20:00               
    [CLIENTS_CNT] => 0
    [TOV_NAME] => CrossActivity
    [ACC] => 0
    [CNTTRAN] => 0
    [CNTTRANRESERV] => 0
)

[2026-02-17 18:21:13] [INFO] (/home/redbarbe/public_html/telegram/webapps/action/ajax_get_tren.php:61) Array
(
    [KOD] => 804696
    [TIME_FROM] => 19:00
    [TIME_TO] => 20:00               
    [CLIENTS_CNT] => 0
    [TOV_NAME] => Aesthetic Gymnastics
    [ACC] => 0
    [CNTTRAN] => 1
    [CNTTRANRESERV] => 0
)

[2026-02-17 18:21:13] [INFO] (/home/redbarbe/public_html/telegram/webapps/action/ajax_get_tren.php:61) Array
(
    [KOD] => 805053
    [TIME_FROM] => 19:30
    [TIME_TO] => 20:30               
    [CLIENTS_CNT] => 0
    [TOV_NAME] => TRX
    [ACC] => 0
    [CNTTRAN] => 0
    [CNTTRANRESERV] => 0
)

[2026-02-17 18:21:13] [INFO] (/home/redbarbe/public_html/telegram/webapps/action/ajax_get_tren.php:61) Array
(
    [KOD] => 804951
    [TIME_FROM] => 20:00
    [TIME_TO] => 21:00               
    [CLIENTS_CNT] => 0
    [TOV_NAME] => CrossActivity
    [ACC] => 0
    [CNTTRAN] => 0
    [CNTTRANRESERV] => 0
)

[2026-02-17 18:21:13] [INFO] (/home/redbarbe/public_html/telegram/webapps/action/ajax_get_tren.php:61) Array
(
    [KOD] => 805155
    [TIME_FROM] => 20:00
    [TIME_TO] => 21:00               
    [CLIENTS_CNT] => 0
    [TOV_NAME] => Бокс
    [ACC] => 0
    [CNTTRAN] => 0
    [CNTTRANRESERV] => 0
)

[2026-02-17 18:21:27] [INFO] (/home/redbarbe/public_html/telegram/webapps/action/ajax_fitness_zapis.php:22) Array
(
    [ajax_method] => 2
    [action] => ajax_fitness_zapis
    [dat] => 18.02.2026
    [acc] => 15303
    [trenid] => 805155
    [ost_all] => 100
    [ip_club] => 178.158.212.173
    [acctozapis] => 0
    [time_from] => 20:00
)

[2026-02-17 18:46:58] [INFO] (/home/redbarbe/public_html/telegram/webapps/action/hist_ind.php:16) SELECT a.name FROM `spr_acc` a, spr_users u WHERE u.active_account=a.acc and u.chat_id=a.chat_id and a.acc=13098 
and u.club=(select id from spr_clubs where ip_club="178.158.212.173") limit 1
[2026-02-17 18:46:58] [INFO] (/home/redbarbe/public_html/telegram/webapps/action/hist_ind.php:17) hist_grp
[2026-02-17 18:46:58] [INFO] (/home/redbarbe/public_html/telegram/webapps/action/hist_ind.php:108) Array
(
    [dbeg] => 17.11.2025
    [dend] => today
    [acc] => 13098
    [command] => get_ind_history
)

[2026-02-17 18:46:58] [INFO] (/home/redbarbe/public_html/telegram/webapps/action/hist_ind.php:109) ip=178.158.212.173
[2026-02-17 18:56:39] [INFO] (/home/redbarbe/public_html/telegram/webapps/action/ajax_get_tren.php:35) Array
(
    [0] => Array
        (
            [KOD] => 835963
            [TIME_FROM] => 10:00
            [TIME_TO] => 11:00               
            [CLIENTS_CNT] => 0
            [TOV_NAME] => Body Training
            [ACC] => 0
            [CNTTRAN] => 0
            [CNTTRANRESERV] => 0
        )

    [1] => Array
        (
            [KOD] => 835441
            [TIME_FROM] => 18:00
            [TIME_TO] => 19:00               
            [CLIENTS_CNT] => 0
            [TOV_NAME] => Кiкбоксинг
            [ACC] => 0
            [CNTTRAN] => 0
            [CNTTRANRESERV] => 0
        )

    [2] => Array
        (
            [KOD] => 834658
            [TIME_FROM] => 19:00
            [TIME_TO] => 20:00               
            [CLIENTS_CNT] => 0
            [TOV_NAME] => Body Training
            [ACC] => 0
            [CNTTRAN] => 0
            [CNTTRANRESERV] => 0
        )

    [3] => Array
        (
            [KOD] => 834397
            [TIME_FROM] => 19:00
            [TIME_TO] => 20:00               
            [CLIENTS_CNT] => 0
            [TOV_NAME] => Кругове тренування
            [ACC] => 0
            [CNTTRAN] => 0
            [CNTTRANRESERV] => 0
        )

    [4] => Array
        (
            [KOD] => 834919
            [TIME_FROM] => 19:30
            [TIME_TO] => 20:30               
            [CLIENTS_CNT] => 0
            [TOV_NAME] => Акробатика Kids
            [ACC] => 0
            [CNTTRAN] => 0
            [CNTTRANRESERV] => 0
        )

    [5] => Array
        (
            [KOD] => 835702
            [TIME_FROM] => 20:00
            [TIME_TO] => 21:00               
            [CLIENTS_CNT] => 0
            [TOV_NAME] => Степ-аеробіка
            [ACC] => 0
            [CNTTRAN] => 1
            [CNTTRANRESERV] => 0
        )

    [6] => Array
        (
            [KOD] => 835180
            [TIME_FROM] => 20:30
            [TIME_TO] => 21:30               
            [CLIENTS_CNT] => 0
            [TOV_NAME] => Акробатика
            [ACC] => 0
            [CNTTRAN] => 0
            [CNTTRANRESERV] => 0
        )

)

[2026-02-17 18:56:39] [INFO] (/home/redbarbe/public_html/telegram/webapps/action/ajax_get_tren.php:61) Array
(
    [KOD] => 835963
    [TIME_FROM] => 10:00
    [TIME_TO] => 11:00               
    [CLIENTS_CNT] => 0
    [TOV_NAME] => Body Training
    [ACC] => 0
    [CNTTRAN] => 0
    [CNTTRANRESERV] => 0
)

[2026-02-17 18:56:39] [INFO] (/home/redbarbe/public_html/telegram/webapps/action/ajax_get_tren.php:61) Array
(
    [KOD] => 835441
    [TIME_FROM] => 18:00
    [TIME_TO] => 19:00               
    [CLIENTS_CNT] => 0
    [TOV_NAME] => Кiкбоксинг
    [ACC] => 0
    [CNTTRAN] => 0
    [CNTTRANRESERV] => 0
)

[2026-02-17 18:56:39] [INFO] (/home/redbarbe/public_html/telegram/webapps/action/ajax_get_tren.php:61) Array
(
    [KOD] => 834658
    [TIME_FROM] => 19:00
    [TIME_TO] => 20:00               
    [CLIENTS_CNT] => 0
    [TOV_NAME] => Body Training
    [ACC] => 0
    [CNTTRAN] => 0
    [CNTTRANRESERV] => 0
)

[2026-02-17 18:56:39] [INFO] (/home/redbarbe/public_html/telegram/webapps/action/ajax_get_tren.php:61) Array
(
    [KOD] => 834397
    [TIME_FROM] => 19:00
    [TIME_TO] => 20:00               
    [CLIENTS_CNT] => 0
    [TOV_NAME] => Кругове тренування
    [ACC] => 0
    [CNTTRAN] => 0
    [CNTTRANRESERV] => 0
)

[2026-02-17 18:56:39] [INFO] (/home/redbarbe/public_html/telegram/webapps/action/ajax_get_tren.php:61) Array
(
    [KOD] => 834919
    [TIME_FROM] => 19:30
    [TIME_TO] => 20:30               
    [CLIENTS_CNT] => 0
    [TOV_NAME] => Акробатика Kids
    [ACC] => 0
    [CNTTRAN] => 0
    [CNTTRANRESERV] => 0
)

[2026-02-17 18:56:39] [INFO] (/home/redbarbe/public_html/telegram/webapps/action/ajax_get_tren.php:61) Array
(
    [KOD] => 835702
    [TIME_FROM] => 20:00
    [TIME_TO] => 21:00               
    [CLIENTS_CNT] => 0
    [TOV_NAME] => Степ-аеробіка
    [ACC] => 0
    [CNTTRAN] => 1
    [CNTTRANRESERV] => 0
)

[2026-02-17 18:56:39] [INFO] (/home/redbarbe/public_html/telegram/webapps/action/ajax_get_tren.php:61) Array
(
    [KOD] => 835180
    [TIME_FROM] => 20:30
    [TIME_TO] => 21:30               
    [CLIENTS_CNT] => 0
    [TOV_NAME] => Акробатика
    [ACC] => 0
    [CNTTRAN] => 0
    [CNTTRANRESERV] => 0
)

[2026-02-17 19:00:58] [INFO] (/home/redbarbe/public_html/telegram/webapps/action/ajax_get_tren.php:35) Array
(
    [0] => Array
        (
            [KOD] => 804338
            [TIME_FROM] => 10:00
            [TIME_TO] => 11:00               
            [CLIENTS_CNT] => 0
            [TOV_NAME] => Йога
            [ACC] => 0
            [CNTTRAN] => 0
            [CNTTRANRESERV] => 0
        )

    [1] => Array
        (
            [KOD] => 804491
            [TIME_FROM] => 18:00
            [TIME_TO] => 19:00               
            [CLIENTS_CNT] => 0
            [TOV_NAME] => Йога
            [ACC] => 0
            [CNTTRAN] => 0
            [CNTTRANRESERV] => 0
        )

    [2] => Array
        (
            [KOD] => 804542
            [TIME_FROM] => 18:00
            [TIME_TO] => 19:00               
            [CLIENTS_CNT] => 0
            [TOV_NAME] => Паркур Kids
            [ACC] => 0
            [CNTTRAN] => 2
            [CNTTRANRESERV] => 0
        )

    [3] => Array
        (
            [KOD] => 804389
            [TIME_FROM] => 19:00
            [TIME_TO] => 20:00               
            [CLIENTS_CNT] => 0
            [TOV_NAME] => Паркур
            [ACC] => 0
            [CNTTRAN] => 0
            [CNTTRANRESERV] => 0
        )

    [4] => Array
        (
            [KOD] => 804593
            [TIME_FROM] => 19:00
            [TIME_TO] => 20:00               
            [CLIENTS_CNT] => 0
            [TOV_NAME] => CrossActivity
            [ACC] => 0
            [CNTTRAN] => 0
            [CNTTRANRESERV] => 0
        )

    [5] => Array
        (
            [KOD] => 804644
            [TIME_FROM] => 19:00
            [TIME_TO] => 20:00               
            [CLIENTS_CNT] => 5
            [TOV_NAME] => Cycle
            [ACC] => 0
            [CNTTRAN] => 2
            [CNTTRANRESERV] => 0
        )

    [6] => Array
        (
            [KOD] => 804440
            [TIME_FROM] => 19:00
            [TIME_TO] => 20:00               
            [CLIENTS_CNT] => 0
            [TOV_NAME] => FitnessMix
            [ACC] => 0
            [CNTTRAN] => 1
            [CNTTRANRESERV] => 0
        )

)

[2026-02-17 19:00:58] [INFO] (/home/redbarbe/public_html/telegram/webapps/action/ajax_get_tren.php:61) Array
(
    [KOD] => 804338
    [TIME_FROM] => 10:00
    [TIME_TO] => 11:00               
    [CLIENTS_CNT] => 0
    [TOV_NAME] => Йога
    [ACC] => 0
    [CNTTRAN] => 0
    [CNTTRANRESERV] => 0
)

[2026-02-17 19:00:58] [INFO] (/home/redbarbe/public_html/telegram/webapps/action/ajax_get_tren.php:61) Array
(
    [KOD] => 804491
    [TIME_FROM] => 18:00
    [TIME_TO] => 19:00               
    [CLIENTS_CNT] => 0
    [TOV_NAME] => Йога
    [ACC] => 0
    [CNTTRAN] => 0
    [CNTTRANRESERV] => 0
)

[2026-02-17 19:00:58] [INFO] (/home/redbarbe/public_html/telegram/webapps/action/ajax_get_tren.php:61) Array
(
    [KOD] => 804542
    [TIME_FROM] => 18:00
    [TIME_TO] => 19:00               
    [CLIENTS_CNT] => 0
    [TOV_NAME] => Паркур Kids
    [ACC] => 0
    [CNTTRAN] => 2
    [CNTTRANRESERV] => 0
)

[2026-02-17 19:00:58] [INFO] (/home/redbarbe/public_html/telegram/webapps/action/ajax_get_tren.php:61) Array
(
    [KOD] => 804389
    [TIME_FROM] => 19:00
    [TIME_TO] => 20:00               
    [CLIENTS_CNT] => 0
    [TOV_NAME] => Паркур
    [ACC] => 0
    [CNTTRAN] => 0
    [CNTTRANRESERV] => 0
)

[2026-02-17 19:00:58] [INFO] (/home/redbarbe/public_html/telegram/webapps/action/ajax_get_tren.php:61) Array
(
    [KOD] => 804593
    [TIME_FROM] => 19:00
    [TIME_TO] => 20:00               
    [CLIENTS_CNT] => 0
    [TOV_NAME] => CrossActivity
    [ACC] => 0
    [CNTTRAN] => 0
    [CNTTRANRESERV] => 0
)

[2026-02-17 19:00:58] [INFO] (/home/redbarbe/public_html/telegram/webapps/action/ajax_get_tren.php:61) Array
(
    [KOD] => 804644
    [TIME_FROM] => 19:00
    [TIME_TO] => 20:00               
    [CLIENTS_CNT] => 5
    [TOV_NAME] => Cycle
    [ACC] => 0
    [CNTTRAN] => 2
    [CNTTRANRESERV] => 0
)

[2026-02-17 19:00:58] [INFO] (/home/redbarbe/public_html/telegram/webapps/action/ajax_get_tren.php:61) Array
(
    [KOD] => 804440
    [TIME_FROM] => 19:00
    [TIME_TO] => 20:00               
    [CLIENTS_CNT] => 0
    [TOV_NAME] => FitnessMix
    [ACC] => 0
    [CNTTRAN] => 1
    [CNTTRANRESERV] => 0
)

[2026-02-17 19:03:23] [INFO] (/home/redbarbe/public_html/telegram/webapps/action/select_sotr.php:17) Array
(
    [action] => select_sotr
    [club] => -
    [club_ip] => 178.151.119.180
)

[2026-02-17 19:03:23] [INFO] (/home/redbarbe/public_html/telegram/webapps/action/select_sotr.php:27) Array
(
    [0] => Array
        (
            [ROLE] => Тренер
            [ID] => 0717
            [NAME] => Єфремова Олександра 
        )

    [1] => Array
        (
            [ROLE] => Тренер
            [ID] => 0707
            [NAME] => Андрияш Анна
        )

    [2] => Array
        (
            [ROLE] => Администратор фитнеса
            [ID] => 0903
            [NAME] => Антонова Аліса
        )

    [3] => Array
        (
            [ROLE] => Тренер
            [ID] => 0302
            [NAME] => Аштема Александр
        )

    [4] => Array
        (
            [ROLE] => Тренер
            [ID] => 0399
            [NAME] => Біліч Лариса
        )

    [5] => Array
        (
            [ROLE] => Тренер
            [ID] => 0316
            [NAME] => Вєтрова Катя
        )

    [6] => Array
        (
            [ROLE] => Тренер
            [ID] => 0708
            [NAME] => Виноградов Александр
        )

    [7] => Array
        (
            [ROLE] => Администратор фитнеса
            [ID] => 0402
            [NAME] => Войтюк Мар'яна
        )

    [8] => Array
        (
            [ROLE] => Тренер
            [ID] => 0327
            [NAME] => Гармаш Владимир
        )

    [9] => Array
        (
            [ROLE] => Главний бухгалтер
            [ID] => 0902
            [NAME] => Глав. Бух.
        )

    [10] => Array
        (
            [ROLE] => Тренер
            [ID] => 0718
            [NAME] => Дворніков Дмитро 
        )

    [11] => Array
        (
            [ROLE] => Администратор фитнеса
            [ID] => 0101
            [NAME] => Дежурный
        )

    [12] => Array
        (
            [ROLE] => Администратор фитнеса
            [ID] => 0104
            [NAME] => Демченко Александра
        )

    [13] => Array
        (
            [ROLE] => Администратор фитнеса
            [ID] => 0102
            [NAME] => Дубинчук Наталья
        )

    [14] => Array
        (
            [ROLE] => Тренер
            [ID] => 0304
            [NAME] => Елецкая Светлана
        )

    [15] => Array
        (
            [ROLE] => Тренер
            [ID] => 0308
            [NAME] => Колесник Богдан
        )

    [16] => Array
        (
            [ROLE] => Тренер
            [ID] => 0312
            [NAME] => Крыжановский Павел
        )

    [17] => Array
        (
            [ROLE] => Тренер
            [ID] => 0313
            [NAME] => Кукурудзяк Руслан
        )

    [18] => Array
        (
            [ROLE] => Тренер
            [ID] => 0325
            [NAME] => Оруджева Юлія
        )

    [19] => Array
        (
            [ROLE] => Тренер
            [ID] => 0710
            [NAME] => Остафи Денис
        )

    [20] => Array
        (
            [ROLE] => Тренер
            [ID] => 0715
            [NAME] => Проломов Данил
        )

    [21] => Array
        (
            [ROLE] => Тренер
            [ID] => 0311
            [NAME] => Романовская Наталья
        )

    [22] => Array
        (
            [ROLE] => Тренер
            [ID] => 0711
            [NAME] => Солянов Владислав
        )

    [23] => Array
        (
            [ROLE] => Тренер
            [ID] => 0326
            [NAME] => Тищенко Ольга
        )

    [24] => Array
        (
            [ROLE] => Тренер
            [ID] => 0310
            [NAME] => Фесенко Ира
        )

    [25] => Array
        (
            [ROLE] => Тренер
            [ID] => 0103
            [NAME] => Шевелько Руслан
        )

    [26] => Array
        (
            [ROLE] => Тренер
            [ID] => 0712
            [NAME] => Шевчук Вікторія
        )

    [27] => Array
        (
            [ROLE] => Головний адміністратор
            [ID] => 0901
            [NAME] => системный
        )

)

[2026-02-17 19:04:01] [INFO] (/home/redbarbe/public_html/telegram/webapps/reports/report_pers_detal.php:22) Array
(
)

[2026-02-17 19:04:07] [INFO] (/home/redbarbe/public_html/telegram/webapps/reports/report_pers_detal.php:22) Array
(
    [ajax_method] => 2
    [action] => report_pers_detal
    [action_report] => report_view
    [admin] => 5
    [date_from] => 17.02.2026
    [date_to] => 17.02.2026
    [ip_club] => 178.151.119.180
    [podr] => all
    [sotr] => 0311
)

[2026-02-17 19:04:24] [INFO] (/home/redbarbe/public_html/telegram/webapps/reports/report_pers_detal.php:22) Array
(
)

[2026-02-17 19:04:29] [INFO] (/home/redbarbe/public_html/telegram/webapps/reports/report_pers_detal.php:22) Array
(
    [ajax_method] => 2
    [action] => report_pers_detal
    [action_report] => report_view
    [admin] => 5
    [date_from] => 17.02.2026
    [date_to] => 17.02.2026
    [ip_club] => 178.151.119.180
    [podr] => all
    [sotr] => 0103
)

[2026-02-17 19:05:00] [INFO] (/home/redbarbe/public_html/telegram/webapps/reports/report_pers_detal.php:22) Array
(
)

[2026-02-17 19:05:09] [INFO] (/home/redbarbe/public_html/telegram/webapps/reports/report_pers_detal.php:22) Array
(
    [ajax_method] => 2
    [action] => report_pers_detal
    [action_report] => report_view
    [admin] => 5
    [date_from] => 14.02.2026
    [date_to] => 14.02.2026
    [ip_club] => 178.151.119.180
    [podr] => all
    [sotr] => 0311
)

[2026-02-17 19:11:58] [INFO] (/home/redbarbe/public_html/telegram/webapps/action/ajax_get_tren.php:35) Array
(
    [0] => Array
        (
            [KOD] => 804338
            [TIME_FROM] => 10:00
            [TIME_TO] => 11:00               
            [CLIENTS_CNT] => 0
            [TOV_NAME] => Йога
            [ACC] => 0
            [CNTTRAN] => 0
            [CNTTRANRESERV] => 0
        )

    [1] => Array
        (
            [KOD] => 804491
            [TIME_FROM] => 18:00
            [TIME_TO] => 19:00               
            [CLIENTS_CNT] => 0
            [TOV_NAME] => Йога
            [ACC] => 0
            [CNTTRAN] => 0
            [CNTTRANRESERV] => 0
        )

    [2] => Array
        (
            [KOD] => 804542
            [TIME_FROM] => 18:00
            [TIME_TO] => 19:00               
            [CLIENTS_CNT] => 0
            [TOV_NAME] => Паркур Kids
            [ACC] => 0
            [CNTTRAN] => 2
            [CNTTRANRESERV] => 0
        )

    [3] => Array
        (
            [KOD] => 804389
            [TIME_FROM] => 19:00
            [TIME_TO] => 20:00               
            [CLIENTS_CNT] => 0
            [TOV_NAME] => Паркур
            [ACC] => 0
            [CNTTRAN] => 0
            [CNTTRANRESERV] => 0
        )

    [4] => Array
        (
            [KOD] => 804593
            [TIME_FROM] => 19:00
            [TIME_TO] => 20:00               
            [CLIENTS_CNT] => 0
            [TOV_NAME] => CrossActivity
            [ACC] => 0
            [CNTTRAN] => 0
            [CNTTRANRESERV] => 0
        )

    [5] => Array
        (
            [KOD] => 804644
            [TIME_FROM] => 19:00
            [TIME_TO] => 20:00               
            [CLIENTS_CNT] => 5
            [TOV_NAME] => Cycle
            [ACC] => 0
            [CNTTRAN] => 2
            [CNTTRANRESERV] => 0
        )

    [6] => Array
        (
            [KOD] => 804440
            [TIME_FROM] => 19:00
            [TIME_TO] => 20:00               
            [CLIENTS_CNT] => 0
            [TOV_NAME] => FitnessMix
            [ACC] => 0
            [CNTTRAN] => 1
            [CNTTRANRESERV] => 0
        )

)

[2026-02-17 19:11:58] [INFO] (/home/redbarbe/public_html/telegram/webapps/action/ajax_get_tren.php:61) Array
(
    [KOD] => 804338
    [TIME_FROM] => 10:00
    [TIME_TO] => 11:00               
    [CLIENTS_CNT] => 0
    [TOV_NAME] => Йога
    [ACC] => 0
    [CNTTRAN] => 0
    [CNTTRANRESERV] => 0
)

[2026-02-17 19:11:58] [INFO] (/home/redbarbe/public_html/telegram/webapps/action/ajax_get_tren.php:61) Array
(
    [KOD] => 804491
    [TIME_FROM] => 18:00
    [TIME_TO] => 19:00               
    [CLIENTS_CNT] => 0
    [TOV_NAME] => Йога
    [ACC] => 0
    [CNTTRAN] => 0
    [CNTTRANRESERV] => 0
)

[2026-02-17 19:11:58] [INFO] (/home/redbarbe/public_html/telegram/webapps/action/ajax_get_tren.php:61) Array
(
    [KOD] => 804542
    [TIME_FROM] => 18:00
    [TIME_TO] => 19:00               
    [CLIENTS_CNT] => 0
    [TOV_NAME] => Паркур Kids
    [ACC] => 0
    [CNTTRAN] => 2
    [CNTTRANRESERV] => 0
)

[2026-02-17 19:11:58] [INFO] (/home/redbarbe/public_html/telegram/webapps/action/ajax_get_tren.php:61) Array
(
    [KOD] => 804389
    [TIME_FROM] => 19:00
    [TIME_TO] => 20:00               
    [CLIENTS_CNT] => 0
    [TOV_NAME] => Паркур
    [ACC] => 0
    [CNTTRAN] => 0
    [CNTTRANRESERV] => 0
)

[2026-02-17 19:11:58] [INFO] (/home/redbarbe/public_html/telegram/webapps/action/ajax_get_tren.php:61) Array
(
    [KOD] => 804593
    [TIME_FROM] => 19:00
    [TIME_TO] => 20:00               
    [CLIENTS_CNT] => 0
    [TOV_NAME] => CrossActivity
    [ACC] => 0
    [CNTTRAN] => 0
    [CNTTRANRESERV] => 0
)

[2026-02-17 19:11:58] [INFO] (/home/redbarbe/public_html/telegram/webapps/action/ajax_get_tren.php:61) Array
(
    [KOD] => 804644
    [TIME_FROM] => 19:00
    [TIME_TO] => 20:00               
    [CLIENTS_CNT] => 5
    [TOV_NAME] => Cycle
    [ACC] => 0
    [CNTTRAN] => 2
    [CNTTRANRESERV] => 0
)

[2026-02-17 19:11:58] [INFO] (/home/redbarbe/public_html/telegram/webapps/action/ajax_get_tren.php:61) Array
(
    [KOD] => 804440
    [TIME_FROM] => 19:00
    [TIME_TO] => 20:00               
    [CLIENTS_CNT] => 0
    [TOV_NAME] => FitnessMix
    [ACC] => 0
    [CNTTRAN] => 1
    [CNTTRANRESERV] => 0
)

[2026-02-17 19:20:58] [INFO] (/home/redbarbe/public_html/telegram/webapps/action/ajax_get_tren.php:35) Array
(
    [0] => Array
        (
            [KOD] => 794205
            [TIME_FROM] => 08:00
            [TIME_TO] => 09:00               
            [CLIENTS_CNT] => 0
            [TOV_NAME] => Бокс(хлопці, з 13 років)
            [ACC] => 0
            [CNTTRAN] => 0
            [CNTTRANRESERV] => 0
        )

    [1] => Array
        (
            [KOD] => 793947
            [TIME_FROM] => 16:00
            [TIME_TO] => 17:00               
            [CLIENTS_CNT] => 0
            [TOV_NAME] => Паркур kids
            [ACC] => 0
            [CNTTRAN] => 0
            [CNTTRANRESERV] => 0
        )

    [2] => Array
        (
            [KOD] => 793431
            [TIME_FROM] => 17:00
            [TIME_TO] => 18:00               
            [CLIENTS_CNT] => 0
            [TOV_NAME] => Паркур teens
            [ACC] => 0
            [CNTTRAN] => 0
            [CNTTRANRESERV] => 0
        )

    [3] => Array
        (
            [KOD] => 792141
            [TIME_FROM] => 18:00
            [TIME_TO] => 19:00               
            [CLIENTS_CNT] => 0
            [TOV_NAME] => Йога
            [ACC] => 0
            [CNTTRAN] => 0
            [CNTTRANRESERV] => 0
        )

    [4] => Array
        (
            [KOD] => 792399
            [TIME_FROM] => 19:40
            [TIME_TO] => 20:40               
            [CLIENTS_CNT] => 0
            [TOV_NAME] => Акробатика Kids
            [ACC] => 0
            [CNTTRAN] => 0
            [CNTTRANRESERV] => 0
        )

    [5] => Array
        (
            [KOD] => 792915
            [TIME_FROM] => 20:00
            [TIME_TO] => 21:00               
            [CLIENTS_CNT] => 0
            [TOV_NAME] => Cross activity
            [ACC] => 0
            [CNTTRAN] => 0
            [CNTTRANRESERV] => 0
        )

    [6] => Array
        (
            [KOD] => 793173
            [TIME_FROM] => 20:00
            [TIME_TO] => 21:00               
            [CLIENTS_CNT] => 0
            [TOV_NAME] => Stretching
            [ACC] => 0
            [CNTTRAN] => 3
            [CNTTRANRESERV] => 0
        )

)

[2026-02-17 19:20:58] [INFO] (/home/redbarbe/public_html/telegram/webapps/action/ajax_get_tren.php:61) Array
(
    [KOD] => 794205
    [TIME_FROM] => 08:00
    [TIME_TO] => 09:00               
    [CLIENTS_CNT] => 0
    [TOV_NAME] => Бокс(хлопці, з 13 років)
    [ACC] => 0
    [CNTTRAN] => 0
    [CNTTRANRESERV] => 0
)

[2026-02-17 19:20:58] [INFO] (/home/redbarbe/public_html/telegram/webapps/action/ajax_get_tren.php:61) Array
(
    [KOD] => 793947
    [TIME_FROM] => 16:00
    [TIME_TO] => 17:00               
    [CLIENTS_CNT] => 0
    [TOV_NAME] => Паркур kids
    [ACC] => 0
    [CNTTRAN] => 0
    [CNTTRANRESERV] => 0
)

[2026-02-17 19:20:58] [INFO] (/home/redbarbe/public_html/telegram/webapps/action/ajax_get_tren.php:61) Array
(
    [KOD] => 793431
    [TIME_FROM] => 17:00
    [TIME_TO] => 18:00               
    [CLIENTS_CNT] => 0
    [TOV_NAME] => Паркур teens
    [ACC] => 0
    [CNTTRAN] => 0
    [CNTTRANRESERV] => 0
)

[2026-02-17 19:20:58] [INFO] (/home/redbarbe/public_html/telegram/webapps/action/ajax_get_tren.php:61) Array
(
    [KOD] => 792141
    [TIME_FROM] => 18:00
    [TIME_TO] => 19:00               
    [CLIENTS_CNT] => 0
    [TOV_NAME] => Йога
    [ACC] => 0
    [CNTTRAN] => 0
    [CNTTRANRESERV] => 0
)

[2026-02-17 19:20:58] [INFO] (/home/redbarbe/public_html/telegram/webapps/action/ajax_get_tren.php:61) Array
(
    [KOD] => 792399
    [TIME_FROM] => 19:40
    [TIME_TO] => 20:40               
    [CLIENTS_CNT] => 0
    [TOV_NAME] => Акробатика Kids
    [ACC] => 0
    [CNTTRAN] => 0
    [CNTTRANRESERV] => 0
)

[2026-02-17 19:20:58] [INFO] (/home/redbarbe/public_html/telegram/webapps/action/ajax_get_tren.php:61) Array
(
    [KOD] => 792915
    [TIME_FROM] => 20:00
    [TIME_TO] => 21:00               
    [CLIENTS_CNT] => 0
    [TOV_NAME] => Cross activity
    [ACC] => 0
    [CNTTRAN] => 0
    [CNTTRANRESERV] => 0
)

[2026-02-17 19:20:58] [INFO] (/home/redbarbe/public_html/telegram/webapps/action/ajax_get_tren.php:61) Array
(
    [KOD] => 793173
    [TIME_FROM] => 20:00
    [TIME_TO] => 21:00               
    [CLIENTS_CNT] => 0
    [TOV_NAME] => Stretching
    [ACC] => 0
    [CNTTRAN] => 3
    [CNTTRANRESERV] => 0
)

[2026-02-17 19:36:57] [INFO] (/home/redbarbe/public_html/telegram/webapps/action/hist_ind.php:16) SELECT a.name FROM `spr_acc` a, spr_users u WHERE u.active_account=a.acc and u.chat_id=a.chat_id and a.acc=13870 
and u.club=(select id from spr_clubs where ip_club="212.26.139.90") limit 1
[2026-02-17 19:36:57] [INFO] (/home/redbarbe/public_html/telegram/webapps/action/hist_ind.php:17) hist_grp
[2026-02-17 19:36:57] [INFO] (/home/redbarbe/public_html/telegram/webapps/action/hist_ind.php:108) Array
(
    [dbeg] => 17.11.2025
    [dend] => today
    [acc] => 13870
    [command] => get_ind_history
)

[2026-02-17 19:36:57] [INFO] (/home/redbarbe/public_html/telegram/webapps/action/hist_ind.php:109) ip=212.26.139.90
[2026-02-17 19:37:20] [INFO] (/home/redbarbe/public_html/telegram/webapps/action/my_zapis.php:105) 
[2026-02-17 19:39:34] [INFO] (/home/redbarbe/public_html/telegram/webapps/action/hist_ost_poslug.php:19) SELECT a.name FROM `spr_acc` a, spr_users u WHERE u.active_account=a.acc and u.chat_id=a.chat_id and a.acc=10624 
and u.club=(select id from spr_clubs where ip_club="193.194.107.2") limit 1
[2026-02-17 19:39:34] [INFO] (/home/redbarbe/public_html/telegram/webapps/action/hist_ost_poslug.php:20) hist_ost_poslug
[2026-02-17 19:39:34] [INFO] (/home/redbarbe/public_html/telegram/webapps/action/hist_ost_poslug.php:111) Array
(
    [acc] => 10624
    [command] => GET_OST_POSLUG_ACC
)

[2026-02-17 19:39:34] [INFO] (/home/redbarbe/public_html/telegram/webapps/action/hist_ost_poslug.php:112) ip=193.194.107.2
[2026-02-17 19:39:41] [INFO] (/home/redbarbe/public_html/telegram/webapps/action/hist_grp.php:16) SELECT a.name FROM `spr_acc` a, spr_users u WHERE u.active_account=a.acc and u.chat_id=a.chat_id and a.acc=10624 
and u.club=(select id from spr_clubs where ip_club="193.194.107.2") limit 1
[2026-02-17 19:39:41] [INFO] (/home/redbarbe/public_html/telegram/webapps/action/hist_grp.php:17) hist_grp
[2026-02-17 19:39:41] [INFO] (/home/redbarbe/public_html/telegram/webapps/action/hist_grp.php:108) Array
(
    [dbeg] => 17.11.2025
    [dend] => today
    [acc] => 10624
    [command] => get_grp_history
)

[2026-02-17 19:39:41] [INFO] (/home/redbarbe/public_html/telegram/webapps/action/hist_grp.php:109) ip=193.194.107.2
[2026-02-17 19:39:47] [INFO] (/home/redbarbe/public_html/telegram/webapps/action/hist_grp.php:16) SELECT a.name FROM `spr_acc` a, spr_users u WHERE u.active_account=a.acc and u.chat_id=a.chat_id and a.acc=10624 
and u.club=(select id from spr_clubs where ip_club="193.194.107.2") limit 1
[2026-02-17 19:39:47] [INFO] (/home/redbarbe/public_html/telegram/webapps/action/hist_grp.php:17) hist_grp
[2026-02-17 19:39:47] [INFO] (/home/redbarbe/public_html/telegram/webapps/action/hist_grp.php:108) Array
(
    [dbeg] => 17.11.2025
    [dend] => today
    [acc] => 10624
    [command] => get_grp_history
)

[2026-02-17 19:39:47] [INFO] (/home/redbarbe/public_html/telegram/webapps/action/hist_grp.php:109) ip=193.194.107.2
[2026-02-17 19:49:08] [INFO] (/home/redbarbe/public_html/telegram/webapps/action/chats_clients.php:19) Array
(
    [action] => chats_clients
    [club] => 3
    [chat_id] => 986433564
)

[2026-02-17 19:49:08] [INFO] (/home/redbarbe/public_html/telegram/webapps/action/chats_clients.php:20) Потураєва Катерина Сергіївна
[2026-02-17 19:49:08] [INFO] (/home/redbarbe/public_html/telegram/webapps/action/chats_clients.php:113) Array
(
    [0] => Array
        (
            [chat_id_klient] => 1589803822
            [max_time] => 2026-02-15 17:34:33
            [name] => Ліцута Павло Петрович
            [cn_all] => 1
            [cn_read] => 1
        )

    [1] => Array
        (
            [chat_id_klient] => 699958235
            [max_time] => 2026-02-15 12:27:24
            [name] => Мельник  Сергій  Васильович
            [cn_all] => 22
            [cn_read] => 21
        )

    [2] => Array
        (
            [chat_id_klient] => 767551184
            [max_time] => 2026-02-14 16:09:21
            [name] => Шуваєва Аліна Олександрівна
            [cn_all] => 12
            [cn_read] => 12
        )

    [3] => Array
        (
            [chat_id_klient] => 1587985044
            [max_time] => 2026-02-14 16:07:29
            [name] => Мнацаканян  Дарина Андріївна
            [cn_all] => 4
            [cn_read] => 1
        )

    [4] => Array
        (
            [chat_id_klient] => 605131842
            [max_time] => 2026-02-14 15:57:11
            [name] => Черниш Тетяна Вікторівна
            [cn_all] => 2
            [cn_read] => 1
        )

    [5] => Array
        (
            [chat_id_klient] => 614500180
            [max_time] => 2026-02-14 15:55:45
            [name] => Маліннікова Анастасія Євгенівна
            [cn_all] => 5
            [cn_read] => 5
        )

    [6] => Array
        (
            [chat_id_klient] => 285319821
            [max_time] => 2026-02-12 09:51:08
            [name] => Кочубинський Федір Станіславович
            [cn_all] => 1
            [cn_read] => 1
        )

    [7] => Array
        (
            [chat_id_klient] => 490905909
            [max_time] => 2026-02-11 11:41:05
            [name] => Жила Антоніна Сергіївна
            [cn_all] => 8
            [cn_read] => 8
        )

    [8] => Array
        (
            [chat_id_klient] => 331543136
            [max_time] => 2026-02-06 07:39:18
            [name] => Петрухін Валерій Іванович
            [cn_all] => 2
            [cn_read] => 0
        )

    [9] => Array
        (
            [chat_id_klient] => 355331763
            [max_time] => 2026-02-05 12:17:57
            [name] => Хоменко Олександр Євгенійович
            [cn_all] => 3
            [cn_read] => 2
        )

    [10] => Array
        (
            [chat_id_klient] => 566682607
            [max_time] => 2026-02-03 16:54:31
            [name] => Волков Владислав
            [cn_all] => 1
            [cn_read] => 1
        )

    [11] => Array
        (
            [chat_id_klient] => 380448595
            [max_time] => 2026-02-03 16:07:42
            [name] => Куренкова Олена Олексіївна
            [cn_all] => 2
            [cn_read] => 1
        )

    [12] => Array
        (
            [chat_id_klient] => 827562364
            [max_time] => 2026-02-02 18:48:54
            [name] => Свірська Мілана Максимівна
            [cn_all] => 1
            [cn_read] => 1
        )

    [13] => Array
        (
            [chat_id_klient] => 1314914574
            [max_time] => 2026-01-30 07:05:52
            [name] => Шостак Христина Мик
            [cn_all] => 2
            [cn_read] => 1
        )

    [14] => Array
        (
            [chat_id_klient] => 546932631
            [max_time] => 2026-01-28 16:29:32
            [name] => Лісова Карина Юріівна
            [cn_all] => 3
            [cn_read] => 3
        )

    [15] => Array
        (
            [chat_id_klient] => 470778939
            [max_time] => 2026-01-26 16:17:44
            [name] => Улизько Владислава Максимівна
            [cn_all] => 2
            [cn_read] => 1
        )

    [16] => Array
        (
            [chat_id_klient] => 577898333
            [max_time] => 2026-01-25 12:18:15
            [name] => Дубінчак Олександр  Валерійович
            [cn_all] => 2
            [cn_read] => 2
        )

    [17] => Array
        (
            [chat_id_klient] => 445588956
            [max_time] => 2026-01-25 10:29:07
            [name] => Бунда Олександра
            [cn_all] => 5
            [cn_read] => 5
        )

    [18] => Array
        (
            [chat_id_klient] => 198986858
            [max_time] => 2026-01-23 17:38:51
            [name] => Шаповалов Михайло Євгенійович
            [cn_all] => 5
            [cn_read] => 5
        )

    [19] => Array
        (
            [chat_id_klient] => 439837091
            [max_time] => 2026-01-22 20:52:15
            [name] => Трипядько Віталій Анатолійович
            [cn_all] => 2
            [cn_read] => 2
        )

    [20] => Array
        (
            [chat_id_klient] => 217216084
            [max_time] => 2026-01-22 18:01:34
            [name] => Турик Надія
            [cn_all] => 1
            [cn_read] => 1
        )

    [21] => Array
        (
            [chat_id_klient] => 450314398
            [max_time] => 2026-01-20 21:58:19
            [name] => Сильвашій Юлія  Віталіївна
            [cn_all] => 4
            [cn_read] => 4
        )

    [22] => Array
        (
            [chat_id_klient] => 539317921
            [max_time] => 2026-01-17 13:37:09
            [name] => Янчикова  Анастасія  Андріївна
            [cn_all] => 2
            [cn_read] => 2
        )

    [23] => Array
        (
            [chat_id_klient] => 1059389435
            [max_time] => 2026-01-17 13:35:57
            [name] => Філатова Вікторія Дмитрівна
            [cn_all] => 3
            [cn_read] => 3
        )

    [24] => Array
        (
            [chat_id_klient] => 532442590
            [max_time] => 2026-01-15 20:43:28
            [name] => Лободін Олег Георгійович
            [cn_all] => 11
            [cn_read] => 11
        )

    [25] => Array
        (
            [chat_id_klient] => 7399095175
            [max_time] => 2026-01-14 20:48:46
            [name] => Лоносов Давид  Євгенійович
            [cn_all] => 6
            [cn_read] => 6
        )

    [26] => Array
        (
            [chat_id_klient] => 426631944
            [max_time] => 2026-01-14 12:49:41
            [name] => Путілова Олександра Дмитрівна
            [cn_all] => 3
            [cn_read] => 3
        )

    [27] => Array
        (
            [chat_id_klient] => 348083562
            [max_time] => 2026-01-14 11:45:48
            [name] => Зеленіна Анна Олегівна
            [cn_all] => 14
            [cn_read] => 14
        )

    [28] => Array
        (
            [chat_id_klient] => 327952363
            [max_time] => 2026-01-14 11:31:18
            [name] => Пчолкін Дмитро Олексійович
            [cn_all] => 11
            [cn_read] => 11
        )

    [29] => Array
        (
            [chat_id_klient] => 749295005
            [max_time] => 2026-01-13 10:43:59
            [name] => Степаненко Евеліна Михайлівна
            [cn_all] => 12
            [cn_read] => 12
        )

    [30] => Array
        (
            [chat_id_klient] => 6840750333
            [max_time] => 2026-01-13 10:39:52
            [name] => Михальська Ліліана Віталіївна
            [cn_all] => 2
            [cn_read] => 2
        )

    [31] => Array
        (
            [chat_id_klient] => 361916123
            [max_time] => 2026-01-12 17:31:58
            [name] => Саліванова Катерина Володимирівна
            [cn_all] => 4
            [cn_read] => 4
        )

    [32] => Array
        (
            [chat_id_klient] => 8449657004
            [max_time] => 2026-01-09 11:16:19
            [name] => Тимощук  Тетяна  Михайлівна
            [cn_all] => 2
            [cn_read] => 2
        )

    [33] => Array
        (
            [chat_id_klient] => 1152613028
            [max_time] => 2026-01-08 17:34:37
            [name] => Недорубко  Варвара Ігорівна
            [cn_all] => 2
            [cn_read] => 2
        )

    [34] => Array
        (
            [chat_id_klient] => 507268159
            [max_time] => 2026-01-05 12:27:42
            [name] => Мотузка Ольга Вікторівна
            [cn_all] => 8
            [cn_read] => 8
        )

    [35] => Array
        (
            [chat_id_klient] => 425553145
            [max_time] => 2026-01-03 19:41:24
            [name] => Ткаченко Дарина Віталіївна
            [cn_all] => 7
            [cn_read] => 7
        )

    [36] => Array
        (
            [chat_id_klient] => 875440597
            [max_time] => 2026-01-02 20:31:11
            [name] => Тютюнік Роман Олександрович
            [cn_all] => 5
            [cn_read] => 5
        )

    [37] => Array
        (
            [chat_id_klient] => 804900695
            [max_time] => 2026-01-02 17:38:49
            [name] => Пашкевич  Олександр Олегович
            [cn_all] => 3
            [cn_read] => 3
        )

    [38] => Array
        (
            [chat_id_klient] => 478442412
            [max_time] => 2025-12-30 20:00:42
            [name] => Кузнецов Віктор
            [cn_all] => 12
            [cn_read] => 12
        )

    [39] => Array
        (
            [chat_id_klient] => 5865961544
            [max_time] => 2025-12-29 15:14:25
            [name] => Чорнобай Андрій Павлович
            [cn_all] => 6
            [cn_read] => 6
        )

    [40] => Array
        (
            [chat_id_klient] => 848851997
            [max_time] => 2025-12-28 12:46:48
            [name] => Пономарьов Денис Романович
            [cn_all] => 5
            [cn_read] => 5
        )

    [41] => Array
        (
            [chat_id_klient] => 5039403320
            [max_time] => 2025-12-19 14:50:21
            [name] => Король Альона Василівна
            [cn_all] => 2
            [cn_read] => 2
        )

    [42] => Array
        (
            [chat_id_klient] => 1313567273
            [max_time] => 2025-12-18 20:25:22
            [name] => Шубіна Олена Вадимівна
            [cn_all] => 3
            [cn_read] => 2
        )

    [43] => Array
        (
            [chat_id_klient] => 188906740
            [max_time] => 2025-12-15 14:28:03
            [name] => Горев-Чуянова Тамара Олександрівна
            [cn_all] => 7
            [cn_read] => 7
        )

    [44] => Array
        (
            [chat_id_klient] => 481846974
            [max_time] => 2025-12-15 13:06:46
            [name] => Стасюк  Станіслав  Ігорович
            [cn_all] => 5
            [cn_read] => 5
        )

    [45] => Array
        (
            [chat_id_klient] => 5659555483
            [max_time] => 2025-12-10 18:07:34
            [name] => Sheva White Alex
            [cn_all] => 32
            [cn_read] => 31
        )

    [46] => Array
        (
            [chat_id_klient] => 471910873
            [max_time] => 2025-12-10 09:30:14
            [name] => Сорокін Павло Генадыйович
            [cn_all] => 5
            [cn_read] => 5
        )

    [47] => Array
        (
            [chat_id_klient] => 283451441
            [max_time] => 2025-12-08 18:28:09
            [name] => Варгатюк  Марина  Сергіївна
            [cn_all] => 3
            [cn_read] => 3
        )

    [48] => Array
        (
            [chat_id_klient] => 984088106
            [max_time] => 2025-12-08 16:33:15
            [name] => Калініна Ярослава михайлівна
            [cn_all] => 2
            [cn_read] => 1
        )

    [49] => Array
        (
            [chat_id_klient] => 6965972540
            [max_time] => 2025-12-05 12:18:27
            [name] => Мирошниченко Роман Романович
            [cn_all] => 32
            [cn_read] => 32
        )

    [50] => Array
        (
            [chat_id_klient] => 653323314
            [max_time] => 2025-12-04 11:15:55
            [name] => Яцук Юлія  Андріївна
            [cn_all] => 8
            [cn_read] => 7
        )

    [51] => Array
        (
            [chat_id_klient] => 379025697
            [max_time] => 2025-12-01 16:13:41
            [name] => Рубан Анастасія
            [cn_all] => 2
            [cn_read] => 2
        )

    [52] => Array
        (
            [chat_id_klient] => 792809078
            [max_time] => 2025-11-29 14:10:31
            [name] => Пав Данііл  Олександрович
            [cn_all] => 2
            [cn_read] => 2
        )

    [53] => Array
        (
            [chat_id_klient] => 6415001638
            [max_time] => 2025-11-27 16:49:16
            [name] => Євсіков Саятослав Романович
            [cn_all] => 2
            [cn_read] => 2
        )

    [54] => Array
        (
            [chat_id_klient] => 625842841
            [max_time] => 2025-11-27 11:53:52
            [name] => Добрівечір Катерина Василівна
            [cn_all] => 5
            [cn_read] => 5
        )

    [55] => Array
        (
            [chat_id_klient] => 6561008075
            [max_time] => 2025-11-25 22:33:18
            [name] => Лосінська Вікторія Олександрівна
            [cn_all] => 8
            [cn_read] => 8
        )

    [56] => Array
        (
            [chat_id_klient] => 326958147
            [max_time] => 2025-11-19 21:47:54
            [name] => Бабійчук Луїза Богданівна
            [cn_all] => 5
            [cn_read] => 5
        )

    [57] => Array
        (
            [chat_id_klient] => 1739820280
            [max_time] => 2025-11-13 14:36:23
            [name] => Уманцева  Дарья  Андреевна
            [cn_all] => 7
            [cn_read] => 7
        )

    [58] => Array
        (
            [chat_id_klient] => 6674278960
            [max_time] => 2025-11-13 14:35:56
            [name] => Войтко  Роман  Валентинович
            [cn_all] => 4
            [cn_read] => 4
        )

    [59] => Array
        (
            [chat_id_klient] => 570670025
            [max_time] => 2025-11-09 17:29:48
            [name] => Тібірькова  Марія  Сергіївна
            [cn_all] => 4
            [cn_read] => 4
        )

    [60] => Array
        (
            [chat_id_klient] => 755511098
            [max_time] => 2025-11-07 07:07:09
            [name] => Гайдаєнко Анастасія Олегівна
            [cn_all] => 2
            [cn_read] => 2
        )

    [61] => Array
        (
            [chat_id_klient] => 422313694
            [max_time] => 2025-11-05 16:57:42
            [name] => Мартиненко  Анастасія Вікторівна
            [cn_all] => 5
            [cn_read] => 5
        )

    [62] => Array
        (
            [chat_id_klient] => 5222165663
            [max_time] => 2025-11-03 20:46:14
            [name] => Шепельська Оксана Олегівна
            [cn_all] => 1
            [cn_read] => 1
        )

    [63] => Array
        (
            [chat_id_klient] => 175857112
            [max_time] => 2025-11-03 16:13:56
            [name] => Іскра Карина Сергіівна
            [cn_all] => 4
            [cn_read] => 4
        )

    [64] => Array
        (
            [chat_id_klient] => 536912870
            [max_time] => 2025-11-03 14:47:23
            [name] => тест тест тестович
            [cn_all] => 6
            [cn_read] => 6
        )

    [65] => Array
        (
            [chat_id_klient] => 558363404
            [max_time] => 2025-10-31 22:05:37
            [name] => Сидоренко  Наталія  Миколаївна
            [cn_all] => 1
            [cn_read] => 0
        )

    [66] => Array
        (
            [chat_id_klient] => 365283260
            [max_time] => 2025-10-31 08:14:47
            [name] => Иванова Маргарита Александровна
            [cn_all] => 1
            [cn_read] => 1
        )

    [67] => Array
        (
            [chat_id_klient] => 572851893
            [max_time] => 2025-10-29 19:03:07
            [name] => Кулібаба Тетяна Віталіївна
            [cn_all] => 1
            [cn_read] => 0
        )

    [68] => Array
        (
            [chat_id_klient] => 689523639
            [max_time] => 2025-10-29 13:35:11
            [name] => Бондаренко Марина Геннадіївна
            [cn_all] => 1
            [cn_read] => 0
        )

    [69] => Array
        (
            [chat_id_klient] => 384851591
            [max_time] => 2025-10-29 09:09:54
            [name] => Мартинюк Андрій Богданович
            [cn_all] => 2
            [cn_read] => 2
        )

    [70] => Array
        (
            [chat_id_klient] => 150233149
            [max_time] => 2025-10-23 16:50:37
            [name] => Бех Артем Анатолійович
            [cn_all] => 2
            [cn_read] => 2
        )

    [71] => Array
        (
            [chat_id_klient] => 402875702
            [max_time] => 2025-10-22 16:52:42
            [name] => Мельник Вікторія Іванівна
            [cn_all] => 7
            [cn_read] => 5
        )

    [72] => Array
        (
            [chat_id_klient] => 971780531
            [max_time] => 2025-10-22 09:52:56
            [name] => Артьомов Владислав Денисович
            [cn_all] => 1
            [cn_read] => 1
        )

    [73] => Array
        (
            [chat_id_klient] => 395182678
            [max_time] => 2025-10-17 12:49:31
            [name] => Бікулова Тетяна Сергіївна
            [cn_all] => 1
            [cn_read] => 0
        )

    [74] => Array
        (
            [chat_id_klient] => 548034107
            [max_time] => 2025-10-17 11:05:46
            [name] => Кулікова Ірина Павлівна
            [cn_all] => 1
            [cn_read] => 0
        )

    [75] => Array
        (
            [chat_id_klient] => 7130950326
            [max_time] => 2025-10-15 21:46:29
            [name] => Климук  Вікторія  Сергіївна
            [cn_all] => 1
            [cn_read] => 0
        )

    [76] => Array
        (
            [chat_id_klient] => 520407040
            [max_time] => 2025-10-15 12:36:56
            [name] => Гунь Микита Єгорович
            [cn_all] => 1
            [cn_read] => 0
        )

    [77] => Array
        (
            [chat_id_klient] => 8168600093
            [max_time] => 2025-10-14 14:14:20
            [name] => Бодня Марина Олександрівна
            [cn_all] => 14
            [cn_read] => 14
        )

    [78] => Array
        (
            [chat_id_klient] => 310672305
            [max_time] => 2025-10-13 14:48:43
            [name] => Слободянюк Анастасія Тарасівна
            [cn_all] => 2
            [cn_read] => 2
        )

    [79] => Array
        (
            [chat_id_klient] => 809188240
            [max_time] => 2025-10-08 09:28:17
            [name] => Сербін Даніл
            [cn_all] => 8
            [cn_read] => 8
        )

    [80] => Array
        (
            [chat_id_klient] => 360072238
            [max_time] => 2025-09-24 07:14:36
            [name] => Сичова Вікторія Олексіївна
            [cn_all] => 2
            [cn_read] => 2
        )

    [81] => Array
        (
            [chat_id_klient] => 791471939
            [max_time] => 2025-09-20 09:10:31
            [name] => Нарманія Вардо Романівна
            [cn_all] => 19
            [cn_read] => 19
        )

    [82] => Array
        (
            [chat_id_klient] => 414044474
            [max_time] => 2025-09-19 20:02:28
            [name] => Кіріченко Надія Іванівна
            [cn_all] => 5
            [cn_read] => 5
        )

    [83] => Array
        (
            [chat_id_klient] => 1442839374
            [max_time] => 2025-09-19 14:31:25
            [name] => Животовська Маргарита Володимирівна
            [cn_all] => 2
            [cn_read] => 1
        )

    [84] => Array
        (
            [chat_id_klient] => 471099013
            [max_time] => 2025-09-18 16:10:58
            [name] => Кравець Володимир
            [cn_all] => 5
            [cn_read] => 5
        )

    [85] => Array
        (
            [chat_id_klient] => 278786807
            [max_time] => 2025-09-12 19:36:37
            [name] => Яковенко Дмитро Олександрович
            [cn_all] => 1
            [cn_read] => 1
        )

    [86] => Array
        (
            [chat_id_klient] => 489788359
            [max_time] => 2025-09-03 16:58:52
            [name] => Баришполь Аня
            [cn_all] => 2
            [cn_read] => 1
        )

    [87] => Array
        (
            [chat_id_klient] => 943694448
            [max_time] => 2025-09-02 12:34:52
            [name] => Філоненко Ольга Сергіївна
            [cn_all] => 2
            [cn_read] => 2
        )

    [88] => Array
        (
            [chat_id_klient] => 126324701
            [max_time] => 2025-08-26 18:01:32
            [name] => Кузьменко Антон Сергеевич
            [cn_all] => 18
            [cn_read] => 18
        )

    [89] => Array
        (
            [chat_id_klient] => 554235424
            [max_time] => 2025-08-20 15:02:22
            [name] => Ільенко Яна
            [cn_all] => 19
            [cn_read] => 19
        )

    [90] => Array
        (
            [chat_id_klient] => 1031710535
            [max_time] => 2025-08-19 13:52:06
            [name] => Сап''Ян Платон Констянтинович
            [cn_all] => 2
            [cn_read] => 2
        )

    [91] => Array
        (
            [chat_id_klient] => 5202027055
            [max_time] => 2025-08-12 09:15:06
            [name] => Поліщук Оксана Миколаївна
            [cn_all] => 3
            [cn_read] => 3
        )

    [92] => Array
        (
            [chat_id_klient] => 1658572508
            [max_time] => 2025-08-08 17:15:18
            [name] => Куринный Алексей Анатольевич
            [cn_all] => 2
            [cn_read] => 2
        )

    [93] => Array
        (
            [chat_id_klient] => 7868638728
            [max_time] => 2025-08-07 12:04:24
            [name] => Святокум Анастасія Юріївна
            [cn_all] => 5
            [cn_read] => 5
        )

    [94] => Array
        (
            [chat_id_klient] => 489245778
            [max_time] => 2025-08-01 16:15:15
            [name] => Каракаш Віталій Миколайович
            [cn_all] => 3
            [cn_read] => 3
        )

    [95] => Array
        (
            [chat_id_klient] => 563331428
            [max_time] => 2025-07-15 11:52:28
            [name] => Гарапач Анна Олександрівна
            [cn_all] => 2
            [cn_read] => 2
        )

    [96] => Array
        (
            [chat_id_klient] => 6766473077
            [max_time] => 2025-06-22 13:23:59
            [name] => Железняк Артем Валерійович
            [cn_all] => 2
            [cn_read] => 2
        )

    [97] => Array
        (
            [chat_id_klient] => 1281319111
            [max_time] => 2025-06-21 20:12:57
            [name] => Кулішенко Антон Вікторович
            [cn_all] => 3
            [cn_read] => 3
        )

    [98] => Array
        (
            [chat_id_klient] => 1209198185
            [max_time] => 2025-06-17 14:24:30
            [name] => Стариченко Олена Ігорівна
            [cn_all] => 6
            [cn_read] => 6
        )

    [99] => Array
        (
            [chat_id_klient] => 649740593
            [max_time] => 2025-06-13 13:20:12
            [name] => Науменко Катерина Павлівна
            [cn_all] => 2
            [cn_read] => 2
        )

    [100] => Array
        (
            [chat_id_klient] => 1728067294
            [max_time] => 2025-06-09 19:16:57
            [name] => Гінетов Тимур Максимович
            [cn_all] => 2
            [cn_read] => 2
        )

    [101] => Array
        (
            [chat_id_klient] => 5152743290
            [max_time] => 2025-06-02 15:40:46
            [name] => Вовченко Тетяна Петрівна
            [cn_all] => 3
            [cn_read] => 3
        )

)

[2026-02-17 19:53:15] [INFO] (/home/redbarbe/public_html/telegram/webapps/action/hist_ind.php:16) SELECT a.name FROM `spr_acc` a, spr_users u WHERE u.active_account=a.acc and u.chat_id=a.chat_id and a.acc=8408 
and u.club=(select id from spr_clubs where ip_club="178.151.119.180") limit 1
[2026-02-17 19:53:15] [INFO] (/home/redbarbe/public_html/telegram/webapps/action/hist_ind.php:17) hist_grp
[2026-02-17 19:53:15] [INFO] (/home/redbarbe/public_html/telegram/webapps/action/hist_ind.php:108) Array
(
    [dbeg] => 17.11.2025
    [dend] => today
    [acc] => 8408
    [command] => get_ind_history
)

[2026-02-17 19:53:15] [INFO] (/home/redbarbe/public_html/telegram/webapps/action/hist_ind.php:109) ip=178.151.119.180
[2026-02-17 19:58:13] [INFO] (/home/redbarbe/public_html/telegram/webapps/action/select_sotr.php:17) Array
(
    [action] => select_sotr
    [club] => -
    [club_ip] => 178.151.119.180
)

[2026-02-17 19:58:13] [INFO] (/home/redbarbe/public_html/telegram/webapps/action/select_sotr.php:27) Array
(
    [0] => Array
        (
            [ROLE] => Тренер
            [ID] => 0717
            [NAME] => Єфремова Олександра 
        )

    [1] => Array
        (
            [ROLE] => Тренер
            [ID] => 0707
            [NAME] => Андрияш Анна
        )

    [2] => Array
        (
            [ROLE] => Администратор фитнеса
            [ID] => 0903
            [NAME] => Антонова Аліса
        )

    [3] => Array
        (
            [ROLE] => Тренер
            [ID] => 0302
            [NAME] => Аштема Александр
        )

    [4] => Array
        (
            [ROLE] => Тренер
            [ID] => 0399
            [NAME] => Біліч Лариса
        )

    [5] => Array
        (
            [ROLE] => Тренер
            [ID] => 0316
            [NAME] => Вєтрова Катя
        )

    [6] => Array
        (
            [ROLE] => Тренер
            [ID] => 0708
            [NAME] => Виноградов Александр
        )

    [7] => Array
        (
            [ROLE] => Администратор фитнеса
            [ID] => 0402
            [NAME] => Войтюк Мар'яна
        )

    [8] => Array
        (
            [ROLE] => Тренер
            [ID] => 0327
            [NAME] => Гармаш Владимир
        )

    [9] => Array
        (
            [ROLE] => Главний бухгалтер
            [ID] => 0902
            [NAME] => Глав. Бух.
        )

    [10] => Array
        (
            [ROLE] => Тренер
            [ID] => 0718
            [NAME] => Дворніков Дмитро 
        )

    [11] => Array
        (
            [ROLE] => Администратор фитнеса
            [ID] => 0101
            [NAME] => Дежурный
        )

    [12] => Array
        (
            [ROLE] => Администратор фитнеса
            [ID] => 0104
            [NAME] => Демченко Александра
        )

    [13] => Array
        (
            [ROLE] => Администратор фитнеса
            [ID] => 0102
            [NAME] => Дубинчук Наталья
        )

    [14] => Array
        (
            [ROLE] => Тренер
            [ID] => 0304
            [NAME] => Елецкая Светлана
        )

    [15] => Array
        (
            [ROLE] => Тренер
            [ID] => 0308
            [NAME] => Колесник Богдан
        )

    [16] => Array
        (
            [ROLE] => Тренер
            [ID] => 0312
            [NAME] => Крыжановский Павел
        )

    [17] => Array
        (
            [ROLE] => Тренер
            [ID] => 0313
            [NAME] => Кукурудзяк Руслан
        )

    [18] => Array
        (
            [ROLE] => Тренер
            [ID] => 0325
            [NAME] => Оруджева Юлія
        )

    [19] => Array
        (
            [ROLE] => Тренер
            [ID] => 0710
            [NAME] => Остафи Денис
        )

    [20] => Array
        (
            [ROLE] => Тренер
            [ID] => 0715
            [NAME] => Проломов Данил
        )

    [21] => Array
        (
            [ROLE] => Тренер
            [ID] => 0311
            [NAME] => Романовская Наталья
        )

    [22] => Array
        (
            [ROLE] => Тренер
            [ID] => 0711
            [NAME] => Солянов Владислав
        )

    [23] => Array
        (
            [ROLE] => Тренер
            [ID] => 0326
            [NAME] => Тищенко Ольга
        )

    [24] => Array
        (
            [ROLE] => Тренер
            [ID] => 0310
            [NAME] => Фесенко Ира
        )

    [25] => Array
        (
            [ROLE] => Тренер
            [ID] => 0103
            [NAME] => Шевелько Руслан
        )

    [26] => Array
        (
            [ROLE] => Тренер
            [ID] => 0712
            [NAME] => Шевчук Вікторія
        )

    [27] => Array
        (
            [ROLE] => Головний адміністратор
            [ID] => 0901
            [NAME] => системный
        )

)

[2026-02-17 20:29:25] [INFO] (/home/redbarbe/public_html/telegram/webapps/action/chats_clients.php:19) Array
(
    [action] => chats_clients
    [club] => 3
    [chat_id] => 5890364519
)

[2026-02-17 20:29:25] [INFO] (/home/redbarbe/public_html/telegram/webapps/action/chats_clients.php:20) Борщагівка Ред Барбел Адмін
[2026-02-17 20:29:25] [INFO] (/home/redbarbe/public_html/telegram/webapps/action/chats_clients.php:113) Array
(
    [0] => Array
        (
            [chat_id_klient] => 1589803822
            [max_time] => 2026-02-15 17:34:33
            [name] => Ліцута Павло Петрович
            [cn_all] => 1
            [cn_read] => 1
        )

    [1] => Array
        (
            [chat_id_klient] => 699958235
            [max_time] => 2026-02-15 12:27:24
            [name] => Мельник  Сергій  Васильович
            [cn_all] => 22
            [cn_read] => 21
        )

    [2] => Array
        (
            [chat_id_klient] => 767551184
            [max_time] => 2026-02-14 16:09:21
            [name] => Шуваєва Аліна Олександрівна
            [cn_all] => 12
            [cn_read] => 12
        )

    [3] => Array
        (
            [chat_id_klient] => 1587985044
            [max_time] => 2026-02-14 16:07:29
            [name] => Мнацаканян  Дарина Андріївна
            [cn_all] => 4
            [cn_read] => 1
        )

    [4] => Array
        (
            [chat_id_klient] => 605131842
            [max_time] => 2026-02-14 15:57:11
            [name] => Черниш Тетяна Вікторівна
            [cn_all] => 2
            [cn_read] => 1
        )

    [5] => Array
        (
            [chat_id_klient] => 614500180
            [max_time] => 2026-02-14 15:55:45
            [name] => Маліннікова Анастасія Євгенівна
            [cn_all] => 5
            [cn_read] => 5
        )

    [6] => Array
        (
            [chat_id_klient] => 285319821
            [max_time] => 2026-02-12 09:51:08
            [name] => Кочубинський Федір Станіславович
            [cn_all] => 1
            [cn_read] => 1
        )

    [7] => Array
        (
            [chat_id_klient] => 490905909
            [max_time] => 2026-02-11 11:41:05
            [name] => Жила Антоніна Сергіївна
            [cn_all] => 8
            [cn_read] => 8
        )

    [8] => Array
        (
            [chat_id_klient] => 331543136
            [max_time] => 2026-02-06 07:39:18
            [name] => Петрухін Валерій Іванович
            [cn_all] => 2
            [cn_read] => 0
        )

    [9] => Array
        (
            [chat_id_klient] => 355331763
            [max_time] => 2026-02-05 12:17:57
            [name] => Хоменко Олександр Євгенійович
            [cn_all] => 3
            [cn_read] => 2
        )

    [10] => Array
        (
            [chat_id_klient] => 566682607
            [max_time] => 2026-02-03 16:54:31
            [name] => Волков Владислав
            [cn_all] => 1
            [cn_read] => 1
        )

    [11] => Array
        (
            [chat_id_klient] => 380448595
            [max_time] => 2026-02-03 16:07:42
            [name] => Куренкова Олена Олексіївна
            [cn_all] => 2
            [cn_read] => 1
        )

    [12] => Array
        (
            [chat_id_klient] => 827562364
            [max_time] => 2026-02-02 18:48:54
            [name] => Свірська Мілана Максимівна
            [cn_all] => 1
            [cn_read] => 1
        )

    [13] => Array
        (
            [chat_id_klient] => 1314914574
            [max_time] => 2026-01-30 07:05:52
            [name] => Шостак Христина Мик
            [cn_all] => 2
            [cn_read] => 1
        )

    [14] => Array
        (
            [chat_id_klient] => 546932631
            [max_time] => 2026-01-28 16:29:32
            [name] => Лісова Карина Юріівна
            [cn_all] => 3
            [cn_read] => 3
        )

    [15] => Array
        (
            [chat_id_klient] => 470778939
            [max_time] => 2026-01-26 16:17:44
            [name] => Улизько Владислава Максимівна
            [cn_all] => 2
            [cn_read] => 1
        )

    [16] => Array
        (
            [chat_id_klient] => 577898333
            [max_time] => 2026-01-25 12:18:15
            [name] => Дубінчак Олександр  Валерійович
            [cn_all] => 2
            [cn_read] => 2
        )

    [17] => Array
        (
            [chat_id_klient] => 445588956
            [max_time] => 2026-01-25 10:29:07
            [name] => Бунда Олександра
            [cn_all] => 5
            [cn_read] => 5
        )

    [18] => Array
        (
            [chat_id_klient] => 198986858
            [max_time] => 2026-01-23 17:38:51
            [name] => Шаповалов Михайло Євгенійович
            [cn_all] => 5
            [cn_read] => 5
        )

    [19] => Array
        (
            [chat_id_klient] => 439837091
            [max_time] => 2026-01-22 20:52:15
            [name] => Трипядько Віталій Анатолійович
            [cn_all] => 2
            [cn_read] => 2
        )

    [20] => Array
        (
            [chat_id_klient] => 217216084
            [max_time] => 2026-01-22 18:01:34
            [name] => Турик Надія
            [cn_all] => 1
            [cn_read] => 1
        )

    [21] => Array
        (
            [chat_id_klient] => 450314398
            [max_time] => 2026-01-20 21:58:19
            [name] => Сильвашій Юлія  Віталіївна
            [cn_all] => 4
            [cn_read] => 4
        )

    [22] => Array
        (
            [chat_id_klient] => 539317921
            [max_time] => 2026-01-17 13:37:09
            [name] => Янчикова  Анастасія  Андріївна
            [cn_all] => 2
            [cn_read] => 2
        )

    [23] => Array
        (
            [chat_id_klient] => 1059389435
            [max_time] => 2026-01-17 13:35:57
            [name] => Філатова Вікторія Дмитрівна
            [cn_all] => 3
            [cn_read] => 3
        )

    [24] => Array
        (
            [chat_id_klient] => 532442590
            [max_time] => 2026-01-15 20:43:28
            [name] => Лободін Олег Георгійович
            [cn_all] => 11
            [cn_read] => 11
        )

    [25] => Array
        (
            [chat_id_klient] => 7399095175
            [max_time] => 2026-01-14 20:48:46
            [name] => Лоносов Давид  Євгенійович
            [cn_all] => 6
            [cn_read] => 6
        )

    [26] => Array
        (
            [chat_id_klient] => 426631944
            [max_time] => 2026-01-14 12:49:41
            [name] => Путілова Олександра Дмитрівна
            [cn_all] => 3
            [cn_read] => 3
        )

    [27] => Array
        (
            [chat_id_klient] => 348083562
            [max_time] => 2026-01-14 11:45:48
            [name] => Зеленіна Анна Олегівна
            [cn_all] => 14
            [cn_read] => 14
        )

    [28] => Array
        (
            [chat_id_klient] => 327952363
            [max_time] => 2026-01-14 11:31:18
            [name] => Пчолкін Дмитро Олексійович
            [cn_all] => 11
            [cn_read] => 11
        )

    [29] => Array
        (
            [chat_id_klient] => 749295005
            [max_time] => 2026-01-13 10:43:59
            [name] => Степаненко Евеліна Михайлівна
            [cn_all] => 12
            [cn_read] => 12
        )

    [30] => Array
        (
            [chat_id_klient] => 6840750333
            [max_time] => 2026-01-13 10:39:52
            [name] => Михальська Ліліана Віталіївна
            [cn_all] => 2
            [cn_read] => 2
        )

    [31] => Array
        (
            [chat_id_klient] => 361916123
            [max_time] => 2026-01-12 17:31:58
            [name] => Саліванова Катерина Володимирівна
            [cn_all] => 4
            [cn_read] => 4
        )

    [32] => Array
        (
            [chat_id_klient] => 8449657004
            [max_time] => 2026-01-09 11:16:19
            [name] => Тимощук  Тетяна  Михайлівна
            [cn_all] => 2
            [cn_read] => 2
        )

    [33] => Array
        (
            [chat_id_klient] => 1152613028
            [max_time] => 2026-01-08 17:34:37
            [name] => Недорубко  Варвара Ігорівна
            [cn_all] => 2
            [cn_read] => 2
        )

    [34] => Array
        (
            [chat_id_klient] => 507268159
            [max_time] => 2026-01-05 12:27:42
            [name] => Мотузка Ольга Вікторівна
            [cn_all] => 8
            [cn_read] => 8
        )

    [35] => Array
        (
            [chat_id_klient] => 425553145
            [max_time] => 2026-01-03 19:41:24
            [name] => Ткаченко Дарина Віталіївна
            [cn_all] => 7
            [cn_read] => 7
        )

    [36] => Array
        (
            [chat_id_klient] => 875440597
            [max_time] => 2026-01-02 20:31:11
            [name] => Тютюнік Роман Олександрович
            [cn_all] => 5
            [cn_read] => 5
        )

    [37] => Array
        (
            [chat_id_klient] => 804900695
            [max_time] => 2026-01-02 17:38:49
            [name] => Пашкевич  Олександр Олегович
            [cn_all] => 3
            [cn_read] => 3
        )

    [38] => Array
        (
            [chat_id_klient] => 478442412
            [max_time] => 2025-12-30 20:00:42
            [name] => Кузнецов Віктор
            [cn_all] => 12
            [cn_read] => 12
        )

    [39] => Array
        (
            [chat_id_klient] => 5865961544
            [max_time] => 2025-12-29 15:14:25
            [name] => Чорнобай Андрій Павлович
            [cn_all] => 6
            [cn_read] => 6
        )

    [40] => Array
        (
            [chat_id_klient] => 848851997
            [max_time] => 2025-12-28 12:46:48
            [name] => Пономарьов Денис Романович
            [cn_all] => 5
            [cn_read] => 5
        )

    [41] => Array
        (
            [chat_id_klient] => 5039403320
            [max_time] => 2025-12-19 14:50:21
            [name] => Король Альона Василівна
            [cn_all] => 2
            [cn_read] => 2
        )

    [42] => Array
        (
            [chat_id_klient] => 1313567273
            [max_time] => 2025-12-18 20:25:22
            [name] => Шубіна Олена Вадимівна
            [cn_all] => 3
            [cn_read] => 2
        )

    [43] => Array
        (
            [chat_id_klient] => 188906740
            [max_time] => 2025-12-15 14:28:03
            [name] => Горев-Чуянова Тамара Олександрівна
            [cn_all] => 7
            [cn_read] => 7
        )

    [44] => Array
        (
            [chat_id_klient] => 481846974
            [max_time] => 2025-12-15 13:06:46
            [name] => Стасюк  Станіслав  Ігорович
            [cn_all] => 5
            [cn_read] => 5
        )

    [45] => Array
        (
            [chat_id_klient] => 5659555483
            [max_time] => 2025-12-10 18:07:34
            [name] => Sheva White Alex
            [cn_all] => 32
            [cn_read] => 31
        )

    [46] => Array
        (
            [chat_id_klient] => 471910873
            [max_time] => 2025-12-10 09:30:14
            [name] => Сорокін Павло Генадыйович
            [cn_all] => 5
            [cn_read] => 5
        )

    [47] => Array
        (
            [chat_id_klient] => 283451441
            [max_time] => 2025-12-08 18:28:09
            [name] => Варгатюк  Марина  Сергіївна
            [cn_all] => 3
            [cn_read] => 3
        )

    [48] => Array
        (
            [chat_id_klient] => 984088106
            [max_time] => 2025-12-08 16:33:15
            [name] => Калініна Ярослава михайлівна
            [cn_all] => 2
            [cn_read] => 1
        )

    [49] => Array
        (
            [chat_id_klient] => 6965972540
            [max_time] => 2025-12-05 12:18:27
            [name] => Мирошниченко Роман Романович
            [cn_all] => 32
            [cn_read] => 32
        )

    [50] => Array
        (
            [chat_id_klient] => 653323314
            [max_time] => 2025-12-04 11:15:55
            [name] => Яцук Юлія  Андріївна
            [cn_all] => 8
            [cn_read] => 7
        )

    [51] => Array
        (
            [chat_id_klient] => 379025697
            [max_time] => 2025-12-01 16:13:41
            [name] => Рубан Анастасія
            [cn_all] => 2
            [cn_read] => 2
        )

    [52] => Array
        (
            [chat_id_klient] => 792809078
            [max_time] => 2025-11-29 14:10:31
            [name] => Пав Данііл  Олександрович
            [cn_all] => 2
            [cn_read] => 2
        )

    [53] => Array
        (
            [chat_id_klient] => 6415001638
            [max_time] => 2025-11-27 16:49:16
            [name] => Євсіков Саятослав Романович
            [cn_all] => 2
            [cn_read] => 2
        )

    [54] => Array
        (
            [chat_id_klient] => 625842841
            [max_time] => 2025-11-27 11:53:52
            [name] => Добрівечір Катерина Василівна
            [cn_all] => 5
            [cn_read] => 5
        )

    [55] => Array
        (
            [chat_id_klient] => 6561008075
            [max_time] => 2025-11-25 22:33:18
            [name] => Лосінська Вікторія Олександрівна
            [cn_all] => 8
            [cn_read] => 8
        )

    [56] => Array
        (
            [chat_id_klient] => 326958147
            [max_time] => 2025-11-19 21:47:54
            [name] => Бабійчук Луїза Богданівна
            [cn_all] => 5
            [cn_read] => 5
        )

    [57] => Array
        (
            [chat_id_klient] => 1739820280
            [max_time] => 2025-11-13 14:36:23
            [name] => Уманцева  Дарья  Андреевна
            [cn_all] => 7
            [cn_read] => 7
        )

    [58] => Array
        (
            [chat_id_klient] => 6674278960
            [max_time] => 2025-11-13 14:35:56
            [name] => Войтко  Роман  Валентинович
            [cn_all] => 4
            [cn_read] => 4
        )

    [59] => Array
        (
            [chat_id_klient] => 570670025
            [max_time] => 2025-11-09 17:29:48
            [name] => Тібірькова  Марія  Сергіївна
            [cn_all] => 4
            [cn_read] => 4
        )

    [60] => Array
        (
            [chat_id_klient] => 755511098
            [max_time] => 2025-11-07 07:07:09
            [name] => Гайдаєнко Анастасія Олегівна
            [cn_all] => 2
            [cn_read] => 2
        )

    [61] => Array
        (
            [chat_id_klient] => 422313694
            [max_time] => 2025-11-05 16:57:42
            [name] => Мартиненко  Анастасія Вікторівна
            [cn_all] => 5
            [cn_read] => 5
        )

    [62] => Array
        (
            [chat_id_klient] => 5222165663
            [max_time] => 2025-11-03 20:46:14
            [name] => Шепельська Оксана Олегівна
            [cn_all] => 1
            [cn_read] => 1
        )

    [63] => Array
        (
            [chat_id_klient] => 175857112
            [max_time] => 2025-11-03 16:13:56
            [name] => Іскра Карина Сергіівна
            [cn_all] => 4
            [cn_read] => 4
        )

    [64] => Array
        (
            [chat_id_klient] => 536912870
            [max_time] => 2025-11-03 14:47:23
            [name] => тест тест тестович
            [cn_all] => 6
            [cn_read] => 6
        )

    [65] => Array
        (
            [chat_id_klient] => 558363404
            [max_time] => 2025-10-31 22:05:37
            [name] => Сидоренко  Наталія  Миколаївна
            [cn_all] => 1
            [cn_read] => 0
        )

    [66] => Array
        (
            [chat_id_klient] => 365283260
            [max_time] => 2025-10-31 08:14:47
            [name] => Иванова Маргарита Александровна
            [cn_all] => 1
            [cn_read] => 1
        )

    [67] => Array
        (
            [chat_id_klient] => 572851893
            [max_time] => 2025-10-29 19:03:07
            [name] => Кулібаба Тетяна Віталіївна
            [cn_all] => 1
            [cn_read] => 0
        )

    [68] => Array
        (
            [chat_id_klient] => 689523639
            [max_time] => 2025-10-29 13:35:11
            [name] => Бондаренко Марина Геннадіївна
            [cn_all] => 1
            [cn_read] => 0
        )

    [69] => Array
        (
            [chat_id_klient] => 384851591
            [max_time] => 2025-10-29 09:09:54
            [name] => Мартинюк Андрій Богданович
            [cn_all] => 2
            [cn_read] => 2
        )

    [70] => Array
        (
            [chat_id_klient] => 150233149
            [max_time] => 2025-10-23 16:50:37
            [name] => Бех Артем Анатолійович
            [cn_all] => 2
            [cn_read] => 2
        )

    [71] => Array
        (
            [chat_id_klient] => 402875702
            [max_time] => 2025-10-22 16:52:42
            [name] => Мельник Вікторія Іванівна
            [cn_all] => 7
            [cn_read] => 5
        )

    [72] => Array
        (
            [chat_id_klient] => 971780531
            [max_time] => 2025-10-22 09:52:56
            [name] => Артьомов Владислав Денисович
            [cn_all] => 1
            [cn_read] => 1
        )

    [73] => Array
        (
            [chat_id_klient] => 395182678
            [max_time] => 2025-10-17 12:49:31
            [name] => Бікулова Тетяна Сергіївна
            [cn_all] => 1
            [cn_read] => 0
        )

    [74] => Array
        (
            [chat_id_klient] => 548034107
            [max_time] => 2025-10-17 11:05:46
            [name] => Кулікова Ірина Павлівна
            [cn_all] => 1
            [cn_read] => 0
        )

    [75] => Array
        (
            [chat_id_klient] => 7130950326
            [max_time] => 2025-10-15 21:46:29
            [name] => Климук  Вікторія  Сергіївна
            [cn_all] => 1
            [cn_read] => 0
        )

    [76] => Array
        (
            [chat_id_klient] => 520407040
            [max_time] => 2025-10-15 12:36:56
            [name] => Гунь Микита Єгорович
            [cn_all] => 1
            [cn_read] => 0
        )

    [77] => Array
        (
            [chat_id_klient] => 8168600093
            [max_time] => 2025-10-14 14:14:20
            [name] => Бодня Марина Олександрівна
            [cn_all] => 14
            [cn_read] => 14
        )

    [78] => Array
        (
            [chat_id_klient] => 310672305
            [max_time] => 2025-10-13 14:48:43
            [name] => Слободянюк Анастасія Тарасівна
            [cn_all] => 2
            [cn_read] => 2
        )

    [79] => Array
        (
            [chat_id_klient] => 809188240
            [max_time] => 2025-10-08 09:28:17
            [name] => Сербін Даніл
            [cn_all] => 8
            [cn_read] => 8
        )

    [80] => Array
        (
            [chat_id_klient] => 360072238
            [max_time] => 2025-09-24 07:14:36
            [name] => Сичова Вікторія Олексіївна
            [cn_all] => 2
            [cn_read] => 2
        )

    [81] => Array
        (
            [chat_id_klient] => 791471939
            [max_time] => 2025-09-20 09:10:31
            [name] => Нарманія Вардо Романівна
            [cn_all] => 19
            [cn_read] => 19
        )

    [82] => Array
        (
            [chat_id_klient] => 414044474
            [max_time] => 2025-09-19 20:02:28
            [name] => Кіріченко Надія Іванівна
            [cn_all] => 5
            [cn_read] => 5
        )

    [83] => Array
        (
            [chat_id_klient] => 1442839374
            [max_time] => 2025-09-19 14:31:25
            [name] => Животовська Маргарита Володимирівна
            [cn_all] => 2
            [cn_read] => 1
        )

    [84] => Array
        (
            [chat_id_klient] => 471099013
            [max_time] => 2025-09-18 16:10:58
            [name] => Кравець Володимир
            [cn_all] => 5
            [cn_read] => 5
        )

    [85] => Array
        (
            [chat_id_klient] => 278786807
            [max_time] => 2025-09-12 19:36:37
            [name] => Яковенко Дмитро Олександрович
            [cn_all] => 1
            [cn_read] => 1
        )

    [86] => Array
        (
            [chat_id_klient] => 489788359
            [max_time] => 2025-09-03 16:58:52
            [name] => Баришполь Аня
            [cn_all] => 2
            [cn_read] => 1
        )

    [87] => Array
        (
            [chat_id_klient] => 943694448
            [max_time] => 2025-09-02 12:34:52
            [name] => Філоненко Ольга Сергіївна
            [cn_all] => 2
            [cn_read] => 2
        )

    [88] => Array
        (
            [chat_id_klient] => 126324701
            [max_time] => 2025-08-26 18:01:32
            [name] => Кузьменко Антон Сергеевич
            [cn_all] => 18
            [cn_read] => 18
        )

    [89] => Array
        (
            [chat_id_klient] => 554235424
            [max_time] => 2025-08-20 15:02:22
            [name] => Ільенко Яна
            [cn_all] => 19
            [cn_read] => 19
        )

    [90] => Array
        (
            [chat_id_klient] => 1031710535
            [max_time] => 2025-08-19 13:52:06
            [name] => Сап''Ян Платон Констянтинович
            [cn_all] => 2
            [cn_read] => 2
        )

    [91] => Array
        (
            [chat_id_klient] => 5202027055
            [max_time] => 2025-08-12 09:15:06
            [name] => Поліщук Оксана Миколаївна
            [cn_all] => 3
            [cn_read] => 3
        )

    [92] => Array
        (
            [chat_id_klient] => 1658572508
            [max_time] => 2025-08-08 17:15:18
            [name] => Куринный Алексей Анатольевич
            [cn_all] => 2
            [cn_read] => 2
        )

    [93] => Array
        (
            [chat_id_klient] => 7868638728
            [max_time] => 2025-08-07 12:04:24
            [name] => Святокум Анастасія Юріївна
            [cn_all] => 5
            [cn_read] => 5
        )

    [94] => Array
        (
            [chat_id_klient] => 489245778
            [max_time] => 2025-08-01 16:15:15
            [name] => Каракаш Віталій Миколайович
            [cn_all] => 3
            [cn_read] => 3
        )

    [95] => Array
        (
            [chat_id_klient] => 563331428
            [max_time] => 2025-07-15 11:52:28
            [name] => Гарапач Анна Олександрівна
            [cn_all] => 2
            [cn_read] => 2
        )

    [96] => Array
        (
            [chat_id_klient] => 6766473077
            [max_time] => 2025-06-22 13:23:59
            [name] => Железняк Артем Валерійович
            [cn_all] => 2
            [cn_read] => 2
        )

    [97] => Array
        (
            [chat_id_klient] => 1281319111
            [max_time] => 2025-06-21 20:12:57
            [name] => Кулішенко Антон Вікторович
            [cn_all] => 3
            [cn_read] => 3
        )

    [98] => Array
        (
            [chat_id_klient] => 1209198185
            [max_time] => 2025-06-17 14:24:30
            [name] => Стариченко Олена Ігорівна
            [cn_all] => 6
            [cn_read] => 6
        )

    [99] => Array
        (
            [chat_id_klient] => 649740593
            [max_time] => 2025-06-13 13:20:12
            [name] => Науменко Катерина Павлівна
            [cn_all] => 2
            [cn_read] => 2
        )

    [100] => Array
        (
            [chat_id_klient] => 1728067294
            [max_time] => 2025-06-09 19:16:57
            [name] => Гінетов Тимур Максимович
            [cn_all] => 2
            [cn_read] => 2
        )

    [101] => Array
        (
            [chat_id_klient] => 5152743290
            [max_time] => 2025-06-02 15:40:46
            [name] => Вовченко Тетяна Петрівна
            [cn_all] => 3
            [cn_read] => 3
        )

)

[2026-02-17 20:29:27] [INFO] (/home/redbarbe/public_html/telegram/webapps/action/chart.php:29) SELECT a.name FROM `spr_acc` a, spr_users u 
WHERE u.active_account=a.acc and u.chat_id=a.chat_id and a.chat_id="1589803822"
and u.club=3 limit 1
[2026-02-17 20:29:27] [INFO] (/home/redbarbe/public_html/telegram/webapps/action/chart.php:30) Array
(
    [action] => chart
    [club] => 3
    [admin] => 1
    [who_user_write] => 5890364519
    [chatid] => 1589803822
)

[2026-02-17 20:33:50] [INFO] (/home/redbarbe/public_html/telegram/webapps/action/select_sotr.php:17) Array
(
    [action] => select_sotr
    [club] => -
    [club_ip] => 178.151.119.180
)

[2026-02-17 20:33:50] [INFO] (/home/redbarbe/public_html/telegram/webapps/action/select_sotr.php:27) Array
(
    [0] => Array
        (
            [ROLE] => Тренер
            [ID] => 0717
            [NAME] => Єфремова Олександра 
        )

    [1] => Array
        (
            [ROLE] => Тренер
            [ID] => 0707
            [NAME] => Андрияш Анна
        )

    [2] => Array
        (
            [ROLE] => Администратор фитнеса
            [ID] => 0903
            [NAME] => Антонова Аліса
        )

    [3] => Array
        (
            [ROLE] => Тренер
            [ID] => 0302
            [NAME] => Аштема Александр
        )

    [4] => Array
        (
            [ROLE] => Тренер
            [ID] => 0399
            [NAME] => Біліч Лариса
        )

    [5] => Array
        (
            [ROLE] => Тренер
            [ID] => 0316
            [NAME] => Вєтрова Катя
        )

    [6] => Array
        (
            [ROLE] => Тренер
            [ID] => 0708
            [NAME] => Виноградов Александр
        )

    [7] => Array
        (
            [ROLE] => Администратор фитнеса
            [ID] => 0402
            [NAME] => Войтюк Мар'яна
        )

    [8] => Array
        (
            [ROLE] => Тренер
            [ID] => 0327
            [NAME] => Гармаш Владимир
        )

    [9] => Array
        (
            [ROLE] => Главний бухгалтер
            [ID] => 0902
            [NAME] => Глав. Бух.
        )

    [10] => Array
        (
            [ROLE] => Тренер
            [ID] => 0718
            [NAME] => Дворніков Дмитро 
        )

    [11] => Array
        (
            [ROLE] => Администратор фитнеса
            [ID] => 0101
            [NAME] => Дежурный
        )

    [12] => Array
        (
            [ROLE] => Администратор фитнеса
            [ID] => 0104
            [NAME] => Демченко Александра
        )

    [13] => Array
        (
            [ROLE] => Администратор фитнеса
            [ID] => 0102
            [NAME] => Дубинчук Наталья
        )

    [14] => Array
        (
            [ROLE] => Тренер
            [ID] => 0304
            [NAME] => Елецкая Светлана
        )

    [15] => Array
        (
            [ROLE] => Тренер
            [ID] => 0308
            [NAME] => Колесник Богдан
        )

    [16] => Array
        (
            [ROLE] => Тренер
            [ID] => 0312
            [NAME] => Крыжановский Павел
        )

    [17] => Array
        (
            [ROLE] => Тренер
            [ID] => 0313
            [NAME] => Кукурудзяк Руслан
        )

    [18] => Array
        (
            [ROLE] => Тренер
            [ID] => 0325
            [NAME] => Оруджева Юлія
        )

    [19] => Array
        (
            [ROLE] => Тренер
            [ID] => 0710
            [NAME] => Остафи Денис
        )

    [20] => Array
        (
            [ROLE] => Тренер
            [ID] => 0715
            [NAME] => Проломов Данил
        )

    [21] => Array
        (
            [ROLE] => Тренер
            [ID] => 0311
            [NAME] => Романовская Наталья
        )

    [22] => Array
        (
            [ROLE] => Тренер
            [ID] => 0711
            [NAME] => Солянов Владислав
        )

    [23] => Array
        (
            [ROLE] => Тренер
            [ID] => 0326
            [NAME] => Тищенко Ольга
        )

    [24] => Array
        (
            [ROLE] => Тренер
            [ID] => 0310
            [NAME] => Фесенко Ира
        )

    [25] => Array
        (
            [ROLE] => Тренер
            [ID] => 0103
            [NAME] => Шевелько Руслан
        )

    [26] => Array
        (
            [ROLE] => Тренер
            [ID] => 0712
            [NAME] => Шевчук Вікторія
        )

    [27] => Array
        (
            [ROLE] => Головний адміністратор
            [ID] => 0901
            [NAME] => системный
        )

)

[2026-02-17 20:35:08] [INFO] (/home/redbarbe/public_html/telegram/webapps/action/ajax_get_tren.php:35) Array
(
    [0] => Array
        (
            [KOD] => 794205
            [TIME_FROM] => 08:00
            [TIME_TO] => 09:00               
            [CLIENTS_CNT] => 0
            [TOV_NAME] => Бокс(хлопці, з 13 років)
            [ACC] => 0
            [CNTTRAN] => 0
            [CNTTRANRESERV] => 0
        )

    [1] => Array
        (
            [KOD] => 793947
            [TIME_FROM] => 16:00
            [TIME_TO] => 17:00               
            [CLIENTS_CNT] => 0
            [TOV_NAME] => Паркур kids
            [ACC] => 0
            [CNTTRAN] => 0
            [CNTTRANRESERV] => 0
        )

    [2] => Array
        (
            [KOD] => 793431
            [TIME_FROM] => 17:00
            [TIME_TO] => 18:00               
            [CLIENTS_CNT] => 0
            [TOV_NAME] => Паркур teens
            [ACC] => 0
            [CNTTRAN] => 0
            [CNTTRANRESERV] => 0
        )

    [3] => Array
        (
            [KOD] => 792141
            [TIME_FROM] => 18:00
            [TIME_TO] => 19:00               
            [CLIENTS_CNT] => 0
            [TOV_NAME] => Йога
            [ACC] => 0
            [CNTTRAN] => 0
            [CNTTRANRESERV] => 0
        )

    [4] => Array
        (
            [KOD] => 792399
            [TIME_FROM] => 19:40
            [TIME_TO] => 20:40               
            [CLIENTS_CNT] => 0
            [TOV_NAME] => Акробатика Kids
            [ACC] => 0
            [CNTTRAN] => 0
            [CNTTRANRESERV] => 0
        )

    [5] => Array
        (
            [KOD] => 792915
            [TIME_FROM] => 20:00
            [TIME_TO] => 21:00               
            [CLIENTS_CNT] => 0
            [TOV_NAME] => Cross activity
            [ACC] => 0
            [CNTTRAN] => 0
            [CNTTRANRESERV] => 0
        )

    [6] => Array
        (
            [KOD] => 793173
            [TIME_FROM] => 20:00
            [TIME_TO] => 21:00               
            [CLIENTS_CNT] => 0
            [TOV_NAME] => Stretching
            [ACC] => 0
            [CNTTRAN] => 3
            [CNTTRANRESERV] => 0
        )

)

[2026-02-17 20:35:08] [INFO] (/home/redbarbe/public_html/telegram/webapps/action/ajax_get_tren.php:61) Array
(
    [KOD] => 794205
    [TIME_FROM] => 08:00
    [TIME_TO] => 09:00               
    [CLIENTS_CNT] => 0
    [TOV_NAME] => Бокс(хлопці, з 13 років)
    [ACC] => 0
    [CNTTRAN] => 0
    [CNTTRANRESERV] => 0
)

[2026-02-17 20:35:08] [INFO] (/home/redbarbe/public_html/telegram/webapps/action/ajax_get_tren.php:61) Array
(
    [KOD] => 793947
    [TIME_FROM] => 16:00
    [TIME_TO] => 17:00               
    [CLIENTS_CNT] => 0
    [TOV_NAME] => Паркур kids
    [ACC] => 0
    [CNTTRAN] => 0
    [CNTTRANRESERV] => 0
)

[2026-02-17 20:35:08] [INFO] (/home/redbarbe/public_html/telegram/webapps/action/ajax_get_tren.php:61) Array
(
    [KOD] => 793431
    [TIME_FROM] => 17:00
    [TIME_TO] => 18:00               
    [CLIENTS_CNT] => 0
    [TOV_NAME] => Паркур teens
    [ACC] => 0
    [CNTTRAN] => 0
    [CNTTRANRESERV] => 0
)

[2026-02-17 20:35:08] [INFO] (/home/redbarbe/public_html/telegram/webapps/action/ajax_get_tren.php:61) Array
(
    [KOD] => 792141
    [TIME_FROM] => 18:00
    [TIME_TO] => 19:00               
    [CLIENTS_CNT] => 0
    [TOV_NAME] => Йога
    [ACC] => 0
    [CNTTRAN] => 0
    [CNTTRANRESERV] => 0
)

[2026-02-17 20:35:08] [INFO] (/home/redbarbe/public_html/telegram/webapps/action/ajax_get_tren.php:61) Array
(
    [KOD] => 792399
    [TIME_FROM] => 19:40
    [TIME_TO] => 20:40               
    [CLIENTS_CNT] => 0
    [TOV_NAME] => Акробатика Kids
    [ACC] => 0
    [CNTTRAN] => 0
    [CNTTRANRESERV] => 0
)

[2026-02-17 20:35:08] [INFO] (/home/redbarbe/public_html/telegram/webapps/action/ajax_get_tren.php:61) Array
(
    [KOD] => 792915
    [TIME_FROM] => 20:00
    [TIME_TO] => 21:00               
    [CLIENTS_CNT] => 0
    [TOV_NAME] => Cross activity
    [ACC] => 0
    [CNTTRAN] => 0
    [CNTTRANRESERV] => 0
)

[2026-02-17 20:35:08] [INFO] (/home/redbarbe/public_html/telegram/webapps/action/ajax_get_tren.php:61) Array
(
    [KOD] => 793173
    [TIME_FROM] => 20:00
    [TIME_TO] => 21:00               
    [CLIENTS_CNT] => 0
    [TOV_NAME] => Stretching
    [ACC] => 0
    [CNTTRAN] => 3
    [CNTTRANRESERV] => 0
)

[2026-02-17 20:35:22] [INFO] (/home/redbarbe/public_html/telegram/webapps/action/ajax_get_tren.php:35) Array
(
    [0] => Array
        (
            [KOD] => 799250
            [TIME_FROM] => 09:00
            [TIME_TO] => 10:00               
            [CLIENTS_CNT] => 0
            [TOV_NAME] => Functional cardio
            [ACC] => 0
            [CNTTRAN] => 0
            [CNTTRANRESERV] => 0
        )

    [1] => Array
        (
            [KOD] => 799406
            [TIME_FROM] => 10:00
            [TIME_TO] => 11:00               
            [CLIENTS_CNT] => 0
            [TOV_NAME] => Cardio&Body weight
            [ACC] => 0
            [CNTTRAN] => 0
            [CNTTRANRESERV] => 0
        )

    [2] => Array
        (
            [KOD] => 799562
            [TIME_FROM] => 16:00
            [TIME_TO] => 17:00               
            [CLIENTS_CNT] => 0
            [TOV_NAME] => Дзюдо kids 
            [ACC] => 0
            [CNTTRAN] => 0
            [CNTTRANRESERV] => 0
        )

    [3] => Array
        (
            [KOD] => 799718
            [TIME_FROM] => 17:00
            [TIME_TO] => 18:00               
            [CLIENTS_CNT] => 0
            [TOV_NAME] => Дзюдо teens
            [ACC] => 0
            [CNTTRAN] => 0
            [CNTTRANRESERV] => 0
        )

    [4] => Array
        (
            [KOD] => 799874
            [TIME_FROM] => 18:00
            [TIME_TO] => 19:00               
            [CLIENTS_CNT] => 0
            [TOV_NAME] => Step Drive
            [ACC] => 0
            [CNTTRAN] => 0
            [CNTTRANRESERV] => 0
        )

    [5] => Array
        (
            [KOD] => 800030
            [TIME_FROM] => 19:00
            [TIME_TO] => 20:00               
            [CLIENTS_CNT] => 0
            [TOV_NAME] => Пілатес
            [ACC] => 0
            [CNTTRAN] => 0
            [CNTTRANRESERV] => 0
        )

)

[2026-02-17 20:35:22] [INFO] (/home/redbarbe/public_html/telegram/webapps/action/ajax_get_tren.php:61) Array
(
    [KOD] => 799250
    [TIME_FROM] => 09:00
    [TIME_TO] => 10:00               
    [CLIENTS_CNT] => 0
    [TOV_NAME] => Functional cardio
    [ACC] => 0
    [CNTTRAN] => 0
    [CNTTRANRESERV] => 0
)

[2026-02-17 20:35:22] [INFO] (/home/redbarbe/public_html/telegram/webapps/action/ajax_get_tren.php:61) Array
(
    [KOD] => 799406
    [TIME_FROM] => 10:00
    [TIME_TO] => 11:00               
    [CLIENTS_CNT] => 0
    [TOV_NAME] => Cardio&Body weight
    [ACC] => 0
    [CNTTRAN] => 0
    [CNTTRANRESERV] => 0
)

[2026-02-17 20:35:22] [INFO] (/home/redbarbe/public_html/telegram/webapps/action/ajax_get_tren.php:61) Array
(
    [KOD] => 799562
    [TIME_FROM] => 16:00
    [TIME_TO] => 17:00               
    [CLIENTS_CNT] => 0
    [TOV_NAME] => Дзюдо kids 
    [ACC] => 0
    [CNTTRAN] => 0
    [CNTTRANRESERV] => 0
)

[2026-02-17 20:35:22] [INFO] (/home/redbarbe/public_html/telegram/webapps/action/ajax_get_tren.php:61) Array
(
    [KOD] => 799718
    [TIME_FROM] => 17:00
    [TIME_TO] => 18:00               
    [CLIENTS_CNT] => 0
    [TOV_NAME] => Дзюдо teens
    [ACC] => 0
    [CNTTRAN] => 0
    [CNTTRANRESERV] => 0
)

[2026-02-17 20:35:22] [INFO] (/home/redbarbe/public_html/telegram/webapps/action/ajax_get_tren.php:61) Array
(
    [KOD] => 799874
    [TIME_FROM] => 18:00
    [TIME_TO] => 19:00               
    [CLIENTS_CNT] => 0
    [TOV_NAME] => Step Drive
    [ACC] => 0
    [CNTTRAN] => 0
    [CNTTRANRESERV] => 0
)

[2026-02-17 20:35:22] [INFO] (/home/redbarbe/public_html/telegram/webapps/action/ajax_get_tren.php:61) Array
(
    [KOD] => 800030
    [TIME_FROM] => 19:00
    [TIME_TO] => 20:00               
    [CLIENTS_CNT] => 0
    [TOV_NAME] => Пілатес
    [ACC] => 0
    [CNTTRAN] => 0
    [CNTTRANRESERV] => 0
)

[2026-02-17 20:35:33] [INFO] (/home/redbarbe/public_html/telegram/webapps/action/ajax_get_tren.php:35) Array
(
    [0] => Array
        (
            [KOD] => 802536
            [TIME_FROM] => 09:00
            [TIME_TO] => 10:00               
            [CLIENTS_CNT] => 0
            [TOV_NAME] => Functional cardio
            [ACC] => 0
            [CNTTRAN] => 0
            [CNTTRANRESERV] => 0
        )

    [1] => Array
        (
            [KOD] => 802848
            [TIME_FROM] => 11:00
            [TIME_TO] => 12:00               
            [CLIENTS_CNT] => 0
            [TOV_NAME] => Дзюдо kids 
            [ACC] => 0
            [CNTTRAN] => 0
            [CNTTRANRESERV] => 0
        )

    [2] => Array
        (
            [KOD] => 802380
            [TIME_FROM] => 12:00
            [TIME_TO] => 13:00               
            [CLIENTS_CNT] => 0
            [TOV_NAME] => Step Drive
            [ACC] => 0
            [CNTTRAN] => 0
            [CNTTRANRESERV] => 0
        )

    [3] => Array
        (
            [KOD] => 802692
            [TIME_FROM] => 13:30
            [TIME_TO] => 14:30               
            [CLIENTS_CNT] => 0
            [TOV_NAME] => Йога
            [ACC] => 0
            [CNTTRAN] => 0
            [CNTTRANRESERV] => 0
        )

    [4] => Array
        (
            [KOD] => 803004
            [TIME_FROM] => 14:00
            [TIME_TO] => 15:00               
            [CLIENTS_CNT] => 0
            [TOV_NAME] => Cross activity
            [ACC] => 0
            [CNTTRAN] => 0
            [CNTTRANRESERV] => 0
        )

)

[2026-02-17 20:35:33] [INFO] (/home/redbarbe/public_html/telegram/webapps/action/ajax_get_tren.php:61) Array
(
    [KOD] => 802536
    [TIME_FROM] => 09:00
    [TIME_TO] => 10:00               
    [CLIENTS_CNT] => 0
    [TOV_NAME] => Functional cardio
    [ACC] => 0
    [CNTTRAN] => 0
    [CNTTRANRESERV] => 0
)

[2026-02-17 20:35:33] [INFO] (/home/redbarbe/public_html/telegram/webapps/action/ajax_get_tren.php:61) Array
(
    [KOD] => 802848
    [TIME_FROM] => 11:00
    [TIME_TO] => 12:00               
    [CLIENTS_CNT] => 0
    [TOV_NAME] => Дзюдо kids 
    [ACC] => 0
    [CNTTRAN] => 0
    [CNTTRANRESERV] => 0
)

[2026-02-17 20:35:33] [INFO] (/home/redbarbe/public_html/telegram/webapps/action/ajax_get_tren.php:61) Array
(
    [KOD] => 802380
    [TIME_FROM] => 12:00
    [TIME_TO] => 13:00               
    [CLIENTS_CNT] => 0
    [TOV_NAME] => Step Drive
    [ACC] => 0
    [CNTTRAN] => 0
    [CNTTRANRESERV] => 0
)

[2026-02-17 20:35:33] [INFO] (/home/redbarbe/public_html/telegram/webapps/action/ajax_get_tren.php:61) Array
(
    [KOD] => 802692
    [TIME_FROM] => 13:30
    [TIME_TO] => 14:30               
    [CLIENTS_CNT] => 0
    [TOV_NAME] => Йога
    [ACC] => 0
    [CNTTRAN] => 0
    [CNTTRANRESERV] => 0
)

[2026-02-17 20:35:33] [INFO] (/home/redbarbe/public_html/telegram/webapps/action/ajax_get_tren.php:61) Array
(
    [KOD] => 803004
    [TIME_FROM] => 14:00
    [TIME_TO] => 15:00               
    [CLIENTS_CNT] => 0
    [TOV_NAME] => Cross activity
    [ACC] => 0
    [CNTTRAN] => 0
    [CNTTRANRESERV] => 0
)

[2026-02-17 20:35:37] [INFO] (/home/redbarbe/public_html/telegram/webapps/action/ajax_get_tren.php:35) Array
(
    [0] => Array
        (
            [KOD] => 803627
            [TIME_FROM] => 08:00
            [TIME_TO] => 09:00               
            [CLIENTS_CNT] => 0
            [TOV_NAME] => Бокс(хлопці, з 13 років)
            [ACC] => 0
            [CNTTRAN] => 0
            [CNTTRANRESERV] => 0
        )

    [1] => Array
        (
            [KOD] => 803939
            [TIME_FROM] => 10:00
            [TIME_TO] => 11:00               
            [CLIENTS_CNT] => 0
            [TOV_NAME] => Stretching
            [ACC] => 0
            [CNTTRAN] => 0
            [CNTTRANRESERV] => 0
        )

    [2] => Array
        (
            [KOD] => 803159
            [TIME_FROM] => 16:00
            [TIME_TO] => 17:00               
            [CLIENTS_CNT] => 0
            [TOV_NAME] => Паркур kids
            [ACC] => 0
            [CNTTRAN] => 0
            [CNTTRANRESERV] => 0
        )

    [3] => Array
        (
            [KOD] => 803315
            [TIME_FROM] => 17:00
            [TIME_TO] => 18:00               
            [CLIENTS_CNT] => 0
            [TOV_NAME] => Паркур teens
            [ACC] => 0
            [CNTTRAN] => 0
            [CNTTRANRESERV] => 0
        )

    [4] => Array
        (
            [KOD] => 803471
            [TIME_FROM] => 18:00
            [TIME_TO] => 19:00               
            [CLIENTS_CNT] => 0
            [TOV_NAME] => Бокс/Кікбоксинг  Kids
            [ACC] => 0
            [CNTTRAN] => 0
            [CNTTRANRESERV] => 0
        )

    [5] => Array
        (
            [KOD] => 804095
            [TIME_FROM] => 20:00
            [TIME_TO] => 21:00               
            [CLIENTS_CNT] => 0
            [TOV_NAME] => Cross activity
            [ACC] => 0
            [CNTTRAN] => 0
            [CNTTRANRESERV] => 0
        )

    [6] => Array
        (
            [KOD] => 803783
            [TIME_FROM] => 20:00
            [TIME_TO] => 21:00               
            [CLIENTS_CNT] => 0
            [TOV_NAME] => Бокс
            [ACC] => 0
            [CNTTRAN] => 0
            [CNTTRANRESERV] => 0
        )

)

[2026-02-17 20:35:37] [INFO] (/home/redbarbe/public_html/telegram/webapps/action/ajax_get_tren.php:61) Array
(
    [KOD] => 803627
    [TIME_FROM] => 08:00
    [TIME_TO] => 09:00               
    [CLIENTS_CNT] => 0
    [TOV_NAME] => Бокс(хлопці, з 13 років)
    [ACC] => 0
    [CNTTRAN] => 0
    [CNTTRANRESERV] => 0
)

[2026-02-17 20:35:37] [INFO] (/home/redbarbe/public_html/telegram/webapps/action/ajax_get_tren.php:61) Array
(
    [KOD] => 803939
    [TIME_FROM] => 10:00
    [TIME_TO] => 11:00               
    [CLIENTS_CNT] => 0
    [TOV_NAME] => Stretching
    [ACC] => 0
    [CNTTRAN] => 0
    [CNTTRANRESERV] => 0
)

[2026-02-17 20:35:37] [INFO] (/home/redbarbe/public_html/telegram/webapps/action/ajax_get_tren.php:61) Array
(
    [KOD] => 803159
    [TIME_FROM] => 16:00
    [TIME_TO] => 17:00               
    [CLIENTS_CNT] => 0
    [TOV_NAME] => Паркур kids
    [ACC] => 0
    [CNTTRAN] => 0
    [CNTTRANRESERV] => 0
)

[2026-02-17 20:35:37] [INFO] (/home/redbarbe/public_html/telegram/webapps/action/ajax_get_tren.php:61) Array
(
    [KOD] => 803315
    [TIME_FROM] => 17:00
    [TIME_TO] => 18:00               
    [CLIENTS_CNT] => 0
    [TOV_NAME] => Паркур teens
    [ACC] => 0
    [CNTTRAN] => 0
    [CNTTRANRESERV] => 0
)

[2026-02-17 20:35:37] [INFO] (/home/redbarbe/public_html/telegram/webapps/action/ajax_get_tren.php:61) Array
(
    [KOD] => 803471
    [TIME_FROM] => 18:00
    [TIME_TO] => 19:00               
    [CLIENTS_CNT] => 0
    [TOV_NAME] => Бокс/Кікбоксинг  Kids
    [ACC] => 0
    [CNTTRAN] => 0
    [CNTTRANRESERV] => 0
)

[2026-02-17 20:35:37] [INFO] (/home/redbarbe/public_html/telegram/webapps/action/ajax_get_tren.php:61) Array
(
    [KOD] => 804095
    [TIME_FROM] => 20:00
    [TIME_TO] => 21:00               
    [CLIENTS_CNT] => 0
    [TOV_NAME] => Cross activity
    [ACC] => 0
    [CNTTRAN] => 0
    [CNTTRANRESERV] => 0
)

[2026-02-17 20:35:37] [INFO] (/home/redbarbe/public_html/telegram/webapps/action/ajax_get_tren.php:61) Array
(
    [KOD] => 803783
    [TIME_FROM] => 20:00
    [TIME_TO] => 21:00               
    [CLIENTS_CNT] => 0
    [TOV_NAME] => Бокс
    [ACC] => 0
    [CNTTRAN] => 0
    [CNTTRANRESERV] => 0
)

[2026-02-17 20:35:45] [INFO] (/home/redbarbe/public_html/telegram/webapps/action/ajax_get_tren.php:35) Array
(
    [0] => Array
        (
            [KOD] => 798006
            [TIME_FROM] => 09:00
            [TIME_TO] => 10:00               
            [CLIENTS_CNT] => 0
            [TOV_NAME] => Functional cardio
            [ACC] => 0
            [CNTTRAN] => 0
            [CNTTRANRESERV] => 0
        )

    [1] => Array
        (
            [KOD] => 798213
            [TIME_FROM] => 10:00
            [TIME_TO] => 11:00               
            [CLIENTS_CNT] => 0
            [TOV_NAME] => Cardio&Body weight
            [ACC] => 0
            [CNTTRAN] => 0
            [CNTTRANRESERV] => 0
        )

    [2] => Array
        (
            [KOD] => 798420
            [TIME_FROM] => 16:00
            [TIME_TO] => 17:00               
            [CLIENTS_CNT] => 0
            [TOV_NAME] => Дзюдо kids 
            [ACC] => 0
            [CNTTRAN] => 0
            [CNTTRANRESERV] => 0
        )

    [3] => Array
        (
            [KOD] => 798627
            [TIME_FROM] => 17:00
            [TIME_TO] => 18:00               
            [CLIENTS_CNT] => 0
            [TOV_NAME] => Дзюдо teens
            [ACC] => 0
            [CNTTRAN] => 0
            [CNTTRANRESERV] => 0
        )

    [4] => Array
        (
            [KOD] => 798834
            [TIME_FROM] => 17:00
            [TIME_TO] => 18:00               
            [CLIENTS_CNT] => 0
            [TOV_NAME] => Step Drive
            [ACC] => 0
            [CNTTRAN] => 1
            [CNTTRANRESERV] => 0
        )

    [5] => Array
        (
            [KOD] => 805187
            [TIME_FROM] => 18:00
            [TIME_TO] => 19:00               
            [CLIENTS_CNT] => 0
            [TOV_NAME] => Бокс/Кікбоксинг  Kids
            [ACC] => 0
            [CNTTRAN] => 0
            [CNTTRANRESERV] => 0
        )

    [6] => Array
        (
            [KOD] => 799041
            [TIME_FROM] => 19:00
            [TIME_TO] => 20:00               
            [CLIENTS_CNT] => 0
            [TOV_NAME] => Пілатес
            [ACC] => 0
            [CNTTRAN] => 0
            [CNTTRANRESERV] => 0
        )

)

[2026-02-17 20:35:45] [INFO] (/home/redbarbe/public_html/telegram/webapps/action/ajax_get_tren.php:61) Array
(
    [KOD] => 798006
    [TIME_FROM] => 09:00
    [TIME_TO] => 10:00               
    [CLIENTS_CNT] => 0
    [TOV_NAME] => Functional cardio
    [ACC] => 0
    [CNTTRAN] => 0
    [CNTTRANRESERV] => 0
)

[2026-02-17 20:35:45] [INFO] (/home/redbarbe/public_html/telegram/webapps/action/ajax_get_tren.php:61) Array
(
    [KOD] => 798213
    [TIME_FROM] => 10:00
    [TIME_TO] => 11:00               
    [CLIENTS_CNT] => 0
    [TOV_NAME] => Cardio&Body weight
    [ACC] => 0
    [CNTTRAN] => 0
    [CNTTRANRESERV] => 0
)

[2026-02-17 20:35:45] [INFO] (/home/redbarbe/public_html/telegram/webapps/action/ajax_get_tren.php:61) Array
(
    [KOD] => 798420
    [TIME_FROM] => 16:00
    [TIME_TO] => 17:00               
    [CLIENTS_CNT] => 0
    [TOV_NAME] => Дзюдо kids 
    [ACC] => 0
    [CNTTRAN] => 0
    [CNTTRANRESERV] => 0
)

[2026-02-17 20:35:45] [INFO] (/home/redbarbe/public_html/telegram/webapps/action/ajax_get_tren.php:61) Array
(
    [KOD] => 798627
    [TIME_FROM] => 17:00
    [TIME_TO] => 18:00               
    [CLIENTS_CNT] => 0
    [TOV_NAME] => Дзюдо teens
    [ACC] => 0
    [CNTTRAN] => 0
    [CNTTRANRESERV] => 0
)

[2026-02-17 20:35:45] [INFO] (/home/redbarbe/public_html/telegram/webapps/action/ajax_get_tren.php:61) Array
(
    [KOD] => 798834
    [TIME_FROM] => 17:00
    [TIME_TO] => 18:00               
    [CLIENTS_CNT] => 0
    [TOV_NAME] => Step Drive
    [ACC] => 0
    [CNTTRAN] => 1
    [CNTTRANRESERV] => 0
)

[2026-02-17 20:35:45] [INFO] (/home/redbarbe/public_html/telegram/webapps/action/ajax_get_tren.php:61) Array
(
    [KOD] => 805187
    [TIME_FROM] => 18:00
    [TIME_TO] => 19:00               
    [CLIENTS_CNT] => 0
    [TOV_NAME] => Бокс/Кікбоксинг  Kids
    [ACC] => 0
    [CNTTRAN] => 0
    [CNTTRANRESERV] => 0
)

[2026-02-17 20:35:45] [INFO] (/home/redbarbe/public_html/telegram/webapps/action/ajax_get_tren.php:61) Array
(
    [KOD] => 799041
    [TIME_FROM] => 19:00
    [TIME_TO] => 20:00               
    [CLIENTS_CNT] => 0
    [TOV_NAME] => Пілатес
    [ACC] => 0
    [CNTTRAN] => 0
    [CNTTRANRESERV] => 0
)

[2026-02-17 20:35:51] [INFO] (/home/redbarbe/public_html/telegram/webapps/action/ajax_get_tren.php:35) Array
(
    [0] => Array
        (
            [KOD] => 794205
            [TIME_FROM] => 08:00
            [TIME_TO] => 09:00               
            [CLIENTS_CNT] => 0
            [TOV_NAME] => Бокс(хлопці, з 13 років)
            [ACC] => 0
            [CNTTRAN] => 0
            [CNTTRANRESERV] => 0
        )

    [1] => Array
        (
            [KOD] => 793947
            [TIME_FROM] => 16:00
            [TIME_TO] => 17:00               
            [CLIENTS_CNT] => 0
            [TOV_NAME] => Паркур kids
            [ACC] => 0
            [CNTTRAN] => 0
            [CNTTRANRESERV] => 0
        )

    [2] => Array
        (
            [KOD] => 793431
            [TIME_FROM] => 17:00
            [TIME_TO] => 18:00               
            [CLIENTS_CNT] => 0
            [TOV_NAME] => Паркур teens
            [ACC] => 0
            [CNTTRAN] => 0
            [CNTTRANRESERV] => 0
        )

    [3] => Array
        (
            [KOD] => 792141
            [TIME_FROM] => 18:00
            [TIME_TO] => 19:00               
            [CLIENTS_CNT] => 0
            [TOV_NAME] => Йога
            [ACC] => 0
            [CNTTRAN] => 0
            [CNTTRANRESERV] => 0
        )

    [4] => Array
        (
            [KOD] => 792399
            [TIME_FROM] => 19:40
            [TIME_TO] => 20:40               
            [CLIENTS_CNT] => 0
            [TOV_NAME] => Акробатика Kids
            [ACC] => 0
            [CNTTRAN] => 0
            [CNTTRANRESERV] => 0
        )

    [5] => Array
        (
            [KOD] => 792915
            [TIME_FROM] => 20:00
            [TIME_TO] => 21:00               
            [CLIENTS_CNT] => 0
            [TOV_NAME] => Cross activity
            [ACC] => 0
            [CNTTRAN] => 0
            [CNTTRANRESERV] => 0
        )

    [6] => Array
        (
            [KOD] => 793173
            [TIME_FROM] => 20:00
            [TIME_TO] => 21:00               
            [CLIENTS_CNT] => 0
            [TOV_NAME] => Stretching
            [ACC] => 0
            [CNTTRAN] => 3
            [CNTTRANRESERV] => 0
        )

)

[2026-02-17 20:35:51] [INFO] (/home/redbarbe/public_html/telegram/webapps/action/ajax_get_tren.php:61) Array
(
    [KOD] => 794205
    [TIME_FROM] => 08:00
    [TIME_TO] => 09:00               
    [CLIENTS_CNT] => 0
    [TOV_NAME] => Бокс(хлопці, з 13 років)
    [ACC] => 0
    [CNTTRAN] => 0
    [CNTTRANRESERV] => 0
)

[2026-02-17 20:35:51] [INFO] (/home/redbarbe/public_html/telegram/webapps/action/ajax_get_tren.php:61) Array
(
    [KOD] => 793947
    [TIME_FROM] => 16:00
    [TIME_TO] => 17:00               
    [CLIENTS_CNT] => 0
    [TOV_NAME] => Паркур kids
    [ACC] => 0
    [CNTTRAN] => 0
    [CNTTRANRESERV] => 0
)

[2026-02-17 20:35:51] [INFO] (/home/redbarbe/public_html/telegram/webapps/action/ajax_get_tren.php:61) Array
(
    [KOD] => 793431
    [TIME_FROM] => 17:00
    [TIME_TO] => 18:00               
    [CLIENTS_CNT] => 0
    [TOV_NAME] => Паркур teens
    [ACC] => 0
    [CNTTRAN] => 0
    [CNTTRANRESERV] => 0
)

[2026-02-17 20:35:51] [INFO] (/home/redbarbe/public_html/telegram/webapps/action/ajax_get_tren.php:61) Array
(
    [KOD] => 792141
    [TIME_FROM] => 18:00
    [TIME_TO] => 19:00               
    [CLIENTS_CNT] => 0
    [TOV_NAME] => Йога
    [ACC] => 0
    [CNTTRAN] => 0
    [CNTTRANRESERV] => 0
)

[2026-02-17 20:35:51] [INFO] (/home/redbarbe/public_html/telegram/webapps/action/ajax_get_tren.php:61) Array
(
    [KOD] => 792399
    [TIME_FROM] => 19:40
    [TIME_TO] => 20:40               
    [CLIENTS_CNT] => 0
    [TOV_NAME] => Акробатика Kids
    [ACC] => 0
    [CNTTRAN] => 0
    [CNTTRANRESERV] => 0
)

[2026-02-17 20:35:51] [INFO] (/home/redbarbe/public_html/telegram/webapps/action/ajax_get_tren.php:61) Array
(
    [KOD] => 792915
    [TIME_FROM] => 20:00
    [TIME_TO] => 21:00               
    [CLIENTS_CNT] => 0
    [TOV_NAME] => Cross activity
    [ACC] => 0
    [CNTTRAN] => 0
    [CNTTRANRESERV] => 0
)

[2026-02-17 20:35:51] [INFO] (/home/redbarbe/public_html/telegram/webapps/action/ajax_get_tren.php:61) Array
(
    [KOD] => 793173
    [TIME_FROM] => 20:00
    [TIME_TO] => 21:00               
    [CLIENTS_CNT] => 0
    [TOV_NAME] => Stretching
    [ACC] => 0
    [CNTTRAN] => 3
    [CNTTRANRESERV] => 0
)

[2026-02-17 20:36:02] [INFO] (/home/redbarbe/public_html/telegram/webapps/action/ajax_get_tren.php:35) Array
(
    [0] => Array
        (
            [KOD] => 799250
            [TIME_FROM] => 09:00
            [TIME_TO] => 10:00               
            [CLIENTS_CNT] => 0
            [TOV_NAME] => Functional cardio
            [ACC] => 0
            [CNTTRAN] => 0
            [CNTTRANRESERV] => 0
        )

    [1] => Array
        (
            [KOD] => 799406
            [TIME_FROM] => 10:00
            [TIME_TO] => 11:00               
            [CLIENTS_CNT] => 0
            [TOV_NAME] => Cardio&Body weight
            [ACC] => 0
            [CNTTRAN] => 0
            [CNTTRANRESERV] => 0
        )

    [2] => Array
        (
            [KOD] => 799562
            [TIME_FROM] => 16:00
            [TIME_TO] => 17:00               
            [CLIENTS_CNT] => 0
            [TOV_NAME] => Дзюдо kids 
            [ACC] => 0
            [CNTTRAN] => 0
            [CNTTRANRESERV] => 0
        )

    [3] => Array
        (
            [KOD] => 799718
            [TIME_FROM] => 17:00
            [TIME_TO] => 18:00               
            [CLIENTS_CNT] => 0
            [TOV_NAME] => Дзюдо teens
            [ACC] => 0
            [CNTTRAN] => 0
            [CNTTRANRESERV] => 0
        )

    [4] => Array
        (
            [KOD] => 799874
            [TIME_FROM] => 18:00
            [TIME_TO] => 19:00               
            [CLIENTS_CNT] => 0
            [TOV_NAME] => Step Drive
            [ACC] => 0
            [CNTTRAN] => 0
            [CNTTRANRESERV] => 0
        )

    [5] => Array
        (
            [KOD] => 800030
            [TIME_FROM] => 19:00
            [TIME_TO] => 20:00               
            [CLIENTS_CNT] => 0
            [TOV_NAME] => Пілатес
            [ACC] => 0
            [CNTTRAN] => 0
            [CNTTRANRESERV] => 0
        )

)

[2026-02-17 20:36:02] [INFO] (/home/redbarbe/public_html/telegram/webapps/action/ajax_get_tren.php:61) Array
(
    [KOD] => 799250
    [TIME_FROM] => 09:00
    [TIME_TO] => 10:00               
    [CLIENTS_CNT] => 0
    [TOV_NAME] => Functional cardio
    [ACC] => 0
    [CNTTRAN] => 0
    [CNTTRANRESERV] => 0
)

[2026-02-17 20:36:02] [INFO] (/home/redbarbe/public_html/telegram/webapps/action/ajax_get_tren.php:61) Array
(
    [KOD] => 799406
    [TIME_FROM] => 10:00
    [TIME_TO] => 11:00               
    [CLIENTS_CNT] => 0
    [TOV_NAME] => Cardio&Body weight
    [ACC] => 0
    [CNTTRAN] => 0
    [CNTTRANRESERV] => 0
)

[2026-02-17 20:36:02] [INFO] (/home/redbarbe/public_html/telegram/webapps/action/ajax_get_tren.php:61) Array
(
    [KOD] => 799562
    [TIME_FROM] => 16:00
    [TIME_TO] => 17:00               
    [CLIENTS_CNT] => 0
    [TOV_NAME] => Дзюдо kids 
    [ACC] => 0
    [CNTTRAN] => 0
    [CNTTRANRESERV] => 0
)

[2026-02-17 20:36:02] [INFO] (/home/redbarbe/public_html/telegram/webapps/action/ajax_get_tren.php:61) Array
(
    [KOD] => 799718
    [TIME_FROM] => 17:00
    [TIME_TO] => 18:00               
    [CLIENTS_CNT] => 0
    [TOV_NAME] => Дзюдо teens
    [ACC] => 0
    [CNTTRAN] => 0
    [CNTTRANRESERV] => 0
)

[2026-02-17 20:36:02] [INFO] (/home/redbarbe/public_html/telegram/webapps/action/ajax_get_tren.php:61) Array
(
    [KOD] => 799874
    [TIME_FROM] => 18:00
    [TIME_TO] => 19:00               
    [CLIENTS_CNT] => 0
    [TOV_NAME] => Step Drive
    [ACC] => 0
    [CNTTRAN] => 0
    [CNTTRANRESERV] => 0
)

[2026-02-17 20:36:02] [INFO] (/home/redbarbe/public_html/telegram/webapps/action/ajax_get_tren.php:61) Array
(
    [KOD] => 800030
    [TIME_FROM] => 19:00
    [TIME_TO] => 20:00               
    [CLIENTS_CNT] => 0
    [TOV_NAME] => Пілатес
    [ACC] => 0
    [CNTTRAN] => 0
    [CNTTRANRESERV] => 0
)

[2026-02-17 20:36:13] [INFO] (/home/redbarbe/public_html/telegram/webapps/action/ajax_get_tren.php:35) Array
(
    [0] => Array
        (
            [KOD] => 805030
            [TIME_FROM] => 08:00
            [TIME_TO] => 09:00               
            [CLIENTS_CNT] => 0
            [TOV_NAME] => Бокс(хлопці, з 13 років)
            [ACC] => 0
            [CNTTRAN] => 0
            [CNTTRANRESERV] => 0
        )

    [1] => Array
        (
            [KOD] => 804562
            [TIME_FROM] => 10:00
            [TIME_TO] => 11:00               
            [CLIENTS_CNT] => 0
            [TOV_NAME] => Stretching
            [ACC] => 0
            [CNTTRAN] => 0
            [CNTTRANRESERV] => 0
        )

    [2] => Array
        (
            [KOD] => 804250
            [TIME_FROM] => 19:40
            [TIME_TO] => 20:40               
            [CLIENTS_CNT] => 0
            [TOV_NAME] => Акробатика Kids
            [ACC] => 0
            [CNTTRAN] => 0
            [CNTTRANRESERV] => 0
        )

    [3] => Array
        (
            [KOD] => 804718
            [TIME_FROM] => 20:00
            [TIME_TO] => 21:00               
            [CLIENTS_CNT] => 0
            [TOV_NAME] => Cross activity
            [ACC] => 0
            [CNTTRAN] => 0
            [CNTTRANRESERV] => 0
        )

)

[2026-02-17 20:36:13] [INFO] (/home/redbarbe/public_html/telegram/webapps/action/ajax_get_tren.php:61) Array
(
    [KOD] => 805030
    [TIME_FROM] => 08:00
    [TIME_TO] => 09:00               
    [CLIENTS_CNT] => 0
    [TOV_NAME] => Бокс(хлопці, з 13 років)
    [ACC] => 0
    [CNTTRAN] => 0
    [CNTTRANRESERV] => 0
)

[2026-02-17 20:36:13] [INFO] (/home/redbarbe/public_html/telegram/webapps/action/ajax_get_tren.php:61) Array
(
    [KOD] => 804562
    [TIME_FROM] => 10:00
    [TIME_TO] => 11:00               
    [CLIENTS_CNT] => 0
    [TOV_NAME] => Stretching
    [ACC] => 0
    [CNTTRAN] => 0
    [CNTTRANRESERV] => 0
)

[2026-02-17 20:36:13] [INFO] (/home/redbarbe/public_html/telegram/webapps/action/ajax_get_tren.php:61) Array
(
    [KOD] => 804250
    [TIME_FROM] => 19:40
    [TIME_TO] => 20:40               
    [CLIENTS_CNT] => 0
    [TOV_NAME] => Акробатика Kids
    [ACC] => 0
    [CNTTRAN] => 0
    [CNTTRANRESERV] => 0
)

[2026-02-17 20:36:13] [INFO] (/home/redbarbe/public_html/telegram/webapps/action/ajax_get_tren.php:61) Array
(
    [KOD] => 804718
    [TIME_FROM] => 20:00
    [TIME_TO] => 21:00               
    [CLIENTS_CNT] => 0
    [TOV_NAME] => Cross activity
    [ACC] => 0
    [CNTTRAN] => 0
    [CNTTRANRESERV] => 0
)

[2026-02-17 20:51:56] [INFO] (/home/redbarbe/public_html/telegram/webapps/action/hist_ost_poslug.php:19) SELECT a.name FROM `spr_acc` a, spr_users u WHERE u.active_account=a.acc and u.chat_id=a.chat_id and a.acc=11915 
and u.club=(select id from spr_clubs where ip_club="212.26.139.90") limit 1
[2026-02-17 20:51:56] [INFO] (/home/redbarbe/public_html/telegram/webapps/action/hist_ost_poslug.php:20) hist_ost_poslug
[2026-02-17 20:51:56] [INFO] (/home/redbarbe/public_html/telegram/webapps/action/hist_ost_poslug.php:111) Array
(
    [acc] => 11915
    [command] => GET_OST_POSLUG_ACC
)

[2026-02-17 20:51:56] [INFO] (/home/redbarbe/public_html/telegram/webapps/action/hist_ost_poslug.php:112) ip=212.26.139.90
[2026-02-17 20:52:59] [INFO] (/home/redbarbe/public_html/telegram/webapps/action/hist_ost_poslug.php:19) SELECT a.name FROM `spr_acc` a, spr_users u WHERE u.active_account=a.acc and u.chat_id=a.chat_id and a.acc=14952 
and u.club=(select id from spr_clubs where ip_club="178.158.212.173") limit 1
[2026-02-17 20:52:59] [INFO] (/home/redbarbe/public_html/telegram/webapps/action/hist_ost_poslug.php:20) hist_ost_poslug
[2026-02-17 20:52:59] [INFO] (/home/redbarbe/public_html/telegram/webapps/action/hist_ost_poslug.php:111) Array
(
    [acc] => 14952
    [command] => GET_OST_POSLUG_ACC
)

[2026-02-17 20:52:59] [INFO] (/home/redbarbe/public_html/telegram/webapps/action/hist_ost_poslug.php:112) ip=178.158.212.173
[2026-02-17 20:56:36] [INFO] (/home/redbarbe/public_html/telegram/webapps/action/ajax_get_tren.php:35) Array
(
    [0] => Array
        (
            [KOD] => 794205
            [TIME_FROM] => 08:00
            [TIME_TO] => 09:00               
            [CLIENTS_CNT] => 0
            [TOV_NAME] => Бокс(хлопці, з 13 років)
            [ACC] => 0
            [CNTTRAN] => 0
            [CNTTRANRESERV] => 0
        )

    [1] => Array
        (
            [KOD] => 793947
            [TIME_FROM] => 16:00
            [TIME_TO] => 17:00               
            [CLIENTS_CNT] => 0
            [TOV_NAME] => Паркур kids
            [ACC] => 0
            [CNTTRAN] => 0
            [CNTTRANRESERV] => 0
        )

    [2] => Array
        (
            [KOD] => 793431
            [TIME_FROM] => 17:00
            [TIME_TO] => 18:00               
            [CLIENTS_CNT] => 0
            [TOV_NAME] => Паркур teens
            [ACC] => 0
            [CNTTRAN] => 0
            [CNTTRANRESERV] => 0
        )

    [3] => Array
        (
            [KOD] => 792141
            [TIME_FROM] => 18:00
            [TIME_TO] => 19:00               
            [CLIENTS_CNT] => 0
            [TOV_NAME] => Йога
            [ACC] => 0
            [CNTTRAN] => 0
            [CNTTRANRESERV] => 0
        )

    [4] => Array
        (
            [KOD] => 792399
            [TIME_FROM] => 19:40
            [TIME_TO] => 20:40               
            [CLIENTS_CNT] => 0
            [TOV_NAME] => Акробатика Kids
            [ACC] => 0
            [CNTTRAN] => 0
            [CNTTRANRESERV] => 0
        )

    [5] => Array
        (
            [KOD] => 792915
            [TIME_FROM] => 20:00
            [TIME_TO] => 21:00               
            [CLIENTS_CNT] => 0
            [TOV_NAME] => Cross activity
            [ACC] => 0
            [CNTTRAN] => 0
            [CNTTRANRESERV] => 0
        )

    [6] => Array
        (
            [KOD] => 793173
            [TIME_FROM] => 20:00
            [TIME_TO] => 21:00               
            [CLIENTS_CNT] => 0
            [TOV_NAME] => Stretching
            [ACC] => 0
            [CNTTRAN] => 3
            [CNTTRANRESERV] => 0
        )

)

[2026-02-17 20:56:36] [INFO] (/home/redbarbe/public_html/telegram/webapps/action/ajax_get_tren.php:61) Array
(
    [KOD] => 794205
    [TIME_FROM] => 08:00
    [TIME_TO] => 09:00               
    [CLIENTS_CNT] => 0
    [TOV_NAME] => Бокс(хлопці, з 13 років)
    [ACC] => 0
    [CNTTRAN] => 0
    [CNTTRANRESERV] => 0
)

[2026-02-17 20:56:36] [INFO] (/home/redbarbe/public_html/telegram/webapps/action/ajax_get_tren.php:61) Array
(
    [KOD] => 793947
    [TIME_FROM] => 16:00
    [TIME_TO] => 17:00               
    [CLIENTS_CNT] => 0
    [TOV_NAME] => Паркур kids
    [ACC] => 0
    [CNTTRAN] => 0
    [CNTTRANRESERV] => 0
)

[2026-02-17 20:56:36] [INFO] (/home/redbarbe/public_html/telegram/webapps/action/ajax_get_tren.php:61) Array
(
    [KOD] => 793431
    [TIME_FROM] => 17:00
    [TIME_TO] => 18:00               
    [CLIENTS_CNT] => 0
    [TOV_NAME] => Паркур teens
    [ACC] => 0
    [CNTTRAN] => 0
    [CNTTRANRESERV] => 0
)

[2026-02-17 20:56:36] [INFO] (/home/redbarbe/public_html/telegram/webapps/action/ajax_get_tren.php:61) Array
(
    [KOD] => 792141
    [TIME_FROM] => 18:00
    [TIME_TO] => 19:00               
    [CLIENTS_CNT] => 0
    [TOV_NAME] => Йога
    [ACC] => 0
    [CNTTRAN] => 0
    [CNTTRANRESERV] => 0
)

[2026-02-17 20:56:36] [INFO] (/home/redbarbe/public_html/telegram/webapps/action/ajax_get_tren.php:61) Array
(
    [KOD] => 792399
    [TIME_FROM] => 19:40
    [TIME_TO] => 20:40               
    [CLIENTS_CNT] => 0
    [TOV_NAME] => Акробатика Kids
    [ACC] => 0
    [CNTTRAN] => 0
    [CNTTRANRESERV] => 0
)

[2026-02-17 20:56:36] [INFO] (/home/redbarbe/public_html/telegram/webapps/action/ajax_get_tren.php:61) Array
(
    [KOD] => 792915
    [TIME_FROM] => 20:00
    [TIME_TO] => 21:00               
    [CLIENTS_CNT] => 0
    [TOV_NAME] => Cross activity
    [ACC] => 0
    [CNTTRAN] => 0
    [CNTTRANRESERV] => 0
)

[2026-02-17 20:56:36] [INFO] (/home/redbarbe/public_html/telegram/webapps/action/ajax_get_tren.php:61) Array
(
    [KOD] => 793173
    [TIME_FROM] => 20:00
    [TIME_TO] => 21:00               
    [CLIENTS_CNT] => 0
    [TOV_NAME] => Stretching
    [ACC] => 0
    [CNTTRAN] => 3
    [CNTTRANRESERV] => 0
)

[2026-02-17 20:56:42] [INFO] (/home/redbarbe/public_html/telegram/webapps/reports/report_pers_detal.php:22) Array
(
)

[2026-02-17 20:56:49] [INFO] (/home/redbarbe/public_html/telegram/webapps/reports/report_pers_detal.php:22) Array
(
    [ajax_method] => 2
    [action] => report_pers_detal
    [action_report] => report_view
    [admin] => 5
    [date_from] => 16.02.2026
    [date_to] => 16.02.2026
    [ip_club] => 212.26.139.90
    [podr] => grp
    [sotr] => 03339
)

[2026-02-17 21:01:09] [INFO] (/home/redbarbe/public_html/telegram/webapps/action/ajax_get_tren.php:35) Array
(
    [0] => Array
        (
            [KOD] => 804338
            [TIME_FROM] => 10:00
            [TIME_TO] => 11:00               
            [CLIENTS_CNT] => 0
            [TOV_NAME] => Йога
            [ACC] => 0
            [CNTTRAN] => 0
            [CNTTRANRESERV] => 0
        )

    [1] => Array
        (
            [KOD] => 804491
            [TIME_FROM] => 18:00
            [TIME_TO] => 19:00               
            [CLIENTS_CNT] => 0
            [TOV_NAME] => Йога
            [ACC] => 0
            [CNTTRAN] => 0
            [CNTTRANRESERV] => 0
        )

    [2] => Array
        (
            [KOD] => 804542
            [TIME_FROM] => 18:00
            [TIME_TO] => 19:00               
            [CLIENTS_CNT] => 0
            [TOV_NAME] => Паркур Kids
            [ACC] => 0
            [CNTTRAN] => 2
            [CNTTRANRESERV] => 0
        )

    [3] => Array
        (
            [KOD] => 804389
            [TIME_FROM] => 19:00
            [TIME_TO] => 20:00               
            [CLIENTS_CNT] => 0
            [TOV_NAME] => Паркур
            [ACC] => 0
            [CNTTRAN] => 0
            [CNTTRANRESERV] => 0
        )

    [4] => Array
        (
            [KOD] => 804593
            [TIME_FROM] => 19:00
            [TIME_TO] => 20:00               
            [CLIENTS_CNT] => 0
            [TOV_NAME] => CrossActivity
            [ACC] => 0
            [CNTTRAN] => 0
            [CNTTRANRESERV] => 0
        )

    [5] => Array
        (
            [KOD] => 804644
            [TIME_FROM] => 19:00
            [TIME_TO] => 20:00               
            [CLIENTS_CNT] => 5
            [TOV_NAME] => Cycle
            [ACC] => 0
            [CNTTRAN] => 2
            [CNTTRANRESERV] => 0
        )

    [6] => Array
        (
            [KOD] => 804440
            [TIME_FROM] => 19:00
            [TIME_TO] => 20:00               
            [CLIENTS_CNT] => 0
            [TOV_NAME] => FitnessMix
            [ACC] => 0
            [CNTTRAN] => 1
            [CNTTRANRESERV] => 0
        )

)

[2026-02-17 21:01:09] [INFO] (/home/redbarbe/public_html/telegram/webapps/action/ajax_get_tren.php:61) Array
(
    [KOD] => 804338
    [TIME_FROM] => 10:00
    [TIME_TO] => 11:00               
    [CLIENTS_CNT] => 0
    [TOV_NAME] => Йога
    [ACC] => 0
    [CNTTRAN] => 0
    [CNTTRANRESERV] => 0
)

[2026-02-17 21:01:09] [INFO] (/home/redbarbe/public_html/telegram/webapps/action/ajax_get_tren.php:61) Array
(
    [KOD] => 804491
    [TIME_FROM] => 18:00
    [TIME_TO] => 19:00               
    [CLIENTS_CNT] => 0
    [TOV_NAME] => Йога
    [ACC] => 0
    [CNTTRAN] => 0
    [CNTTRANRESERV] => 0
)

[2026-02-17 21:01:09] [INFO] (/home/redbarbe/public_html/telegram/webapps/action/ajax_get_tren.php:61) Array
(
    [KOD] => 804542
    [TIME_FROM] => 18:00
    [TIME_TO] => 19:00               
    [CLIENTS_CNT] => 0
    [TOV_NAME] => Паркур Kids
    [ACC] => 0
    [CNTTRAN] => 2
    [CNTTRANRESERV] => 0
)

[2026-02-17 21:01:09] [INFO] (/home/redbarbe/public_html/telegram/webapps/action/ajax_get_tren.php:61) Array
(
    [KOD] => 804389
    [TIME_FROM] => 19:00
    [TIME_TO] => 20:00               
    [CLIENTS_CNT] => 0
    [TOV_NAME] => Паркур
    [ACC] => 0
    [CNTTRAN] => 0
    [CNTTRANRESERV] => 0
)

[2026-02-17 21:01:09] [INFO] (/home/redbarbe/public_html/telegram/webapps/action/ajax_get_tren.php:61) Array
(
    [KOD] => 804593
    [TIME_FROM] => 19:00
    [TIME_TO] => 20:00               
    [CLIENTS_CNT] => 0
    [TOV_NAME] => CrossActivity
    [ACC] => 0
    [CNTTRAN] => 0
    [CNTTRANRESERV] => 0
)

[2026-02-17 21:01:09] [INFO] (/home/redbarbe/public_html/telegram/webapps/action/ajax_get_tren.php:61) Array
(
    [KOD] => 804644
    [TIME_FROM] => 19:00
    [TIME_TO] => 20:00               
    [CLIENTS_CNT] => 5
    [TOV_NAME] => Cycle
    [ACC] => 0
    [CNTTRAN] => 2
    [CNTTRANRESERV] => 0
)

[2026-02-17 21:01:09] [INFO] (/home/redbarbe/public_html/telegram/webapps/action/ajax_get_tren.php:61) Array
(
    [KOD] => 804440
    [TIME_FROM] => 19:00
    [TIME_TO] => 20:00               
    [CLIENTS_CNT] => 0
    [TOV_NAME] => FitnessMix
    [ACC] => 0
    [CNTTRAN] => 1
    [CNTTRANRESERV] => 0
)

[2026-02-17 21:02:04] [INFO] (/home/redbarbe/public_html/telegram/webapps/reports/report_pers_detal.php:22) Array
(
)

[2026-02-17 21:02:11] [INFO] (/home/redbarbe/public_html/telegram/webapps/reports/report_pers_detal.php:22) Array
(
)

[2026-02-17 21:02:11] [INFO] (/home/redbarbe/public_html/telegram/webapps/reports/report_pers_detal.php:22) Array
(
    [ajax_method] => 2
    [action] => report_pers_detal
    [action_report] => report_view
    [admin] => 5
    [date_from] => 17.02.2026
    [date_to] => 17.02.2026
    [ip_club] => 178.158.212.173
    [podr] => pt
    [sotr] => 0329
)

[2026-02-17 21:02:18] [INFO] (/home/redbarbe/public_html/telegram/webapps/reports/report_pers_detal.php:22) Array
(
    [ajax_method] => 2
    [action] => report_pers_detal
    [action_report] => report_view
    [admin] => 5
    [date_from] => 17.02.2026
    [date_to] => 17.02.2026
    [ip_club] => 193.194.107.2
    [podr] => all
    [sotr] => 0311
)

[2026-02-17 21:10:39] [INFO] (/home/redbarbe/public_html/telegram/webapps/reports/report_pers_detal.php:22) Array
(
)

[2026-02-17 21:10:47] [INFO] (/home/redbarbe/public_html/telegram/webapps/reports/report_pers_detal.php:22) Array
(
    [ajax_method] => 2
    [action] => report_pers_detal
    [action_report] => report_view
    [admin] => 5
    [date_from] => 16.02.2026
    [date_to] => 16.02.2026
    [ip_club] => 212.26.139.90
    [podr] => pt
    [sotr] => 03339
)

[2026-02-17 21:11:04] [INFO] (/home/redbarbe/public_html/telegram/webapps/reports/report_pers_detal.php:22) Array
(
    [ajax_method] => 2
    [action] => report_pers_detal
    [action_report] => report_view
    [admin] => 5
    [date_from] => 17.02.2026
    [date_to] => 17.02.2026
    [ip_club] => 212.26.139.90
    [podr] => pt
    [sotr] => 03339
)

[2026-02-17 21:32:40] [INFO] (/home/redbarbe/public_html/telegram/webapps/action/chats_clients.php:19) Array
(
    [action] => chats_clients
    [club] => 3
    [chat_id] => 5890364519
)

[2026-02-17 21:32:40] [INFO] (/home/redbarbe/public_html/telegram/webapps/action/chats_clients.php:20) Борщагівка Ред Барбел Адмін
[2026-02-17 21:32:40] [INFO] (/home/redbarbe/public_html/telegram/webapps/action/chats_clients.php:113) Array
(
    [0] => Array
        (
            [chat_id_klient] => 1589803822
            [max_time] => 2026-02-15 17:34:33
            [name] => Ліцута Павло Петрович
            [cn_all] => 1
            [cn_read] => 1
        )

    [1] => Array
        (
            [chat_id_klient] => 699958235
            [max_time] => 2026-02-15 12:27:24
            [name] => Мельник  Сергій  Васильович
            [cn_all] => 22
            [cn_read] => 21
        )

    [2] => Array
        (
            [chat_id_klient] => 767551184
            [max_time] => 2026-02-14 16:09:21
            [name] => Шуваєва Аліна Олександрівна
            [cn_all] => 12
            [cn_read] => 12
        )

    [3] => Array
        (
            [chat_id_klient] => 1587985044
            [max_time] => 2026-02-14 16:07:29
            [name] => Мнацаканян  Дарина Андріївна
            [cn_all] => 4
            [cn_read] => 1
        )

    [4] => Array
        (
            [chat_id_klient] => 605131842
            [max_time] => 2026-02-14 15:57:11
            [name] => Черниш Тетяна Вікторівна
            [cn_all] => 2
            [cn_read] => 1
        )

    [5] => Array
        (
            [chat_id_klient] => 614500180
            [max_time] => 2026-02-14 15:55:45
            [name] => Маліннікова Анастасія Євгенівна
            [cn_all] => 5
            [cn_read] => 5
        )

    [6] => Array
        (
            [chat_id_klient] => 285319821
            [max_time] => 2026-02-12 09:51:08
            [name] => Кочубинський Федір Станіславович
            [cn_all] => 1
            [cn_read] => 1
        )

    [7] => Array
        (
            [chat_id_klient] => 490905909
            [max_time] => 2026-02-11 11:41:05
            [name] => Жила Антоніна Сергіївна
            [cn_all] => 8
            [cn_read] => 8
        )

    [8] => Array
        (
            [chat_id_klient] => 331543136
            [max_time] => 2026-02-06 07:39:18
            [name] => Петрухін Валерій Іванович
            [cn_all] => 2
            [cn_read] => 0
        )

    [9] => Array
        (
            [chat_id_klient] => 355331763
            [max_time] => 2026-02-05 12:17:57
            [name] => Хоменко Олександр Євгенійович
            [cn_all] => 3
            [cn_read] => 2
        )

    [10] => Array
        (
            [chat_id_klient] => 566682607
            [max_time] => 2026-02-03 16:54:31
            [name] => Волков Владислав
            [cn_all] => 1
            [cn_read] => 1
        )

    [11] => Array
        (
            [chat_id_klient] => 380448595
            [max_time] => 2026-02-03 16:07:42
            [name] => Куренкова Олена Олексіївна
            [cn_all] => 2
            [cn_read] => 1
        )

    [12] => Array
        (
            [chat_id_klient] => 827562364
            [max_time] => 2026-02-02 18:48:54
            [name] => Свірська Мілана Максимівна
            [cn_all] => 1
            [cn_read] => 1
        )

    [13] => Array
        (
            [chat_id_klient] => 1314914574
            [max_time] => 2026-01-30 07:05:52
            [name] => Шостак Христина Мик
            [cn_all] => 2
            [cn_read] => 1
        )

    [14] => Array
        (
            [chat_id_klient] => 546932631
            [max_time] => 2026-01-28 16:29:32
            [name] => Лісова Карина Юріівна
            [cn_all] => 3
            [cn_read] => 3
        )

    [15] => Array
        (
            [chat_id_klient] => 470778939
            [max_time] => 2026-01-26 16:17:44
            [name] => Улизько Владислава Максимівна
            [cn_all] => 2
            [cn_read] => 1
        )

    [16] => Array
        (
            [chat_id_klient] => 577898333
            [max_time] => 2026-01-25 12:18:15
            [name] => Дубінчак Олександр  Валерійович
            [cn_all] => 2
            [cn_read] => 2
        )

    [17] => Array
        (
            [chat_id_klient] => 445588956
            [max_time] => 2026-01-25 10:29:07
            [name] => Бунда Олександра
            [cn_all] => 5
            [cn_read] => 5
        )

    [18] => Array
        (
            [chat_id_klient] => 198986858
            [max_time] => 2026-01-23 17:38:51
            [name] => Шаповалов Михайло Євгенійович
            [cn_all] => 5
            [cn_read] => 5
        )

    [19] => Array
        (
            [chat_id_klient] => 439837091
            [max_time] => 2026-01-22 20:52:15
            [name] => Трипядько Віталій Анатолійович
            [cn_all] => 2
            [cn_read] => 2
        )

    [20] => Array
        (
            [chat_id_klient] => 217216084
            [max_time] => 2026-01-22 18:01:34
            [name] => Турик Надія
            [cn_all] => 1
            [cn_read] => 1
        )

    [21] => Array
        (
            [chat_id_klient] => 450314398
            [max_time] => 2026-01-20 21:58:19
            [name] => Сильвашій Юлія  Віталіївна
            [cn_all] => 4
            [cn_read] => 4
        )

    [22] => Array
        (
            [chat_id_klient] => 539317921
            [max_time] => 2026-01-17 13:37:09
            [name] => Янчикова  Анастасія  Андріївна
            [cn_all] => 2
            [cn_read] => 2
        )

    [23] => Array
        (
            [chat_id_klient] => 1059389435
            [max_time] => 2026-01-17 13:35:57
            [name] => Філатова Вікторія Дмитрівна
            [cn_all] => 3
            [cn_read] => 3
        )

    [24] => Array
        (
            [chat_id_klient] => 532442590
            [max_time] => 2026-01-15 20:43:28
            [name] => Лободін Олег Георгійович
            [cn_all] => 11
            [cn_read] => 11
        )

    [25] => Array
        (
            [chat_id_klient] => 7399095175
            [max_time] => 2026-01-14 20:48:46
            [name] => Лоносов Давид  Євгенійович
            [cn_all] => 6
            [cn_read] => 6
        )

    [26] => Array
        (
            [chat_id_klient] => 426631944
            [max_time] => 2026-01-14 12:49:41
            [name] => Путілова Олександра Дмитрівна
            [cn_all] => 3
            [cn_read] => 3
        )

    [27] => Array
        (
            [chat_id_klient] => 348083562
            [max_time] => 2026-01-14 11:45:48
            [name] => Зеленіна Анна Олегівна
            [cn_all] => 14
            [cn_read] => 14
        )

    [28] => Array
        (
            [chat_id_klient] => 327952363
            [max_time] => 2026-01-14 11:31:18
            [name] => Пчолкін Дмитро Олексійович
            [cn_all] => 11
            [cn_read] => 11
        )

    [29] => Array
        (
            [chat_id_klient] => 749295005
            [max_time] => 2026-01-13 10:43:59
            [name] => Степаненко Евеліна Михайлівна
            [cn_all] => 12
            [cn_read] => 12
        )

    [30] => Array
        (
            [chat_id_klient] => 6840750333
            [max_time] => 2026-01-13 10:39:52
            [name] => Михальська Ліліана Віталіївна
            [cn_all] => 2
            [cn_read] => 2
        )

    [31] => Array
        (
            [chat_id_klient] => 361916123
            [max_time] => 2026-01-12 17:31:58
            [name] => Саліванова Катерина Володимирівна
            [cn_all] => 4
            [cn_read] => 4
        )

    [32] => Array
        (
            [chat_id_klient] => 8449657004
            [max_time] => 2026-01-09 11:16:19
            [name] => Тимощук  Тетяна  Михайлівна
            [cn_all] => 2
            [cn_read] => 2
        )

    [33] => Array
        (
            [chat_id_klient] => 1152613028
            [max_time] => 2026-01-08 17:34:37
            [name] => Недорубко  Варвара Ігорівна
            [cn_all] => 2
            [cn_read] => 2
        )

    [34] => Array
        (
            [chat_id_klient] => 507268159
            [max_time] => 2026-01-05 12:27:42
            [name] => Мотузка Ольга Вікторівна
            [cn_all] => 8
            [cn_read] => 8
        )

    [35] => Array
        (
            [chat_id_klient] => 425553145
            [max_time] => 2026-01-03 19:41:24
            [name] => Ткаченко Дарина Віталіївна
            [cn_all] => 7
            [cn_read] => 7
        )

    [36] => Array
        (
            [chat_id_klient] => 875440597
            [max_time] => 2026-01-02 20:31:11
            [name] => Тютюнік Роман Олександрович
            [cn_all] => 5
            [cn_read] => 5
        )

    [37] => Array
        (
            [chat_id_klient] => 804900695
            [max_time] => 2026-01-02 17:38:49
            [name] => Пашкевич  Олександр Олегович
            [cn_all] => 3
            [cn_read] => 3
        )

    [38] => Array
        (
            [chat_id_klient] => 478442412
            [max_time] => 2025-12-30 20:00:42
            [name] => Кузнецов Віктор
            [cn_all] => 12
            [cn_read] => 12
        )

    [39] => Array
        (
            [chat_id_klient] => 5865961544
            [max_time] => 2025-12-29 15:14:25
            [name] => Чорнобай Андрій Павлович
            [cn_all] => 6
            [cn_read] => 6
        )

    [40] => Array
        (
            [chat_id_klient] => 848851997
            [max_time] => 2025-12-28 12:46:48
            [name] => Пономарьов Денис Романович
            [cn_all] => 5
            [cn_read] => 5
        )

    [41] => Array
        (
            [chat_id_klient] => 5039403320
            [max_time] => 2025-12-19 14:50:21
            [name] => Король Альона Василівна
            [cn_all] => 2
            [cn_read] => 2
        )

    [42] => Array
        (
            [chat_id_klient] => 1313567273
            [max_time] => 2025-12-18 20:25:22
            [name] => Шубіна Олена Вадимівна
            [cn_all] => 3
            [cn_read] => 2
        )

    [43] => Array
        (
            [chat_id_klient] => 188906740
            [max_time] => 2025-12-15 14:28:03
            [name] => Горев-Чуянова Тамара Олександрівна
            [cn_all] => 7
            [cn_read] => 7
        )

    [44] => Array
        (
            [chat_id_klient] => 481846974
            [max_time] => 2025-12-15 13:06:46
            [name] => Стасюк  Станіслав  Ігорович
            [cn_all] => 5
            [cn_read] => 5
        )

    [45] => Array
        (
            [chat_id_klient] => 5659555483
            [max_time] => 2025-12-10 18:07:34
            [name] => Sheva White Alex
            [cn_all] => 32
            [cn_read] => 31
        )

    [46] => Array
        (
            [chat_id_klient] => 471910873
            [max_time] => 2025-12-10 09:30:14
            [name] => Сорокін Павло Генадыйович
            [cn_all] => 5
            [cn_read] => 5
        )

    [47] => Array
        (
            [chat_id_klient] => 283451441
            [max_time] => 2025-12-08 18:28:09
            [name] => Варгатюк  Марина  Сергіївна
            [cn_all] => 3
            [cn_read] => 3
        )

    [48] => Array
        (
            [chat_id_klient] => 984088106
            [max_time] => 2025-12-08 16:33:15
            [name] => Калініна Ярослава михайлівна
            [cn_all] => 2
            [cn_read] => 1
        )

    [49] => Array
        (
            [chat_id_klient] => 6965972540
            [max_time] => 2025-12-05 12:18:27
            [name] => Мирошниченко Роман Романович
            [cn_all] => 32
            [cn_read] => 32
        )

    [50] => Array
        (
            [chat_id_klient] => 653323314
            [max_time] => 2025-12-04 11:15:55
            [name] => Яцук Юлія  Андріївна
            [cn_all] => 8
            [cn_read] => 7
        )

    [51] => Array
        (
            [chat_id_klient] => 379025697
            [max_time] => 2025-12-01 16:13:41
            [name] => Рубан Анастасія
            [cn_all] => 2
            [cn_read] => 2
        )

    [52] => Array
        (
            [chat_id_klient] => 792809078
            [max_time] => 2025-11-29 14:10:31
            [name] => Пав Данііл  Олександрович
            [cn_all] => 2
            [cn_read] => 2
        )

    [53] => Array
        (
            [chat_id_klient] => 6415001638
            [max_time] => 2025-11-27 16:49:16
            [name] => Євсіков Саятослав Романович
            [cn_all] => 2
            [cn_read] => 2
        )

    [54] => Array
        (
            [chat_id_klient] => 625842841
            [max_time] => 2025-11-27 11:53:52
            [name] => Добрівечір Катерина Василівна
            [cn_all] => 5
            [cn_read] => 5
        )

    [55] => Array
        (
            [chat_id_klient] => 6561008075
            [max_time] => 2025-11-25 22:33:18
            [name] => Лосінська Вікторія Олександрівна
            [cn_all] => 8
            [cn_read] => 8
        )

    [56] => Array
        (
            [chat_id_klient] => 326958147
            [max_time] => 2025-11-19 21:47:54
            [name] => Бабійчук Луїза Богданівна
            [cn_all] => 5
            [cn_read] => 5
        )

    [57] => Array
        (
            [chat_id_klient] => 1739820280
            [max_time] => 2025-11-13 14:36:23
            [name] => Уманцева  Дарья  Андреевна
            [cn_all] => 7
            [cn_read] => 7
        )

    [58] => Array
        (
            [chat_id_klient] => 6674278960
            [max_time] => 2025-11-13 14:35:56
            [name] => Войтко  Роман  Валентинович
            [cn_all] => 4
            [cn_read] => 4
        )

    [59] => Array
        (
            [chat_id_klient] => 570670025
            [max_time] => 2025-11-09 17:29:48
            [name] => Тібірькова  Марія  Сергіївна
            [cn_all] => 4
            [cn_read] => 4
        )

    [60] => Array
        (
            [chat_id_klient] => 755511098
            [max_time] => 2025-11-07 07:07:09
            [name] => Гайдаєнко Анастасія Олегівна
            [cn_all] => 2
            [cn_read] => 2
        )

    [61] => Array
        (
            [chat_id_klient] => 422313694
            [max_time] => 2025-11-05 16:57:42
            [name] => Мартиненко  Анастасія Вікторівна
            [cn_all] => 5
            [cn_read] => 5
        )

    [62] => Array
        (
            [chat_id_klient] => 5222165663
            [max_time] => 2025-11-03 20:46:14
            [name] => Шепельська Оксана Олегівна
            [cn_all] => 1
            [cn_read] => 1
        )

    [63] => Array
        (
            [chat_id_klient] => 175857112
            [max_time] => 2025-11-03 16:13:56
            [name] => Іскра Карина Сергіівна
            [cn_all] => 4
            [cn_read] => 4
        )

    [64] => Array
        (
            [chat_id_klient] => 536912870
            [max_time] => 2025-11-03 14:47:23
            [name] => тест тест тестович
            [cn_all] => 6
            [cn_read] => 6
        )

    [65] => Array
        (
            [chat_id_klient] => 558363404
            [max_time] => 2025-10-31 22:05:37
            [name] => Сидоренко  Наталія  Миколаївна
            [cn_all] => 1
            [cn_read] => 0
        )

    [66] => Array
        (
            [chat_id_klient] => 365283260
            [max_time] => 2025-10-31 08:14:47
            [name] => Иванова Маргарита Александровна
            [cn_all] => 1
            [cn_read] => 1
        )

    [67] => Array
        (
            [chat_id_klient] => 572851893
            [max_time] => 2025-10-29 19:03:07
            [name] => Кулібаба Тетяна Віталіївна
            [cn_all] => 1
            [cn_read] => 0
        )

    [68] => Array
        (
            [chat_id_klient] => 689523639
            [max_time] => 2025-10-29 13:35:11
            [name] => Бондаренко Марина Геннадіївна
            [cn_all] => 1
            [cn_read] => 0
        )

    [69] => Array
        (
            [chat_id_klient] => 384851591
            [max_time] => 2025-10-29 09:09:54
            [name] => Мартинюк Андрій Богданович
            [cn_all] => 2
            [cn_read] => 2
        )

    [70] => Array
        (
            [chat_id_klient] => 150233149
            [max_time] => 2025-10-23 16:50:37
            [name] => Бех Артем Анатолійович
            [cn_all] => 2
            [cn_read] => 2
        )

    [71] => Array
        (
            [chat_id_klient] => 402875702
            [max_time] => 2025-10-22 16:52:42
            [name] => Мельник Вікторія Іванівна
            [cn_all] => 7
            [cn_read] => 5
        )

    [72] => Array
        (
            [chat_id_klient] => 971780531
            [max_time] => 2025-10-22 09:52:56
            [name] => Артьомов Владислав Денисович
            [cn_all] => 1
            [cn_read] => 1
        )

    [73] => Array
        (
            [chat_id_klient] => 395182678
            [max_time] => 2025-10-17 12:49:31
            [name] => Бікулова Тетяна Сергіївна
            [cn_all] => 1
            [cn_read] => 0
        )

    [74] => Array
        (
            [chat_id_klient] => 548034107
            [max_time] => 2025-10-17 11:05:46
            [name] => Кулікова Ірина Павлівна
            [cn_all] => 1
            [cn_read] => 0
        )

    [75] => Array
        (
            [chat_id_klient] => 7130950326
            [max_time] => 2025-10-15 21:46:29
            [name] => Климук  Вікторія  Сергіївна
            [cn_all] => 1
            [cn_read] => 0
        )

    [76] => Array
        (
            [chat_id_klient] => 520407040
            [max_time] => 2025-10-15 12:36:56
            [name] => Гунь Микита Єгорович
            [cn_all] => 1
            [cn_read] => 0
        )

    [77] => Array
        (
            [chat_id_klient] => 8168600093
            [max_time] => 2025-10-14 14:14:20
            [name] => Бодня Марина Олександрівна
            [cn_all] => 14
            [cn_read] => 14
        )

    [78] => Array
        (
            [chat_id_klient] => 310672305
            [max_time] => 2025-10-13 14:48:43
            [name] => Слободянюк Анастасія Тарасівна
            [cn_all] => 2
            [cn_read] => 2
        )

    [79] => Array
        (
            [chat_id_klient] => 809188240
            [max_time] => 2025-10-08 09:28:17
            [name] => Сербін Даніл
            [cn_all] => 8
            [cn_read] => 8
        )

    [80] => Array
        (
            [chat_id_klient] => 360072238
            [max_time] => 2025-09-24 07:14:36
            [name] => Сичова Вікторія Олексіївна
            [cn_all] => 2
            [cn_read] => 2
        )

    [81] => Array
        (
            [chat_id_klient] => 791471939
            [max_time] => 2025-09-20 09:10:31
            [name] => Нарманія Вардо Романівна
            [cn_all] => 19
            [cn_read] => 19
        )

    [82] => Array
        (
            [chat_id_klient] => 414044474
            [max_time] => 2025-09-19 20:02:28
            [name] => Кіріченко Надія Іванівна
            [cn_all] => 5
            [cn_read] => 5
        )

    [83] => Array
        (
            [chat_id_klient] => 1442839374
            [max_time] => 2025-09-19 14:31:25
            [name] => Животовська Маргарита Володимирівна
            [cn_all] => 2
            [cn_read] => 1
        )

    [84] => Array
        (
            [chat_id_klient] => 471099013
            [max_time] => 2025-09-18 16:10:58
            [name] => Кравець Володимир
            [cn_all] => 5
            [cn_read] => 5
        )

    [85] => Array
        (
            [chat_id_klient] => 278786807
            [max_time] => 2025-09-12 19:36:37
            [name] => Яковенко Дмитро Олександрович
            [cn_all] => 1
            [cn_read] => 1
        )

    [86] => Array
        (
            [chat_id_klient] => 489788359
            [max_time] => 2025-09-03 16:58:52
            [name] => Баришполь Аня
            [cn_all] => 2
            [cn_read] => 1
        )

    [87] => Array
        (
            [chat_id_klient] => 943694448
            [max_time] => 2025-09-02 12:34:52
            [name] => Філоненко Ольга Сергіївна
            [cn_all] => 2
            [cn_read] => 2
        )

    [88] => Array
        (
            [chat_id_klient] => 126324701
            [max_time] => 2025-08-26 18:01:32
            [name] => Кузьменко Антон Сергеевич
            [cn_all] => 18
            [cn_read] => 18
        )

    [89] => Array
        (
            [chat_id_klient] => 554235424
            [max_time] => 2025-08-20 15:02:22
            [name] => Ільенко Яна
            [cn_all] => 19
            [cn_read] => 19
        )

    [90] => Array
        (
            [chat_id_klient] => 1031710535
            [max_time] => 2025-08-19 13:52:06
            [name] => Сап''Ян Платон Констянтинович
            [cn_all] => 2
            [cn_read] => 2
        )

    [91] => Array
        (
            [chat_id_klient] => 5202027055
            [max_time] => 2025-08-12 09:15:06
            [name] => Поліщук Оксана Миколаївна
            [cn_all] => 3
            [cn_read] => 3
        )

    [92] => Array
        (
            [chat_id_klient] => 1658572508
            [max_time] => 2025-08-08 17:15:18
            [name] => Куринный Алексей Анатольевич
            [cn_all] => 2
            [cn_read] => 2
        )

    [93] => Array
        (
            [chat_id_klient] => 7868638728
            [max_time] => 2025-08-07 12:04:24
            [name] => Святокум Анастасія Юріївна
            [cn_all] => 5
            [cn_read] => 5
        )

    [94] => Array
        (
            [chat_id_klient] => 489245778
            [max_time] => 2025-08-01 16:15:15
            [name] => Каракаш Віталій Миколайович
            [cn_all] => 3
            [cn_read] => 3
        )

    [95] => Array
        (
            [chat_id_klient] => 563331428
            [max_time] => 2025-07-15 11:52:28
            [name] => Гарапач Анна Олександрівна
            [cn_all] => 2
            [cn_read] => 2
        )

    [96] => Array
        (
            [chat_id_klient] => 6766473077
            [max_time] => 2025-06-22 13:23:59
            [name] => Железняк Артем Валерійович
            [cn_all] => 2
            [cn_read] => 2
        )

    [97] => Array
        (
            [chat_id_klient] => 1281319111
            [max_time] => 2025-06-21 20:12:57
            [name] => Кулішенко Антон Вікторович
            [cn_all] => 3
            [cn_read] => 3
        )

    [98] => Array
        (
            [chat_id_klient] => 1209198185
            [max_time] => 2025-06-17 14:24:30
            [name] => Стариченко Олена Ігорівна
            [cn_all] => 6
            [cn_read] => 6
        )

    [99] => Array
        (
            [chat_id_klient] => 649740593
            [max_time] => 2025-06-13 13:20:12
            [name] => Науменко Катерина Павлівна
            [cn_all] => 2
            [cn_read] => 2
        )

    [100] => Array
        (
            [chat_id_klient] => 1728067294
            [max_time] => 2025-06-09 19:16:57
            [name] => Гінетов Тимур Максимович
            [cn_all] => 2
            [cn_read] => 2
        )

    [101] => Array
        (
            [chat_id_klient] => 5152743290
            [max_time] => 2025-06-02 15:40:46
            [name] => Вовченко Тетяна Петрівна
            [cn_all] => 3
            [cn_read] => 3
        )

)

[2026-02-17 21:32:43] [INFO] (/home/redbarbe/public_html/telegram/webapps/action/chart.php:29) SELECT a.name FROM `spr_acc` a, spr_users u 
WHERE u.active_account=a.acc and u.chat_id=a.chat_id and a.chat_id="1589803822"
and u.club=3 limit 1
[2026-02-17 21:32:43] [INFO] (/home/redbarbe/public_html/telegram/webapps/action/chart.php:30) Array
(
    [action] => chart
    [club] => 3
    [admin] => 1
    [who_user_write] => 5890364519
    [chatid] => 1589803822
)

[2026-02-17 21:47:22] [INFO] (/home/redbarbe/public_html/telegram/webapps/reports/report_pers_detal.php:22) Array
(
)

[2026-02-17 21:47:41] [INFO] (/home/redbarbe/public_html/telegram/webapps/reports/report_pers_detal.php:22) Array
(
    [ajax_method] => 2
    [action] => report_pers_detal
    [action_report] => report_view
    [admin] => 5
    [date_from] => 17.02.2026
    [date_to] => 17.02.2026
    [ip_club] => 193.194.107.2
    [podr] => grp
    [sotr] => 192
)

[2026-02-17 21:52:23] [INFO] (/home/redbarbe/public_html/telegram/webapps/reports/report_pers_detal.php:22) Array
(
)

[2026-02-17 21:52:34] [INFO] (/home/redbarbe/public_html/telegram/webapps/reports/report_pers_detal.php:22) Array
(
    [ajax_method] => 2
    [action] => report_pers_detal
    [action_report] => report_view
    [admin] => 5
    [date_from] => 17.02.2026
    [date_to] => 17.02.2026
    [ip_club] => 178.151.119.180
    [podr] => all
    [sotr] => 0326
)

[2026-02-17 21:56:41] [INFO] (/home/redbarbe/public_html/telegram/webapps/action/hist_ost_poslug.php:19) SELECT a.name FROM `spr_acc` a, spr_users u WHERE u.active_account=a.acc and u.chat_id=a.chat_id and a.acc=66 
and u.club=(select id from spr_clubs where ip_club="109.86.110.220") limit 1
[2026-02-17 21:56:41] [INFO] (/home/redbarbe/public_html/telegram/webapps/action/hist_ost_poslug.php:20) hist_ost_poslug
[2026-02-17 21:56:41] [INFO] (/home/redbarbe/public_html/telegram/webapps/action/hist_ost_poslug.php:111) Array
(
    [acc] => 66
    [command] => GET_OST_POSLUG_ACC
)

[2026-02-17 21:56:41] [INFO] (/home/redbarbe/public_html/telegram/webapps/action/hist_ost_poslug.php:112) ip=109.86.110.220
[2026-02-17 21:56:50] [INFO] (/home/redbarbe/public_html/telegram/webapps/action/my_zapis.php:105) 
[2026-02-17 22:01:37] [INFO] (/home/redbarbe/public_html/telegram/webapps/reports/report_pers_detal.php:22) Array
(
)

[2026-02-17 22:01:43] [INFO] (/home/redbarbe/public_html/telegram/webapps/reports/report_pers_detal.php:22) Array
(
    [ajax_method] => 2
    [action] => report_pers_detal
    [action_report] => report_view
    [admin] => 5
    [date_from] => 17.02.2026
    [date_to] => 17.02.2026
    [ip_club] => 178.158.212.173
    [podr] => grp
    [sotr] => 0314
)

[2026-02-17 22:13:21] [INFO] (/home/redbarbe/public_html/telegram/webapps/reports/report_pers_detal.php:22) Array
(
)

[2026-02-17 22:13:30] [INFO] (/home/redbarbe/public_html/telegram/webapps/reports/report_pers_detal.php:22) Array
(
    [ajax_method] => 2
    [action] => report_pers_detal
    [action_report] => report_view
    [admin] => 5
    [date_from] => 17.02.2026
    [date_to] => 17.02.2026
    [ip_club] => 178.158.212.173
    [podr] => all
    [sotr] => 0112
)

[2026-02-17 22:14:25] [INFO] (/home/redbarbe/public_html/telegram/webapps/reports/report_pers_detal.php:22) Array
(
)

[2026-02-17 22:14:28] [INFO] (/home/redbarbe/public_html/telegram/webapps/reports/report_pers_detal.php:22) Array
(
    [ajax_method] => 2
    [action] => report_pers_detal
    [action_report] => report_view
    [admin] => 5
    [date_from] => 01.02.2026
    [date_to] => 28.02.2026
    [ip_club] => 212.26.139.90
    [podr] => all
    [sotr] => 007989
)

[2026-02-17 22:31:55] [INFO] (/home/redbarbe/public_html/telegram/webapps/action/ajax_get_tren.php:35) Array
(
    [0] => Array
        (
            [KOD] => 805257
            [TIME_FROM] => 09:00
            [TIME_TO] => 10:00               
            [CLIENTS_CNT] => 0
            [TOV_NAME] => CrossActivity
            [ACC] => 0
            [CNTTRAN] => 1
            [CNTTRANRESERV] => 0
        )

    [1] => Array
        (
            [KOD] => 804849
            [TIME_FROM] => 09:00
            [TIME_TO] => 10:00               
            [CLIENTS_CNT] => 0
            [TOV_NAME] => Total Body
            [ACC] => 0
            [CNTTRAN] => 0
            [CNTTRANRESERV] => 0
        )

    [2] => Array
        (
            [KOD] => 804900
            [TIME_FROM] => 14:00
            [TIME_TO] => 15:00               
            [CLIENTS_CNT] => 0
            [TOV_NAME] => FitnessMix
            [ACC] => 0
            [CNTTRAN] => 0
            [CNTTRANRESERV] => 0
        )

    [3] => Array
        (
            [KOD] => 804747
            [TIME_FROM] => 17:00
            [TIME_TO] => 18:00               
            [CLIENTS_CNT] => 0
            [TOV_NAME] => Mobility
            [ACC] => 0
            [CNTTRAN] => 0
            [CNTTRANRESERV] => 0
        )

    [4] => Array
        (
            [KOD] => 805206
            [TIME_FROM] => 18:00
            [TIME_TO] => 19:00               
            [CLIENTS_CNT] => 0
            [TOV_NAME] => Паркур Kids
            [ACC] => 0
            [CNTTRAN] => 0
            [CNTTRANRESERV] => 0
        )

    [5] => Array
        (
            [KOD] => 805002
            [TIME_FROM] => 18:30
            [TIME_TO] => 19:30               
            [CLIENTS_CNT] => 0
            [TOV_NAME] => Pilates
            [ACC] => 0
            [CNTTRAN] => 0
            [CNTTRANRESERV] => 0
        )

    [6] => Array
        (
            [KOD] => 805104
            [TIME_FROM] => 19:00
            [TIME_TO] => 20:00               
            [CLIENTS_CNT] => 0
            [TOV_NAME] => Паркур
            [ACC] => 0
            [CNTTRAN] => 0
            [CNTTRANRESERV] => 0
        )

    [7] => Array
        (
            [KOD] => 804798
            [TIME_FROM] => 19:00
            [TIME_TO] => 20:00               
            [CLIENTS_CNT] => 0
            [TOV_NAME] => CrossActivity
            [ACC] => 0
            [CNTTRAN] => 0
            [CNTTRANRESERV] => 0
        )

    [8] => Array
        (
            [KOD] => 804696
            [TIME_FROM] => 19:00
            [TIME_TO] => 20:00               
            [CLIENTS_CNT] => 0
            [TOV_NAME] => Aesthetic Gymnastics
            [ACC] => 0
            [CNTTRAN] => 1
            [CNTTRANRESERV] => 0
        )

    [9] => Array
        (
            [KOD] => 805053
            [TIME_FROM] => 19:30
            [TIME_TO] => 20:30               
            [CLIENTS_CNT] => 0
            [TOV_NAME] => TRX
            [ACC] => 0
            [CNTTRAN] => 0
            [CNTTRANRESERV] => 0
        )

    [10] => Array
        (
            [KOD] => 804951
            [TIME_FROM] => 20:00
            [TIME_TO] => 21:00               
            [CLIENTS_CNT] => 0
            [TOV_NAME] => CrossActivity
            [ACC] => 0
            [CNTTRAN] => 0
            [CNTTRANRESERV] => 0
        )

    [11] => Array
        (
            [KOD] => 805155
            [TIME_FROM] => 20:00
            [TIME_TO] => 21:00               
            [CLIENTS_CNT] => 0
            [TOV_NAME] => Бокс
            [ACC] => 0
            [CNTTRAN] => 1
            [CNTTRANRESERV] => 0
        )

)

[2026-02-17 22:31:55] [INFO] (/home/redbarbe/public_html/telegram/webapps/action/ajax_get_tren.php:61) Array
(
    [KOD] => 805257
    [TIME_FROM] => 09:00
    [TIME_TO] => 10:00               
    [CLIENTS_CNT] => 0
    [TOV_NAME] => CrossActivity
    [ACC] => 0
    [CNTTRAN] => 1
    [CNTTRANRESERV] => 0
)

[2026-02-17 22:31:55] [INFO] (/home/redbarbe/public_html/telegram/webapps/action/ajax_get_tren.php:61) Array
(
    [KOD] => 804849
    [TIME_FROM] => 09:00
    [TIME_TO] => 10:00               
    [CLIENTS_CNT] => 0
    [TOV_NAME] => Total Body
    [ACC] => 0
    [CNTTRAN] => 0
    [CNTTRANRESERV] => 0
)

[2026-02-17 22:31:55] [INFO] (/home/redbarbe/public_html/telegram/webapps/action/ajax_get_tren.php:61) Array
(
    [KOD] => 804900
    [TIME_FROM] => 14:00
    [TIME_TO] => 15:00               
    [CLIENTS_CNT] => 0
    [TOV_NAME] => FitnessMix
    [ACC] => 0
    [CNTTRAN] => 0
    [CNTTRANRESERV] => 0
)

[2026-02-17 22:31:55] [INFO] (/home/redbarbe/public_html/telegram/webapps/action/ajax_get_tren.php:61) Array
(
    [KOD] => 804747
    [TIME_FROM] => 17:00
    [TIME_TO] => 18:00               
    [CLIENTS_CNT] => 0
    [TOV_NAME] => Mobility
    [ACC] => 0
    [CNTTRAN] => 0
    [CNTTRANRESERV] => 0
)

[2026-02-17 22:31:55] [INFO] (/home/redbarbe/public_html/telegram/webapps/action/ajax_get_tren.php:61) Array
(
    [KOD] => 805206
    [TIME_FROM] => 18:00
    [TIME_TO] => 19:00               
    [CLIENTS_CNT] => 0
    [TOV_NAME] => Паркур Kids
    [ACC] => 0
    [CNTTRAN] => 0
    [CNTTRANRESERV] => 0
)

[2026-02-17 22:31:55] [INFO] (/home/redbarbe/public_html/telegram/webapps/action/ajax_get_tren.php:61) Array
(
    [KOD] => 805002
    [TIME_FROM] => 18:30
    [TIME_TO] => 19:30               
    [CLIENTS_CNT] => 0
    [TOV_NAME] => Pilates
    [ACC] => 0
    [CNTTRAN] => 0
    [CNTTRANRESERV] => 0
)

[2026-02-17 22:31:55] [INFO] (/home/redbarbe/public_html/telegram/webapps/action/ajax_get_tren.php:61) Array
(
    [KOD] => 805104
    [TIME_FROM] => 19:00
    [TIME_TO] => 20:00               
    [CLIENTS_CNT] => 0
    [TOV_NAME] => Паркур
    [ACC] => 0
    [CNTTRAN] => 0
    [CNTTRANRESERV] => 0
)

[2026-02-17 22:31:55] [INFO] (/home/redbarbe/public_html/telegram/webapps/action/ajax_get_tren.php:61) Array
(
    [KOD] => 804798
    [TIME_FROM] => 19:00
    [TIME_TO] => 20:00               
    [CLIENTS_CNT] => 0
    [TOV_NAME] => CrossActivity
    [ACC] => 0
    [CNTTRAN] => 0
    [CNTTRANRESERV] => 0
)

[2026-02-17 22:31:55] [INFO] (/home/redbarbe/public_html/telegram/webapps/action/ajax_get_tren.php:61) Array
(
    [KOD] => 804696
    [TIME_FROM] => 19:00
    [TIME_TO] => 20:00               
    [CLIENTS_CNT] => 0
    [TOV_NAME] => Aesthetic Gymnastics
    [ACC] => 0
    [CNTTRAN] => 1
    [CNTTRANRESERV] => 0
)

[2026-02-17 22:31:55] [INFO] (/home/redbarbe/public_html/telegram/webapps/action/ajax_get_tren.php:61) Array
(
    [KOD] => 805053
    [TIME_FROM] => 19:30
    [TIME_TO] => 20:30               
    [CLIENTS_CNT] => 0
    [TOV_NAME] => TRX
    [ACC] => 0
    [CNTTRAN] => 0
    [CNTTRANRESERV] => 0
)

[2026-02-17 22:31:55] [INFO] (/home/redbarbe/public_html/telegram/webapps/action/ajax_get_tren.php:61) Array
(
    [KOD] => 804951
    [TIME_FROM] => 20:00
    [TIME_TO] => 21:00               
    [CLIENTS_CNT] => 0
    [TOV_NAME] => CrossActivity
    [ACC] => 0
    [CNTTRAN] => 0
    [CNTTRANRESERV] => 0
)

[2026-02-17 22:31:55] [INFO] (/home/redbarbe/public_html/telegram/webapps/action/ajax_get_tren.php:61) Array
(
    [KOD] => 805155
    [TIME_FROM] => 20:00
    [TIME_TO] => 21:00               
    [CLIENTS_CNT] => 0
    [TOV_NAME] => Бокс
    [ACC] => 0
    [CNTTRAN] => 1
    [CNTTRANRESERV] => 0
)

[2026-02-17 22:32:01] [INFO] (/home/redbarbe/public_html/telegram/webapps/action/chats_clients.php:19) Array
(
    [action] => chats_clients
    [club] => 3
    [chat_id] => 986433564
)

[2026-02-17 22:32:01] [INFO] (/home/redbarbe/public_html/telegram/webapps/action/chats_clients.php:20) Потураєва Катерина Сергіївна
[2026-02-17 22:32:02] [INFO] (/home/redbarbe/public_html/telegram/webapps/action/chats_clients.php:113) Array
(
    [0] => Array
        (
            [chat_id_klient] => 1589803822
            [max_time] => 2026-02-15 17:34:33
            [name] => Ліцута Павло Петрович
            [cn_all] => 1
            [cn_read] => 1
        )

    [1] => Array
        (
            [chat_id_klient] => 699958235
            [max_time] => 2026-02-15 12:27:24
            [name] => Мельник  Сергій  Васильович
            [cn_all] => 22
            [cn_read] => 21
        )

    [2] => Array
        (
            [chat_id_klient] => 767551184
            [max_time] => 2026-02-14 16:09:21
            [name] => Шуваєва Аліна Олександрівна
            [cn_all] => 12
            [cn_read] => 12
        )

    [3] => Array
        (
            [chat_id_klient] => 1587985044
            [max_time] => 2026-02-14 16:07:29
            [name] => Мнацаканян  Дарина Андріївна
            [cn_all] => 4
            [cn_read] => 1
        )

    [4] => Array
        (
            [chat_id_klient] => 605131842
            [max_time] => 2026-02-14 15:57:11
            [name] => Черниш Тетяна Вікторівна
            [cn_all] => 2
            [cn_read] => 1
        )

    [5] => Array
        (
            [chat_id_klient] => 614500180
            [max_time] => 2026-02-14 15:55:45
            [name] => Маліннікова Анастасія Євгенівна
            [cn_all] => 5
            [cn_read] => 5
        )

    [6] => Array
        (
            [chat_id_klient] => 285319821
            [max_time] => 2026-02-12 09:51:08
            [name] => Кочубинський Федір Станіславович
            [cn_all] => 1
            [cn_read] => 1
        )

    [7] => Array
        (
            [chat_id_klient] => 490905909
            [max_time] => 2026-02-11 11:41:05
            [name] => Жила Антоніна Сергіївна
            [cn_all] => 8
            [cn_read] => 8
        )

    [8] => Array
        (
            [chat_id_klient] => 331543136
            [max_time] => 2026-02-06 07:39:18
            [name] => Петрухін Валерій Іванович
            [cn_all] => 2
            [cn_read] => 0
        )

    [9] => Array
        (
            [chat_id_klient] => 355331763
            [max_time] => 2026-02-05 12:17:57
            [name] => Хоменко Олександр Євгенійович
            [cn_all] => 3
            [cn_read] => 2
        )

    [10] => Array
        (
            [chat_id_klient] => 566682607
            [max_time] => 2026-02-03 16:54:31
            [name] => Волков Владислав
            [cn_all] => 1
            [cn_read] => 1
        )

    [11] => Array
        (
            [chat_id_klient] => 380448595
            [max_time] => 2026-02-03 16:07:42
            [name] => Куренкова Олена Олексіївна
            [cn_all] => 2
            [cn_read] => 1
        )

    [12] => Array
        (
            [chat_id_klient] => 827562364
            [max_time] => 2026-02-02 18:48:54
            [name] => Свірська Мілана Максимівна
            [cn_all] => 1
            [cn_read] => 1
        )

    [13] => Array
        (
            [chat_id_klient] => 1314914574
            [max_time] => 2026-01-30 07:05:52
            [name] => Шостак Христина Мик
            [cn_all] => 2
            [cn_read] => 1
        )

    [14] => Array
        (
            [chat_id_klient] => 546932631
            [max_time] => 2026-01-28 16:29:32
            [name] => Лісова Карина Юріівна
            [cn_all] => 3
            [cn_read] => 3
        )

    [15] => Array
        (
            [chat_id_klient] => 470778939
            [max_time] => 2026-01-26 16:17:44
            [name] => Улизько Владислава Максимівна
            [cn_all] => 2
            [cn_read] => 1
        )

    [16] => Array
        (
            [chat_id_klient] => 577898333
            [max_time] => 2026-01-25 12:18:15
            [name] => Дубінчак Олександр  Валерійович
            [cn_all] => 2
            [cn_read] => 2
        )

    [17] => Array
        (
            [chat_id_klient] => 445588956
            [max_time] => 2026-01-25 10:29:07
            [name] => Бунда Олександра
            [cn_all] => 5
            [cn_read] => 5
        )

    [18] => Array
        (
            [chat_id_klient] => 198986858
            [max_time] => 2026-01-23 17:38:51
            [name] => Шаповалов Михайло Євгенійович
            [cn_all] => 5
            [cn_read] => 5
        )

    [19] => Array
        (
            [chat_id_klient] => 439837091
            [max_time] => 2026-01-22 20:52:15
            [name] => Трипядько Віталій Анатолійович
            [cn_all] => 2
            [cn_read] => 2
        )

    [20] => Array
        (
            [chat_id_klient] => 217216084
            [max_time] => 2026-01-22 18:01:34
            [name] => Турик Надія
            [cn_all] => 1
            [cn_read] => 1
        )

    [21] => Array
        (
            [chat_id_klient] => 450314398
            [max_time] => 2026-01-20 21:58:19
            [name] => Сильвашій Юлія  Віталіївна
            [cn_all] => 4
            [cn_read] => 4
        )

    [22] => Array
        (
            [chat_id_klient] => 539317921
            [max_time] => 2026-01-17 13:37:09
            [name] => Янчикова  Анастасія  Андріївна
            [cn_all] => 2
            [cn_read] => 2
        )

    [23] => Array
        (
            [chat_id_klient] => 1059389435
            [max_time] => 2026-01-17 13:35:57
            [name] => Філатова Вікторія Дмитрівна
            [cn_all] => 3
            [cn_read] => 3
        )

    [24] => Array
        (
            [chat_id_klient] => 532442590
            [max_time] => 2026-01-15 20:43:28
            [name] => Лободін Олег Георгійович
            [cn_all] => 11
            [cn_read] => 11
        )

    [25] => Array
        (
            [chat_id_klient] => 7399095175
            [max_time] => 2026-01-14 20:48:46
            [name] => Лоносов Давид  Євгенійович
            [cn_all] => 6
            [cn_read] => 6
        )

    [26] => Array
        (
            [chat_id_klient] => 426631944
            [max_time] => 2026-01-14 12:49:41
            [name] => Путілова Олександра Дмитрівна
            [cn_all] => 3
            [cn_read] => 3
        )

    [27] => Array
        (
            [chat_id_klient] => 348083562
            [max_time] => 2026-01-14 11:45:48
            [name] => Зеленіна Анна Олегівна
            [cn_all] => 14
            [cn_read] => 14
        )

    [28] => Array
        (
            [chat_id_klient] => 327952363
            [max_time] => 2026-01-14 11:31:18
            [name] => Пчолкін Дмитро Олексійович
            [cn_all] => 11
            [cn_read] => 11
        )

    [29] => Array
        (
            [chat_id_klient] => 749295005
            [max_time] => 2026-01-13 10:43:59
            [name] => Степаненко Евеліна Михайлівна
            [cn_all] => 12
            [cn_read] => 12
        )

    [30] => Array
        (
            [chat_id_klient] => 6840750333
            [max_time] => 2026-01-13 10:39:52
            [name] => Михальська Ліліана Віталіївна
            [cn_all] => 2
            [cn_read] => 2
        )

    [31] => Array
        (
            [chat_id_klient] => 361916123
            [max_time] => 2026-01-12 17:31:58
            [name] => Саліванова Катерина Володимирівна
            [cn_all] => 4
            [cn_read] => 4
        )

    [32] => Array
        (
            [chat_id_klient] => 8449657004
            [max_time] => 2026-01-09 11:16:19
            [name] => Тимощук  Тетяна  Михайлівна
            [cn_all] => 2
            [cn_read] => 2
        )

    [33] => Array
        (
            [chat_id_klient] => 1152613028
            [max_time] => 2026-01-08 17:34:37
            [name] => Недорубко  Варвара Ігорівна
            [cn_all] => 2
            [cn_read] => 2
        )

    [34] => Array
        (
            [chat_id_klient] => 507268159
            [max_time] => 2026-01-05 12:27:42
            [name] => Мотузка Ольга Вікторівна
            [cn_all] => 8
            [cn_read] => 8
        )

    [35] => Array
        (
            [chat_id_klient] => 425553145
            [max_time] => 2026-01-03 19:41:24
            [name] => Ткаченко Дарина Віталіївна
            [cn_all] => 7
            [cn_read] => 7
        )

    [36] => Array
        (
            [chat_id_klient] => 875440597
            [max_time] => 2026-01-02 20:31:11
            [name] => Тютюнік Роман Олександрович
            [cn_all] => 5
            [cn_read] => 5
        )

    [37] => Array
        (
            [chat_id_klient] => 804900695
            [max_time] => 2026-01-02 17:38:49
            [name] => Пашкевич  Олександр Олегович
            [cn_all] => 3
            [cn_read] => 3
        )

    [38] => Array
        (
            [chat_id_klient] => 478442412
            [max_time] => 2025-12-30 20:00:42
            [name] => Кузнецов Віктор
            [cn_all] => 12
            [cn_read] => 12
        )

    [39] => Array
        (
            [chat_id_klient] => 5865961544
            [max_time] => 2025-12-29 15:14:25
            [name] => Чорнобай Андрій Павлович
            [cn_all] => 6
            [cn_read] => 6
        )

    [40] => Array
        (
            [chat_id_klient] => 848851997
            [max_time] => 2025-12-28 12:46:48
            [name] => Пономарьов Денис Романович
            [cn_all] => 5
            [cn_read] => 5
        )

    [41] => Array
        (
            [chat_id_klient] => 5039403320
            [max_time] => 2025-12-19 14:50:21
            [name] => Король Альона Василівна
            [cn_all] => 2
            [cn_read] => 2
        )

    [42] => Array
        (
            [chat_id_klient] => 1313567273
            [max_time] => 2025-12-18 20:25:22
            [name] => Шубіна Олена Вадимівна
            [cn_all] => 3
            [cn_read] => 2
        )

    [43] => Array
        (
            [chat_id_klient] => 188906740
            [max_time] => 2025-12-15 14:28:03
            [name] => Горев-Чуянова Тамара Олександрівна
            [cn_all] => 7
            [cn_read] => 7
        )

    [44] => Array
        (
            [chat_id_klient] => 481846974
            [max_time] => 2025-12-15 13:06:46
            [name] => Стасюк  Станіслав  Ігорович
            [cn_all] => 5
            [cn_read] => 5
        )

    [45] => Array
        (
            [chat_id_klient] => 5659555483
            [max_time] => 2025-12-10 18:07:34
            [name] => Sheva White Alex
            [cn_all] => 32
            [cn_read] => 31
        )

    [46] => Array
        (
            [chat_id_klient] => 471910873
            [max_time] => 2025-12-10 09:30:14
            [name] => Сорокін Павло Генадыйович
            [cn_all] => 5
            [cn_read] => 5
        )

    [47] => Array
        (
            [chat_id_klient] => 283451441
            [max_time] => 2025-12-08 18:28:09
            [name] => Варгатюк  Марина  Сергіївна
            [cn_all] => 3
            [cn_read] => 3
        )

    [48] => Array
        (
            [chat_id_klient] => 984088106
            [max_time] => 2025-12-08 16:33:15
            [name] => Калініна Ярослава михайлівна
            [cn_all] => 2
            [cn_read] => 1
        )

    [49] => Array
        (
            [chat_id_klient] => 6965972540
            [max_time] => 2025-12-05 12:18:27
            [name] => Мирошниченко Роман Романович
            [cn_all] => 32
            [cn_read] => 32
        )

    [50] => Array
        (
            [chat_id_klient] => 653323314
            [max_time] => 2025-12-04 11:15:55
            [name] => Яцук Юлія  Андріївна
            [cn_all] => 8
            [cn_read] => 7
        )

    [51] => Array
        (
            [chat_id_klient] => 379025697
            [max_time] => 2025-12-01 16:13:41
            [name] => Рубан Анастасія
            [cn_all] => 2
            [cn_read] => 2
        )

    [52] => Array
        (
            [chat_id_klient] => 792809078
            [max_time] => 2025-11-29 14:10:31
            [name] => Пав Данііл  Олександрович
            [cn_all] => 2
            [cn_read] => 2
        )

    [53] => Array
        (
            [chat_id_klient] => 6415001638
            [max_time] => 2025-11-27 16:49:16
            [name] => Євсіков Саятослав Романович
            [cn_all] => 2
            [cn_read] => 2
        )

    [54] => Array
        (
            [chat_id_klient] => 625842841
            [max_time] => 2025-11-27 11:53:52
            [name] => Добрівечір Катерина Василівна
            [cn_all] => 5
            [cn_read] => 5
        )

    [55] => Array
        (
            [chat_id_klient] => 6561008075
            [max_time] => 2025-11-25 22:33:18
            [name] => Лосінська Вікторія Олександрівна
            [cn_all] => 8
            [cn_read] => 8
        )

    [56] => Array
        (
            [chat_id_klient] => 326958147
            [max_time] => 2025-11-19 21:47:54
            [name] => Бабійчук Луїза Богданівна
            [cn_all] => 5
            [cn_read] => 5
        )

    [57] => Array
        (
            [chat_id_klient] => 1739820280
            [max_time] => 2025-11-13 14:36:23
            [name] => Уманцева  Дарья  Андреевна
            [cn_all] => 7
            [cn_read] => 7
        )

    [58] => Array
        (
            [chat_id_klient] => 6674278960
            [max_time] => 2025-11-13 14:35:56
            [name] => Войтко  Роман  Валентинович
            [cn_all] => 4
            [cn_read] => 4
        )

    [59] => Array
        (
            [chat_id_klient] => 570670025
            [max_time] => 2025-11-09 17:29:48
            [name] => Тібірькова  Марія  Сергіївна
            [cn_all] => 4
            [cn_read] => 4
        )

    [60] => Array
        (
            [chat_id_klient] => 755511098
            [max_time] => 2025-11-07 07:07:09
            [name] => Гайдаєнко Анастасія Олегівна
            [cn_all] => 2
            [cn_read] => 2
        )

    [61] => Array
        (
            [chat_id_klient] => 422313694
            [max_time] => 2025-11-05 16:57:42
            [name] => Мартиненко  Анастасія Вікторівна
            [cn_all] => 5
            [cn_read] => 5
        )

    [62] => Array
        (
            [chat_id_klient] => 5222165663
            [max_time] => 2025-11-03 20:46:14
            [name] => Шепельська Оксана Олегівна
            [cn_all] => 1
            [cn_read] => 1
        )

    [63] => Array
        (
            [chat_id_klient] => 175857112
            [max_time] => 2025-11-03 16:13:56
            [name] => Іскра Карина Сергіівна
            [cn_all] => 4
            [cn_read] => 4
        )

    [64] => Array
        (
            [chat_id_klient] => 536912870
            [max_time] => 2025-11-03 14:47:23
            [name] => тест тест тестович
            [cn_all] => 6
            [cn_read] => 6
        )

    [65] => Array
        (
            [chat_id_klient] => 558363404
            [max_time] => 2025-10-31 22:05:37
            [name] => Сидоренко  Наталія  Миколаївна
            [cn_all] => 1
            [cn_read] => 0
        )

    [66] => Array
        (
            [chat_id_klient] => 365283260
            [max_time] => 2025-10-31 08:14:47
            [name] => Иванова Маргарита Александровна
            [cn_all] => 1
            [cn_read] => 1
        )

    [67] => Array
        (
            [chat_id_klient] => 572851893
            [max_time] => 2025-10-29 19:03:07
            [name] => Кулібаба Тетяна Віталіївна
            [cn_all] => 1
            [cn_read] => 0
        )

    [68] => Array
        (
            [chat_id_klient] => 689523639
            [max_time] => 2025-10-29 13:35:11
            [name] => Бондаренко Марина Геннадіївна
            [cn_all] => 1
            [cn_read] => 0
        )

    [69] => Array
        (
            [chat_id_klient] => 384851591
            [max_time] => 2025-10-29 09:09:54
            [name] => Мартинюк Андрій Богданович
            [cn_all] => 2
            [cn_read] => 2
        )

    [70] => Array
        (
            [chat_id_klient] => 150233149
            [max_time] => 2025-10-23 16:50:37
            [name] => Бех Артем Анатолійович
            [cn_all] => 2
            [cn_read] => 2
        )

    [71] => Array
        (
            [chat_id_klient] => 402875702
            [max_time] => 2025-10-22 16:52:42
            [name] => Мельник Вікторія Іванівна
            [cn_all] => 7
            [cn_read] => 5
        )

    [72] => Array
        (
            [chat_id_klient] => 971780531
            [max_time] => 2025-10-22 09:52:56
            [name] => Артьомов Владислав Денисович
            [cn_all] => 1
            [cn_read] => 1
        )

    [73] => Array
        (
            [chat_id_klient] => 395182678
            [max_time] => 2025-10-17 12:49:31
            [name] => Бікулова Тетяна Сергіївна
            [cn_all] => 1
            [cn_read] => 0
        )

    [74] => Array
        (
            [chat_id_klient] => 548034107
            [max_time] => 2025-10-17 11:05:46
            [name] => Кулікова Ірина Павлівна
            [cn_all] => 1
            [cn_read] => 0
        )

    [75] => Array
        (
            [chat_id_klient] => 7130950326
            [max_time] => 2025-10-15 21:46:29
            [name] => Климук  Вікторія  Сергіївна
            [cn_all] => 1
            [cn_read] => 0
        )

    [76] => Array
        (
            [chat_id_klient] => 520407040
            [max_time] => 2025-10-15 12:36:56
            [name] => Гунь Микита Єгорович
            [cn_all] => 1
            [cn_read] => 0
        )

    [77] => Array
        (
            [chat_id_klient] => 8168600093
            [max_time] => 2025-10-14 14:14:20
            [name] => Бодня Марина Олександрівна
            [cn_all] => 14
            [cn_read] => 14
        )

    [78] => Array
        (
            [chat_id_klient] => 310672305
            [max_time] => 2025-10-13 14:48:43
            [name] => Слободянюк Анастасія Тарасівна
            [cn_all] => 2
            [cn_read] => 2
        )

    [79] => Array
        (
            [chat_id_klient] => 809188240
            [max_time] => 2025-10-08 09:28:17
            [name] => Сербін Даніл
            [cn_all] => 8
            [cn_read] => 8
        )

    [80] => Array
        (
            [chat_id_klient] => 360072238
            [max_time] => 2025-09-24 07:14:36
            [name] => Сичова Вікторія Олексіївна
            [cn_all] => 2
            [cn_read] => 2
        )

    [81] => Array
        (
            [chat_id_klient] => 791471939
            [max_time] => 2025-09-20 09:10:31
            [name] => Нарманія Вардо Романівна
            [cn_all] => 19
            [cn_read] => 19
        )

    [82] => Array
        (
            [chat_id_klient] => 414044474
            [max_time] => 2025-09-19 20:02:28
            [name] => Кіріченко Надія Іванівна
            [cn_all] => 5
            [cn_read] => 5
        )

    [83] => Array
        (
            [chat_id_klient] => 1442839374
            [max_time] => 2025-09-19 14:31:25
            [name] => Животовська Маргарита Володимирівна
            [cn_all] => 2
            [cn_read] => 1
        )

    [84] => Array
        (
            [chat_id_klient] => 471099013
            [max_time] => 2025-09-18 16:10:58
            [name] => Кравець Володимир
            [cn_all] => 5
            [cn_read] => 5
        )

    [85] => Array
        (
            [chat_id_klient] => 278786807
            [max_time] => 2025-09-12 19:36:37
            [name] => Яковенко Дмитро Олександрович
            [cn_all] => 1
            [cn_read] => 1
        )

    [86] => Array
        (
            [chat_id_klient] => 489788359
            [max_time] => 2025-09-03 16:58:52
            [name] => Баришполь Аня
            [cn_all] => 2
            [cn_read] => 1
        )

    [87] => Array
        (
            [chat_id_klient] => 943694448
            [max_time] => 2025-09-02 12:34:52
            [name] => Філоненко Ольга Сергіївна
            [cn_all] => 2
            [cn_read] => 2
        )

    [88] => Array
        (
            [chat_id_klient] => 126324701
            [max_time] => 2025-08-26 18:01:32
            [name] => Кузьменко Антон Сергеевич
            [cn_all] => 18
            [cn_read] => 18
        )

    [89] => Array
        (
            [chat_id_klient] => 554235424
            [max_time] => 2025-08-20 15:02:22
            [name] => Ільенко Яна
            [cn_all] => 19
            [cn_read] => 19
        )

    [90] => Array
        (
            [chat_id_klient] => 1031710535
            [max_time] => 2025-08-19 13:52:06
            [name] => Сап''Ян Платон Констянтинович
            [cn_all] => 2
            [cn_read] => 2
        )

    [91] => Array
        (
            [chat_id_klient] => 5202027055
            [max_time] => 2025-08-12 09:15:06
            [name] => Поліщук Оксана Миколаївна
            [cn_all] => 3
            [cn_read] => 3
        )

    [92] => Array
        (
            [chat_id_klient] => 1658572508
            [max_time] => 2025-08-08 17:15:18
            [name] => Куринный Алексей Анатольевич
            [cn_all] => 2
            [cn_read] => 2
        )

    [93] => Array
        (
            [chat_id_klient] => 7868638728
            [max_time] => 2025-08-07 12:04:24
            [name] => Святокум Анастасія Юріївна
            [cn_all] => 5
            [cn_read] => 5
        )

    [94] => Array
        (
            [chat_id_klient] => 489245778
            [max_time] => 2025-08-01 16:15:15
            [name] => Каракаш Віталій Миколайович
            [cn_all] => 3
            [cn_read] => 3
        )

    [95] => Array
        (
            [chat_id_klient] => 563331428
            [max_time] => 2025-07-15 11:52:28
            [name] => Гарапач Анна Олександрівна
            [cn_all] => 2
            [cn_read] => 2
        )

    [96] => Array
        (
            [chat_id_klient] => 6766473077
            [max_time] => 2025-06-22 13:23:59
            [name] => Железняк Артем Валерійович
            [cn_all] => 2
            [cn_read] => 2
        )

    [97] => Array
        (
            [chat_id_klient] => 1281319111
            [max_time] => 2025-06-21 20:12:57
            [name] => Кулішенко Антон Вікторович
            [cn_all] => 3
            [cn_read] => 3
        )

    [98] => Array
        (
            [chat_id_klient] => 1209198185
            [max_time] => 2025-06-17 14:24:30
            [name] => Стариченко Олена Ігорівна
            [cn_all] => 6
            [cn_read] => 6
        )

    [99] => Array
        (
            [chat_id_klient] => 649740593
            [max_time] => 2025-06-13 13:20:12
            [name] => Науменко Катерина Павлівна
            [cn_all] => 2
            [cn_read] => 2
        )

    [100] => Array
        (
            [chat_id_klient] => 1728067294
            [max_time] => 2025-06-09 19:16:57
            [name] => Гінетов Тимур Максимович
            [cn_all] => 2
            [cn_read] => 2
        )

    [101] => Array
        (
            [chat_id_klient] => 5152743290
            [max_time] => 2025-06-02 15:40:46
            [name] => Вовченко Тетяна Петрівна
            [cn_all] => 3
            [cn_read] => 3
        )

)

[2026-02-17 23:35:50] [INFO] (/home/redbarbe/public_html/telegram/webapps/action/ajax_get_tren.php:35) Нет связи с сервером
[2026-02-17 23:36:02] [INFO] (/home/redbarbe/public_html/telegram/webapps/action/ajax_get_tren.php:35) Нет связи с сервером
[2026-02-17 23:36:11] [INFO] (/home/redbarbe/public_html/telegram/webapps/action/ajax_get_tren.php:35) Нет связи с сервером
[2026-02-17 23:36:56] [INFO] (/home/redbarbe/public_html/telegram/webapps/action/ajax_get_tren.php:35) Нет связи с сервером
[2026-02-17 23:37:04] [INFO] (/home/redbarbe/public_html/telegram/webapps/action/ajax_get_tren.php:35) Нет связи с сервером
