[2026-07-08 00:06:47] [INFO] (D:\laragon\www\bot_red_220426\webapps\action\chats_clients.php:182) Array
(
    [0] => Array
        (
            [chat_id_klient] => 867861941
            [max_time] => 2026-07-07 23:55:19
            [name] => Панасенко Ирина Федоровна
            [cn_all] => 2
            [cn_read] => 0
        )

    [1] => Array
        (
            [chat_id_klient] => 6592156190
            [max_time] => 2026-06-30 19:06:10
            [name] => Макарова Олеся Валеріївна
            [cn_all] => 18
            [cn_read] => 17
        )

    [2] => Array
        (
            [chat_id_klient] => 375495559
            [max_time] => 2026-06-30 17:32:20
            [name] => Березюк Євген Олександрович
            [cn_all] => 16
            [cn_read] => 16
        )

    [3] => Array
        (
            [chat_id_klient] => 703046945
            [max_time] => 2026-06-24 13:31:07
            [name] => Малицький Роман Олексійович
            [cn_all] => 12
            [cn_read] => 12
        )

    [4] => Array
        (
            [chat_id_klient] => 971335229
            [max_time] => 2026-06-15 13:25:53
            [name] => Ошевська Аліна Валеріївна
            [cn_all] => 1
            [cn_read] => 1
        )

    [5] => Array
        (
            [chat_id_klient] => 1056509329
            [max_time] => 2026-06-06 19:01:34
            [name] => Мироненко Вікторыя Олегывна
            [cn_all] => 23
            [cn_read] => 23
        )

    [6] => Array
        (
            [chat_id_klient] => 5103654560
            [max_time] => 2026-06-05 20:00:46
            [name] => Бріндак Домініка Данилівна
            [cn_all] => 2
            [cn_read] => 2
        )

    [7] => Array
        (
            [chat_id_klient] => 374491792
            [max_time] => 2026-06-01 16:43:03
            [name] => Стоячук Марія Миколаївна
            [cn_all] => 2
            [cn_read] => 2
        )

    [8] => Array
        (
            [chat_id_klient] => 1650096144
            [max_time] => 2026-05-26 18:03:06
            [name] => Канавець Дар"я Олександрівна
            [cn_all] => 7
            [cn_read] => 7
        )

    [9] => Array
        (
            [chat_id_klient] => 398742074
            [max_time] => 2026-05-26 14:50:22
            [name] => Гома Анастасія Сергіївна
            [cn_all] => 8
            [cn_read] => 8
        )

    [10] => Array
        (
            [chat_id_klient] => 846332359
            [max_time] => 2026-05-03 13:00:33
            [name] => Цвєтов Назарій Дмитрович
            [cn_all] => 8
            [cn_read] => 8
        )

    [11] => Array
        (
            [chat_id_klient] => 924586825
            [max_time] => 2026-04-30 13:20:41
            [name] => Ведмідь  Дмитро  Сергійович
            [cn_all] => 12
            [cn_read] => 12
        )

    [12] => Array
        (
            [chat_id_klient] => 6267975893
            [max_time] => 2026-04-28 18:51:52
            [name] => Юсупова  Анна Олегівна
            [cn_all] => 7
            [cn_read] => 7
        )

    [13] => Array
        (
            [chat_id_klient] => 609189859
            [max_time] => 2026-04-27 19:28:39
            [name] => Кльон Костянтин  Сергійович
            [cn_all] => 6
            [cn_read] => 6
        )

    [14] => Array
        (
            [chat_id_klient] => 670778441
            [max_time] => 2026-04-24 18:30:30
            [name] => Дубов  Ілля Владиславович
            [cn_all] => 10
            [cn_read] => 10
        )

    [15] => Array
        (
            [chat_id_klient] => 592920903
            [max_time] => 2026-04-24 16:47:33
            [name] => Шпак Андрей Олексійович
            [cn_all] => 7
            [cn_read] => 7
        )

    [16] => Array
        (
            [chat_id_klient] => 596861909
            [max_time] => 2026-04-22 22:50:59
            [name] => Кухаренко  Дар"я  Юріївна
            [cn_all] => 2
            [cn_read] => 2
        )

    [17] => Array
        (
            [chat_id_klient] => 843741204
            [max_time] => 2026-04-21 19:54:25
            [name] => Кузьменко Юлія Володимирівна
            [cn_all] => 2
            [cn_read] => 2
        )

    [18] => Array
        (
            [chat_id_klient] => 947284147
            [max_time] => 2026-04-19 12:44:01
            [name] => Кишаковська Дар"я Михайлівна
            [cn_all] => 6
            [cn_read] => 6
        )

    [19] => Array
        (
            [chat_id_klient] => 1460190629
            [max_time] => 2026-04-14 08:52:10
            [name] => Корнійчук Галинв Миколаївна
            [cn_all] => 2
            [cn_read] => 2
        )

    [20] => Array
        (
            [chat_id_klient] => 301809791
            [max_time] => 2026-04-10 17:52:15
            [name] => Сидорук Юлія Олександрівна
            [cn_all] => 3
            [cn_read] => 3
        )

    [21] => Array
        (
            [chat_id_klient] => 479481181
            [max_time] => 2026-04-08 19:05:27
            [name] => Шумейко  Кристина  Володимирівна
            [cn_all] => 19
            [cn_read] => 19
        )

    [22] => Array
        (
            [chat_id_klient] => 1745169856
            [max_time] => 2026-04-06 16:40:49
            [name] => Фалендиш  Артем Сергійович
            [cn_all] => 5
            [cn_read] => 5
        )

    [23] => Array
        (
            [chat_id_klient] => 663194259
            [max_time] => 2026-04-05 19:23:56
            [name] => Ступченко Аліна Валеріївна
            [cn_all] => 2
            [cn_read] => 2
        )

    [24] => Array
        (
            [chat_id_klient] => 477944161
            [max_time] => 2026-03-31 15:19:35
            [name] => Любарец Ольга Святославівна
            [cn_all] => 1
            [cn_read] => 1
        )

    [25] => Array
        (
            [chat_id_klient] => 973727202
            [max_time] => 2026-03-30 18:43:57
            [name] => Шипулін Ілля Олександрович
            [cn_all] => 2
            [cn_read] => 2
        )

    [26] => Array
        (
            [chat_id_klient] => 281789715
            [max_time] => 2026-03-24 15:00:12
            [name] => Ландік Богдан  Валерійович
            [cn_all] => 3
            [cn_read] => 3
        )

    [27] => Array
        (
            [chat_id_klient] => 1416101457
            [max_time] => 2026-03-23 18:27:21
            [name] => Мирна Мілена Олександрівна
            [cn_all] => 6
            [cn_read] => 6
        )

    [28] => Array
        (
            [chat_id_klient] => 752691897
            [max_time] => 2026-03-23 09:26:08
            [name] => Карпенко Владислав
            [cn_all] => 6
            [cn_read] => 6
        )

    [29] => Array
        (
            [chat_id_klient] => 2039470540
            [max_time] => 2026-03-18 20:00:17
            [name] => Кулак Алла Вікторівна
            [cn_all] => 3
            [cn_read] => 3
        )

    [30] => Array
        (
            [chat_id_klient] => 1118016037
            [max_time] => 2026-03-18 18:27:25
            [name] => Савенкова  Ольга  Олександрівна
            [cn_all] => 2
            [cn_read] => 2
        )

    [31] => Array
        (
            [chat_id_klient] => 815833208
            [max_time] => 2026-03-12 17:49:06
            [name] => Король Андрій Віталійович
            [cn_all] => 7
            [cn_read] => 7
        )

    [32] => Array
        (
            [chat_id_klient] => 416132448
            [max_time] => 2026-03-11 11:58:54
            [name] => Тихоненко Ліза Вікторівна
            [cn_all] => 1
            [cn_read] => 1
        )

    [33] => Array
        (
            [chat_id_klient] => 944179291
            [max_time] => 2026-03-10 17:41:26
            [name] => Шушковська Любов Петрівна
            [cn_all] => 3
            [cn_read] => 3
        )

    [34] => Array
        (
            [chat_id_klient] => 814749500
            [max_time] => 2026-03-08 19:33:21
            [name] => Колісніченко Мирон Сергійович
            [cn_all] => 8
            [cn_read] => 8
        )

    [35] => Array
        (
            [chat_id_klient] => 448109003
            [max_time] => 2026-03-02 10:36:38
            [name] => Вовк Руслана Іванівна
            [cn_all] => 6
            [cn_read] => 0
        )

    [36] => Array
        (
            [chat_id_klient] => 696044182
            [max_time] => 2026-02-14 15:24:52
            [name] => Басанець Олександр Віталійович
            [cn_all] => 1
            [cn_read] => 0
        )

    [37] => Array
        (
            [chat_id_klient] => 5418480239
            [max_time] => 2026-02-13 22:09:01
            [name] => Федоренко Олег В’ячеславович
            [cn_all] => 1
            [cn_read] => 0
        )

    [38] => Array
        (
            [chat_id_klient] => 871045994
            [max_time] => 2026-02-07 08:34:10
            [name] => Давиденко  Альона  Юріївна
            [cn_all] => 1
            [cn_read] => 0
        )

    [39] => Array
        (
            [chat_id_klient] => 543770963
            [max_time] => 2026-02-01 16:53:42
            [name] => Анохін Ілля  Андрійович
            [cn_all] => 5
            [cn_read] => 5
        )

    [40] => Array
        (
            [chat_id_klient] => 91647454
            [max_time] => 2026-01-26 21:34:54
            [name] => Алікперов Руслан Рахімович
            [cn_all] => 6
            [cn_read] => 6
        )

    [41] => Array
        (
            [chat_id_klient] => 1603635397
            [max_time] => 2026-01-26 16:48:36
            [name] => Бойко Іра Володимирівна
            [cn_all] => 4
            [cn_read] => 4
        )

    [42] => Array
        (
            [chat_id_klient] => 5368392342
            [max_time] => 2026-01-26 16:26:53
            [name] => Василенко  Катерина  Григорівна
            [cn_all] => 3
            [cn_read] => 1
        )

    [43] => Array
        (
            [chat_id_klient] => 762433058
            [max_time] => 2026-01-23 10:54:25
            [name] => Павлова Наталя Дмитрівна
            [cn_all] => 2
            [cn_read] => 2
        )

    [44] => Array
        (
            [chat_id_klient] => 1728501953
            [max_time] => 2026-01-22 17:32:41
            [name] => Булейченко Олександр  Валерійович
            [cn_all] => 2
            [cn_read] => 2
        )

    [45] => Array
        (
            [chat_id_klient] => 1022202248
            [max_time] => 2026-01-21 10:52:25
            [name] => Толстих Сергій
            [cn_all] => 2
            [cn_read] => 2
        )

    [46] => Array
        (
            [chat_id_klient] => 1314256383
            [max_time] => 2026-01-20 12:38:39
            [name] => Куканова Євгенія Сергіївна
            [cn_all] => 7
            [cn_read] => 7
        )

    [47] => Array
        (
            [chat_id_klient] => 6349003088
            [max_time] => 2026-01-18 17:39:08
            [name] => Мойсеєв Дмитро  Романович
            [cn_all] => 1
            [cn_read] => 1
        )

    [48] => Array
        (
            [chat_id_klient] => 573714254
            [max_time] => 2026-01-18 08:01:55
            [name] => Дешко  Максим Олександрович
            [cn_all] => 2
            [cn_read] => 2
        )

    [49] => Array
        (
            [chat_id_klient] => 400634132
            [max_time] => 2026-01-15 14:37:00
            [name] => Шнирук Юлія Олександрівна
            [cn_all] => 1
            [cn_read] => 1
        )

    [50] => Array
        (
            [chat_id_klient] => 489913872
            [max_time] => 2026-01-13 15:16:36
            [name] => Туманова Юлия
            [cn_all] => 10
            [cn_read] => 10
        )

    [51] => Array
        (
            [chat_id_klient] => 1635199128
            [max_time] => 2026-01-13 15:14:22
            [name] => Бойко Ігор Володимирович
            [cn_all] => 2
            [cn_read] => 2
        )

    [52] => Array
        (
            [chat_id_klient] => 7963997214
            [max_time] => 2026-01-12 10:41:37
            [name] => Бойко Валентина Олександрівна
            [cn_all] => 2
            [cn_read] => 2
        )

    [53] => Array
        (
            [chat_id_klient] => 8142126047
            [max_time] => 2026-01-11 17:40:24
            [name] => Рзаєв Маіс Мадахіл оглу
            [cn_all] => 12
            [cn_read] => 11
        )

    [54] => Array
        (
            [chat_id_klient] => 8174590004
            [max_time] => 2026-01-02 06:52:28
            [name] => Фісенко Владислав Олександрович
            [cn_all] => 4
            [cn_read] => 4
        )

    [55] => Array
        (
            [chat_id_klient] => 640896788
            [max_time] => 2025-12-30 09:10:54
            [name] => Мороз Андрій Євгенійович
            [cn_all] => 2
            [cn_read] => 1
        )

    [56] => Array
        (
            [chat_id_klient] => 1021250749
            [max_time] => 2025-12-27 12:37:54
            [name] => Навізівський Назар Валерійович
            [cn_all] => 8
            [cn_read] => 8
        )

    [57] => Array
        (
            [chat_id_klient] => 401209894
            [max_time] => 2025-12-24 11:33:14
            [name] => Хоркий  Катерина Станіславівна
            [cn_all] => 3
            [cn_read] => 3
        )

    [58] => Array
        (
            [chat_id_klient] => 785309765
            [max_time] => 2025-11-30 08:17:12
            [name] => Поліщук Яна Олександрівна
            [cn_all] => 10
            [cn_read] => 10
        )

    [59] => Array
        (
            [chat_id_klient] => 695306320
            [max_time] => 2025-11-29 13:12:49
            [name] => Кантимир Наталья Михайловна
            [cn_all] => 6
            [cn_read] => 6
        )

    [60] => Array
        (
            [chat_id_klient] => 752814763
            [max_time] => 2025-11-26 19:19:14
            [name] => Дубініна  Аліна  Дубініна
            [cn_all] => 3
            [cn_read] => 3
        )

    [61] => Array
        (
            [chat_id_klient] => 479551311
            [max_time] => 2025-11-25 15:43:40
            [name] => Бережнюк Денис Андрійович
            [cn_all] => 2
            [cn_read] => 2
        )

    [62] => Array
        (
            [chat_id_klient] => 703811321
            [max_time] => 2025-11-21 15:42:00
            [name] => Кавко Олена Михайлівна
            [cn_all] => 5
            [cn_read] => 5
        )

    [63] => Array
        (
            [chat_id_klient] => 342539309
            [max_time] => 2025-11-20 13:44:49
            [name] => Якименко  Євгеній Валерійович
            [cn_all] => 9
            [cn_read] => 9
        )

    [64] => Array
        (
            [chat_id_klient] => 533878840
            [max_time] => 2025-11-13 16:28:54
            [name] => Прохор Олександра Олександрівна
            [cn_all] => 3
            [cn_read] => 3
        )

    [65] => Array
        (
            [chat_id_klient] => 487856800
            [max_time] => 2025-11-10 16:18:09
            [name] => Шведова Анастасія
            [cn_all] => 3
            [cn_read] => 3
        )

    [66] => Array
        (
            [chat_id_klient] => 653007265
            [max_time] => 2025-11-03 10:12:18
            [name] => Гордєєва Анастасія  Андріївна
            [cn_all] => 3
            [cn_read] => 0
        )

    [67] => Array
        (
            [chat_id_klient] => 777190558
            [max_time] => 2025-11-02 16:53:13
            [name] => Янчевська Злата Олександрівна
            [cn_all] => 1
            [cn_read] => 0
        )

    [68] => Array
        (
            [chat_id_klient] => 393377559
            [max_time] => 2025-10-31 18:16:02
            [name] => Ющенко Алла
            [cn_all] => 2
            [cn_read] => 2
        )

    [69] => Array
        (
            [chat_id_klient] => 424075578
            [max_time] => 2025-10-31 14:14:11
            [name] => Кашпур Александр Вячеславович
            [cn_all] => 1
            [cn_read] => 0
        )

    [70] => Array
        (
            [chat_id_klient] => 906501239
            [max_time] => 2025-10-30 18:02:05
            [name] => Шевчук Христина Вадимівна
            [cn_all] => 1
            [cn_read] => 0
        )

    [71] => Array
        (
            [chat_id_klient] => 558389995
            [max_time] => 2025-10-29 13:58:57
            [name] => Антоненко  Любов Леонідівна
            [cn_all] => 1
            [cn_read] => 0
        )

    [72] => Array
        (
            [chat_id_klient] => 987596235
            [max_time] => 2025-10-26 21:35:55
            [name] => Акімова Альбіна Едуардівна
            [cn_all] => 1
            [cn_read] => 1
        )

    [73] => Array
        (
            [chat_id_klient] => 313295403
            [max_time] => 2025-10-18 15:23:07
            [name] => Дувашова Марія Михалівна
            [cn_all] => 1
            [cn_read] => 1
        )

    [74] => Array
        (
            [chat_id_klient] => 1534545005
            [max_time] => 2025-10-17 19:49:32
            [name] => Вовкотруб Вікторія Андріївна
            [cn_all] => 1
            [cn_read] => 1
        )

    [75] => Array
        (
            [chat_id_klient] => 983095833
            [max_time] => 2025-10-15 13:14:03
            [name] => Зинченко Наталья Викторовна
            [cn_all] => 3
            [cn_read] => 3
        )

    [76] => Array
        (
            [chat_id_klient] => 566034884
            [max_time] => 2025-10-15 12:16:00
            [name] => Голячук  Анастасія Сергіївна
            [cn_all] => 4
            [cn_read] => 3
        )

    [77] => Array
        (
            [chat_id_klient] => 1250705523
            [max_time] => 2025-10-15 12:11:46
            [name] => Полєтаєв  Вадим Вікторович
            [cn_all] => 1
            [cn_read] => 1
        )

    [78] => Array
        (
            [chat_id_klient] => 753441286
            [max_time] => 2025-10-15 11:51:04
            [name] => Лавренюк Людмила Вячеславовна
            [cn_all] => 2
            [cn_read] => 0
        )

    [79] => Array
        (
            [chat_id_klient] => 1288673739
            [max_time] => 2025-10-10 19:04:42
            [name] => Лотарева  Вікторія  Вікторівна
            [cn_all] => 2
            [cn_read] => 2
        )

    [80] => Array
        (
            [chat_id_klient] => 787054958
            [max_time] => 2025-10-07 12:04:14
            [name] => Старцев Андрій  Денисович
            [cn_all] => 6
            [cn_read] => 6
        )

    [81] => Array
        (
            [chat_id_klient] => 962505970
            [max_time] => 2025-10-03 17:27:32
            [name] => Соломко  Богдана  Ігорівна
            [cn_all] => 2
            [cn_read] => 2
        )

    [82] => Array
        (
            [chat_id_klient] => 609269971
            [max_time] => 2025-10-01 21:37:09
            [name] => Погребець  Богдан  Сергійович
            [cn_all] => 15
            [cn_read] => 15
        )

    [83] => Array
        (
            [chat_id_klient] => 480952145
            [max_time] => 2025-09-30 15:56:23
            [name] => Типтюк Кіра Дмитрієвна
            [cn_all] => 2
            [cn_read] => 2
        )

    [84] => Array
        (
            [chat_id_klient] => 1012368831
            [max_time] => 2025-09-02 16:50:48
            [name] => Дзюбенко Максим Юрійович
            [cn_all] => 4
            [cn_read] => 4
        )

    [85] => Array
        (
            [chat_id_klient] => 655643371
            [max_time] => 2025-08-20 19:49:17
            [name] => Остапей Ярослав  Сергеевич
            [cn_all] => 5
            [cn_read] => 5
        )

    [86] => Array
        (
            [chat_id_klient] => 648791912
            [max_time] => 2025-07-27 17:00:16
            [name] => Горбатюкова Юлія Вікторівна
            [cn_all] => 5
            [cn_read] => 5
        )

    [87] => Array
        (
            [chat_id_klient] => 741147046
            [max_time] => 2025-06-04 10:18:54
            [name] => Алієв Рустам  Алійович
            [cn_all] => 5
            [cn_read] => 5
        )

    [88] => Array
        (
            [chat_id_klient] => 650134312
            [max_time] => 2025-05-10 19:31:07
            [name] => Юхимчук Анастасія Олегівна
            [cn_all] => 1
            [cn_read] => 1
        )

    [89] => Array
        (
            [chat_id_klient] => 6922330992
            [max_time] => 2025-05-09 20:45:22
            [name] => Бачиш Олександра Вадимівна
            [cn_all] => 3
            [cn_read] => 3
        )

    [90] => Array
        (
            [chat_id_klient] => 536912870
            [max_time] => 2025-04-26 20:13:03
            [name] => тест тест тестович
            [cn_all] => 4
            [cn_read] => 4
        )

)

[2026-07-08 00:06:56] [INFO] (D:\laragon\www\bot_red_220426\webapps\action\chats_clients.php:182) Array
(
    [0] => Array
        (
            [chat_id_klient] => 867861941
            [max_time] => 2026-07-07 23:55:19
            [name] => Панасенко Ирина Федоровна
            [cn_all] => 2
            [cn_read] => 0
        )

    [1] => Array
        (
            [chat_id_klient] => 6592156190
            [max_time] => 2026-06-30 19:06:10
            [name] => Макарова Олеся Валеріївна
            [cn_all] => 18
            [cn_read] => 17
        )

    [2] => Array
        (
            [chat_id_klient] => 375495559
            [max_time] => 2026-06-30 17:32:20
            [name] => Березюк Євген Олександрович
            [cn_all] => 16
            [cn_read] => 16
        )

    [3] => Array
        (
            [chat_id_klient] => 703046945
            [max_time] => 2026-06-24 13:31:07
            [name] => Малицький Роман Олексійович
            [cn_all] => 12
            [cn_read] => 12
        )

    [4] => Array
        (
            [chat_id_klient] => 971335229
            [max_time] => 2026-06-15 13:25:53
            [name] => Ошевська Аліна Валеріївна
            [cn_all] => 1
            [cn_read] => 1
        )

    [5] => Array
        (
            [chat_id_klient] => 1056509329
            [max_time] => 2026-06-06 19:01:34
            [name] => Мироненко Вікторыя Олегывна
            [cn_all] => 23
            [cn_read] => 23
        )

    [6] => Array
        (
            [chat_id_klient] => 5103654560
            [max_time] => 2026-06-05 20:00:46
            [name] => Бріндак Домініка Данилівна
            [cn_all] => 2
            [cn_read] => 2
        )

    [7] => Array
        (
            [chat_id_klient] => 374491792
            [max_time] => 2026-06-01 16:43:03
            [name] => Стоячук Марія Миколаївна
            [cn_all] => 2
            [cn_read] => 2
        )

    [8] => Array
        (
            [chat_id_klient] => 1650096144
            [max_time] => 2026-05-26 18:03:06
            [name] => Канавець Дар"я Олександрівна
            [cn_all] => 7
            [cn_read] => 7
        )

    [9] => Array
        (
            [chat_id_klient] => 398742074
            [max_time] => 2026-05-26 14:50:22
            [name] => Гома Анастасія Сергіївна
            [cn_all] => 8
            [cn_read] => 8
        )

    [10] => Array
        (
            [chat_id_klient] => 846332359
            [max_time] => 2026-05-03 13:00:33
            [name] => Цвєтов Назарій Дмитрович
            [cn_all] => 8
            [cn_read] => 8
        )

    [11] => Array
        (
            [chat_id_klient] => 924586825
            [max_time] => 2026-04-30 13:20:41
            [name] => Ведмідь  Дмитро  Сергійович
            [cn_all] => 12
            [cn_read] => 12
        )

    [12] => Array
        (
            [chat_id_klient] => 6267975893
            [max_time] => 2026-04-28 18:51:52
            [name] => Юсупова  Анна Олегівна
            [cn_all] => 7
            [cn_read] => 7
        )

    [13] => Array
        (
            [chat_id_klient] => 609189859
            [max_time] => 2026-04-27 19:28:39
            [name] => Кльон Костянтин  Сергійович
            [cn_all] => 6
            [cn_read] => 6
        )

    [14] => Array
        (
            [chat_id_klient] => 670778441
            [max_time] => 2026-04-24 18:30:30
            [name] => Дубов  Ілля Владиславович
            [cn_all] => 10
            [cn_read] => 10
        )

    [15] => Array
        (
            [chat_id_klient] => 592920903
            [max_time] => 2026-04-24 16:47:33
            [name] => Шпак Андрей Олексійович
            [cn_all] => 7
            [cn_read] => 7
        )

    [16] => Array
        (
            [chat_id_klient] => 596861909
            [max_time] => 2026-04-22 22:50:59
            [name] => Кухаренко  Дар"я  Юріївна
            [cn_all] => 2
            [cn_read] => 2
        )

    [17] => Array
        (
            [chat_id_klient] => 843741204
            [max_time] => 2026-04-21 19:54:25
            [name] => Кузьменко Юлія Володимирівна
            [cn_all] => 2
            [cn_read] => 2
        )

    [18] => Array
        (
            [chat_id_klient] => 947284147
            [max_time] => 2026-04-19 12:44:01
            [name] => Кишаковська Дар"я Михайлівна
            [cn_all] => 6
            [cn_read] => 6
        )

    [19] => Array
        (
            [chat_id_klient] => 1460190629
            [max_time] => 2026-04-14 08:52:10
            [name] => Корнійчук Галинв Миколаївна
            [cn_all] => 2
            [cn_read] => 2
        )

    [20] => Array
        (
            [chat_id_klient] => 301809791
            [max_time] => 2026-04-10 17:52:15
            [name] => Сидорук Юлія Олександрівна
            [cn_all] => 3
            [cn_read] => 3
        )

    [21] => Array
        (
            [chat_id_klient] => 479481181
            [max_time] => 2026-04-08 19:05:27
            [name] => Шумейко  Кристина  Володимирівна
            [cn_all] => 19
            [cn_read] => 19
        )

    [22] => Array
        (
            [chat_id_klient] => 1745169856
            [max_time] => 2026-04-06 16:40:49
            [name] => Фалендиш  Артем Сергійович
            [cn_all] => 5
            [cn_read] => 5
        )

    [23] => Array
        (
            [chat_id_klient] => 663194259
            [max_time] => 2026-04-05 19:23:56
            [name] => Ступченко Аліна Валеріївна
            [cn_all] => 2
            [cn_read] => 2
        )

    [24] => Array
        (
            [chat_id_klient] => 477944161
            [max_time] => 2026-03-31 15:19:35
            [name] => Любарец Ольга Святославівна
            [cn_all] => 1
            [cn_read] => 1
        )

    [25] => Array
        (
            [chat_id_klient] => 973727202
            [max_time] => 2026-03-30 18:43:57
            [name] => Шипулін Ілля Олександрович
            [cn_all] => 2
            [cn_read] => 2
        )

    [26] => Array
        (
            [chat_id_klient] => 281789715
            [max_time] => 2026-03-24 15:00:12
            [name] => Ландік Богдан  Валерійович
            [cn_all] => 3
            [cn_read] => 3
        )

    [27] => Array
        (
            [chat_id_klient] => 1416101457
            [max_time] => 2026-03-23 18:27:21
            [name] => Мирна Мілена Олександрівна
            [cn_all] => 6
            [cn_read] => 6
        )

    [28] => Array
        (
            [chat_id_klient] => 752691897
            [max_time] => 2026-03-23 09:26:08
            [name] => Карпенко Владислав
            [cn_all] => 6
            [cn_read] => 6
        )

    [29] => Array
        (
            [chat_id_klient] => 2039470540
            [max_time] => 2026-03-18 20:00:17
            [name] => Кулак Алла Вікторівна
            [cn_all] => 3
            [cn_read] => 3
        )

    [30] => Array
        (
            [chat_id_klient] => 1118016037
            [max_time] => 2026-03-18 18:27:25
            [name] => Савенкова  Ольга  Олександрівна
            [cn_all] => 2
            [cn_read] => 2
        )

    [31] => Array
        (
            [chat_id_klient] => 815833208
            [max_time] => 2026-03-12 17:49:06
            [name] => Король Андрій Віталійович
            [cn_all] => 7
            [cn_read] => 7
        )

    [32] => Array
        (
            [chat_id_klient] => 416132448
            [max_time] => 2026-03-11 11:58:54
            [name] => Тихоненко Ліза Вікторівна
            [cn_all] => 1
            [cn_read] => 1
        )

    [33] => Array
        (
            [chat_id_klient] => 944179291
            [max_time] => 2026-03-10 17:41:26
            [name] => Шушковська Любов Петрівна
            [cn_all] => 3
            [cn_read] => 3
        )

    [34] => Array
        (
            [chat_id_klient] => 814749500
            [max_time] => 2026-03-08 19:33:21
            [name] => Колісніченко Мирон Сергійович
            [cn_all] => 8
            [cn_read] => 8
        )

    [35] => Array
        (
            [chat_id_klient] => 448109003
            [max_time] => 2026-03-02 10:36:38
            [name] => Вовк Руслана Іванівна
            [cn_all] => 6
            [cn_read] => 0
        )

    [36] => Array
        (
            [chat_id_klient] => 696044182
            [max_time] => 2026-02-14 15:24:52
            [name] => Басанець Олександр Віталійович
            [cn_all] => 1
            [cn_read] => 0
        )

    [37] => Array
        (
            [chat_id_klient] => 5418480239
            [max_time] => 2026-02-13 22:09:01
            [name] => Федоренко Олег В’ячеславович
            [cn_all] => 1
            [cn_read] => 0
        )

    [38] => Array
        (
            [chat_id_klient] => 871045994
            [max_time] => 2026-02-07 08:34:10
            [name] => Давиденко  Альона  Юріївна
            [cn_all] => 1
            [cn_read] => 0
        )

    [39] => Array
        (
            [chat_id_klient] => 543770963
            [max_time] => 2026-02-01 16:53:42
            [name] => Анохін Ілля  Андрійович
            [cn_all] => 5
            [cn_read] => 5
        )

    [40] => Array
        (
            [chat_id_klient] => 91647454
            [max_time] => 2026-01-26 21:34:54
            [name] => Алікперов Руслан Рахімович
            [cn_all] => 6
            [cn_read] => 6
        )

    [41] => Array
        (
            [chat_id_klient] => 1603635397
            [max_time] => 2026-01-26 16:48:36
            [name] => Бойко Іра Володимирівна
            [cn_all] => 4
            [cn_read] => 4
        )

    [42] => Array
        (
            [chat_id_klient] => 5368392342
            [max_time] => 2026-01-26 16:26:53
            [name] => Василенко  Катерина  Григорівна
            [cn_all] => 3
            [cn_read] => 1
        )

    [43] => Array
        (
            [chat_id_klient] => 762433058
            [max_time] => 2026-01-23 10:54:25
            [name] => Павлова Наталя Дмитрівна
            [cn_all] => 2
            [cn_read] => 2
        )

    [44] => Array
        (
            [chat_id_klient] => 1728501953
            [max_time] => 2026-01-22 17:32:41
            [name] => Булейченко Олександр  Валерійович
            [cn_all] => 2
            [cn_read] => 2
        )

    [45] => Array
        (
            [chat_id_klient] => 1022202248
            [max_time] => 2026-01-21 10:52:25
            [name] => Толстих Сергій
            [cn_all] => 2
            [cn_read] => 2
        )

    [46] => Array
        (
            [chat_id_klient] => 1314256383
            [max_time] => 2026-01-20 12:38:39
            [name] => Куканова Євгенія Сергіївна
            [cn_all] => 7
            [cn_read] => 7
        )

    [47] => Array
        (
            [chat_id_klient] => 6349003088
            [max_time] => 2026-01-18 17:39:08
            [name] => Мойсеєв Дмитро  Романович
            [cn_all] => 1
            [cn_read] => 1
        )

    [48] => Array
        (
            [chat_id_klient] => 573714254
            [max_time] => 2026-01-18 08:01:55
            [name] => Дешко  Максим Олександрович
            [cn_all] => 2
            [cn_read] => 2
        )

    [49] => Array
        (
            [chat_id_klient] => 400634132
            [max_time] => 2026-01-15 14:37:00
            [name] => Шнирук Юлія Олександрівна
            [cn_all] => 1
            [cn_read] => 1
        )

    [50] => Array
        (
            [chat_id_klient] => 489913872
            [max_time] => 2026-01-13 15:16:36
            [name] => Туманова Юлия
            [cn_all] => 10
            [cn_read] => 10
        )

    [51] => Array
        (
            [chat_id_klient] => 1635199128
            [max_time] => 2026-01-13 15:14:22
            [name] => Бойко Ігор Володимирович
            [cn_all] => 2
            [cn_read] => 2
        )

    [52] => Array
        (
            [chat_id_klient] => 7963997214
            [max_time] => 2026-01-12 10:41:37
            [name] => Бойко Валентина Олександрівна
            [cn_all] => 2
            [cn_read] => 2
        )

    [53] => Array
        (
            [chat_id_klient] => 8142126047
            [max_time] => 2026-01-11 17:40:24
            [name] => Рзаєв Маіс Мадахіл оглу
            [cn_all] => 12
            [cn_read] => 11
        )

    [54] => Array
        (
            [chat_id_klient] => 8174590004
            [max_time] => 2026-01-02 06:52:28
            [name] => Фісенко Владислав Олександрович
            [cn_all] => 4
            [cn_read] => 4
        )

    [55] => Array
        (
            [chat_id_klient] => 640896788
            [max_time] => 2025-12-30 09:10:54
            [name] => Мороз Андрій Євгенійович
            [cn_all] => 2
            [cn_read] => 1
        )

    [56] => Array
        (
            [chat_id_klient] => 1021250749
            [max_time] => 2025-12-27 12:37:54
            [name] => Навізівський Назар Валерійович
            [cn_all] => 8
            [cn_read] => 8
        )

    [57] => Array
        (
            [chat_id_klient] => 401209894
            [max_time] => 2025-12-24 11:33:14
            [name] => Хоркий  Катерина Станіславівна
            [cn_all] => 3
            [cn_read] => 3
        )

    [58] => Array
        (
            [chat_id_klient] => 785309765
            [max_time] => 2025-11-30 08:17:12
            [name] => Поліщук Яна Олександрівна
            [cn_all] => 10
            [cn_read] => 10
        )

    [59] => Array
        (
            [chat_id_klient] => 695306320
            [max_time] => 2025-11-29 13:12:49
            [name] => Кантимир Наталья Михайловна
            [cn_all] => 6
            [cn_read] => 6
        )

    [60] => Array
        (
            [chat_id_klient] => 752814763
            [max_time] => 2025-11-26 19:19:14
            [name] => Дубініна  Аліна  Дубініна
            [cn_all] => 3
            [cn_read] => 3
        )

    [61] => Array
        (
            [chat_id_klient] => 479551311
            [max_time] => 2025-11-25 15:43:40
            [name] => Бережнюк Денис Андрійович
            [cn_all] => 2
            [cn_read] => 2
        )

    [62] => Array
        (
            [chat_id_klient] => 703811321
            [max_time] => 2025-11-21 15:42:00
            [name] => Кавко Олена Михайлівна
            [cn_all] => 5
            [cn_read] => 5
        )

    [63] => Array
        (
            [chat_id_klient] => 342539309
            [max_time] => 2025-11-20 13:44:49
            [name] => Якименко  Євгеній Валерійович
            [cn_all] => 9
            [cn_read] => 9
        )

    [64] => Array
        (
            [chat_id_klient] => 533878840
            [max_time] => 2025-11-13 16:28:54
            [name] => Прохор Олександра Олександрівна
            [cn_all] => 3
            [cn_read] => 3
        )

    [65] => Array
        (
            [chat_id_klient] => 487856800
            [max_time] => 2025-11-10 16:18:09
            [name] => Шведова Анастасія
            [cn_all] => 3
            [cn_read] => 3
        )

    [66] => Array
        (
            [chat_id_klient] => 653007265
            [max_time] => 2025-11-03 10:12:18
            [name] => Гордєєва Анастасія  Андріївна
            [cn_all] => 3
            [cn_read] => 0
        )

    [67] => Array
        (
            [chat_id_klient] => 777190558
            [max_time] => 2025-11-02 16:53:13
            [name] => Янчевська Злата Олександрівна
            [cn_all] => 1
            [cn_read] => 0
        )

    [68] => Array
        (
            [chat_id_klient] => 393377559
            [max_time] => 2025-10-31 18:16:02
            [name] => Ющенко Алла
            [cn_all] => 2
            [cn_read] => 2
        )

    [69] => Array
        (
            [chat_id_klient] => 424075578
            [max_time] => 2025-10-31 14:14:11
            [name] => Кашпур Александр Вячеславович
            [cn_all] => 1
            [cn_read] => 0
        )

    [70] => Array
        (
            [chat_id_klient] => 906501239
            [max_time] => 2025-10-30 18:02:05
            [name] => Шевчук Христина Вадимівна
            [cn_all] => 1
            [cn_read] => 0
        )

    [71] => Array
        (
            [chat_id_klient] => 558389995
            [max_time] => 2025-10-29 13:58:57
            [name] => Антоненко  Любов Леонідівна
            [cn_all] => 1
            [cn_read] => 0
        )

    [72] => Array
        (
            [chat_id_klient] => 987596235
            [max_time] => 2025-10-26 21:35:55
            [name] => Акімова Альбіна Едуардівна
            [cn_all] => 1
            [cn_read] => 1
        )

    [73] => Array
        (
            [chat_id_klient] => 313295403
            [max_time] => 2025-10-18 15:23:07
            [name] => Дувашова Марія Михалівна
            [cn_all] => 1
            [cn_read] => 1
        )

    [74] => Array
        (
            [chat_id_klient] => 1534545005
            [max_time] => 2025-10-17 19:49:32
            [name] => Вовкотруб Вікторія Андріївна
            [cn_all] => 1
            [cn_read] => 1
        )

    [75] => Array
        (
            [chat_id_klient] => 983095833
            [max_time] => 2025-10-15 13:14:03
            [name] => Зинченко Наталья Викторовна
            [cn_all] => 3
            [cn_read] => 3
        )

    [76] => Array
        (
            [chat_id_klient] => 566034884
            [max_time] => 2025-10-15 12:16:00
            [name] => Голячук  Анастасія Сергіївна
            [cn_all] => 4
            [cn_read] => 3
        )

    [77] => Array
        (
            [chat_id_klient] => 1250705523
            [max_time] => 2025-10-15 12:11:46
            [name] => Полєтаєв  Вадим Вікторович
            [cn_all] => 1
            [cn_read] => 1
        )

    [78] => Array
        (
            [chat_id_klient] => 753441286
            [max_time] => 2025-10-15 11:51:04
            [name] => Лавренюк Людмила Вячеславовна
            [cn_all] => 2
            [cn_read] => 0
        )

    [79] => Array
        (
            [chat_id_klient] => 1288673739
            [max_time] => 2025-10-10 19:04:42
            [name] => Лотарева  Вікторія  Вікторівна
            [cn_all] => 2
            [cn_read] => 2
        )

    [80] => Array
        (
            [chat_id_klient] => 787054958
            [max_time] => 2025-10-07 12:04:14
            [name] => Старцев Андрій  Денисович
            [cn_all] => 6
            [cn_read] => 6
        )

    [81] => Array
        (
            [chat_id_klient] => 962505970
            [max_time] => 2025-10-03 17:27:32
            [name] => Соломко  Богдана  Ігорівна
            [cn_all] => 2
            [cn_read] => 2
        )

    [82] => Array
        (
            [chat_id_klient] => 609269971
            [max_time] => 2025-10-01 21:37:09
            [name] => Погребець  Богдан  Сергійович
            [cn_all] => 15
            [cn_read] => 15
        )

    [83] => Array
        (
            [chat_id_klient] => 480952145
            [max_time] => 2025-09-30 15:56:23
            [name] => Типтюк Кіра Дмитрієвна
            [cn_all] => 2
            [cn_read] => 2
        )

    [84] => Array
        (
            [chat_id_klient] => 1012368831
            [max_time] => 2025-09-02 16:50:48
            [name] => Дзюбенко Максим Юрійович
            [cn_all] => 4
            [cn_read] => 4
        )

    [85] => Array
        (
            [chat_id_klient] => 655643371
            [max_time] => 2025-08-20 19:49:17
            [name] => Остапей Ярослав  Сергеевич
            [cn_all] => 5
            [cn_read] => 5
        )

    [86] => Array
        (
            [chat_id_klient] => 648791912
            [max_time] => 2025-07-27 17:00:16
            [name] => Горбатюкова Юлія Вікторівна
            [cn_all] => 5
            [cn_read] => 5
        )

    [87] => Array
        (
            [chat_id_klient] => 741147046
            [max_time] => 2025-06-04 10:18:54
            [name] => Алієв Рустам  Алійович
            [cn_all] => 5
            [cn_read] => 5
        )

    [88] => Array
        (
            [chat_id_klient] => 650134312
            [max_time] => 2025-05-10 19:31:07
            [name] => Юхимчук Анастасія Олегівна
            [cn_all] => 1
            [cn_read] => 1
        )

    [89] => Array
        (
            [chat_id_klient] => 6922330992
            [max_time] => 2025-05-09 20:45:22
            [name] => Бачиш Олександра Вадимівна
            [cn_all] => 3
            [cn_read] => 3
        )

    [90] => Array
        (
            [chat_id_klient] => 536912870
            [max_time] => 2025-04-26 20:13:03
            [name] => тест тест тестович
            [cn_all] => 4
            [cn_read] => 4
        )

)

[2026-07-08 00:07:48] [INFO] (D:\laragon\www\bot_red_220426\webapps\action\chats_clients.php:182) Array
(
    [0] => Array
        (
            [chat_id_klient] => 867861941
            [max_time] => 2026-07-07 23:55:19
            [name] => Панасенко Ирина Федоровна
            [cn_all] => 2
            [cn_read] => 0
        )

    [1] => Array
        (
            [chat_id_klient] => 6592156190
            [max_time] => 2026-06-30 19:06:10
            [name] => Макарова Олеся Валеріївна
            [cn_all] => 18
            [cn_read] => 17
        )

    [2] => Array
        (
            [chat_id_klient] => 375495559
            [max_time] => 2026-06-30 17:32:20
            [name] => Березюк Євген Олександрович
            [cn_all] => 16
            [cn_read] => 16
        )

    [3] => Array
        (
            [chat_id_klient] => 703046945
            [max_time] => 2026-06-24 13:31:07
            [name] => Малицький Роман Олексійович
            [cn_all] => 12
            [cn_read] => 12
        )

    [4] => Array
        (
            [chat_id_klient] => 971335229
            [max_time] => 2026-06-15 13:25:53
            [name] => Ошевська Аліна Валеріївна
            [cn_all] => 1
            [cn_read] => 1
        )

    [5] => Array
        (
            [chat_id_klient] => 1056509329
            [max_time] => 2026-06-06 19:01:34
            [name] => Мироненко Вікторыя Олегывна
            [cn_all] => 23
            [cn_read] => 23
        )

    [6] => Array
        (
            [chat_id_klient] => 5103654560
            [max_time] => 2026-06-05 20:00:46
            [name] => Бріндак Домініка Данилівна
            [cn_all] => 2
            [cn_read] => 2
        )

    [7] => Array
        (
            [chat_id_klient] => 374491792
            [max_time] => 2026-06-01 16:43:03
            [name] => Стоячук Марія Миколаївна
            [cn_all] => 2
            [cn_read] => 2
        )

    [8] => Array
        (
            [chat_id_klient] => 1650096144
            [max_time] => 2026-05-26 18:03:06
            [name] => Канавець Дар"я Олександрівна
            [cn_all] => 7
            [cn_read] => 7
        )

    [9] => Array
        (
            [chat_id_klient] => 398742074
            [max_time] => 2026-05-26 14:50:22
            [name] => Гома Анастасія Сергіївна
            [cn_all] => 8
            [cn_read] => 8
        )

    [10] => Array
        (
            [chat_id_klient] => 846332359
            [max_time] => 2026-05-03 13:00:33
            [name] => Цвєтов Назарій Дмитрович
            [cn_all] => 8
            [cn_read] => 8
        )

    [11] => Array
        (
            [chat_id_klient] => 924586825
            [max_time] => 2026-04-30 13:20:41
            [name] => Ведмідь  Дмитро  Сергійович
            [cn_all] => 12
            [cn_read] => 12
        )

    [12] => Array
        (
            [chat_id_klient] => 6267975893
            [max_time] => 2026-04-28 18:51:52
            [name] => Юсупова  Анна Олегівна
            [cn_all] => 7
            [cn_read] => 7
        )

    [13] => Array
        (
            [chat_id_klient] => 609189859
            [max_time] => 2026-04-27 19:28:39
            [name] => Кльон Костянтин  Сергійович
            [cn_all] => 6
            [cn_read] => 6
        )

    [14] => Array
        (
            [chat_id_klient] => 670778441
            [max_time] => 2026-04-24 18:30:30
            [name] => Дубов  Ілля Владиславович
            [cn_all] => 10
            [cn_read] => 10
        )

    [15] => Array
        (
            [chat_id_klient] => 592920903
            [max_time] => 2026-04-24 16:47:33
            [name] => Шпак Андрей Олексійович
            [cn_all] => 7
            [cn_read] => 7
        )

    [16] => Array
        (
            [chat_id_klient] => 596861909
            [max_time] => 2026-04-22 22:50:59
            [name] => Кухаренко  Дар"я  Юріївна
            [cn_all] => 2
            [cn_read] => 2
        )

    [17] => Array
        (
            [chat_id_klient] => 843741204
            [max_time] => 2026-04-21 19:54:25
            [name] => Кузьменко Юлія Володимирівна
            [cn_all] => 2
            [cn_read] => 2
        )

    [18] => Array
        (
            [chat_id_klient] => 947284147
            [max_time] => 2026-04-19 12:44:01
            [name] => Кишаковська Дар"я Михайлівна
            [cn_all] => 6
            [cn_read] => 6
        )

    [19] => Array
        (
            [chat_id_klient] => 1460190629
            [max_time] => 2026-04-14 08:52:10
            [name] => Корнійчук Галинв Миколаївна
            [cn_all] => 2
            [cn_read] => 2
        )

    [20] => Array
        (
            [chat_id_klient] => 301809791
            [max_time] => 2026-04-10 17:52:15
            [name] => Сидорук Юлія Олександрівна
            [cn_all] => 3
            [cn_read] => 3
        )

    [21] => Array
        (
            [chat_id_klient] => 479481181
            [max_time] => 2026-04-08 19:05:27
            [name] => Шумейко  Кристина  Володимирівна
            [cn_all] => 19
            [cn_read] => 19
        )

    [22] => Array
        (
            [chat_id_klient] => 1745169856
            [max_time] => 2026-04-06 16:40:49
            [name] => Фалендиш  Артем Сергійович
            [cn_all] => 5
            [cn_read] => 5
        )

    [23] => Array
        (
            [chat_id_klient] => 663194259
            [max_time] => 2026-04-05 19:23:56
            [name] => Ступченко Аліна Валеріївна
            [cn_all] => 2
            [cn_read] => 2
        )

    [24] => Array
        (
            [chat_id_klient] => 477944161
            [max_time] => 2026-03-31 15:19:35
            [name] => Любарец Ольга Святославівна
            [cn_all] => 1
            [cn_read] => 1
        )

    [25] => Array
        (
            [chat_id_klient] => 973727202
            [max_time] => 2026-03-30 18:43:57
            [name] => Шипулін Ілля Олександрович
            [cn_all] => 2
            [cn_read] => 2
        )

    [26] => Array
        (
            [chat_id_klient] => 281789715
            [max_time] => 2026-03-24 15:00:12
            [name] => Ландік Богдан  Валерійович
            [cn_all] => 3
            [cn_read] => 3
        )

    [27] => Array
        (
            [chat_id_klient] => 1416101457
            [max_time] => 2026-03-23 18:27:21
            [name] => Мирна Мілена Олександрівна
            [cn_all] => 6
            [cn_read] => 6
        )

    [28] => Array
        (
            [chat_id_klient] => 752691897
            [max_time] => 2026-03-23 09:26:08
            [name] => Карпенко Владислав
            [cn_all] => 6
            [cn_read] => 6
        )

    [29] => Array
        (
            [chat_id_klient] => 2039470540
            [max_time] => 2026-03-18 20:00:17
            [name] => Кулак Алла Вікторівна
            [cn_all] => 3
            [cn_read] => 3
        )

    [30] => Array
        (
            [chat_id_klient] => 1118016037
            [max_time] => 2026-03-18 18:27:25
            [name] => Савенкова  Ольга  Олександрівна
            [cn_all] => 2
            [cn_read] => 2
        )

    [31] => Array
        (
            [chat_id_klient] => 815833208
            [max_time] => 2026-03-12 17:49:06
            [name] => Король Андрій Віталійович
            [cn_all] => 7
            [cn_read] => 7
        )

    [32] => Array
        (
            [chat_id_klient] => 416132448
            [max_time] => 2026-03-11 11:58:54
            [name] => Тихоненко Ліза Вікторівна
            [cn_all] => 1
            [cn_read] => 1
        )

    [33] => Array
        (
            [chat_id_klient] => 944179291
            [max_time] => 2026-03-10 17:41:26
            [name] => Шушковська Любов Петрівна
            [cn_all] => 3
            [cn_read] => 3
        )

    [34] => Array
        (
            [chat_id_klient] => 814749500
            [max_time] => 2026-03-08 19:33:21
            [name] => Колісніченко Мирон Сергійович
            [cn_all] => 8
            [cn_read] => 8
        )

    [35] => Array
        (
            [chat_id_klient] => 448109003
            [max_time] => 2026-03-02 10:36:38
            [name] => Вовк Руслана Іванівна
            [cn_all] => 6
            [cn_read] => 0
        )

    [36] => Array
        (
            [chat_id_klient] => 696044182
            [max_time] => 2026-02-14 15:24:52
            [name] => Басанець Олександр Віталійович
            [cn_all] => 1
            [cn_read] => 0
        )

    [37] => Array
        (
            [chat_id_klient] => 5418480239
            [max_time] => 2026-02-13 22:09:01
            [name] => Федоренко Олег В’ячеславович
            [cn_all] => 1
            [cn_read] => 0
        )

    [38] => Array
        (
            [chat_id_klient] => 871045994
            [max_time] => 2026-02-07 08:34:10
            [name] => Давиденко  Альона  Юріївна
            [cn_all] => 1
            [cn_read] => 0
        )

    [39] => Array
        (
            [chat_id_klient] => 543770963
            [max_time] => 2026-02-01 16:53:42
            [name] => Анохін Ілля  Андрійович
            [cn_all] => 5
            [cn_read] => 5
        )

    [40] => Array
        (
            [chat_id_klient] => 91647454
            [max_time] => 2026-01-26 21:34:54
            [name] => Алікперов Руслан Рахімович
            [cn_all] => 6
            [cn_read] => 6
        )

    [41] => Array
        (
            [chat_id_klient] => 1603635397
            [max_time] => 2026-01-26 16:48:36
            [name] => Бойко Іра Володимирівна
            [cn_all] => 4
            [cn_read] => 4
        )

    [42] => Array
        (
            [chat_id_klient] => 5368392342
            [max_time] => 2026-01-26 16:26:53
            [name] => Василенко  Катерина  Григорівна
            [cn_all] => 3
            [cn_read] => 1
        )

    [43] => Array
        (
            [chat_id_klient] => 762433058
            [max_time] => 2026-01-23 10:54:25
            [name] => Павлова Наталя Дмитрівна
            [cn_all] => 2
            [cn_read] => 2
        )

    [44] => Array
        (
            [chat_id_klient] => 1728501953
            [max_time] => 2026-01-22 17:32:41
            [name] => Булейченко Олександр  Валерійович
            [cn_all] => 2
            [cn_read] => 2
        )

    [45] => Array
        (
            [chat_id_klient] => 1022202248
            [max_time] => 2026-01-21 10:52:25
            [name] => Толстих Сергій
            [cn_all] => 2
            [cn_read] => 2
        )

    [46] => Array
        (
            [chat_id_klient] => 1314256383
            [max_time] => 2026-01-20 12:38:39
            [name] => Куканова Євгенія Сергіївна
            [cn_all] => 7
            [cn_read] => 7
        )

    [47] => Array
        (
            [chat_id_klient] => 6349003088
            [max_time] => 2026-01-18 17:39:08
            [name] => Мойсеєв Дмитро  Романович
            [cn_all] => 1
            [cn_read] => 1
        )

    [48] => Array
        (
            [chat_id_klient] => 573714254
            [max_time] => 2026-01-18 08:01:55
            [name] => Дешко  Максим Олександрович
            [cn_all] => 2
            [cn_read] => 2
        )

    [49] => Array
        (
            [chat_id_klient] => 400634132
            [max_time] => 2026-01-15 14:37:00
            [name] => Шнирук Юлія Олександрівна
            [cn_all] => 1
            [cn_read] => 1
        )

    [50] => Array
        (
            [chat_id_klient] => 489913872
            [max_time] => 2026-01-13 15:16:36
            [name] => Туманова Юлия
            [cn_all] => 10
            [cn_read] => 10
        )

    [51] => Array
        (
            [chat_id_klient] => 1635199128
            [max_time] => 2026-01-13 15:14:22
            [name] => Бойко Ігор Володимирович
            [cn_all] => 2
            [cn_read] => 2
        )

    [52] => Array
        (
            [chat_id_klient] => 7963997214
            [max_time] => 2026-01-12 10:41:37
            [name] => Бойко Валентина Олександрівна
            [cn_all] => 2
            [cn_read] => 2
        )

    [53] => Array
        (
            [chat_id_klient] => 8142126047
            [max_time] => 2026-01-11 17:40:24
            [name] => Рзаєв Маіс Мадахіл оглу
            [cn_all] => 12
            [cn_read] => 11
        )

    [54] => Array
        (
            [chat_id_klient] => 8174590004
            [max_time] => 2026-01-02 06:52:28
            [name] => Фісенко Владислав Олександрович
            [cn_all] => 4
            [cn_read] => 4
        )

    [55] => Array
        (
            [chat_id_klient] => 640896788
            [max_time] => 2025-12-30 09:10:54
            [name] => Мороз Андрій Євгенійович
            [cn_all] => 2
            [cn_read] => 1
        )

    [56] => Array
        (
            [chat_id_klient] => 1021250749
            [max_time] => 2025-12-27 12:37:54
            [name] => Навізівський Назар Валерійович
            [cn_all] => 8
            [cn_read] => 8
        )

    [57] => Array
        (
            [chat_id_klient] => 401209894
            [max_time] => 2025-12-24 11:33:14
            [name] => Хоркий  Катерина Станіславівна
            [cn_all] => 3
            [cn_read] => 3
        )

    [58] => Array
        (
            [chat_id_klient] => 785309765
            [max_time] => 2025-11-30 08:17:12
            [name] => Поліщук Яна Олександрівна
            [cn_all] => 10
            [cn_read] => 10
        )

    [59] => Array
        (
            [chat_id_klient] => 695306320
            [max_time] => 2025-11-29 13:12:49
            [name] => Кантимир Наталья Михайловна
            [cn_all] => 6
            [cn_read] => 6
        )

    [60] => Array
        (
            [chat_id_klient] => 752814763
            [max_time] => 2025-11-26 19:19:14
            [name] => Дубініна  Аліна  Дубініна
            [cn_all] => 3
            [cn_read] => 3
        )

    [61] => Array
        (
            [chat_id_klient] => 479551311
            [max_time] => 2025-11-25 15:43:40
            [name] => Бережнюк Денис Андрійович
            [cn_all] => 2
            [cn_read] => 2
        )

    [62] => Array
        (
            [chat_id_klient] => 703811321
            [max_time] => 2025-11-21 15:42:00
            [name] => Кавко Олена Михайлівна
            [cn_all] => 5
            [cn_read] => 5
        )

    [63] => Array
        (
            [chat_id_klient] => 342539309
            [max_time] => 2025-11-20 13:44:49
            [name] => Якименко  Євгеній Валерійович
            [cn_all] => 9
            [cn_read] => 9
        )

    [64] => Array
        (
            [chat_id_klient] => 533878840
            [max_time] => 2025-11-13 16:28:54
            [name] => Прохор Олександра Олександрівна
            [cn_all] => 3
            [cn_read] => 3
        )

    [65] => Array
        (
            [chat_id_klient] => 487856800
            [max_time] => 2025-11-10 16:18:09
            [name] => Шведова Анастасія
            [cn_all] => 3
            [cn_read] => 3
        )

    [66] => Array
        (
            [chat_id_klient] => 653007265
            [max_time] => 2025-11-03 10:12:18
            [name] => Гордєєва Анастасія  Андріївна
            [cn_all] => 3
            [cn_read] => 0
        )

    [67] => Array
        (
            [chat_id_klient] => 777190558
            [max_time] => 2025-11-02 16:53:13
            [name] => Янчевська Злата Олександрівна
            [cn_all] => 1
            [cn_read] => 0
        )

    [68] => Array
        (
            [chat_id_klient] => 393377559
            [max_time] => 2025-10-31 18:16:02
            [name] => Ющенко Алла
            [cn_all] => 2
            [cn_read] => 2
        )

    [69] => Array
        (
            [chat_id_klient] => 424075578
            [max_time] => 2025-10-31 14:14:11
            [name] => Кашпур Александр Вячеславович
            [cn_all] => 1
            [cn_read] => 0
        )

    [70] => Array
        (
            [chat_id_klient] => 906501239
            [max_time] => 2025-10-30 18:02:05
            [name] => Шевчук Христина Вадимівна
            [cn_all] => 1
            [cn_read] => 0
        )

    [71] => Array
        (
            [chat_id_klient] => 558389995
            [max_time] => 2025-10-29 13:58:57
            [name] => Антоненко  Любов Леонідівна
            [cn_all] => 1
            [cn_read] => 0
        )

    [72] => Array
        (
            [chat_id_klient] => 987596235
            [max_time] => 2025-10-26 21:35:55
            [name] => Акімова Альбіна Едуардівна
            [cn_all] => 1
            [cn_read] => 1
        )

    [73] => Array
        (
            [chat_id_klient] => 313295403
            [max_time] => 2025-10-18 15:23:07
            [name] => Дувашова Марія Михалівна
            [cn_all] => 1
            [cn_read] => 1
        )

    [74] => Array
        (
            [chat_id_klient] => 1534545005
            [max_time] => 2025-10-17 19:49:32
            [name] => Вовкотруб Вікторія Андріївна
            [cn_all] => 1
            [cn_read] => 1
        )

    [75] => Array
        (
            [chat_id_klient] => 983095833
            [max_time] => 2025-10-15 13:14:03
            [name] => Зинченко Наталья Викторовна
            [cn_all] => 3
            [cn_read] => 3
        )

    [76] => Array
        (
            [chat_id_klient] => 566034884
            [max_time] => 2025-10-15 12:16:00
            [name] => Голячук  Анастасія Сергіївна
            [cn_all] => 4
            [cn_read] => 3
        )

    [77] => Array
        (
            [chat_id_klient] => 1250705523
            [max_time] => 2025-10-15 12:11:46
            [name] => Полєтаєв  Вадим Вікторович
            [cn_all] => 1
            [cn_read] => 1
        )

    [78] => Array
        (
            [chat_id_klient] => 753441286
            [max_time] => 2025-10-15 11:51:04
            [name] => Лавренюк Людмила Вячеславовна
            [cn_all] => 2
            [cn_read] => 0
        )

    [79] => Array
        (
            [chat_id_klient] => 1288673739
            [max_time] => 2025-10-10 19:04:42
            [name] => Лотарева  Вікторія  Вікторівна
            [cn_all] => 2
            [cn_read] => 2
        )

    [80] => Array
        (
            [chat_id_klient] => 787054958
            [max_time] => 2025-10-07 12:04:14
            [name] => Старцев Андрій  Денисович
            [cn_all] => 6
            [cn_read] => 6
        )

    [81] => Array
        (
            [chat_id_klient] => 962505970
            [max_time] => 2025-10-03 17:27:32
            [name] => Соломко  Богдана  Ігорівна
            [cn_all] => 2
            [cn_read] => 2
        )

    [82] => Array
        (
            [chat_id_klient] => 609269971
            [max_time] => 2025-10-01 21:37:09
            [name] => Погребець  Богдан  Сергійович
            [cn_all] => 15
            [cn_read] => 15
        )

    [83] => Array
        (
            [chat_id_klient] => 480952145
            [max_time] => 2025-09-30 15:56:23
            [name] => Типтюк Кіра Дмитрієвна
            [cn_all] => 2
            [cn_read] => 2
        )

    [84] => Array
        (
            [chat_id_klient] => 1012368831
            [max_time] => 2025-09-02 16:50:48
            [name] => Дзюбенко Максим Юрійович
            [cn_all] => 4
            [cn_read] => 4
        )

    [85] => Array
        (
            [chat_id_klient] => 655643371
            [max_time] => 2025-08-20 19:49:17
            [name] => Остапей Ярослав  Сергеевич
            [cn_all] => 5
            [cn_read] => 5
        )

    [86] => Array
        (
            [chat_id_klient] => 648791912
            [max_time] => 2025-07-27 17:00:16
            [name] => Горбатюкова Юлія Вікторівна
            [cn_all] => 5
            [cn_read] => 5
        )

    [87] => Array
        (
            [chat_id_klient] => 741147046
            [max_time] => 2025-06-04 10:18:54
            [name] => Алієв Рустам  Алійович
            [cn_all] => 5
            [cn_read] => 5
        )

    [88] => Array
        (
            [chat_id_klient] => 650134312
            [max_time] => 2025-05-10 19:31:07
            [name] => Юхимчук Анастасія Олегівна
            [cn_all] => 1
            [cn_read] => 1
        )

    [89] => Array
        (
            [chat_id_klient] => 6922330992
            [max_time] => 2025-05-09 20:45:22
            [name] => Бачиш Олександра Вадимівна
            [cn_all] => 3
            [cn_read] => 3
        )

    [90] => Array
        (
            [chat_id_klient] => 536912870
            [max_time] => 2025-04-26 20:13:03
            [name] => тест тест тестович
            [cn_all] => 4
            [cn_read] => 4
        )

)

[2026-07-08 00:09:11] [INFO] (D:\laragon\www\bot_red_220426\webapps\action\chats_clients.php:182) Array
(
    [0] => Array
        (
            [chat_id_klient] => 867861941
            [max_time] => 2026-07-07 23:55:19
            [name] => Панасенко Ирина Федоровна
            [cn_all] => 2
            [cn_read] => 0
        )

    [1] => Array
        (
            [chat_id_klient] => 6592156190
            [max_time] => 2026-06-30 19:06:10
            [name] => Макарова Олеся Валеріївна
            [cn_all] => 18
            [cn_read] => 17
        )

    [2] => Array
        (
            [chat_id_klient] => 375495559
            [max_time] => 2026-06-30 17:32:20
            [name] => Березюк Євген Олександрович
            [cn_all] => 16
            [cn_read] => 16
        )

    [3] => Array
        (
            [chat_id_klient] => 703046945
            [max_time] => 2026-06-24 13:31:07
            [name] => Малицький Роман Олексійович
            [cn_all] => 12
            [cn_read] => 12
        )

    [4] => Array
        (
            [chat_id_klient] => 971335229
            [max_time] => 2026-06-15 13:25:53
            [name] => Ошевська Аліна Валеріївна
            [cn_all] => 1
            [cn_read] => 1
        )

    [5] => Array
        (
            [chat_id_klient] => 1056509329
            [max_time] => 2026-06-06 19:01:34
            [name] => Мироненко Вікторыя Олегывна
            [cn_all] => 23
            [cn_read] => 23
        )

    [6] => Array
        (
            [chat_id_klient] => 5103654560
            [max_time] => 2026-06-05 20:00:46
            [name] => Бріндак Домініка Данилівна
            [cn_all] => 2
            [cn_read] => 2
        )

    [7] => Array
        (
            [chat_id_klient] => 374491792
            [max_time] => 2026-06-01 16:43:03
            [name] => Стоячук Марія Миколаївна
            [cn_all] => 2
            [cn_read] => 2
        )

    [8] => Array
        (
            [chat_id_klient] => 1650096144
            [max_time] => 2026-05-26 18:03:06
            [name] => Канавець Дар"я Олександрівна
            [cn_all] => 7
            [cn_read] => 7
        )

    [9] => Array
        (
            [chat_id_klient] => 398742074
            [max_time] => 2026-05-26 14:50:22
            [name] => Гома Анастасія Сергіївна
            [cn_all] => 8
            [cn_read] => 8
        )

    [10] => Array
        (
            [chat_id_klient] => 846332359
            [max_time] => 2026-05-03 13:00:33
            [name] => Цвєтов Назарій Дмитрович
            [cn_all] => 8
            [cn_read] => 8
        )

    [11] => Array
        (
            [chat_id_klient] => 924586825
            [max_time] => 2026-04-30 13:20:41
            [name] => Ведмідь  Дмитро  Сергійович
            [cn_all] => 12
            [cn_read] => 12
        )

    [12] => Array
        (
            [chat_id_klient] => 6267975893
            [max_time] => 2026-04-28 18:51:52
            [name] => Юсупова  Анна Олегівна
            [cn_all] => 7
            [cn_read] => 7
        )

    [13] => Array
        (
            [chat_id_klient] => 609189859
            [max_time] => 2026-04-27 19:28:39
            [name] => Кльон Костянтин  Сергійович
            [cn_all] => 6
            [cn_read] => 6
        )

    [14] => Array
        (
            [chat_id_klient] => 670778441
            [max_time] => 2026-04-24 18:30:30
            [name] => Дубов  Ілля Владиславович
            [cn_all] => 10
            [cn_read] => 10
        )

    [15] => Array
        (
            [chat_id_klient] => 592920903
            [max_time] => 2026-04-24 16:47:33
            [name] => Шпак Андрей Олексійович
            [cn_all] => 7
            [cn_read] => 7
        )

    [16] => Array
        (
            [chat_id_klient] => 596861909
            [max_time] => 2026-04-22 22:50:59
            [name] => Кухаренко  Дар"я  Юріївна
            [cn_all] => 2
            [cn_read] => 2
        )

    [17] => Array
        (
            [chat_id_klient] => 843741204
            [max_time] => 2026-04-21 19:54:25
            [name] => Кузьменко Юлія Володимирівна
            [cn_all] => 2
            [cn_read] => 2
        )

    [18] => Array
        (
            [chat_id_klient] => 947284147
            [max_time] => 2026-04-19 12:44:01
            [name] => Кишаковська Дар"я Михайлівна
            [cn_all] => 6
            [cn_read] => 6
        )

    [19] => Array
        (
            [chat_id_klient] => 1460190629
            [max_time] => 2026-04-14 08:52:10
            [name] => Корнійчук Галинв Миколаївна
            [cn_all] => 2
            [cn_read] => 2
        )

    [20] => Array
        (
            [chat_id_klient] => 301809791
            [max_time] => 2026-04-10 17:52:15
            [name] => Сидорук Юлія Олександрівна
            [cn_all] => 3
            [cn_read] => 3
        )

    [21] => Array
        (
            [chat_id_klient] => 479481181
            [max_time] => 2026-04-08 19:05:27
            [name] => Шумейко  Кристина  Володимирівна
            [cn_all] => 19
            [cn_read] => 19
        )

    [22] => Array
        (
            [chat_id_klient] => 1745169856
            [max_time] => 2026-04-06 16:40:49
            [name] => Фалендиш  Артем Сергійович
            [cn_all] => 5
            [cn_read] => 5
        )

    [23] => Array
        (
            [chat_id_klient] => 663194259
            [max_time] => 2026-04-05 19:23:56
            [name] => Ступченко Аліна Валеріївна
            [cn_all] => 2
            [cn_read] => 2
        )

    [24] => Array
        (
            [chat_id_klient] => 477944161
            [max_time] => 2026-03-31 15:19:35
            [name] => Любарец Ольга Святославівна
            [cn_all] => 1
            [cn_read] => 1
        )

    [25] => Array
        (
            [chat_id_klient] => 973727202
            [max_time] => 2026-03-30 18:43:57
            [name] => Шипулін Ілля Олександрович
            [cn_all] => 2
            [cn_read] => 2
        )

    [26] => Array
        (
            [chat_id_klient] => 281789715
            [max_time] => 2026-03-24 15:00:12
            [name] => Ландік Богдан  Валерійович
            [cn_all] => 3
            [cn_read] => 3
        )

    [27] => Array
        (
            [chat_id_klient] => 1416101457
            [max_time] => 2026-03-23 18:27:21
            [name] => Мирна Мілена Олександрівна
            [cn_all] => 6
            [cn_read] => 6
        )

    [28] => Array
        (
            [chat_id_klient] => 752691897
            [max_time] => 2026-03-23 09:26:08
            [name] => Карпенко Владислав
            [cn_all] => 6
            [cn_read] => 6
        )

    [29] => Array
        (
            [chat_id_klient] => 2039470540
            [max_time] => 2026-03-18 20:00:17
            [name] => Кулак Алла Вікторівна
            [cn_all] => 3
            [cn_read] => 3
        )

    [30] => Array
        (
            [chat_id_klient] => 1118016037
            [max_time] => 2026-03-18 18:27:25
            [name] => Савенкова  Ольга  Олександрівна
            [cn_all] => 2
            [cn_read] => 2
        )

    [31] => Array
        (
            [chat_id_klient] => 815833208
            [max_time] => 2026-03-12 17:49:06
            [name] => Король Андрій Віталійович
            [cn_all] => 7
            [cn_read] => 7
        )

    [32] => Array
        (
            [chat_id_klient] => 416132448
            [max_time] => 2026-03-11 11:58:54
            [name] => Тихоненко Ліза Вікторівна
            [cn_all] => 1
            [cn_read] => 1
        )

    [33] => Array
        (
            [chat_id_klient] => 944179291
            [max_time] => 2026-03-10 17:41:26
            [name] => Шушковська Любов Петрівна
            [cn_all] => 3
            [cn_read] => 3
        )

    [34] => Array
        (
            [chat_id_klient] => 814749500
            [max_time] => 2026-03-08 19:33:21
            [name] => Колісніченко Мирон Сергійович
            [cn_all] => 8
            [cn_read] => 8
        )

    [35] => Array
        (
            [chat_id_klient] => 448109003
            [max_time] => 2026-03-02 10:36:38
            [name] => Вовк Руслана Іванівна
            [cn_all] => 6
            [cn_read] => 0
        )

    [36] => Array
        (
            [chat_id_klient] => 696044182
            [max_time] => 2026-02-14 15:24:52
            [name] => Басанець Олександр Віталійович
            [cn_all] => 1
            [cn_read] => 0
        )

    [37] => Array
        (
            [chat_id_klient] => 5418480239
            [max_time] => 2026-02-13 22:09:01
            [name] => Федоренко Олег В’ячеславович
            [cn_all] => 1
            [cn_read] => 0
        )

    [38] => Array
        (
            [chat_id_klient] => 871045994
            [max_time] => 2026-02-07 08:34:10
            [name] => Давиденко  Альона  Юріївна
            [cn_all] => 1
            [cn_read] => 0
        )

    [39] => Array
        (
            [chat_id_klient] => 543770963
            [max_time] => 2026-02-01 16:53:42
            [name] => Анохін Ілля  Андрійович
            [cn_all] => 5
            [cn_read] => 5
        )

    [40] => Array
        (
            [chat_id_klient] => 91647454
            [max_time] => 2026-01-26 21:34:54
            [name] => Алікперов Руслан Рахімович
            [cn_all] => 6
            [cn_read] => 6
        )

    [41] => Array
        (
            [chat_id_klient] => 1603635397
            [max_time] => 2026-01-26 16:48:36
            [name] => Бойко Іра Володимирівна
            [cn_all] => 4
            [cn_read] => 4
        )

    [42] => Array
        (
            [chat_id_klient] => 5368392342
            [max_time] => 2026-01-26 16:26:53
            [name] => Василенко  Катерина  Григорівна
            [cn_all] => 3
            [cn_read] => 1
        )

    [43] => Array
        (
            [chat_id_klient] => 762433058
            [max_time] => 2026-01-23 10:54:25
            [name] => Павлова Наталя Дмитрівна
            [cn_all] => 2
            [cn_read] => 2
        )

    [44] => Array
        (
            [chat_id_klient] => 1728501953
            [max_time] => 2026-01-22 17:32:41
            [name] => Булейченко Олександр  Валерійович
            [cn_all] => 2
            [cn_read] => 2
        )

    [45] => Array
        (
            [chat_id_klient] => 1022202248
            [max_time] => 2026-01-21 10:52:25
            [name] => Толстих Сергій
            [cn_all] => 2
            [cn_read] => 2
        )

    [46] => Array
        (
            [chat_id_klient] => 1314256383
            [max_time] => 2026-01-20 12:38:39
            [name] => Куканова Євгенія Сергіївна
            [cn_all] => 7
            [cn_read] => 7
        )

    [47] => Array
        (
            [chat_id_klient] => 6349003088
            [max_time] => 2026-01-18 17:39:08
            [name] => Мойсеєв Дмитро  Романович
            [cn_all] => 1
            [cn_read] => 1
        )

    [48] => Array
        (
            [chat_id_klient] => 573714254
            [max_time] => 2026-01-18 08:01:55
            [name] => Дешко  Максим Олександрович
            [cn_all] => 2
            [cn_read] => 2
        )

    [49] => Array
        (
            [chat_id_klient] => 400634132
            [max_time] => 2026-01-15 14:37:00
            [name] => Шнирук Юлія Олександрівна
            [cn_all] => 1
            [cn_read] => 1
        )

    [50] => Array
        (
            [chat_id_klient] => 489913872
            [max_time] => 2026-01-13 15:16:36
            [name] => Туманова Юлия
            [cn_all] => 10
            [cn_read] => 10
        )

    [51] => Array
        (
            [chat_id_klient] => 1635199128
            [max_time] => 2026-01-13 15:14:22
            [name] => Бойко Ігор Володимирович
            [cn_all] => 2
            [cn_read] => 2
        )

    [52] => Array
        (
            [chat_id_klient] => 7963997214
            [max_time] => 2026-01-12 10:41:37
            [name] => Бойко Валентина Олександрівна
            [cn_all] => 2
            [cn_read] => 2
        )

    [53] => Array
        (
            [chat_id_klient] => 8142126047
            [max_time] => 2026-01-11 17:40:24
            [name] => Рзаєв Маіс Мадахіл оглу
            [cn_all] => 12
            [cn_read] => 11
        )

    [54] => Array
        (
            [chat_id_klient] => 8174590004
            [max_time] => 2026-01-02 06:52:28
            [name] => Фісенко Владислав Олександрович
            [cn_all] => 4
            [cn_read] => 4
        )

    [55] => Array
        (
            [chat_id_klient] => 640896788
            [max_time] => 2025-12-30 09:10:54
            [name] => Мороз Андрій Євгенійович
            [cn_all] => 2
            [cn_read] => 1
        )

    [56] => Array
        (
            [chat_id_klient] => 1021250749
            [max_time] => 2025-12-27 12:37:54
            [name] => Навізівський Назар Валерійович
            [cn_all] => 8
            [cn_read] => 8
        )

    [57] => Array
        (
            [chat_id_klient] => 401209894
            [max_time] => 2025-12-24 11:33:14
            [name] => Хоркий  Катерина Станіславівна
            [cn_all] => 3
            [cn_read] => 3
        )

    [58] => Array
        (
            [chat_id_klient] => 785309765
            [max_time] => 2025-11-30 08:17:12
            [name] => Поліщук Яна Олександрівна
            [cn_all] => 10
            [cn_read] => 10
        )

    [59] => Array
        (
            [chat_id_klient] => 695306320
            [max_time] => 2025-11-29 13:12:49
            [name] => Кантимир Наталья Михайловна
            [cn_all] => 6
            [cn_read] => 6
        )

    [60] => Array
        (
            [chat_id_klient] => 752814763
            [max_time] => 2025-11-26 19:19:14
            [name] => Дубініна  Аліна  Дубініна
            [cn_all] => 3
            [cn_read] => 3
        )

    [61] => Array
        (
            [chat_id_klient] => 479551311
            [max_time] => 2025-11-25 15:43:40
            [name] => Бережнюк Денис Андрійович
            [cn_all] => 2
            [cn_read] => 2
        )

    [62] => Array
        (
            [chat_id_klient] => 703811321
            [max_time] => 2025-11-21 15:42:00
            [name] => Кавко Олена Михайлівна
            [cn_all] => 5
            [cn_read] => 5
        )

    [63] => Array
        (
            [chat_id_klient] => 342539309
            [max_time] => 2025-11-20 13:44:49
            [name] => Якименко  Євгеній Валерійович
            [cn_all] => 9
            [cn_read] => 9
        )

    [64] => Array
        (
            [chat_id_klient] => 533878840
            [max_time] => 2025-11-13 16:28:54
            [name] => Прохор Олександра Олександрівна
            [cn_all] => 3
            [cn_read] => 3
        )

    [65] => Array
        (
            [chat_id_klient] => 487856800
            [max_time] => 2025-11-10 16:18:09
            [name] => Шведова Анастасія
            [cn_all] => 3
            [cn_read] => 3
        )

    [66] => Array
        (
            [chat_id_klient] => 653007265
            [max_time] => 2025-11-03 10:12:18
            [name] => Гордєєва Анастасія  Андріївна
            [cn_all] => 3
            [cn_read] => 0
        )

    [67] => Array
        (
            [chat_id_klient] => 777190558
            [max_time] => 2025-11-02 16:53:13
            [name] => Янчевська Злата Олександрівна
            [cn_all] => 1
            [cn_read] => 0
        )

    [68] => Array
        (
            [chat_id_klient] => 393377559
            [max_time] => 2025-10-31 18:16:02
            [name] => Ющенко Алла
            [cn_all] => 2
            [cn_read] => 2
        )

    [69] => Array
        (
            [chat_id_klient] => 424075578
            [max_time] => 2025-10-31 14:14:11
            [name] => Кашпур Александр Вячеславович
            [cn_all] => 1
            [cn_read] => 0
        )

    [70] => Array
        (
            [chat_id_klient] => 906501239
            [max_time] => 2025-10-30 18:02:05
            [name] => Шевчук Христина Вадимівна
            [cn_all] => 1
            [cn_read] => 0
        )

    [71] => Array
        (
            [chat_id_klient] => 558389995
            [max_time] => 2025-10-29 13:58:57
            [name] => Антоненко  Любов Леонідівна
            [cn_all] => 1
            [cn_read] => 0
        )

    [72] => Array
        (
            [chat_id_klient] => 987596235
            [max_time] => 2025-10-26 21:35:55
            [name] => Акімова Альбіна Едуардівна
            [cn_all] => 1
            [cn_read] => 1
        )

    [73] => Array
        (
            [chat_id_klient] => 313295403
            [max_time] => 2025-10-18 15:23:07
            [name] => Дувашова Марія Михалівна
            [cn_all] => 1
            [cn_read] => 1
        )

    [74] => Array
        (
            [chat_id_klient] => 1534545005
            [max_time] => 2025-10-17 19:49:32
            [name] => Вовкотруб Вікторія Андріївна
            [cn_all] => 1
            [cn_read] => 1
        )

    [75] => Array
        (
            [chat_id_klient] => 983095833
            [max_time] => 2025-10-15 13:14:03
            [name] => Зинченко Наталья Викторовна
            [cn_all] => 3
            [cn_read] => 3
        )

    [76] => Array
        (
            [chat_id_klient] => 566034884
            [max_time] => 2025-10-15 12:16:00
            [name] => Голячук  Анастасія Сергіївна
            [cn_all] => 4
            [cn_read] => 3
        )

    [77] => Array
        (
            [chat_id_klient] => 1250705523
            [max_time] => 2025-10-15 12:11:46
            [name] => Полєтаєв  Вадим Вікторович
            [cn_all] => 1
            [cn_read] => 1
        )

    [78] => Array
        (
            [chat_id_klient] => 753441286
            [max_time] => 2025-10-15 11:51:04
            [name] => Лавренюк Людмила Вячеславовна
            [cn_all] => 2
            [cn_read] => 0
        )

    [79] => Array
        (
            [chat_id_klient] => 1288673739
            [max_time] => 2025-10-10 19:04:42
            [name] => Лотарева  Вікторія  Вікторівна
            [cn_all] => 2
            [cn_read] => 2
        )

    [80] => Array
        (
            [chat_id_klient] => 787054958
            [max_time] => 2025-10-07 12:04:14
            [name] => Старцев Андрій  Денисович
            [cn_all] => 6
            [cn_read] => 6
        )

    [81] => Array
        (
            [chat_id_klient] => 962505970
            [max_time] => 2025-10-03 17:27:32
            [name] => Соломко  Богдана  Ігорівна
            [cn_all] => 2
            [cn_read] => 2
        )

    [82] => Array
        (
            [chat_id_klient] => 609269971
            [max_time] => 2025-10-01 21:37:09
            [name] => Погребець  Богдан  Сергійович
            [cn_all] => 15
            [cn_read] => 15
        )

    [83] => Array
        (
            [chat_id_klient] => 480952145
            [max_time] => 2025-09-30 15:56:23
            [name] => Типтюк Кіра Дмитрієвна
            [cn_all] => 2
            [cn_read] => 2
        )

    [84] => Array
        (
            [chat_id_klient] => 1012368831
            [max_time] => 2025-09-02 16:50:48
            [name] => Дзюбенко Максим Юрійович
            [cn_all] => 4
            [cn_read] => 4
        )

    [85] => Array
        (
            [chat_id_klient] => 655643371
            [max_time] => 2025-08-20 19:49:17
            [name] => Остапей Ярослав  Сергеевич
            [cn_all] => 5
            [cn_read] => 5
        )

    [86] => Array
        (
            [chat_id_klient] => 648791912
            [max_time] => 2025-07-27 17:00:16
            [name] => Горбатюкова Юлія Вікторівна
            [cn_all] => 5
            [cn_read] => 5
        )

    [87] => Array
        (
            [chat_id_klient] => 741147046
            [max_time] => 2025-06-04 10:18:54
            [name] => Алієв Рустам  Алійович
            [cn_all] => 5
            [cn_read] => 5
        )

    [88] => Array
        (
            [chat_id_klient] => 650134312
            [max_time] => 2025-05-10 19:31:07
            [name] => Юхимчук Анастасія Олегівна
            [cn_all] => 1
            [cn_read] => 1
        )

    [89] => Array
        (
            [chat_id_klient] => 6922330992
            [max_time] => 2025-05-09 20:45:22
            [name] => Бачиш Олександра Вадимівна
            [cn_all] => 3
            [cn_read] => 3
        )

    [90] => Array
        (
            [chat_id_klient] => 536912870
            [max_time] => 2025-04-26 20:13:03
            [name] => тест тест тестович
            [cn_all] => 4
            [cn_read] => 4
        )

)

[2026-07-08 00:09:15] [INFO] (D:\laragon\www\bot_red_220426\webapps\action\chats_clients.php:182) Array
(
    [0] => Array
        (
            [chat_id_klient] => 867861941
            [max_time] => 2026-07-07 23:55:19
            [name] => Панасенко Ирина Федоровна
            [cn_all] => 2
            [cn_read] => 0
        )

    [1] => Array
        (
            [chat_id_klient] => 6592156190
            [max_time] => 2026-06-30 19:06:10
            [name] => Макарова Олеся Валеріївна
            [cn_all] => 18
            [cn_read] => 17
        )

    [2] => Array
        (
            [chat_id_klient] => 375495559
            [max_time] => 2026-06-30 17:32:20
            [name] => Березюк Євген Олександрович
            [cn_all] => 16
            [cn_read] => 16
        )

    [3] => Array
        (
            [chat_id_klient] => 703046945
            [max_time] => 2026-06-24 13:31:07
            [name] => Малицький Роман Олексійович
            [cn_all] => 12
            [cn_read] => 12
        )

    [4] => Array
        (
            [chat_id_klient] => 971335229
            [max_time] => 2026-06-15 13:25:53
            [name] => Ошевська Аліна Валеріївна
            [cn_all] => 1
            [cn_read] => 1
        )

    [5] => Array
        (
            [chat_id_klient] => 1056509329
            [max_time] => 2026-06-06 19:01:34
            [name] => Мироненко Вікторыя Олегывна
            [cn_all] => 23
            [cn_read] => 23
        )

    [6] => Array
        (
            [chat_id_klient] => 5103654560
            [max_time] => 2026-06-05 20:00:46
            [name] => Бріндак Домініка Данилівна
            [cn_all] => 2
            [cn_read] => 2
        )

    [7] => Array
        (
            [chat_id_klient] => 374491792
            [max_time] => 2026-06-01 16:43:03
            [name] => Стоячук Марія Миколаївна
            [cn_all] => 2
            [cn_read] => 2
        )

    [8] => Array
        (
            [chat_id_klient] => 1650096144
            [max_time] => 2026-05-26 18:03:06
            [name] => Канавець Дар"я Олександрівна
            [cn_all] => 7
            [cn_read] => 7
        )

    [9] => Array
        (
            [chat_id_klient] => 398742074
            [max_time] => 2026-05-26 14:50:22
            [name] => Гома Анастасія Сергіївна
            [cn_all] => 8
            [cn_read] => 8
        )

    [10] => Array
        (
            [chat_id_klient] => 846332359
            [max_time] => 2026-05-03 13:00:33
            [name] => Цвєтов Назарій Дмитрович
            [cn_all] => 8
            [cn_read] => 8
        )

    [11] => Array
        (
            [chat_id_klient] => 924586825
            [max_time] => 2026-04-30 13:20:41
            [name] => Ведмідь  Дмитро  Сергійович
            [cn_all] => 12
            [cn_read] => 12
        )

    [12] => Array
        (
            [chat_id_klient] => 6267975893
            [max_time] => 2026-04-28 18:51:52
            [name] => Юсупова  Анна Олегівна
            [cn_all] => 7
            [cn_read] => 7
        )

    [13] => Array
        (
            [chat_id_klient] => 609189859
            [max_time] => 2026-04-27 19:28:39
            [name] => Кльон Костянтин  Сергійович
            [cn_all] => 6
            [cn_read] => 6
        )

    [14] => Array
        (
            [chat_id_klient] => 670778441
            [max_time] => 2026-04-24 18:30:30
            [name] => Дубов  Ілля Владиславович
            [cn_all] => 10
            [cn_read] => 10
        )

    [15] => Array
        (
            [chat_id_klient] => 592920903
            [max_time] => 2026-04-24 16:47:33
            [name] => Шпак Андрей Олексійович
            [cn_all] => 7
            [cn_read] => 7
        )

    [16] => Array
        (
            [chat_id_klient] => 596861909
            [max_time] => 2026-04-22 22:50:59
            [name] => Кухаренко  Дар"я  Юріївна
            [cn_all] => 2
            [cn_read] => 2
        )

    [17] => Array
        (
            [chat_id_klient] => 843741204
            [max_time] => 2026-04-21 19:54:25
            [name] => Кузьменко Юлія Володимирівна
            [cn_all] => 2
            [cn_read] => 2
        )

    [18] => Array
        (
            [chat_id_klient] => 947284147
            [max_time] => 2026-04-19 12:44:01
            [name] => Кишаковська Дар"я Михайлівна
            [cn_all] => 6
            [cn_read] => 6
        )

    [19] => Array
        (
            [chat_id_klient] => 1460190629
            [max_time] => 2026-04-14 08:52:10
            [name] => Корнійчук Галинв Миколаївна
            [cn_all] => 2
            [cn_read] => 2
        )

    [20] => Array
        (
            [chat_id_klient] => 301809791
            [max_time] => 2026-04-10 17:52:15
            [name] => Сидорук Юлія Олександрівна
            [cn_all] => 3
            [cn_read] => 3
        )

    [21] => Array
        (
            [chat_id_klient] => 479481181
            [max_time] => 2026-04-08 19:05:27
            [name] => Шумейко  Кристина  Володимирівна
            [cn_all] => 19
            [cn_read] => 19
        )

    [22] => Array
        (
            [chat_id_klient] => 1745169856
            [max_time] => 2026-04-06 16:40:49
            [name] => Фалендиш  Артем Сергійович
            [cn_all] => 5
            [cn_read] => 5
        )

    [23] => Array
        (
            [chat_id_klient] => 663194259
            [max_time] => 2026-04-05 19:23:56
            [name] => Ступченко Аліна Валеріївна
            [cn_all] => 2
            [cn_read] => 2
        )

    [24] => Array
        (
            [chat_id_klient] => 477944161
            [max_time] => 2026-03-31 15:19:35
            [name] => Любарец Ольга Святославівна
            [cn_all] => 1
            [cn_read] => 1
        )

    [25] => Array
        (
            [chat_id_klient] => 973727202
            [max_time] => 2026-03-30 18:43:57
            [name] => Шипулін Ілля Олександрович
            [cn_all] => 2
            [cn_read] => 2
        )

    [26] => Array
        (
            [chat_id_klient] => 281789715
            [max_time] => 2026-03-24 15:00:12
            [name] => Ландік Богдан  Валерійович
            [cn_all] => 3
            [cn_read] => 3
        )

    [27] => Array
        (
            [chat_id_klient] => 1416101457
            [max_time] => 2026-03-23 18:27:21
            [name] => Мирна Мілена Олександрівна
            [cn_all] => 6
            [cn_read] => 6
        )

    [28] => Array
        (
            [chat_id_klient] => 752691897
            [max_time] => 2026-03-23 09:26:08
            [name] => Карпенко Владислав
            [cn_all] => 6
            [cn_read] => 6
        )

    [29] => Array
        (
            [chat_id_klient] => 2039470540
            [max_time] => 2026-03-18 20:00:17
            [name] => Кулак Алла Вікторівна
            [cn_all] => 3
            [cn_read] => 3
        )

    [30] => Array
        (
            [chat_id_klient] => 1118016037
            [max_time] => 2026-03-18 18:27:25
            [name] => Савенкова  Ольга  Олександрівна
            [cn_all] => 2
            [cn_read] => 2
        )

    [31] => Array
        (
            [chat_id_klient] => 815833208
            [max_time] => 2026-03-12 17:49:06
            [name] => Король Андрій Віталійович
            [cn_all] => 7
            [cn_read] => 7
        )

    [32] => Array
        (
            [chat_id_klient] => 416132448
            [max_time] => 2026-03-11 11:58:54
            [name] => Тихоненко Ліза Вікторівна
            [cn_all] => 1
            [cn_read] => 1
        )

    [33] => Array
        (
            [chat_id_klient] => 944179291
            [max_time] => 2026-03-10 17:41:26
            [name] => Шушковська Любов Петрівна
            [cn_all] => 3
            [cn_read] => 3
        )

    [34] => Array
        (
            [chat_id_klient] => 814749500
            [max_time] => 2026-03-08 19:33:21
            [name] => Колісніченко Мирон Сергійович
            [cn_all] => 8
            [cn_read] => 8
        )

    [35] => Array
        (
            [chat_id_klient] => 448109003
            [max_time] => 2026-03-02 10:36:38
            [name] => Вовк Руслана Іванівна
            [cn_all] => 6
            [cn_read] => 0
        )

    [36] => Array
        (
            [chat_id_klient] => 696044182
            [max_time] => 2026-02-14 15:24:52
            [name] => Басанець Олександр Віталійович
            [cn_all] => 1
            [cn_read] => 0
        )

    [37] => Array
        (
            [chat_id_klient] => 5418480239
            [max_time] => 2026-02-13 22:09:01
            [name] => Федоренко Олег В’ячеславович
            [cn_all] => 1
            [cn_read] => 0
        )

    [38] => Array
        (
            [chat_id_klient] => 871045994
            [max_time] => 2026-02-07 08:34:10
            [name] => Давиденко  Альона  Юріївна
            [cn_all] => 1
            [cn_read] => 0
        )

    [39] => Array
        (
            [chat_id_klient] => 543770963
            [max_time] => 2026-02-01 16:53:42
            [name] => Анохін Ілля  Андрійович
            [cn_all] => 5
            [cn_read] => 5
        )

    [40] => Array
        (
            [chat_id_klient] => 91647454
            [max_time] => 2026-01-26 21:34:54
            [name] => Алікперов Руслан Рахімович
            [cn_all] => 6
            [cn_read] => 6
        )

    [41] => Array
        (
            [chat_id_klient] => 1603635397
            [max_time] => 2026-01-26 16:48:36
            [name] => Бойко Іра Володимирівна
            [cn_all] => 4
            [cn_read] => 4
        )

    [42] => Array
        (
            [chat_id_klient] => 5368392342
            [max_time] => 2026-01-26 16:26:53
            [name] => Василенко  Катерина  Григорівна
            [cn_all] => 3
            [cn_read] => 1
        )

    [43] => Array
        (
            [chat_id_klient] => 762433058
            [max_time] => 2026-01-23 10:54:25
            [name] => Павлова Наталя Дмитрівна
            [cn_all] => 2
            [cn_read] => 2
        )

    [44] => Array
        (
            [chat_id_klient] => 1728501953
            [max_time] => 2026-01-22 17:32:41
            [name] => Булейченко Олександр  Валерійович
            [cn_all] => 2
            [cn_read] => 2
        )

    [45] => Array
        (
            [chat_id_klient] => 1022202248
            [max_time] => 2026-01-21 10:52:25
            [name] => Толстих Сергій
            [cn_all] => 2
            [cn_read] => 2
        )

    [46] => Array
        (
            [chat_id_klient] => 1314256383
            [max_time] => 2026-01-20 12:38:39
            [name] => Куканова Євгенія Сергіївна
            [cn_all] => 7
            [cn_read] => 7
        )

    [47] => Array
        (
            [chat_id_klient] => 6349003088
            [max_time] => 2026-01-18 17:39:08
            [name] => Мойсеєв Дмитро  Романович
            [cn_all] => 1
            [cn_read] => 1
        )

    [48] => Array
        (
            [chat_id_klient] => 573714254
            [max_time] => 2026-01-18 08:01:55
            [name] => Дешко  Максим Олександрович
            [cn_all] => 2
            [cn_read] => 2
        )

    [49] => Array
        (
            [chat_id_klient] => 400634132
            [max_time] => 2026-01-15 14:37:00
            [name] => Шнирук Юлія Олександрівна
            [cn_all] => 1
            [cn_read] => 1
        )

    [50] => Array
        (
            [chat_id_klient] => 489913872
            [max_time] => 2026-01-13 15:16:36
            [name] => Туманова Юлия
            [cn_all] => 10
            [cn_read] => 10
        )

    [51] => Array
        (
            [chat_id_klient] => 1635199128
            [max_time] => 2026-01-13 15:14:22
            [name] => Бойко Ігор Володимирович
            [cn_all] => 2
            [cn_read] => 2
        )

    [52] => Array
        (
            [chat_id_klient] => 7963997214
            [max_time] => 2026-01-12 10:41:37
            [name] => Бойко Валентина Олександрівна
            [cn_all] => 2
            [cn_read] => 2
        )

    [53] => Array
        (
            [chat_id_klient] => 8142126047
            [max_time] => 2026-01-11 17:40:24
            [name] => Рзаєв Маіс Мадахіл оглу
            [cn_all] => 12
            [cn_read] => 11
        )

    [54] => Array
        (
            [chat_id_klient] => 8174590004
            [max_time] => 2026-01-02 06:52:28
            [name] => Фісенко Владислав Олександрович
            [cn_all] => 4
            [cn_read] => 4
        )

    [55] => Array
        (
            [chat_id_klient] => 640896788
            [max_time] => 2025-12-30 09:10:54
            [name] => Мороз Андрій Євгенійович
            [cn_all] => 2
            [cn_read] => 1
        )

    [56] => Array
        (
            [chat_id_klient] => 1021250749
            [max_time] => 2025-12-27 12:37:54
            [name] => Навізівський Назар Валерійович
            [cn_all] => 8
            [cn_read] => 8
        )

    [57] => Array
        (
            [chat_id_klient] => 401209894
            [max_time] => 2025-12-24 11:33:14
            [name] => Хоркий  Катерина Станіславівна
            [cn_all] => 3
            [cn_read] => 3
        )

    [58] => Array
        (
            [chat_id_klient] => 785309765
            [max_time] => 2025-11-30 08:17:12
            [name] => Поліщук Яна Олександрівна
            [cn_all] => 10
            [cn_read] => 10
        )

    [59] => Array
        (
            [chat_id_klient] => 695306320
            [max_time] => 2025-11-29 13:12:49
            [name] => Кантимир Наталья Михайловна
            [cn_all] => 6
            [cn_read] => 6
        )

    [60] => Array
        (
            [chat_id_klient] => 752814763
            [max_time] => 2025-11-26 19:19:14
            [name] => Дубініна  Аліна  Дубініна
            [cn_all] => 3
            [cn_read] => 3
        )

    [61] => Array
        (
            [chat_id_klient] => 479551311
            [max_time] => 2025-11-25 15:43:40
            [name] => Бережнюк Денис Андрійович
            [cn_all] => 2
            [cn_read] => 2
        )

    [62] => Array
        (
            [chat_id_klient] => 703811321
            [max_time] => 2025-11-21 15:42:00
            [name] => Кавко Олена Михайлівна
            [cn_all] => 5
            [cn_read] => 5
        )

    [63] => Array
        (
            [chat_id_klient] => 342539309
            [max_time] => 2025-11-20 13:44:49
            [name] => Якименко  Євгеній Валерійович
            [cn_all] => 9
            [cn_read] => 9
        )

    [64] => Array
        (
            [chat_id_klient] => 533878840
            [max_time] => 2025-11-13 16:28:54
            [name] => Прохор Олександра Олександрівна
            [cn_all] => 3
            [cn_read] => 3
        )

    [65] => Array
        (
            [chat_id_klient] => 487856800
            [max_time] => 2025-11-10 16:18:09
            [name] => Шведова Анастасія
            [cn_all] => 3
            [cn_read] => 3
        )

    [66] => Array
        (
            [chat_id_klient] => 653007265
            [max_time] => 2025-11-03 10:12:18
            [name] => Гордєєва Анастасія  Андріївна
            [cn_all] => 3
            [cn_read] => 0
        )

    [67] => Array
        (
            [chat_id_klient] => 777190558
            [max_time] => 2025-11-02 16:53:13
            [name] => Янчевська Злата Олександрівна
            [cn_all] => 1
            [cn_read] => 0
        )

    [68] => Array
        (
            [chat_id_klient] => 393377559
            [max_time] => 2025-10-31 18:16:02
            [name] => Ющенко Алла
            [cn_all] => 2
            [cn_read] => 2
        )

    [69] => Array
        (
            [chat_id_klient] => 424075578
            [max_time] => 2025-10-31 14:14:11
            [name] => Кашпур Александр Вячеславович
            [cn_all] => 1
            [cn_read] => 0
        )

    [70] => Array
        (
            [chat_id_klient] => 906501239
            [max_time] => 2025-10-30 18:02:05
            [name] => Шевчук Христина Вадимівна
            [cn_all] => 1
            [cn_read] => 0
        )

    [71] => Array
        (
            [chat_id_klient] => 558389995
            [max_time] => 2025-10-29 13:58:57
            [name] => Антоненко  Любов Леонідівна
            [cn_all] => 1
            [cn_read] => 0
        )

    [72] => Array
        (
            [chat_id_klient] => 987596235
            [max_time] => 2025-10-26 21:35:55
            [name] => Акімова Альбіна Едуардівна
            [cn_all] => 1
            [cn_read] => 1
        )

    [73] => Array
        (
            [chat_id_klient] => 313295403
            [max_time] => 2025-10-18 15:23:07
            [name] => Дувашова Марія Михалівна
            [cn_all] => 1
            [cn_read] => 1
        )

    [74] => Array
        (
            [chat_id_klient] => 1534545005
            [max_time] => 2025-10-17 19:49:32
            [name] => Вовкотруб Вікторія Андріївна
            [cn_all] => 1
            [cn_read] => 1
        )

    [75] => Array
        (
            [chat_id_klient] => 983095833
            [max_time] => 2025-10-15 13:14:03
            [name] => Зинченко Наталья Викторовна
            [cn_all] => 3
            [cn_read] => 3
        )

    [76] => Array
        (
            [chat_id_klient] => 566034884
            [max_time] => 2025-10-15 12:16:00
            [name] => Голячук  Анастасія Сергіївна
            [cn_all] => 4
            [cn_read] => 3
        )

    [77] => Array
        (
            [chat_id_klient] => 1250705523
            [max_time] => 2025-10-15 12:11:46
            [name] => Полєтаєв  Вадим Вікторович
            [cn_all] => 1
            [cn_read] => 1
        )

    [78] => Array
        (
            [chat_id_klient] => 753441286
            [max_time] => 2025-10-15 11:51:04
            [name] => Лавренюк Людмила Вячеславовна
            [cn_all] => 2
            [cn_read] => 0
        )

    [79] => Array
        (
            [chat_id_klient] => 1288673739
            [max_time] => 2025-10-10 19:04:42
            [name] => Лотарева  Вікторія  Вікторівна
            [cn_all] => 2
            [cn_read] => 2
        )

    [80] => Array
        (
            [chat_id_klient] => 787054958
            [max_time] => 2025-10-07 12:04:14
            [name] => Старцев Андрій  Денисович
            [cn_all] => 6
            [cn_read] => 6
        )

    [81] => Array
        (
            [chat_id_klient] => 962505970
            [max_time] => 2025-10-03 17:27:32
            [name] => Соломко  Богдана  Ігорівна
            [cn_all] => 2
            [cn_read] => 2
        )

    [82] => Array
        (
            [chat_id_klient] => 609269971
            [max_time] => 2025-10-01 21:37:09
            [name] => Погребець  Богдан  Сергійович
            [cn_all] => 15
            [cn_read] => 15
        )

    [83] => Array
        (
            [chat_id_klient] => 480952145
            [max_time] => 2025-09-30 15:56:23
            [name] => Типтюк Кіра Дмитрієвна
            [cn_all] => 2
            [cn_read] => 2
        )

    [84] => Array
        (
            [chat_id_klient] => 1012368831
            [max_time] => 2025-09-02 16:50:48
            [name] => Дзюбенко Максим Юрійович
            [cn_all] => 4
            [cn_read] => 4
        )

    [85] => Array
        (
            [chat_id_klient] => 655643371
            [max_time] => 2025-08-20 19:49:17
            [name] => Остапей Ярослав  Сергеевич
            [cn_all] => 5
            [cn_read] => 5
        )

    [86] => Array
        (
            [chat_id_klient] => 648791912
            [max_time] => 2025-07-27 17:00:16
            [name] => Горбатюкова Юлія Вікторівна
            [cn_all] => 5
            [cn_read] => 5
        )

    [87] => Array
        (
            [chat_id_klient] => 741147046
            [max_time] => 2025-06-04 10:18:54
            [name] => Алієв Рустам  Алійович
            [cn_all] => 5
            [cn_read] => 5
        )

    [88] => Array
        (
            [chat_id_klient] => 650134312
            [max_time] => 2025-05-10 19:31:07
            [name] => Юхимчук Анастасія Олегівна
            [cn_all] => 1
            [cn_read] => 1
        )

    [89] => Array
        (
            [chat_id_klient] => 6922330992
            [max_time] => 2025-05-09 20:45:22
            [name] => Бачиш Олександра Вадимівна
            [cn_all] => 3
            [cn_read] => 3
        )

    [90] => Array
        (
            [chat_id_klient] => 536912870
            [max_time] => 2025-04-26 20:13:03
            [name] => тест тест тестович
            [cn_all] => 4
            [cn_read] => 4
        )

)

[2026-07-08 00:13:33] [INFO] (D:\laragon\www\bot_red_220426\webapps\action\chats_clients.php:182) Array
(
    [0] => Array
        (
            [chat_id_klient] => 536912870
            [max_time] => 2026-07-08 00:10:11
            [name] => тест тест тестович
            [cn_all] => 8
            [cn_read] => 8
        )

    [1] => Array
        (
            [chat_id_klient] => 867861941
            [max_time] => 2026-07-07 23:55:19
            [name] => Панасенко Ирина Федоровна
            [cn_all] => 2
            [cn_read] => 0
        )

    [2] => Array
        (
            [chat_id_klient] => 6592156190
            [max_time] => 2026-06-30 19:06:10
            [name] => Макарова Олеся Валеріївна
            [cn_all] => 18
            [cn_read] => 17
        )

    [3] => Array
        (
            [chat_id_klient] => 375495559
            [max_time] => 2026-06-30 17:32:20
            [name] => Березюк Євген Олександрович
            [cn_all] => 16
            [cn_read] => 16
        )

    [4] => Array
        (
            [chat_id_klient] => 703046945
            [max_time] => 2026-06-24 13:31:07
            [name] => Малицький Роман Олексійович
            [cn_all] => 12
            [cn_read] => 12
        )

    [5] => Array
        (
            [chat_id_klient] => 971335229
            [max_time] => 2026-06-15 13:25:53
            [name] => Ошевська Аліна Валеріївна
            [cn_all] => 1
            [cn_read] => 1
        )

    [6] => Array
        (
            [chat_id_klient] => 1056509329
            [max_time] => 2026-06-06 19:01:34
            [name] => Мироненко Вікторыя Олегывна
            [cn_all] => 23
            [cn_read] => 23
        )

    [7] => Array
        (
            [chat_id_klient] => 5103654560
            [max_time] => 2026-06-05 20:00:46
            [name] => Бріндак Домініка Данилівна
            [cn_all] => 2
            [cn_read] => 2
        )

    [8] => Array
        (
            [chat_id_klient] => 374491792
            [max_time] => 2026-06-01 16:43:03
            [name] => Стоячук Марія Миколаївна
            [cn_all] => 2
            [cn_read] => 2
        )

    [9] => Array
        (
            [chat_id_klient] => 1650096144
            [max_time] => 2026-05-26 18:03:06
            [name] => Канавець Дар"я Олександрівна
            [cn_all] => 7
            [cn_read] => 7
        )

    [10] => Array
        (
            [chat_id_klient] => 398742074
            [max_time] => 2026-05-26 14:50:22
            [name] => Гома Анастасія Сергіївна
            [cn_all] => 8
            [cn_read] => 8
        )

    [11] => Array
        (
            [chat_id_klient] => 846332359
            [max_time] => 2026-05-03 13:00:33
            [name] => Цвєтов Назарій Дмитрович
            [cn_all] => 8
            [cn_read] => 8
        )

    [12] => Array
        (
            [chat_id_klient] => 924586825
            [max_time] => 2026-04-30 13:20:41
            [name] => Ведмідь  Дмитро  Сергійович
            [cn_all] => 12
            [cn_read] => 12
        )

    [13] => Array
        (
            [chat_id_klient] => 6267975893
            [max_time] => 2026-04-28 18:51:52
            [name] => Юсупова  Анна Олегівна
            [cn_all] => 7
            [cn_read] => 7
        )

    [14] => Array
        (
            [chat_id_klient] => 609189859
            [max_time] => 2026-04-27 19:28:39
            [name] => Кльон Костянтин  Сергійович
            [cn_all] => 6
            [cn_read] => 6
        )

    [15] => Array
        (
            [chat_id_klient] => 670778441
            [max_time] => 2026-04-24 18:30:30
            [name] => Дубов  Ілля Владиславович
            [cn_all] => 10
            [cn_read] => 10
        )

    [16] => Array
        (
            [chat_id_klient] => 592920903
            [max_time] => 2026-04-24 16:47:33
            [name] => Шпак Андрей Олексійович
            [cn_all] => 7
            [cn_read] => 7
        )

    [17] => Array
        (
            [chat_id_klient] => 596861909
            [max_time] => 2026-04-22 22:50:59
            [name] => Кухаренко  Дар"я  Юріївна
            [cn_all] => 2
            [cn_read] => 2
        )

    [18] => Array
        (
            [chat_id_klient] => 843741204
            [max_time] => 2026-04-21 19:54:25
            [name] => Кузьменко Юлія Володимирівна
            [cn_all] => 2
            [cn_read] => 2
        )

    [19] => Array
        (
            [chat_id_klient] => 947284147
            [max_time] => 2026-04-19 12:44:01
            [name] => Кишаковська Дар"я Михайлівна
            [cn_all] => 6
            [cn_read] => 6
        )

    [20] => Array
        (
            [chat_id_klient] => 1460190629
            [max_time] => 2026-04-14 08:52:10
            [name] => Корнійчук Галинв Миколаївна
            [cn_all] => 2
            [cn_read] => 2
        )

    [21] => Array
        (
            [chat_id_klient] => 301809791
            [max_time] => 2026-04-10 17:52:15
            [name] => Сидорук Юлія Олександрівна
            [cn_all] => 3
            [cn_read] => 3
        )

    [22] => Array
        (
            [chat_id_klient] => 479481181
            [max_time] => 2026-04-08 19:05:27
            [name] => Шумейко  Кристина  Володимирівна
            [cn_all] => 19
            [cn_read] => 19
        )

    [23] => Array
        (
            [chat_id_klient] => 1745169856
            [max_time] => 2026-04-06 16:40:49
            [name] => Фалендиш  Артем Сергійович
            [cn_all] => 5
            [cn_read] => 5
        )

    [24] => Array
        (
            [chat_id_klient] => 663194259
            [max_time] => 2026-04-05 19:23:56
            [name] => Ступченко Аліна Валеріївна
            [cn_all] => 2
            [cn_read] => 2
        )

    [25] => Array
        (
            [chat_id_klient] => 477944161
            [max_time] => 2026-03-31 15:19:35
            [name] => Любарец Ольга Святославівна
            [cn_all] => 1
            [cn_read] => 1
        )

    [26] => Array
        (
            [chat_id_klient] => 973727202
            [max_time] => 2026-03-30 18:43:57
            [name] => Шипулін Ілля Олександрович
            [cn_all] => 2
            [cn_read] => 2
        )

    [27] => Array
        (
            [chat_id_klient] => 281789715
            [max_time] => 2026-03-24 15:00:12
            [name] => Ландік Богдан  Валерійович
            [cn_all] => 3
            [cn_read] => 3
        )

    [28] => Array
        (
            [chat_id_klient] => 1416101457
            [max_time] => 2026-03-23 18:27:21
            [name] => Мирна Мілена Олександрівна
            [cn_all] => 6
            [cn_read] => 6
        )

    [29] => Array
        (
            [chat_id_klient] => 752691897
            [max_time] => 2026-03-23 09:26:08
            [name] => Карпенко Владислав
            [cn_all] => 6
            [cn_read] => 6
        )

    [30] => Array
        (
            [chat_id_klient] => 2039470540
            [max_time] => 2026-03-18 20:00:17
            [name] => Кулак Алла Вікторівна
            [cn_all] => 3
            [cn_read] => 3
        )

    [31] => Array
        (
            [chat_id_klient] => 1118016037
            [max_time] => 2026-03-18 18:27:25
            [name] => Савенкова  Ольга  Олександрівна
            [cn_all] => 2
            [cn_read] => 2
        )

    [32] => Array
        (
            [chat_id_klient] => 815833208
            [max_time] => 2026-03-12 17:49:06
            [name] => Король Андрій Віталійович
            [cn_all] => 7
            [cn_read] => 7
        )

    [33] => Array
        (
            [chat_id_klient] => 416132448
            [max_time] => 2026-03-11 11:58:54
            [name] => Тихоненко Ліза Вікторівна
            [cn_all] => 1
            [cn_read] => 1
        )

    [34] => Array
        (
            [chat_id_klient] => 944179291
            [max_time] => 2026-03-10 17:41:26
            [name] => Шушковська Любов Петрівна
            [cn_all] => 3
            [cn_read] => 3
        )

    [35] => Array
        (
            [chat_id_klient] => 814749500
            [max_time] => 2026-03-08 19:33:21
            [name] => Колісніченко Мирон Сергійович
            [cn_all] => 8
            [cn_read] => 8
        )

    [36] => Array
        (
            [chat_id_klient] => 448109003
            [max_time] => 2026-03-02 10:36:38
            [name] => Вовк Руслана Іванівна
            [cn_all] => 6
            [cn_read] => 0
        )

    [37] => Array
        (
            [chat_id_klient] => 696044182
            [max_time] => 2026-02-14 15:24:52
            [name] => Басанець Олександр Віталійович
            [cn_all] => 1
            [cn_read] => 0
        )

    [38] => Array
        (
            [chat_id_klient] => 5418480239
            [max_time] => 2026-02-13 22:09:01
            [name] => Федоренко Олег В’ячеславович
            [cn_all] => 1
            [cn_read] => 0
        )

    [39] => Array
        (
            [chat_id_klient] => 871045994
            [max_time] => 2026-02-07 08:34:10
            [name] => Давиденко  Альона  Юріївна
            [cn_all] => 1
            [cn_read] => 0
        )

    [40] => Array
        (
            [chat_id_klient] => 543770963
            [max_time] => 2026-02-01 16:53:42
            [name] => Анохін Ілля  Андрійович
            [cn_all] => 5
            [cn_read] => 5
        )

    [41] => Array
        (
            [chat_id_klient] => 91647454
            [max_time] => 2026-01-26 21:34:54
            [name] => Алікперов Руслан Рахімович
            [cn_all] => 6
            [cn_read] => 6
        )

    [42] => Array
        (
            [chat_id_klient] => 1603635397
            [max_time] => 2026-01-26 16:48:36
            [name] => Бойко Іра Володимирівна
            [cn_all] => 4
            [cn_read] => 4
        )

    [43] => Array
        (
            [chat_id_klient] => 5368392342
            [max_time] => 2026-01-26 16:26:53
            [name] => Василенко  Катерина  Григорівна
            [cn_all] => 3
            [cn_read] => 1
        )

    [44] => Array
        (
            [chat_id_klient] => 762433058
            [max_time] => 2026-01-23 10:54:25
            [name] => Павлова Наталя Дмитрівна
            [cn_all] => 2
            [cn_read] => 2
        )

    [45] => Array
        (
            [chat_id_klient] => 1728501953
            [max_time] => 2026-01-22 17:32:41
            [name] => Булейченко Олександр  Валерійович
            [cn_all] => 2
            [cn_read] => 2
        )

    [46] => Array
        (
            [chat_id_klient] => 1022202248
            [max_time] => 2026-01-21 10:52:25
            [name] => Толстих Сергій
            [cn_all] => 2
            [cn_read] => 2
        )

    [47] => Array
        (
            [chat_id_klient] => 1314256383
            [max_time] => 2026-01-20 12:38:39
            [name] => Куканова Євгенія Сергіївна
            [cn_all] => 7
            [cn_read] => 7
        )

    [48] => Array
        (
            [chat_id_klient] => 6349003088
            [max_time] => 2026-01-18 17:39:08
            [name] => Мойсеєв Дмитро  Романович
            [cn_all] => 1
            [cn_read] => 1
        )

    [49] => Array
        (
            [chat_id_klient] => 573714254
            [max_time] => 2026-01-18 08:01:55
            [name] => Дешко  Максим Олександрович
            [cn_all] => 2
            [cn_read] => 2
        )

    [50] => Array
        (
            [chat_id_klient] => 400634132
            [max_time] => 2026-01-15 14:37:00
            [name] => Шнирук Юлія Олександрівна
            [cn_all] => 1
            [cn_read] => 1
        )

    [51] => Array
        (
            [chat_id_klient] => 489913872
            [max_time] => 2026-01-13 15:16:36
            [name] => Туманова Юлия
            [cn_all] => 10
            [cn_read] => 10
        )

    [52] => Array
        (
            [chat_id_klient] => 1635199128
            [max_time] => 2026-01-13 15:14:22
            [name] => Бойко Ігор Володимирович
            [cn_all] => 2
            [cn_read] => 2
        )

    [53] => Array
        (
            [chat_id_klient] => 7963997214
            [max_time] => 2026-01-12 10:41:37
            [name] => Бойко Валентина Олександрівна
            [cn_all] => 2
            [cn_read] => 2
        )

    [54] => Array
        (
            [chat_id_klient] => 8142126047
            [max_time] => 2026-01-11 17:40:24
            [name] => Рзаєв Маіс Мадахіл оглу
            [cn_all] => 12
            [cn_read] => 11
        )

    [55] => Array
        (
            [chat_id_klient] => 8174590004
            [max_time] => 2026-01-02 06:52:28
            [name] => Фісенко Владислав Олександрович
            [cn_all] => 4
            [cn_read] => 4
        )

    [56] => Array
        (
            [chat_id_klient] => 640896788
            [max_time] => 2025-12-30 09:10:54
            [name] => Мороз Андрій Євгенійович
            [cn_all] => 2
            [cn_read] => 1
        )

    [57] => Array
        (
            [chat_id_klient] => 1021250749
            [max_time] => 2025-12-27 12:37:54
            [name] => Навізівський Назар Валерійович
            [cn_all] => 8
            [cn_read] => 8
        )

    [58] => Array
        (
            [chat_id_klient] => 401209894
            [max_time] => 2025-12-24 11:33:14
            [name] => Хоркий  Катерина Станіславівна
            [cn_all] => 3
            [cn_read] => 3
        )

    [59] => Array
        (
            [chat_id_klient] => 785309765
            [max_time] => 2025-11-30 08:17:12
            [name] => Поліщук Яна Олександрівна
            [cn_all] => 10
            [cn_read] => 10
        )

    [60] => Array
        (
            [chat_id_klient] => 695306320
            [max_time] => 2025-11-29 13:12:49
            [name] => Кантимир Наталья Михайловна
            [cn_all] => 6
            [cn_read] => 6
        )

    [61] => Array
        (
            [chat_id_klient] => 752814763
            [max_time] => 2025-11-26 19:19:14
            [name] => Дубініна  Аліна  Дубініна
            [cn_all] => 3
            [cn_read] => 3
        )

    [62] => Array
        (
            [chat_id_klient] => 479551311
            [max_time] => 2025-11-25 15:43:40
            [name] => Бережнюк Денис Андрійович
            [cn_all] => 2
            [cn_read] => 2
        )

    [63] => Array
        (
            [chat_id_klient] => 703811321
            [max_time] => 2025-11-21 15:42:00
            [name] => Кавко Олена Михайлівна
            [cn_all] => 5
            [cn_read] => 5
        )

    [64] => Array
        (
            [chat_id_klient] => 342539309
            [max_time] => 2025-11-20 13:44:49
            [name] => Якименко  Євгеній Валерійович
            [cn_all] => 9
            [cn_read] => 9
        )

    [65] => Array
        (
            [chat_id_klient] => 533878840
            [max_time] => 2025-11-13 16:28:54
            [name] => Прохор Олександра Олександрівна
            [cn_all] => 3
            [cn_read] => 3
        )

    [66] => Array
        (
            [chat_id_klient] => 487856800
            [max_time] => 2025-11-10 16:18:09
            [name] => Шведова Анастасія
            [cn_all] => 3
            [cn_read] => 3
        )

    [67] => Array
        (
            [chat_id_klient] => 653007265
            [max_time] => 2025-11-03 10:12:18
            [name] => Гордєєва Анастасія  Андріївна
            [cn_all] => 3
            [cn_read] => 0
        )

    [68] => Array
        (
            [chat_id_klient] => 777190558
            [max_time] => 2025-11-02 16:53:13
            [name] => Янчевська Злата Олександрівна
            [cn_all] => 1
            [cn_read] => 0
        )

    [69] => Array
        (
            [chat_id_klient] => 393377559
            [max_time] => 2025-10-31 18:16:02
            [name] => Ющенко Алла
            [cn_all] => 2
            [cn_read] => 2
        )

    [70] => Array
        (
            [chat_id_klient] => 424075578
            [max_time] => 2025-10-31 14:14:11
            [name] => Кашпур Александр Вячеславович
            [cn_all] => 1
            [cn_read] => 0
        )

    [71] => Array
        (
            [chat_id_klient] => 906501239
            [max_time] => 2025-10-30 18:02:05
            [name] => Шевчук Христина Вадимівна
            [cn_all] => 1
            [cn_read] => 0
        )

    [72] => Array
        (
            [chat_id_klient] => 558389995
            [max_time] => 2025-10-29 13:58:57
            [name] => Антоненко  Любов Леонідівна
            [cn_all] => 1
            [cn_read] => 0
        )

    [73] => Array
        (
            [chat_id_klient] => 987596235
            [max_time] => 2025-10-26 21:35:55
            [name] => Акімова Альбіна Едуардівна
            [cn_all] => 1
            [cn_read] => 1
        )

    [74] => Array
        (
            [chat_id_klient] => 313295403
            [max_time] => 2025-10-18 15:23:07
            [name] => Дувашова Марія Михалівна
            [cn_all] => 1
            [cn_read] => 1
        )

    [75] => Array
        (
            [chat_id_klient] => 1534545005
            [max_time] => 2025-10-17 19:49:32
            [name] => Вовкотруб Вікторія Андріївна
            [cn_all] => 1
            [cn_read] => 1
        )

    [76] => Array
        (
            [chat_id_klient] => 983095833
            [max_time] => 2025-10-15 13:14:03
            [name] => Зинченко Наталья Викторовна
            [cn_all] => 3
            [cn_read] => 3
        )

    [77] => Array
        (
            [chat_id_klient] => 566034884
            [max_time] => 2025-10-15 12:16:00
            [name] => Голячук  Анастасія Сергіївна
            [cn_all] => 4
            [cn_read] => 3
        )

    [78] => Array
        (
            [chat_id_klient] => 1250705523
            [max_time] => 2025-10-15 12:11:46
            [name] => Полєтаєв  Вадим Вікторович
            [cn_all] => 1
            [cn_read] => 1
        )

    [79] => Array
        (
            [chat_id_klient] => 753441286
            [max_time] => 2025-10-15 11:51:04
            [name] => Лавренюк Людмила Вячеславовна
            [cn_all] => 2
            [cn_read] => 0
        )

    [80] => Array
        (
            [chat_id_klient] => 1288673739
            [max_time] => 2025-10-10 19:04:42
            [name] => Лотарева  Вікторія  Вікторівна
            [cn_all] => 2
            [cn_read] => 2
        )

    [81] => Array
        (
            [chat_id_klient] => 787054958
            [max_time] => 2025-10-07 12:04:14
            [name] => Старцев Андрій  Денисович
            [cn_all] => 6
            [cn_read] => 6
        )

    [82] => Array
        (
            [chat_id_klient] => 962505970
            [max_time] => 2025-10-03 17:27:32
            [name] => Соломко  Богдана  Ігорівна
            [cn_all] => 2
            [cn_read] => 2
        )

    [83] => Array
        (
            [chat_id_klient] => 609269971
            [max_time] => 2025-10-01 21:37:09
            [name] => Погребець  Богдан  Сергійович
            [cn_all] => 15
            [cn_read] => 15
        )

    [84] => Array
        (
            [chat_id_klient] => 480952145
            [max_time] => 2025-09-30 15:56:23
            [name] => Типтюк Кіра Дмитрієвна
            [cn_all] => 2
            [cn_read] => 2
        )

    [85] => Array
        (
            [chat_id_klient] => 1012368831
            [max_time] => 2025-09-02 16:50:48
            [name] => Дзюбенко Максим Юрійович
            [cn_all] => 4
            [cn_read] => 4
        )

    [86] => Array
        (
            [chat_id_klient] => 655643371
            [max_time] => 2025-08-20 19:49:17
            [name] => Остапей Ярослав  Сергеевич
            [cn_all] => 5
            [cn_read] => 5
        )

    [87] => Array
        (
            [chat_id_klient] => 648791912
            [max_time] => 2025-07-27 17:00:16
            [name] => Горбатюкова Юлія Вікторівна
            [cn_all] => 5
            [cn_read] => 5
        )

    [88] => Array
        (
            [chat_id_klient] => 741147046
            [max_time] => 2025-06-04 10:18:54
            [name] => Алієв Рустам  Алійович
            [cn_all] => 5
            [cn_read] => 5
        )

    [89] => Array
        (
            [chat_id_klient] => 650134312
            [max_time] => 2025-05-10 19:31:07
            [name] => Юхимчук Анастасія Олегівна
            [cn_all] => 1
            [cn_read] => 1
        )

    [90] => Array
        (
            [chat_id_klient] => 6922330992
            [max_time] => 2025-05-09 20:45:22
            [name] => Бачиш Олександра Вадимівна
            [cn_all] => 3
            [cn_read] => 3
        )

)

[2026-07-08 20:31:27] [INFO] (D:\laragon\www\bot_red_220426\webapps\reports\report_info_acc.php:22) Array
(
)

[2026-07-08 20:33:34] [INFO] (D:\laragon\www\bot_red_220426\webapps\reports\report_info_acc.php:22) Array
(
)

[2026-07-08 20:33:43] [INFO] (D:\laragon\www\bot_red_220426\webapps\action\select_sotr.php:17) Array
(
    [action] => select_sotr
    [club] => -
    [club_ip] => 178.151.119.180
)

[2026-07-08 20:33:43] [INFO] (D:\laragon\www\bot_red_220426\webapps\action\select_sotr.php:27) Array
(
    [0] => Array
        (
            [ROLE] => Тренер
            [ID] => 0717
            [NAME] => Єфремова Олександра
        )

    [1] => Array
        (
            [ROLE] => Тренер
            [ID] => 0707
            [NAME] => Андрияш Анна
        )

    [2] => Array
        (
            [ROLE] => Тренер
            [ID] => 0399
            [NAME] => Біліч Лариса
        )

    [3] => Array
        (
            [ROLE] => Тренер
            [ID] => 0302
            [NAME] => Барсегян Анна
        )

    [4] => Array
        (
            [ROLE] => Тренер
            [ID] => 0316
            [NAME] => Вєтрова Катя
        )

    [5] => Array
        (
            [ROLE] => Администратор фитнеса
            [ID] => 0402
            [NAME] => Войтюк Мар'яна
        )

    [6] => Array
        (
            [ROLE] => Тренер
            [ID] => 0327
            [NAME] => Гармаш Владимир
        )

    [7] => Array
        (
            [ROLE] => Главний бухгалтер
            [ID] => 0902
            [NAME] => Глав. Бух.
        )

    [8] => Array
        (
            [ROLE] => Тренер
            [ID] => 0718
            [NAME] => Дворніков Дмитро 
        )

    [9] => Array
        (
            [ROLE] => Администратор фитнеса
            [ID] => 0101
            [NAME] => Дежурный
        )

    [10] => Array
        (
            [ROLE] => Администратор фитнеса
            [ID] => 0104
            [NAME] => Демченко Александра
        )

    [11] => Array
        (
            [ROLE] => Тренер
            [ID] => 0304
            [NAME] => Елецкая Светлана
        )

    [12] => Array
        (
            [ROLE] => Тренер
            [ID] => 0708
            [NAME] => Клименко Дарина
        )

    [13] => Array
        (
            [ROLE] => Тренер
            [ID] => 0308
            [NAME] => Колесник Богдан
        )

    [14] => Array
        (
            [ROLE] => Тренер
            [ID] => 0312
            [NAME] => Крыжановский Павел
        )

    [15] => Array
        (
            [ROLE] => Тренер
            [ID] => 0313
            [NAME] => Кукурудзяк Руслан
        )

    [16] => Array
        (
            [ROLE] => Администратор фитнеса
            [ID] => 1111
            [NAME] => Овчар Оксана
        )

    [17] => Array
        (
            [ROLE] => Тренер
            [ID] => 0325
            [NAME] => Оруджева Юлія
        )

    [18] => Array
        (
            [ROLE] => Тренер
            [ID] => 0710
            [NAME] => Остафи Денис
        )

    [19] => Array
        (
            [ROLE] => Тренер
            [ID] => 0715
            [NAME] => Проломов Данил
        )

    [20] => Array
        (
            [ROLE] => Тренер
            [ID] => 0311
            [NAME] => Романовская Наталья
        )

    [21] => Array
        (
            [ROLE] => Администратор фитнеса
            [ID] => 0903
            [NAME] => Сванідзе Юлія 
        )

    [22] => Array
        (
            [ROLE] => Тренер
            [ID] => 0711
            [NAME] => Солянов Владислав
        )

    [23] => Array
        (
            [ROLE] => Тренер
            [ID] => 0326
            [NAME] => Тищенко Ольга
        )

    [24] => Array
        (
            [ROLE] => Тренер
            [ID] => 0310
            [NAME] => Фесенко Ира
        )

    [25] => Array
        (
            [ROLE] => Тренер
            [ID] => 0103
            [NAME] => Шевелько Руслан
        )

    [26] => Array
        (
            [ROLE] => Тренер
            [ID] => 0712
            [NAME] => Шевчук Вікторія
        )

    [27] => Array
        (
            [ROLE] => Головний адміністратор
            [ID] => 0901
            [NAME] => системный
        )

)

[2026-07-08 20:38:03] [INFO] (D:\laragon\www\bot_red_220426\webapps\action\get_check.php:58) SELECT (SELECT name FROM spr_clubs WHERE id = u.club) AS club_name, a.*
                FROM spr_acc a
                JOIN spr_users u ON a.chat_id = u.chat_id
                WHERE (a.phone LIKE ? OR a.name LIKE ?)
                ORDER BY u.id DESC
[2026-07-08 20:39:03] [INFO] (D:\laragon\www\bot_red_220426\webapps\reports\report_info_acc.php:22) Array
(
)

[2026-07-08 20:43:43] [INFO] (D:\laragon\www\bot_red_220426\webapps\reports\report_info_acc.php:22) Array
(
)

[2026-07-08 20:43:59] [INFO] (D:\laragon\www\bot_red_220426\webapps\action\get_check.php:58) SELECT (SELECT name FROM spr_clubs WHERE id = u.club) AS club_name, a.*
                FROM spr_acc a
                JOIN spr_users u ON a.chat_id = u.chat_id
                WHERE (a.phone LIKE ? OR a.name LIKE ?)
                ORDER BY u.id DESC
[2026-07-08 20:46:37] [INFO] (D:\laragon\www\bot_red_220426\webapps\reports\report_info_acc.php:22) Array
(
)

[2026-07-08 20:46:53] [INFO] (D:\laragon\www\bot_red_220426\webapps\action\get_check.php:58) SELECT (SELECT name FROM spr_clubs WHERE id = u.club) AS club_name, a.*
                FROM spr_acc a
                JOIN spr_users u ON a.chat_id = u.chat_id
                WHERE (a.phone LIKE ? OR a.name LIKE ?)
                ORDER BY u.id DESC
[2026-07-08 20:48:46] [INFO] (D:\laragon\www\bot_red_220426\webapps\reports\report_info_acc.php:22) Array
(
)

[2026-07-08 20:49:01] [INFO] (D:\laragon\www\bot_red_220426\webapps\action\get_check.php:58) SELECT (SELECT name FROM spr_clubs WHERE id = u.club) AS club_name, a.*
                FROM spr_acc a
                JOIN spr_users u ON a.chat_id = u.chat_id
                WHERE (a.phone LIKE ? OR a.name LIKE ?)
                ORDER BY u.id DESC
[2026-07-08 20:49:05] [INFO] (D:\laragon\www\bot_red_220426\webapps\reports\report_info_acc.php:22) Array
(
    [ajax_method] => 2
    [action] => report_info_acc
    [action_report] => report_view
    [admin] => 1
    [date_from] => 08.07.2026
    [date_to] => 08.07.2026
    [ip_club] => 178.151.119.180
    [podr] => undefined
    [acc] => 12927
)

[2026-07-08 20:50:12] [INFO] (D:\laragon\www\bot_red_220426\webapps\reports\report_info_acc.php:22) Array
(
    [ajax_method] => 2
    [action] => report_info_acc
    [action_report] => report_view
    [admin] => 1
    [date_from] => 08.07.2026
    [date_to] => 08.07.2026
    [ip_club] => 178.151.119.180
    [podr] => undefined
    [acc] => 12927
)

[2026-07-08 20:51:53] [INFO] (D:\laragon\www\bot_red_220426\webapps\reports\report_info_acc.php:22) Array
(
    [ajax_method] => 2
    [action] => report_info_acc
    [action_report] => report_view
    [admin] => 1
    [date_from] => 08.07.2026
    [date_to] => 08.07.2026
    [ip_club] => 178.151.119.180
    [podr] => undefined
    [acc] => 12927
)

[2026-07-08 20:52:58] [INFO] (D:\laragon\www\bot_red_220426\webapps\action\get_check.php:58) SELECT (SELECT name FROM spr_clubs WHERE id = u.club) AS club_name, a.*
                FROM spr_acc a
                JOIN spr_users u ON a.chat_id = u.chat_id
                WHERE (a.phone LIKE ? OR a.name LIKE ?)
                ORDER BY u.id DESC
[2026-07-08 20:53:01] [INFO] (D:\laragon\www\bot_red_220426\webapps\reports\report_info_acc.php:22) Array
(
    [ajax_method] => 2
    [action] => report_info_acc
    [action_report] => report_view
    [admin] => 1
    [date_from] => 08.07.2026
    [date_to] => 08.07.2026
    [ip_club] => 178.151.119.180
    [podr] => undefined
    [acc] => 11788
)

[2026-07-08 20:55:07] [INFO] (D:\laragon\www\bot_red_220426\webapps\reports\report_info_acc.php:22) Array
(
    [ajax_method] => 2
    [action] => report_info_acc
    [action_report] => report_view
    [admin] => 1
    [date_from] => 08.07.2026
    [date_to] => 08.07.2026
    [ip_club] => 178.151.119.180
    [podr] => undefined
    [acc] => 11788
)

[2026-07-08 20:55:42] [INFO] (D:\laragon\www\bot_red_220426\webapps\reports\report_info_acc.php:22) Array
(
    [ajax_method] => 2
    [action] => report_info_acc
    [action_report] => report_view
    [admin] => 1
    [date_from] => 08.07.2026
    [date_to] => 08.07.2026
    [ip_club] => 178.151.119.180
    [podr] => undefined
    [acc] => 11788
)

[2026-07-08 20:59:03] [INFO] (D:\laragon\www\bot_red_220426\webapps\action\get_check.php:58) SELECT (SELECT name FROM spr_clubs WHERE id = u.club) AS club_name, a.*
                FROM spr_acc a
                JOIN spr_users u ON a.chat_id = u.chat_id
                WHERE (a.phone LIKE ? OR a.name LIKE ?)
                ORDER BY u.id DESC
[2026-07-08 20:59:25] [INFO] (D:\laragon\www\bot_red_220426\webapps\action\get_check.php:58) SELECT (SELECT name FROM spr_clubs WHERE id = u.club) AS club_name, a.*
                FROM spr_acc a
                JOIN spr_users u ON a.chat_id = u.chat_id
                WHERE (a.phone LIKE ? OR a.name LIKE ?)
                ORDER BY u.id DESC
[2026-07-08 21:01:25] [INFO] (D:\laragon\www\bot_red_220426\webapps\action\get_check.php:58) SELECT (SELECT name FROM spr_clubs WHERE id = u.club) AS club_name, a.*
                FROM spr_acc a
                JOIN spr_users u ON a.chat_id = u.chat_id
                WHERE (a.phone LIKE ? OR a.name LIKE ?)
                ORDER BY u.id DESC
[2026-07-08 21:01:28] [INFO] (D:\laragon\www\bot_red_220426\webapps\reports\report_info_acc.php:22) Array
(
    [ajax_method] => 2
    [action] => report_info_acc
    [action_report] => report_view
    [admin] => 1
    [date_from] => 08.07.2026
    [date_to] => 08.07.2026
    [ip_club] => 178.151.119.180
    [podr] => undefined
    [acc] => 14289
)

[2026-07-08 21:02:14] [INFO] (D:\laragon\www\bot_red_220426\webapps\action\get_check.php:58) SELECT (SELECT name FROM spr_clubs WHERE id = u.club) AS club_name, a.*
                FROM spr_acc a
                JOIN spr_users u ON a.chat_id = u.chat_id
                WHERE (a.phone LIKE ? OR a.name LIKE ?)
                ORDER BY u.id DESC
[2026-07-08 21:02:33] [INFO] (D:\laragon\www\bot_red_220426\webapps\action\get_check.php:58) SELECT (SELECT name FROM spr_clubs WHERE id = u.club) AS club_name, a.*
                FROM spr_acc a
                JOIN spr_users u ON a.chat_id = u.chat_id
                WHERE (a.phone LIKE ? OR a.name LIKE ?)
                ORDER BY u.id DESC
[2026-07-08 21:02:34] [INFO] (D:\laragon\www\bot_red_220426\webapps\action\get_check.php:58) SELECT (SELECT name FROM spr_clubs WHERE id = u.club) AS club_name, a.*
                FROM spr_acc a
                JOIN spr_users u ON a.chat_id = u.chat_id
                WHERE (a.phone LIKE ? OR a.name LIKE ?)
                ORDER BY u.id DESC
[2026-07-08 21:02:47] [INFO] (D:\laragon\www\bot_red_220426\webapps\action\get_check.php:58) SELECT (SELECT name FROM spr_clubs WHERE id = u.club) AS club_name, a.*
                FROM spr_acc a
                JOIN spr_users u ON a.chat_id = u.chat_id
                WHERE (a.phone LIKE ? OR a.name LIKE ?)
                ORDER BY u.id DESC
[2026-07-08 21:02:52] [INFO] (D:\laragon\www\bot_red_220426\webapps\reports\report_info_acc.php:22) Array
(
    [ajax_method] => 2
    [action] => report_info_acc
    [action_report] => report_view
    [admin] => 1
    [date_from] => 08.07.2026
    [date_to] => 08.07.2026
    [ip_club] => 178.151.119.180
    [podr] => undefined
    [acc] => 9928
)

[2026-07-08 21:08:14] [INFO] (D:\laragon\www\bot_red_220426\webapps\reports\report_info_acc.php:22) Array
(
)

[2026-07-08 21:08:33] [INFO] (D:\laragon\www\bot_red_220426\webapps\action\get_check.php:58) SELECT (SELECT name FROM spr_clubs WHERE id = u.club) AS club_name, a.*
                FROM spr_acc a
                JOIN spr_users u ON a.chat_id = u.chat_id
                WHERE (a.phone LIKE ? OR a.name LIKE ?)
                ORDER BY u.id DESC
[2026-07-08 21:08:39] [INFO] (D:\laragon\www\bot_red_220426\webapps\action\get_check.php:58) SELECT (SELECT name FROM spr_clubs WHERE id = u.club) AS club_name, a.*
                FROM spr_acc a
                JOIN spr_users u ON a.chat_id = u.chat_id
                WHERE (a.phone LIKE ? OR a.name LIKE ?)
                ORDER BY u.id DESC
[2026-07-08 21:08:42] [INFO] (D:\laragon\www\bot_red_220426\webapps\action\get_check.php:58) SELECT (SELECT name FROM spr_clubs WHERE id = u.club) AS club_name, a.*
                FROM spr_acc a
                JOIN spr_users u ON a.chat_id = u.chat_id
                WHERE (a.phone LIKE ? OR a.name LIKE ?)
                ORDER BY u.id DESC
[2026-07-08 21:08:43] [INFO] (D:\laragon\www\bot_red_220426\webapps\reports\report_info_acc.php:22) Array
(
    [ajax_method] => 2
    [action] => report_info_acc
    [action_report] => report_view
    [admin] => 1
    [date_from] => 08.07.2026
    [date_to] => 08.07.2026
    [ip_club] => 178.151.119.180
    [podr] => undefined
    [acc] => 9928
)

[2026-07-08 21:09:33] [INFO] (D:\laragon\www\bot_red_220426\webapps\reports\report_info_acc.php:22) Array
(
    [ajax_method] => 2
    [action] => report_info_acc
    [action_report] => report_view
    [admin] => 1
    [date_from] => 08.07.2026
    [date_to] => 08.07.2026
    [ip_club] => 178.151.119.180
    [podr] => undefined
    [acc] => 9928
)

[2026-07-08 21:11:07] [INFO] (D:\laragon\www\bot_red_220426\webapps\reports\report_info_acc.php:22) Array
(
    [ajax_method] => 2
    [action] => report_info_acc
    [action_report] => report_view
    [admin] => 1
    [date_from] => 01.07.2026
    [date_to] => 08.07.2026
    [ip_club] => 178.151.119.180
    [podr] => undefined
    [acc] => 9928
)

[2026-07-08 21:12:57] [INFO] (D:\laragon\www\bot_red_220426\webapps\action\get_check.php:67) SELECT (SELECT name FROM spr_clubs WHERE id = u.club) AS club_name, a.*
                FROM spr_acc a
                JOIN spr_users u ON a.chat_id = u.chat_id
                WHERE (a.phone LIKE ? OR a.name LIKE ?)
                ORDER BY u.id DESC
[2026-07-08 21:13:03] [INFO] (D:\laragon\www\bot_red_220426\webapps\action\get_check.php:67) SELECT (SELECT name FROM spr_clubs WHERE id = u.club) AS club_name, a.*
                FROM spr_acc a
                JOIN spr_users u ON a.chat_id = u.chat_id
                WHERE (a.phone LIKE ? OR a.name LIKE ?)
                ORDER BY u.id DESC
[2026-07-08 21:13:07] [INFO] (D:\laragon\www\bot_red_220426\webapps\reports\report_info_acc.php:22) Array
(
)

[2026-07-08 21:13:20] [INFO] (D:\laragon\www\bot_red_220426\webapps\action\get_check.php:67) SELECT (SELECT name FROM spr_clubs WHERE id = u.club) AS club_name, a.*
                FROM spr_acc a
                JOIN spr_users u ON a.chat_id = u.chat_id
                WHERE (a.phone LIKE ? OR a.name LIKE ?) AND u.club = (SELECT id FROM spr_clubs WHERE ip_club = ? LIMIT 1)
                ORDER BY u.id DESC
[2026-07-08 21:13:31] [INFO] (D:\laragon\www\bot_red_220426\webapps\reports\report_info_acc.php:22) Array
(
    [ajax_method] => 2
    [action] => report_info_acc
    [action_report] => report_view
    [admin] => 1
    [date_from] => 01.07.2026
    [date_to] => 08.07.2026
    [ip_club] => 178.151.119.180
    [podr] => undefined
    [acc] => 9928
)

[2026-07-08 21:15:42] [INFO] (D:\laragon\www\bot_red_220426\webapps\action\get_check.php:67) SELECT (SELECT name FROM spr_clubs WHERE id = u.club) AS club_name, a.*
                FROM spr_acc a
                JOIN spr_users u ON a.chat_id = u.chat_id
                WHERE (a.phone LIKE ? OR a.name LIKE ?)
                ORDER BY u.id DESC
