[2025-12-27 00:18:28] [INFO] (/home3/redbarbe/public_html/telegram/webapps/action/ajax_get_tren.php:35) Нет связи с сервером
[2025-12-27 00:18:39] [INFO] (/home3/redbarbe/public_html/telegram/webapps/action/ajax_get_tren.php:35) Нет связи с сервером
[2025-12-27 00:18:52] [INFO] (/home3/redbarbe/public_html/telegram/webapps/action/ajax_get_tren.php:35) Нет связи с сервером
[2025-12-27 00:18:59] [INFO] (/home3/redbarbe/public_html/telegram/webapps/action/ajax_get_tren.php:35) Нет связи с сервером
[2025-12-27 00:19:17] [INFO] (/home3/redbarbe/public_html/telegram/webapps/action/hist_grp.php:16) SELECT a.name FROM `spr_acc` a, spr_users u WHERE u.active_account=a.acc and u.chat_id=a.chat_id and a.acc=10496 
and u.club=(select id from spr_clubs where ip_club="178.158.212.173") limit 1
[2025-12-27 00:19:17] [INFO] (/home3/redbarbe/public_html/telegram/webapps/action/hist_grp.php:17) hist_grp
[2025-12-27 00:19:17] [INFO] (/home3/redbarbe/public_html/telegram/webapps/action/hist_grp.php:108) Array
(
    [dbeg] => 27.09.2025
    [dend] => today
    [acc] => 10496
    [command] => get_grp_history
)

[2025-12-27 00:19:17] [INFO] (/home3/redbarbe/public_html/telegram/webapps/action/hist_grp.php:109) ip=178.158.212.173
[2025-12-27 01:21:07] [INFO] (/home3/redbarbe/public_html/telegram/webapps/action/get_check.php:39) SELECT (select name from spr_clubs where id=u.club) as club_name, a.* FROM spr_acc a,spr_users u WHERE a.chat_id=u.chat_id and    (a.phone like '%Педант '  or a.NAME like '%Педант %')  ORDER BY u.id DESC 
[2025-12-27 01:21:14] [INFO] (/home3/redbarbe/public_html/telegram/webapps/action/get_check.php:39) SELECT (select name from spr_clubs where id=u.club) as club_name, a.* FROM spr_acc a,spr_users u WHERE a.chat_id=u.chat_id and    (a.phone like '%Педа'  or a.NAME like '%Педа%')  ORDER BY u.id DESC 
[2025-12-27 05:19:17] [INFO] (/home3/redbarbe/public_html/telegram/webapps/action/ajax_get_tren.php:35) Нет связи с сервером
[2025-12-27 05:19:22] [INFO] (/home3/redbarbe/public_html/telegram/webapps/action/ajax_get_tren.php:35) Нет связи с сервером
[2025-12-27 08:05:51] [INFO] (/home3/redbarbe/public_html/telegram/webapps/action/ajax_get_tren.php:35) Array
(
    [0] => Array
        (
            [KOD] => 794578
            [TIME_FROM] => 10:00
            [TIME_TO] => 11:00               
            [CLIENTS_CNT] => 0
            [TOV_NAME] => FitnessMix
            [ACC] => 0
            [CNTTRAN] => 0
            [CNTTRANRESERV] => 0
        )

    [1] => Array
        (
            [KOD] => 794474
            [TIME_FROM] => 10:00
            [TIME_TO] => 11:00               
            [CLIENTS_CNT] => 0
            [TOV_NAME] => Йога
            [ACC] => 0
            [CNTTRAN] => 0
            [CNTTRANRESERV] => 0
        )

    [2] => Array
        (
            [KOD] => 794422
            [TIME_FROM] => 11:00
            [TIME_TO] => 12:00               
            [CLIENTS_CNT] => 0
            [TOV_NAME] => Stretching
            [ACC] => 0
            [CNTTRAN] => 1
            [CNTTRANRESERV] => 0
        )

    [3] => Array
        (
            [KOD] => 794526
            [TIME_FROM] => 12:00
            [TIME_TO] => 13:00               
            [CLIENTS_CNT] => 0
            [TOV_NAME] => CrossActivity
            [ACC] => 0
            [CNTTRAN] => 0
            [CNTTRANRESERV] => 0
        )

    [4] => Array
        (
            [KOD] => 794630
            [TIME_FROM] => 12:00
            [TIME_TO] => 13:00               
            [CLIENTS_CNT] => 0
            [TOV_NAME] => Паркур Kids
            [ACC] => 0
            [CNTTRAN] => 0
            [CNTTRANRESERV] => 0
        )

    [5] => Array
        (
            [KOD] => 794682
            [TIME_FROM] => 13:00
            [TIME_TO] => 14:00               
            [CLIENTS_CNT] => 0
            [TOV_NAME] => Паркур
            [ACC] => 0
            [CNTTRAN] => 0
            [CNTTRANRESERV] => 0
        )

)

[2025-12-27 08:05:51] [INFO] (/home3/redbarbe/public_html/telegram/webapps/action/ajax_get_tren.php:61) Array
(
    [KOD] => 794578
    [TIME_FROM] => 10:00
    [TIME_TO] => 11:00               
    [CLIENTS_CNT] => 0
    [TOV_NAME] => FitnessMix
    [ACC] => 0
    [CNTTRAN] => 0
    [CNTTRANRESERV] => 0
)

[2025-12-27 08:05:51] [INFO] (/home3/redbarbe/public_html/telegram/webapps/action/ajax_get_tren.php:61) Array
(
    [KOD] => 794474
    [TIME_FROM] => 10:00
    [TIME_TO] => 11:00               
    [CLIENTS_CNT] => 0
    [TOV_NAME] => Йога
    [ACC] => 0
    [CNTTRAN] => 0
    [CNTTRANRESERV] => 0
)

[2025-12-27 08:05:51] [INFO] (/home3/redbarbe/public_html/telegram/webapps/action/ajax_get_tren.php:61) Array
(
    [KOD] => 794422
    [TIME_FROM] => 11:00
    [TIME_TO] => 12:00               
    [CLIENTS_CNT] => 0
    [TOV_NAME] => Stretching
    [ACC] => 0
    [CNTTRAN] => 1
    [CNTTRANRESERV] => 0
)

[2025-12-27 08:05:51] [INFO] (/home3/redbarbe/public_html/telegram/webapps/action/ajax_get_tren.php:61) Array
(
    [KOD] => 794526
    [TIME_FROM] => 12:00
    [TIME_TO] => 13:00               
    [CLIENTS_CNT] => 0
    [TOV_NAME] => CrossActivity
    [ACC] => 0
    [CNTTRAN] => 0
    [CNTTRANRESERV] => 0
)

[2025-12-27 08:05:51] [INFO] (/home3/redbarbe/public_html/telegram/webapps/action/ajax_get_tren.php:61) Array
(
    [KOD] => 794630
    [TIME_FROM] => 12:00
    [TIME_TO] => 13:00               
    [CLIENTS_CNT] => 0
    [TOV_NAME] => Паркур Kids
    [ACC] => 0
    [CNTTRAN] => 0
    [CNTTRANRESERV] => 0
)

[2025-12-27 08:05:51] [INFO] (/home3/redbarbe/public_html/telegram/webapps/action/ajax_get_tren.php:61) Array
(
    [KOD] => 794682
    [TIME_FROM] => 13:00
    [TIME_TO] => 14:00               
    [CLIENTS_CNT] => 0
    [TOV_NAME] => Паркур
    [ACC] => 0
    [CNTTRAN] => 0
    [CNTTRANRESERV] => 0
)

[2025-12-27 08:06:19] [INFO] (/home3/redbarbe/public_html/telegram/webapps/action/ajax_get_tren.php:35) Array
(
    [0] => Array
        (
            [KOD] => 794578
            [TIME_FROM] => 10:00
            [TIME_TO] => 11:00               
            [CLIENTS_CNT] => 0
            [TOV_NAME] => FitnessMix
            [ACC] => 0
            [CNTTRAN] => 0
            [CNTTRANRESERV] => 0
        )

    [1] => Array
        (
            [KOD] => 794474
            [TIME_FROM] => 10:00
            [TIME_TO] => 11:00               
            [CLIENTS_CNT] => 0
            [TOV_NAME] => Йога
            [ACC] => 0
            [CNTTRAN] => 0
            [CNTTRANRESERV] => 0
        )

    [2] => Array
        (
            [KOD] => 794422
            [TIME_FROM] => 11:00
            [TIME_TO] => 12:00               
            [CLIENTS_CNT] => 0
            [TOV_NAME] => Stretching
            [ACC] => 0
            [CNTTRAN] => 1
            [CNTTRANRESERV] => 0
        )

    [3] => Array
        (
            [KOD] => 794526
            [TIME_FROM] => 12:00
            [TIME_TO] => 13:00               
            [CLIENTS_CNT] => 0
            [TOV_NAME] => CrossActivity
            [ACC] => 0
            [CNTTRAN] => 0
            [CNTTRANRESERV] => 0
        )

    [4] => Array
        (
            [KOD] => 794630
            [TIME_FROM] => 12:00
            [TIME_TO] => 13:00               
            [CLIENTS_CNT] => 0
            [TOV_NAME] => Паркур Kids
            [ACC] => 0
            [CNTTRAN] => 0
            [CNTTRANRESERV] => 0
        )

    [5] => Array
        (
            [KOD] => 794682
            [TIME_FROM] => 13:00
            [TIME_TO] => 14:00               
            [CLIENTS_CNT] => 0
            [TOV_NAME] => Паркур
            [ACC] => 0
            [CNTTRAN] => 0
            [CNTTRANRESERV] => 0
        )

)

[2025-12-27 08:06:19] [INFO] (/home3/redbarbe/public_html/telegram/webapps/action/ajax_get_tren.php:61) Array
(
    [KOD] => 794578
    [TIME_FROM] => 10:00
    [TIME_TO] => 11:00               
    [CLIENTS_CNT] => 0
    [TOV_NAME] => FitnessMix
    [ACC] => 0
    [CNTTRAN] => 0
    [CNTTRANRESERV] => 0
)

[2025-12-27 08:06:19] [INFO] (/home3/redbarbe/public_html/telegram/webapps/action/ajax_get_tren.php:61) Array
(
    [KOD] => 794474
    [TIME_FROM] => 10:00
    [TIME_TO] => 11:00               
    [CLIENTS_CNT] => 0
    [TOV_NAME] => Йога
    [ACC] => 0
    [CNTTRAN] => 0
    [CNTTRANRESERV] => 0
)

[2025-12-27 08:06:19] [INFO] (/home3/redbarbe/public_html/telegram/webapps/action/ajax_get_tren.php:61) Array
(
    [KOD] => 794422
    [TIME_FROM] => 11:00
    [TIME_TO] => 12:00               
    [CLIENTS_CNT] => 0
    [TOV_NAME] => Stretching
    [ACC] => 0
    [CNTTRAN] => 1
    [CNTTRANRESERV] => 0
)

[2025-12-27 08:06:19] [INFO] (/home3/redbarbe/public_html/telegram/webapps/action/ajax_get_tren.php:61) Array
(
    [KOD] => 794526
    [TIME_FROM] => 12:00
    [TIME_TO] => 13:00               
    [CLIENTS_CNT] => 0
    [TOV_NAME] => CrossActivity
    [ACC] => 0
    [CNTTRAN] => 0
    [CNTTRANRESERV] => 0
)

[2025-12-27 08:06:19] [INFO] (/home3/redbarbe/public_html/telegram/webapps/action/ajax_get_tren.php:61) Array
(
    [KOD] => 794630
    [TIME_FROM] => 12:00
    [TIME_TO] => 13:00               
    [CLIENTS_CNT] => 0
    [TOV_NAME] => Паркур Kids
    [ACC] => 0
    [CNTTRAN] => 0
    [CNTTRANRESERV] => 0
)

[2025-12-27 08:06:19] [INFO] (/home3/redbarbe/public_html/telegram/webapps/action/ajax_get_tren.php:61) Array
(
    [KOD] => 794682
    [TIME_FROM] => 13:00
    [TIME_TO] => 14:00               
    [CLIENTS_CNT] => 0
    [TOV_NAME] => Паркур
    [ACC] => 0
    [CNTTRAN] => 0
    [CNTTRANRESERV] => 0
)

[2025-12-27 08:48:02] [INFO] (/home3/redbarbe/public_html/telegram/webapps/action/ajax_get_tren.php:35) Array
(
    [0] => Array
        (
            [KOD] => 794578
            [TIME_FROM] => 10:00
            [TIME_TO] => 11:00               
            [CLIENTS_CNT] => 0
            [TOV_NAME] => FitnessMix
            [ACC] => 0
            [CNTTRAN] => 0
            [CNTTRANRESERV] => 0
        )

    [1] => Array
        (
            [KOD] => 794474
            [TIME_FROM] => 10:00
            [TIME_TO] => 11:00               
            [CLIENTS_CNT] => 0
            [TOV_NAME] => Йога
            [ACC] => 0
            [CNTTRAN] => 0
            [CNTTRANRESERV] => 0
        )

    [2] => Array
        (
            [KOD] => 794422
            [TIME_FROM] => 11:00
            [TIME_TO] => 12:00               
            [CLIENTS_CNT] => 0
            [TOV_NAME] => Stretching
            [ACC] => 0
            [CNTTRAN] => 1
            [CNTTRANRESERV] => 0
        )

    [3] => Array
        (
            [KOD] => 794526
            [TIME_FROM] => 12:00
            [TIME_TO] => 13:00               
            [CLIENTS_CNT] => 0
            [TOV_NAME] => CrossActivity
            [ACC] => 0
            [CNTTRAN] => 0
            [CNTTRANRESERV] => 0
        )

    [4] => Array
        (
            [KOD] => 794630
            [TIME_FROM] => 12:00
            [TIME_TO] => 13:00               
            [CLIENTS_CNT] => 0
            [TOV_NAME] => Паркур Kids
            [ACC] => 0
            [CNTTRAN] => 0
            [CNTTRANRESERV] => 0
        )

    [5] => Array
        (
            [KOD] => 794682
            [TIME_FROM] => 13:00
            [TIME_TO] => 14:00               
            [CLIENTS_CNT] => 0
            [TOV_NAME] => Паркур
            [ACC] => 0
            [CNTTRAN] => 0
            [CNTTRANRESERV] => 0
        )

)

[2025-12-27 08:48:02] [INFO] (/home3/redbarbe/public_html/telegram/webapps/action/ajax_get_tren.php:61) Array
(
    [KOD] => 794578
    [TIME_FROM] => 10:00
    [TIME_TO] => 11:00               
    [CLIENTS_CNT] => 0
    [TOV_NAME] => FitnessMix
    [ACC] => 0
    [CNTTRAN] => 0
    [CNTTRANRESERV] => 0
)

[2025-12-27 08:48:02] [INFO] (/home3/redbarbe/public_html/telegram/webapps/action/ajax_get_tren.php:61) Array
(
    [KOD] => 794474
    [TIME_FROM] => 10:00
    [TIME_TO] => 11:00               
    [CLIENTS_CNT] => 0
    [TOV_NAME] => Йога
    [ACC] => 0
    [CNTTRAN] => 0
    [CNTTRANRESERV] => 0
)

[2025-12-27 08:48:02] [INFO] (/home3/redbarbe/public_html/telegram/webapps/action/ajax_get_tren.php:61) Array
(
    [KOD] => 794422
    [TIME_FROM] => 11:00
    [TIME_TO] => 12:00               
    [CLIENTS_CNT] => 0
    [TOV_NAME] => Stretching
    [ACC] => 0
    [CNTTRAN] => 1
    [CNTTRANRESERV] => 0
)

[2025-12-27 08:48:02] [INFO] (/home3/redbarbe/public_html/telegram/webapps/action/ajax_get_tren.php:61) Array
(
    [KOD] => 794526
    [TIME_FROM] => 12:00
    [TIME_TO] => 13:00               
    [CLIENTS_CNT] => 0
    [TOV_NAME] => CrossActivity
    [ACC] => 0
    [CNTTRAN] => 0
    [CNTTRANRESERV] => 0
)

[2025-12-27 08:48:02] [INFO] (/home3/redbarbe/public_html/telegram/webapps/action/ajax_get_tren.php:61) Array
(
    [KOD] => 794630
    [TIME_FROM] => 12:00
    [TIME_TO] => 13:00               
    [CLIENTS_CNT] => 0
    [TOV_NAME] => Паркур Kids
    [ACC] => 0
    [CNTTRAN] => 0
    [CNTTRANRESERV] => 0
)

[2025-12-27 08:48:02] [INFO] (/home3/redbarbe/public_html/telegram/webapps/action/ajax_get_tren.php:61) Array
(
    [KOD] => 794682
    [TIME_FROM] => 13:00
    [TIME_TO] => 14:00               
    [CLIENTS_CNT] => 0
    [TOV_NAME] => Паркур
    [ACC] => 0
    [CNTTRAN] => 0
    [CNTTRANRESERV] => 0
)

[2025-12-27 08:50:03] [INFO] (/home3/redbarbe/public_html/telegram/webapps/action/ajax_get_tren.php:35) Array
(
    [0] => Array
        (
            [KOD] => 794578
            [TIME_FROM] => 10:00
            [TIME_TO] => 11:00               
            [CLIENTS_CNT] => 0
            [TOV_NAME] => FitnessMix
            [ACC] => 0
            [CNTTRAN] => 0
            [CNTTRANRESERV] => 0
        )

    [1] => Array
        (
            [KOD] => 794474
            [TIME_FROM] => 10:00
            [TIME_TO] => 11:00               
            [CLIENTS_CNT] => 0
            [TOV_NAME] => Йога
            [ACC] => 0
            [CNTTRAN] => 0
            [CNTTRANRESERV] => 0
        )

    [2] => Array
        (
            [KOD] => 794422
            [TIME_FROM] => 11:00
            [TIME_TO] => 12:00               
            [CLIENTS_CNT] => 0
            [TOV_NAME] => Stretching
            [ACC] => 0
            [CNTTRAN] => 1
            [CNTTRANRESERV] => 0
        )

    [3] => Array
        (
            [KOD] => 794526
            [TIME_FROM] => 12:00
            [TIME_TO] => 13:00               
            [CLIENTS_CNT] => 0
            [TOV_NAME] => CrossActivity
            [ACC] => 0
            [CNTTRAN] => 0
            [CNTTRANRESERV] => 0
        )

    [4] => Array
        (
            [KOD] => 794630
            [TIME_FROM] => 12:00
            [TIME_TO] => 13:00               
            [CLIENTS_CNT] => 0
            [TOV_NAME] => Паркур Kids
            [ACC] => 0
            [CNTTRAN] => 0
            [CNTTRANRESERV] => 0
        )

    [5] => Array
        (
            [KOD] => 794682
            [TIME_FROM] => 13:00
            [TIME_TO] => 14:00               
            [CLIENTS_CNT] => 0
            [TOV_NAME] => Паркур
            [ACC] => 0
            [CNTTRAN] => 0
            [CNTTRANRESERV] => 0
        )

)

[2025-12-27 08:50:03] [INFO] (/home3/redbarbe/public_html/telegram/webapps/action/ajax_get_tren.php:61) Array
(
    [KOD] => 794578
    [TIME_FROM] => 10:00
    [TIME_TO] => 11:00               
    [CLIENTS_CNT] => 0
    [TOV_NAME] => FitnessMix
    [ACC] => 0
    [CNTTRAN] => 0
    [CNTTRANRESERV] => 0
)

[2025-12-27 08:50:03] [INFO] (/home3/redbarbe/public_html/telegram/webapps/action/ajax_get_tren.php:61) Array
(
    [KOD] => 794474
    [TIME_FROM] => 10:00
    [TIME_TO] => 11:00               
    [CLIENTS_CNT] => 0
    [TOV_NAME] => Йога
    [ACC] => 0
    [CNTTRAN] => 0
    [CNTTRANRESERV] => 0
)

[2025-12-27 08:50:03] [INFO] (/home3/redbarbe/public_html/telegram/webapps/action/ajax_get_tren.php:61) Array
(
    [KOD] => 794422
    [TIME_FROM] => 11:00
    [TIME_TO] => 12:00               
    [CLIENTS_CNT] => 0
    [TOV_NAME] => Stretching
    [ACC] => 0
    [CNTTRAN] => 1
    [CNTTRANRESERV] => 0
)

[2025-12-27 08:50:03] [INFO] (/home3/redbarbe/public_html/telegram/webapps/action/ajax_get_tren.php:61) Array
(
    [KOD] => 794526
    [TIME_FROM] => 12:00
    [TIME_TO] => 13:00               
    [CLIENTS_CNT] => 0
    [TOV_NAME] => CrossActivity
    [ACC] => 0
    [CNTTRAN] => 0
    [CNTTRANRESERV] => 0
)

[2025-12-27 08:50:03] [INFO] (/home3/redbarbe/public_html/telegram/webapps/action/ajax_get_tren.php:61) Array
(
    [KOD] => 794630
    [TIME_FROM] => 12:00
    [TIME_TO] => 13:00               
    [CLIENTS_CNT] => 0
    [TOV_NAME] => Паркур Kids
    [ACC] => 0
    [CNTTRAN] => 0
    [CNTTRANRESERV] => 0
)

[2025-12-27 08:50:03] [INFO] (/home3/redbarbe/public_html/telegram/webapps/action/ajax_get_tren.php:61) Array
(
    [KOD] => 794682
    [TIME_FROM] => 13:00
    [TIME_TO] => 14:00               
    [CLIENTS_CNT] => 0
    [TOV_NAME] => Паркур
    [ACC] => 0
    [CNTTRAN] => 0
    [CNTTRANRESERV] => 0
)

[2025-12-27 08:50:08] [INFO] (/home3/redbarbe/public_html/telegram/webapps/action/ajax_fitness_zapis.php:22) Array
(
    [ajax_method] => 2
    [action] => ajax_fitness_zapis
    [dat] => 27.12.2025
    [acc] => 10004
    [trenid] => 794422
    [ost_all] => 100
    [ip_club] => 178.158.212.173
    [acctozapis] => 0
    [time_from] => 11:00
)

[2025-12-27 09:36:26] [INFO] (/home3/redbarbe/public_html/telegram/webapps/action/ajax_get_tren.php:35) Array
(
    [0] => Array
        (
            [KOD] => 794578
            [TIME_FROM] => 10:00
            [TIME_TO] => 11:00               
            [CLIENTS_CNT] => 0
            [TOV_NAME] => FitnessMix
            [ACC] => 0
            [CNTTRAN] => 0
            [CNTTRANRESERV] => 0
        )

    [1] => Array
        (
            [KOD] => 794474
            [TIME_FROM] => 10:00
            [TIME_TO] => 11:00               
            [CLIENTS_CNT] => 0
            [TOV_NAME] => Йога
            [ACC] => 0
            [CNTTRAN] => 0
            [CNTTRANRESERV] => 0
        )

    [2] => Array
        (
            [KOD] => 794422
            [TIME_FROM] => 11:00
            [TIME_TO] => 12:00               
            [CLIENTS_CNT] => 0
            [TOV_NAME] => Stretching
            [ACC] => 0
            [CNTTRAN] => 2
            [CNTTRANRESERV] => 0
        )

    [3] => Array
        (
            [KOD] => 794526
            [TIME_FROM] => 12:00
            [TIME_TO] => 13:00               
            [CLIENTS_CNT] => 0
            [TOV_NAME] => CrossActivity
            [ACC] => 0
            [CNTTRAN] => 0
            [CNTTRANRESERV] => 0
        )

    [4] => Array
        (
            [KOD] => 794630
            [TIME_FROM] => 12:00
            [TIME_TO] => 13:00               
            [CLIENTS_CNT] => 0
            [TOV_NAME] => Паркур Kids
            [ACC] => 0
            [CNTTRAN] => 0
            [CNTTRANRESERV] => 0
        )

    [5] => Array
        (
            [KOD] => 794682
            [TIME_FROM] => 13:00
            [TIME_TO] => 14:00               
            [CLIENTS_CNT] => 0
            [TOV_NAME] => Паркур
            [ACC] => 0
            [CNTTRAN] => 0
            [CNTTRANRESERV] => 0
        )

)

[2025-12-27 09:36:26] [INFO] (/home3/redbarbe/public_html/telegram/webapps/action/ajax_get_tren.php:61) Array
(
    [KOD] => 794578
    [TIME_FROM] => 10:00
    [TIME_TO] => 11:00               
    [CLIENTS_CNT] => 0
    [TOV_NAME] => FitnessMix
    [ACC] => 0
    [CNTTRAN] => 0
    [CNTTRANRESERV] => 0
)

[2025-12-27 09:36:26] [INFO] (/home3/redbarbe/public_html/telegram/webapps/action/ajax_get_tren.php:61) Array
(
    [KOD] => 794474
    [TIME_FROM] => 10:00
    [TIME_TO] => 11:00               
    [CLIENTS_CNT] => 0
    [TOV_NAME] => Йога
    [ACC] => 0
    [CNTTRAN] => 0
    [CNTTRANRESERV] => 0
)

[2025-12-27 09:36:26] [INFO] (/home3/redbarbe/public_html/telegram/webapps/action/ajax_get_tren.php:61) Array
(
    [KOD] => 794422
    [TIME_FROM] => 11:00
    [TIME_TO] => 12:00               
    [CLIENTS_CNT] => 0
    [TOV_NAME] => Stretching
    [ACC] => 0
    [CNTTRAN] => 2
    [CNTTRANRESERV] => 0
)

[2025-12-27 09:36:26] [INFO] (/home3/redbarbe/public_html/telegram/webapps/action/ajax_get_tren.php:61) Array
(
    [KOD] => 794526
    [TIME_FROM] => 12:00
    [TIME_TO] => 13:00               
    [CLIENTS_CNT] => 0
    [TOV_NAME] => CrossActivity
    [ACC] => 0
    [CNTTRAN] => 0
    [CNTTRANRESERV] => 0
)

[2025-12-27 09:36:26] [INFO] (/home3/redbarbe/public_html/telegram/webapps/action/ajax_get_tren.php:61) Array
(
    [KOD] => 794630
    [TIME_FROM] => 12:00
    [TIME_TO] => 13:00               
    [CLIENTS_CNT] => 0
    [TOV_NAME] => Паркур Kids
    [ACC] => 0
    [CNTTRAN] => 0
    [CNTTRANRESERV] => 0
)

[2025-12-27 09:36:26] [INFO] (/home3/redbarbe/public_html/telegram/webapps/action/ajax_get_tren.php:61) Array
(
    [KOD] => 794682
    [TIME_FROM] => 13:00
    [TIME_TO] => 14:00               
    [CLIENTS_CNT] => 0
    [TOV_NAME] => Паркур
    [ACC] => 0
    [CNTTRAN] => 0
    [CNTTRANRESERV] => 0
)

[2025-12-27 09:52:10] [INFO] (/home3/redbarbe/public_html/telegram/webapps/action/ajax_get_tren.php:35) Array
(
    [0] => Array
        (
            [KOD] => 794578
            [TIME_FROM] => 10:00
            [TIME_TO] => 11:00               
            [CLIENTS_CNT] => 0
            [TOV_NAME] => FitnessMix
            [ACC] => 0
            [CNTTRAN] => 0
            [CNTTRANRESERV] => 0
        )

    [1] => Array
        (
            [KOD] => 794474
            [TIME_FROM] => 10:00
            [TIME_TO] => 11:00               
            [CLIENTS_CNT] => 0
            [TOV_NAME] => Йога
            [ACC] => 0
            [CNTTRAN] => 0
            [CNTTRANRESERV] => 0
        )

    [2] => Array
        (
            [KOD] => 794422
            [TIME_FROM] => 11:00
            [TIME_TO] => 12:00               
            [CLIENTS_CNT] => 0
            [TOV_NAME] => Stretching
            [ACC] => 0
            [CNTTRAN] => 2
            [CNTTRANRESERV] => 0
        )

    [3] => Array
        (
            [KOD] => 794526
            [TIME_FROM] => 12:00
            [TIME_TO] => 13:00               
            [CLIENTS_CNT] => 0
            [TOV_NAME] => CrossActivity
            [ACC] => 0
            [CNTTRAN] => 0
            [CNTTRANRESERV] => 0
        )

    [4] => Array
        (
            [KOD] => 794630
            [TIME_FROM] => 12:00
            [TIME_TO] => 13:00               
            [CLIENTS_CNT] => 0
            [TOV_NAME] => Паркур Kids
            [ACC] => 0
            [CNTTRAN] => 0
            [CNTTRANRESERV] => 0
        )

    [5] => Array
        (
            [KOD] => 794682
            [TIME_FROM] => 13:00
            [TIME_TO] => 14:00               
            [CLIENTS_CNT] => 0
            [TOV_NAME] => Паркур
            [ACC] => 0
            [CNTTRAN] => 0
            [CNTTRANRESERV] => 0
        )

)

[2025-12-27 09:52:10] [INFO] (/home3/redbarbe/public_html/telegram/webapps/action/ajax_get_tren.php:61) Array
(
    [KOD] => 794578
    [TIME_FROM] => 10:00
    [TIME_TO] => 11:00               
    [CLIENTS_CNT] => 0
    [TOV_NAME] => FitnessMix
    [ACC] => 0
    [CNTTRAN] => 0
    [CNTTRANRESERV] => 0
)

[2025-12-27 09:52:10] [INFO] (/home3/redbarbe/public_html/telegram/webapps/action/ajax_get_tren.php:61) Array
(
    [KOD] => 794474
    [TIME_FROM] => 10:00
    [TIME_TO] => 11:00               
    [CLIENTS_CNT] => 0
    [TOV_NAME] => Йога
    [ACC] => 0
    [CNTTRAN] => 0
    [CNTTRANRESERV] => 0
)

[2025-12-27 09:52:10] [INFO] (/home3/redbarbe/public_html/telegram/webapps/action/ajax_get_tren.php:61) Array
(
    [KOD] => 794422
    [TIME_FROM] => 11:00
    [TIME_TO] => 12:00               
    [CLIENTS_CNT] => 0
    [TOV_NAME] => Stretching
    [ACC] => 0
    [CNTTRAN] => 2
    [CNTTRANRESERV] => 0
)

[2025-12-27 09:52:10] [INFO] (/home3/redbarbe/public_html/telegram/webapps/action/ajax_get_tren.php:61) Array
(
    [KOD] => 794526
    [TIME_FROM] => 12:00
    [TIME_TO] => 13:00               
    [CLIENTS_CNT] => 0
    [TOV_NAME] => CrossActivity
    [ACC] => 0
    [CNTTRAN] => 0
    [CNTTRANRESERV] => 0
)

[2025-12-27 09:52:10] [INFO] (/home3/redbarbe/public_html/telegram/webapps/action/ajax_get_tren.php:61) Array
(
    [KOD] => 794630
    [TIME_FROM] => 12:00
    [TIME_TO] => 13:00               
    [CLIENTS_CNT] => 0
    [TOV_NAME] => Паркур Kids
    [ACC] => 0
    [CNTTRAN] => 0
    [CNTTRANRESERV] => 0
)

[2025-12-27 09:52:10] [INFO] (/home3/redbarbe/public_html/telegram/webapps/action/ajax_get_tren.php:61) Array
(
    [KOD] => 794682
    [TIME_FROM] => 13:00
    [TIME_TO] => 14:00               
    [CLIENTS_CNT] => 0
    [TOV_NAME] => Паркур
    [ACC] => 0
    [CNTTRAN] => 0
    [CNTTRANRESERV] => 0
)

[2025-12-27 09:52:14] [INFO] (/home3/redbarbe/public_html/telegram/webapps/action/ajax_fitness_zapis.php:22) Array
(
    [ajax_method] => 2
    [action] => ajax_fitness_zapis
    [dat] => 27.12.2025
    [acc] => 11568
    [trenid] => 794422
    [ost_all] => 100
    [ip_club] => 178.158.212.173
    [acctozapis] => 0
    [time_from] => 11:00
)

[2025-12-27 09:56:02] [INFO] (/home3/redbarbe/public_html/telegram/webapps/action/chart.php:29) SELECT a.name FROM `spr_acc` a, spr_users u 
WHERE u.active_account=a.acc and u.chat_id=a.chat_id and a.chat_id="1021250749"
and u.club=2 limit 1
[2025-12-27 09:56:02] [INFO] (/home3/redbarbe/public_html/telegram/webapps/action/chart.php:30) Array
(
    [action] => chart
    [club] => 2
    [acc] => 13603
    [chatadmin] => 1847184190
    [who_user_write] => 1021250749
    [chatid] => 1021250749
    [ip_club] => 178.151.119.180
)

[2025-12-27 10:02:45] [INFO] (/home3/redbarbe/public_html/telegram/webapps/action/hist_ind.php:16) SELECT a.name FROM `spr_acc` a, spr_users u WHERE u.active_account=a.acc and u.chat_id=a.chat_id and a.acc=13630 
and u.club=(select id from spr_clubs where ip_club="212.26.139.90") limit 1
[2025-12-27 10:02:45] [INFO] (/home3/redbarbe/public_html/telegram/webapps/action/hist_ind.php:17) hist_grp
[2025-12-27 10:02:45] [INFO] (/home3/redbarbe/public_html/telegram/webapps/action/hist_ind.php:108) Array
(
    [dbeg] => 27.09.2025
    [dend] => today
    [acc] => 13630
    [command] => get_ind_history
)

[2025-12-27 10:02:45] [INFO] (/home3/redbarbe/public_html/telegram/webapps/action/hist_ind.php:109) ip=212.26.139.90
[2025-12-27 10:03:30] [INFO] (/home3/redbarbe/public_html/telegram/webapps/action/ajax_fitness_zapis.php:22) Array
(
    [ajax_method] => 2
    [action] => ajax_fitness_zapis
    [dat] => 27.12.2025
    [acc] => 14322
    [trenid] => 794422
    [ost_all] => 100
    [ip_club] => 178.158.212.173
    [acctozapis] => 0
    [time_from] => 11:00
)

[2025-12-27 10:05:53] [INFO] (/home3/redbarbe/public_html/telegram/webapps/action/chart.php:29) SELECT a.name FROM `spr_acc` a, spr_users u 
WHERE u.active_account=a.acc and u.chat_id=a.chat_id and a.chat_id="1021250749"
and u.club=2 limit 1
[2025-12-27 10:05:53] [INFO] (/home3/redbarbe/public_html/telegram/webapps/action/chart.php:30) Array
(
    [action] => chart
    [club] => 2
    [admin] => 1
    [who_user_write] => 1847184190
    [chatid] => 1021250749
)

[2025-12-27 10:08:28] [INFO] (/home3/redbarbe/public_html/telegram/webapps/action/select_sotr.php:17) Array
(
    [action] => select_sotr
    [club] => -
    [club_ip] => 193.194.107.2
)

[2025-12-27 10:08:28] [INFO] (/home3/redbarbe/public_html/telegram/webapps/action/select_sotr.php:27) Array
(
    [0] => Array
        (
            [ROLE] => Тренер
            [ID] => 0302
            [NAME] => Брагин Денис
        )

    [1] => Array
        (
            [ROLE] => Тренер
            [ID] => 0323
            [NAME] => Букач Олег
        )

    [2] => Array
        (
            [ROLE] => Администратор фитнеса
            [ID] => 0103
            [NAME] => Бухтеева Ангелина
        )

    [3] => Array
        (
            [ROLE] => Тренер
            [ID] => 0350
            [NAME] => Воротинцева Анастасия
        )

    [4] => Array
        (
            [ROLE] => Главний бухгалтер
            [ID] => 0902
            [NAME] => Глав. Бух.
        )

    [5] => Array
        (
            [ROLE] => Тренер
            [ID] => 0304
            [NAME] => Данильченко Антон
        )

    [6] => Array
        (
            [ROLE] => Тренер
            [ID] => 0301
            [NAME] => Довлатов Егор
        )

    [7] => Array
        (
            [ROLE] => Тренер
            [ID] => 0331
            [NAME] => Еднак Назар
        )

    [8] => Array
        (
            [ROLE] => Тренер
            [ID] => 0328
            [NAME] => Ивашко Евгений
        )

    [9] => Array
        (
            [ROLE] => Тренер
            [ID] => 0307
            [NAME] => Колесник Ирина
        )

    [10] => Array
        (
            [ROLE] => Тренер
            [ID] => 0319
            [NAME] => Компричевська Таня
        )

    [11] => Array
        (
            [ROLE] => Тренер
            [ID] => 0326
            [NAME] => Корпан Анжелика
        )

    [12] => Array
        (
            [ROLE] => Тренер
            [ID] => 0312
            [NAME] => Крыжановский Павел
        )

    [13] => Array
        (
            [ROLE] => Тренер
            [ID] => 0313
            [NAME] => Кукурудзяк Руслан
        )

    [14] => Array
        (
            [ROLE] => Тренер
            [ID] => 0310
            [NAME] => Кушнир Андрей
        )

    [15] => Array
        (
            [ROLE] => Тренер
            [ID] => 0315
            [NAME] => Ломака Дмитро
        )

    [16] => Array
        (
            [ROLE] => Администратор фитнеса
            [ID] => 0101
            [NAME] => Мамай Вероніка
        )

    [17] => Array
        (
            [ROLE] => Тренер
            [ID] => 0324
            [NAME] => Назарчук Алина
        )

    [18] => Array
        (
            [ROLE] => Тренер
            [ID] => 0318
            [NAME] => Попова Анна
        )

    [19] => Array
        (
            [ROLE] => Тренер
            [ID] => 0311
            [NAME] => Резанов Александр
        )

    [20] => Array
        (
            [ROLE] => Администратор фитнеса
            [ID] => 0333
            [NAME] => Розколодько Марина
        )

    [21] => Array
        (
            [ROLE] => Тренер
            [ID] => 192
            [NAME] => Смишляк Денис
        )

    [22] => Array
        (
            [ROLE] => Администратор фитнеса
            [ID] => 0104
            [NAME] => Тихонюк Дарина Анатоліївна
        )

    [23] => Array
        (
            [ROLE] => Тренер
            [ID] => 0316
            [NAME] => Федащин Артур
        )

    [24] => Array
        (
            [ROLE] => Тренер
            [ID] => 0305
            [NAME] => Фортуна Дмитрий
        )

    [25] => Array
        (
            [ROLE] => Тренер
            [ID] => 0321
            [NAME] => Черняк Владислав
        )

    [26] => Array
        (
            [ROLE] => Головний адміністратор
            [ID] => 0901
            [NAME] => системный
        )

)

[2025-12-27 10:12:23] [INFO] (/home3/redbarbe/public_html/telegram/webapps/action/ajax_get_tren.php:35) Array
(
    [0] => Array
        (
            [KOD] => 749560
            [TIME_FROM] => 11:00
            [TIME_TO] => 12:00               
            [CLIENTS_CNT] => 5
            [TOV_NAME] => Cycle
            [ACC] => 0
            [CNTTRAN] => 0
            [CNTTRANRESERV] => 0
        )

    [1] => Array
        (
            [KOD] => 749610
            [TIME_FROM] => 12:00
            [TIME_TO] => 13:00               
            [CLIENTS_CNT] => 0
            [TOV_NAME] => Stretching
            [ACC] => 0
            [CNTTRAN] => 1
            [CNTTRANRESERV] => 0
        )

    [2] => Array
        (
            [KOD] => 749660
            [TIME_FROM] => 13:00
            [TIME_TO] => 14:00               
            [CLIENTS_CNT] => 0
            [TOV_NAME] => 90-60-90
            [ACC] => 0
            [CNTTRAN] => 0
            [CNTTRANRESERV] => 0
        )

)

[2025-12-27 10:12:23] [INFO] (/home3/redbarbe/public_html/telegram/webapps/action/ajax_get_tren.php:61) Array
(
    [KOD] => 749560
    [TIME_FROM] => 11:00
    [TIME_TO] => 12:00               
    [CLIENTS_CNT] => 5
    [TOV_NAME] => Cycle
    [ACC] => 0
    [CNTTRAN] => 0
    [CNTTRANRESERV] => 0
)

[2025-12-27 10:12:23] [INFO] (/home3/redbarbe/public_html/telegram/webapps/action/ajax_get_tren.php:61) Array
(
    [KOD] => 749610
    [TIME_FROM] => 12:00
    [TIME_TO] => 13:00               
    [CLIENTS_CNT] => 0
    [TOV_NAME] => Stretching
    [ACC] => 0
    [CNTTRAN] => 1
    [CNTTRANRESERV] => 0
)

[2025-12-27 10:12:23] [INFO] (/home3/redbarbe/public_html/telegram/webapps/action/ajax_get_tren.php:61) Array
(
    [KOD] => 749660
    [TIME_FROM] => 13:00
    [TIME_TO] => 14:00               
    [CLIENTS_CNT] => 0
    [TOV_NAME] => 90-60-90
    [ACC] => 0
    [CNTTRAN] => 0
    [CNTTRANRESERV] => 0
)

[2025-12-27 10:12:26] [INFO] (/home3/redbarbe/public_html/telegram/webapps/action/ajax_fitness_zapis.php:22) Array
(
    [ajax_method] => 2
    [action] => ajax_fitness_zapis
    [dat] => 28.12.2025
    [acc] => 14964
    [trenid] => 749560
    [ost_all] => 5
    [ip_club] => 178.158.212.173
    [acctozapis] => 0
    [time_from] => 11:00
)

[2025-12-27 10:15:08] [INFO] (/home3/redbarbe/public_html/telegram/webapps/action/hist_ind.php:16) SELECT a.name FROM `spr_acc` a, spr_users u WHERE u.active_account=a.acc and u.chat_id=a.chat_id and a.acc=15100 
and u.club=(select id from spr_clubs where ip_club="178.158.212.173") limit 1
[2025-12-27 10:15:08] [INFO] (/home3/redbarbe/public_html/telegram/webapps/action/hist_ind.php:17) hist_grp
[2025-12-27 10:15:08] [INFO] (/home3/redbarbe/public_html/telegram/webapps/action/hist_ind.php:108) Array
(
    [dbeg] => 27.09.2025
    [dend] => today
    [acc] => 15100
    [command] => get_ind_history
)

[2025-12-27 10:15:08] [INFO] (/home3/redbarbe/public_html/telegram/webapps/action/hist_ind.php:109) ip=178.158.212.173
[2025-12-27 10:15:15] [INFO] (/home3/redbarbe/public_html/telegram/webapps/action/hist_ost_poslug.php:12) SELECT a.name FROM `spr_acc` a, spr_users u WHERE u.active_account=a.acc and u.chat_id=a.chat_id and a.acc=15100 
and u.club=(select id from spr_clubs where ip_club="178.158.212.173") limit 1
[2025-12-27 10:15:15] [INFO] (/home3/redbarbe/public_html/telegram/webapps/action/hist_ost_poslug.php:13) hist_ost_poslug
[2025-12-27 10:15:15] [INFO] (/home3/redbarbe/public_html/telegram/webapps/action/hist_ost_poslug.php:104) Array
(
    [acc] => 15100
    [command] => GET_OST_POSLUG_ACC
)

[2025-12-27 10:15:15] [INFO] (/home3/redbarbe/public_html/telegram/webapps/action/hist_ost_poslug.php:105) ip=178.158.212.173
[2025-12-27 10:15:19] [INFO] (/home3/redbarbe/public_html/telegram/webapps/action/hist_grp.php:16) SELECT a.name FROM `spr_acc` a, spr_users u WHERE u.active_account=a.acc and u.chat_id=a.chat_id and a.acc=15100 
and u.club=(select id from spr_clubs where ip_club="178.158.212.173") limit 1
[2025-12-27 10:15:19] [INFO] (/home3/redbarbe/public_html/telegram/webapps/action/hist_grp.php:17) hist_grp
[2025-12-27 10:15:19] [INFO] (/home3/redbarbe/public_html/telegram/webapps/action/hist_grp.php:108) Array
(
    [dbeg] => 27.09.2025
    [dend] => today
    [acc] => 15100
    [command] => get_grp_history
)

[2025-12-27 10:15:19] [INFO] (/home3/redbarbe/public_html/telegram/webapps/action/hist_grp.php:109) ip=178.158.212.173
[2025-12-27 10:16:21] [INFO] (/home3/redbarbe/public_html/telegram/webapps/action/hist_ind.php:16) SELECT a.name FROM `spr_acc` a, spr_users u WHERE u.active_account=a.acc and u.chat_id=a.chat_id and a.acc=15100 
and u.club=(select id from spr_clubs where ip_club="178.158.212.173") limit 1
[2025-12-27 10:16:21] [INFO] (/home3/redbarbe/public_html/telegram/webapps/action/hist_ind.php:17) hist_grp
[2025-12-27 10:16:21] [INFO] (/home3/redbarbe/public_html/telegram/webapps/action/hist_ind.php:108) Array
(
    [dbeg] => 27.09.2025
    [dend] => today
    [acc] => 15100
    [command] => get_ind_history
)

[2025-12-27 10:16:21] [INFO] (/home3/redbarbe/public_html/telegram/webapps/action/hist_ind.php:109) ip=178.158.212.173
[2025-12-27 10:16:26] [INFO] (/home3/redbarbe/public_html/telegram/webapps/action/hist_grp.php:16) SELECT a.name FROM `spr_acc` a, spr_users u WHERE u.active_account=a.acc and u.chat_id=a.chat_id and a.acc=15100 
and u.club=(select id from spr_clubs where ip_club="178.158.212.173") limit 1
[2025-12-27 10:16:26] [INFO] (/home3/redbarbe/public_html/telegram/webapps/action/hist_grp.php:17) hist_grp
[2025-12-27 10:16:26] [INFO] (/home3/redbarbe/public_html/telegram/webapps/action/hist_grp.php:108) Array
(
    [dbeg] => 27.09.2025
    [dend] => today
    [acc] => 15100
    [command] => get_grp_history
)

[2025-12-27 10:16:26] [INFO] (/home3/redbarbe/public_html/telegram/webapps/action/hist_grp.php:109) ip=178.158.212.173
[2025-12-27 10:16:30] [INFO] (/home3/redbarbe/public_html/telegram/webapps/action/hist_ost_poslug.php:12) SELECT a.name FROM `spr_acc` a, spr_users u WHERE u.active_account=a.acc and u.chat_id=a.chat_id and a.acc=15100 
and u.club=(select id from spr_clubs where ip_club="178.158.212.173") limit 1
[2025-12-27 10:16:30] [INFO] (/home3/redbarbe/public_html/telegram/webapps/action/hist_ost_poslug.php:13) hist_ost_poslug
[2025-12-27 10:16:30] [INFO] (/home3/redbarbe/public_html/telegram/webapps/action/hist_ost_poslug.php:104) Array
(
    [acc] => 15100
    [command] => GET_OST_POSLUG_ACC
)

[2025-12-27 10:16:30] [INFO] (/home3/redbarbe/public_html/telegram/webapps/action/hist_ost_poslug.php:105) ip=178.158.212.173
[2025-12-27 10:25:34] [INFO] (/home3/redbarbe/public_html/telegram/webapps/action/select_sotr.php:17) Array
(
    [action] => select_sotr
    [club] => -
    [club_ip] => 178.151.119.180
)

[2025-12-27 10:25:34] [INFO] (/home3/redbarbe/public_html/telegram/webapps/action/select_sotr.php:27) Array
(
    [0] => Array
        (
            [ROLE] => Тренер
            [ID] => 0707
            [NAME] => Андрияш Анна
        )

    [1] => Array
        (
            [ROLE] => Администратор фитнеса
            [ID] => 0903
            [NAME] => Антонова Аліса
        )

    [2] => Array
        (
            [ROLE] => Тренер
            [ID] => 0302
            [NAME] => Аштема Александр
        )

    [3] => Array
        (
            [ROLE] => Тренер
            [ID] => 0399
            [NAME] => Біліч Лариса
        )

    [4] => Array
        (
            [ROLE] => Тренер
            [ID] => 0316
            [NAME] => Вєтрова Катя
        )

    [5] => Array
        (
            [ROLE] => Тренер
            [ID] => 0708
            [NAME] => Виноградов Александр
        )

    [6] => Array
        (
            [ROLE] => Администратор фитнеса
            [ID] => 0402
            [NAME] => Войтюк Мар'яна
        )

    [7] => Array
        (
            [ROLE] => Тренер
            [ID] => 0327
            [NAME] => Гармаш Владимир
        )

    [8] => Array
        (
            [ROLE] => Главний бухгалтер
            [ID] => 0902
            [NAME] => Глав. Бух.
        )

    [9] => Array
        (
            [ROLE] => Тренер
            [ID] => 0718
            [NAME] => Дворніков Дмитро 
        )

    [10] => Array
        (
            [ROLE] => Администратор фитнеса
            [ID] => 0101
            [NAME] => Дежурный
        )

    [11] => Array
        (
            [ROLE] => Администратор фитнеса
            [ID] => 0104
            [NAME] => Демченко Александра
        )

    [12] => Array
        (
            [ROLE] => Администратор фитнеса
            [ID] => 0102
            [NAME] => Дубинчук Наталья
        )

    [13] => Array
        (
            [ROLE] => Тренер
            [ID] => 0304
            [NAME] => Елецкая Светлана
        )

    [14] => Array
        (
            [ROLE] => Тренер
            [ID] => 0308
            [NAME] => Колесник Богдан
        )

    [15] => Array
        (
            [ROLE] => Тренер
            [ID] => 0312
            [NAME] => Крыжановский Павел
        )

    [16] => Array
        (
            [ROLE] => Тренер
            [ID] => 0313
            [NAME] => Кукурудзяк Руслан
        )

    [17] => Array
        (
            [ROLE] => Тренер
            [ID] => 0325
            [NAME] => Оруджева Юлія
        )

    [18] => Array
        (
            [ROLE] => Тренер
            [ID] => 0710
            [NAME] => Остафи Денис
        )

    [19] => Array
        (
            [ROLE] => Тренер
            [ID] => 0715
            [NAME] => Проломов Данил
        )

    [20] => Array
        (
            [ROLE] => Тренер
            [ID] => 0311
            [NAME] => Романовская Наталья
        )

    [21] => Array
        (
            [ROLE] => Тренер
            [ID] => 0717
            [NAME] => Самусенко Алена
        )

    [22] => Array
        (
            [ROLE] => Тренер
            [ID] => 0711
            [NAME] => Солянов Владислав
        )

    [23] => Array
        (
            [ROLE] => Тренер
            [ID] => 0326
            [NAME] => Тищенко Ольга
        )

    [24] => Array
        (
            [ROLE] => Тренер
            [ID] => 0310
            [NAME] => Фесенко Ира
        )

    [25] => Array
        (
            [ROLE] => Тренер
            [ID] => 0103
            [NAME] => Шевелько Руслан
        )

    [26] => Array
        (
            [ROLE] => Тренер
            [ID] => 0712
            [NAME] => Шевчук Вікторія
        )

    [27] => Array
        (
            [ROLE] => Головний адміністратор
            [ID] => 0901
            [NAME] => системный
        )

)

[2025-12-27 10:46:50] [INFO] (/home3/redbarbe/public_html/telegram/webapps/action/ajax_get_tren.php:35) Array
(
    [0] => Array
        (
            [KOD] => 798709
            [TIME_FROM] => 10:00
            [TIME_TO] => 11:00               
            [CLIENTS_CNT] => 0
            [TOV_NAME] => Stretching
            [ACC] => 0
            [CNTTRAN] => 0
            [CNTTRANRESERV] => 0
        )

    [1] => Array
        (
            [KOD] => 798352
            [TIME_FROM] => 10:00
            [TIME_TO] => 11:00               
            [CLIENTS_CNT] => 0
            [TOV_NAME] => Йога
            [ACC] => 0
            [CNTTRAN] => 0
            [CNTTRANRESERV] => 0
        )

    [2] => Array
        (
            [KOD] => 798505
            [TIME_FROM] => 18:00
            [TIME_TO] => 19:00               
            [CLIENTS_CNT] => 0
            [TOV_NAME] => Йога
            [ACC] => 0
            [CNTTRAN] => 0
            [CNTTRANRESERV] => 0
        )

    [3] => Array
        (
            [KOD] => 798556
            [TIME_FROM] => 18:00
            [TIME_TO] => 19:00               
            [CLIENTS_CNT] => 0
            [TOV_NAME] => Паркур Kids
            [ACC] => 0
            [CNTTRAN] => 0
            [CNTTRANRESERV] => 0
        )

    [4] => Array
        (
            [KOD] => 798403
            [TIME_FROM] => 19:00
            [TIME_TO] => 20:00               
            [CLIENTS_CNT] => 0
            [TOV_NAME] => Паркур
            [ACC] => 0
            [CNTTRAN] => 0
            [CNTTRANRESERV] => 0
        )

    [5] => Array
        (
            [KOD] => 798607
            [TIME_FROM] => 19:00
            [TIME_TO] => 20:00               
            [CLIENTS_CNT] => 0
            [TOV_NAME] => CrossActivity
            [ACC] => 0
            [CNTTRAN] => 0
            [CNTTRANRESERV] => 0
        )

    [6] => Array
        (
            [KOD] => 798454
            [TIME_FROM] => 19:00
            [TIME_TO] => 20:00               
            [CLIENTS_CNT] => 0
            [TOV_NAME] => FitnessMix
            [ACC] => 0
            [CNTTRAN] => 0
            [CNTTRANRESERV] => 0
        )

)

[2025-12-27 10:46:50] [INFO] (/home3/redbarbe/public_html/telegram/webapps/action/ajax_get_tren.php:61) Array
(
    [KOD] => 798709
    [TIME_FROM] => 10:00
    [TIME_TO] => 11:00               
    [CLIENTS_CNT] => 0
    [TOV_NAME] => Stretching
    [ACC] => 0
    [CNTTRAN] => 0
    [CNTTRANRESERV] => 0
)

[2025-12-27 10:46:50] [INFO] (/home3/redbarbe/public_html/telegram/webapps/action/ajax_get_tren.php:61) Array
(
    [KOD] => 798352
    [TIME_FROM] => 10:00
    [TIME_TO] => 11:00               
    [CLIENTS_CNT] => 0
    [TOV_NAME] => Йога
    [ACC] => 0
    [CNTTRAN] => 0
    [CNTTRANRESERV] => 0
)

[2025-12-27 10:46:50] [INFO] (/home3/redbarbe/public_html/telegram/webapps/action/ajax_get_tren.php:61) Array
(
    [KOD] => 798505
    [TIME_FROM] => 18:00
    [TIME_TO] => 19:00               
    [CLIENTS_CNT] => 0
    [TOV_NAME] => Йога
    [ACC] => 0
    [CNTTRAN] => 0
    [CNTTRANRESERV] => 0
)

[2025-12-27 10:46:50] [INFO] (/home3/redbarbe/public_html/telegram/webapps/action/ajax_get_tren.php:61) Array
(
    [KOD] => 798556
    [TIME_FROM] => 18:00
    [TIME_TO] => 19:00               
    [CLIENTS_CNT] => 0
    [TOV_NAME] => Паркур Kids
    [ACC] => 0
    [CNTTRAN] => 0
    [CNTTRANRESERV] => 0
)

[2025-12-27 10:46:50] [INFO] (/home3/redbarbe/public_html/telegram/webapps/action/ajax_get_tren.php:61) Array
(
    [KOD] => 798403
    [TIME_FROM] => 19:00
    [TIME_TO] => 20:00               
    [CLIENTS_CNT] => 0
    [TOV_NAME] => Паркур
    [ACC] => 0
    [CNTTRAN] => 0
    [CNTTRANRESERV] => 0
)

[2025-12-27 10:46:50] [INFO] (/home3/redbarbe/public_html/telegram/webapps/action/ajax_get_tren.php:61) Array
(
    [KOD] => 798607
    [TIME_FROM] => 19:00
    [TIME_TO] => 20:00               
    [CLIENTS_CNT] => 0
    [TOV_NAME] => CrossActivity
    [ACC] => 0
    [CNTTRAN] => 0
    [CNTTRANRESERV] => 0
)

[2025-12-27 10:46:50] [INFO] (/home3/redbarbe/public_html/telegram/webapps/action/ajax_get_tren.php:61) Array
(
    [KOD] => 798454
    [TIME_FROM] => 19:00
    [TIME_TO] => 20:00               
    [CLIENTS_CNT] => 0
    [TOV_NAME] => FitnessMix
    [ACC] => 0
    [CNTTRAN] => 0
    [CNTTRANRESERV] => 0
)

[2025-12-27 10:46:59] [INFO] (/home3/redbarbe/public_html/telegram/webapps/action/ajax_fitness_zapis.php:22) Array
(
    [ajax_method] => 2
    [action] => ajax_fitness_zapis
    [dat] => 30.12.2025
    [acc] => 15073
    [trenid] => 798709
    [ost_all] => 100
    [ip_club] => 178.158.212.173
    [acctozapis] => 0
    [time_from] => 10:00
)

[2025-12-27 11:17:15] [INFO] (/home3/redbarbe/public_html/telegram/webapps/action/hist_ind.php:16) SELECT a.name FROM `spr_acc` a, spr_users u WHERE u.active_account=a.acc and u.chat_id=a.chat_id and a.acc=15099 
and u.club=(select id from spr_clubs where ip_club="178.158.212.173") limit 1
[2025-12-27 11:17:15] [INFO] (/home3/redbarbe/public_html/telegram/webapps/action/hist_ind.php:17) hist_grp
[2025-12-27 11:17:15] [INFO] (/home3/redbarbe/public_html/telegram/webapps/action/hist_ind.php:108) Array
(
    [dbeg] => 27.09.2025
    [dend] => today
    [acc] => 15099
    [command] => get_ind_history
)

[2025-12-27 11:17:15] [INFO] (/home3/redbarbe/public_html/telegram/webapps/action/hist_ind.php:109) ip=178.158.212.173
[2025-12-27 11:17:35] [INFO] (/home3/redbarbe/public_html/telegram/webapps/action/hist_ind.php:16) SELECT a.name FROM `spr_acc` a, spr_users u WHERE u.active_account=a.acc and u.chat_id=a.chat_id and a.acc=13638 
and u.club=(select id from spr_clubs where ip_club="212.26.139.90") limit 1
[2025-12-27 11:17:35] [INFO] (/home3/redbarbe/public_html/telegram/webapps/action/hist_ind.php:17) hist_grp
[2025-12-27 11:17:35] [INFO] (/home3/redbarbe/public_html/telegram/webapps/action/hist_ind.php:108) Array
(
    [dbeg] => 27.09.2025
    [dend] => today
    [acc] => 13638
    [command] => get_ind_history
)

[2025-12-27 11:17:35] [INFO] (/home3/redbarbe/public_html/telegram/webapps/action/hist_ind.php:109) ip=212.26.139.90
[2025-12-27 11:17:38] [INFO] (/home3/redbarbe/public_html/telegram/webapps/reports/report_pers_detal.php:22) Array
(
)

[2025-12-27 11:17:39] [INFO] (/home3/redbarbe/public_html/telegram/webapps/action/hist_grp.php:16) SELECT a.name FROM `spr_acc` a, spr_users u WHERE u.active_account=a.acc and u.chat_id=a.chat_id and a.acc=13638 
and u.club=(select id from spr_clubs where ip_club="212.26.139.90") limit 1
[2025-12-27 11:17:39] [INFO] (/home3/redbarbe/public_html/telegram/webapps/action/hist_grp.php:17) hist_grp
[2025-12-27 11:17:39] [INFO] (/home3/redbarbe/public_html/telegram/webapps/action/hist_grp.php:108) Array
(
    [dbeg] => 27.09.2025
    [dend] => today
    [acc] => 13638
    [command] => get_grp_history
)

[2025-12-27 11:17:39] [INFO] (/home3/redbarbe/public_html/telegram/webapps/action/hist_grp.php:109) ip=212.26.139.90
[2025-12-27 11:17:50] [INFO] (/home3/redbarbe/public_html/telegram/webapps/reports/report_pers_detal.php:22) Array
(
    [ajax_method] => 2
    [action] => report_pers_detal
    [action_report] => report_view
    [admin] => 5
    [date_from] => 27.12.2025
    [date_to] => 27.12.2025
    [ip_club] => 178.151.119.180
    [podr] => all
    [sotr] => 0326
)

[2025-12-27 11:19:49] [INFO] (/home3/redbarbe/public_html/telegram/webapps/action/select_sotr.php:17) Array
(
    [action] => select_sotr
    [club] => -
    [club_ip] => 193.194.107.2
)

[2025-12-27 11:19:49] [INFO] (/home3/redbarbe/public_html/telegram/webapps/action/select_sotr.php:27) Array
(
    [0] => Array
        (
            [ROLE] => Тренер
            [ID] => 0302
            [NAME] => Брагин Денис
        )

    [1] => Array
        (
            [ROLE] => Тренер
            [ID] => 0323
            [NAME] => Букач Олег
        )

    [2] => Array
        (
            [ROLE] => Администратор фитнеса
            [ID] => 0103
            [NAME] => Бухтеева Ангелина
        )

    [3] => Array
        (
            [ROLE] => Тренер
            [ID] => 0350
            [NAME] => Воротинцева Анастасия
        )

    [4] => Array
        (
            [ROLE] => Главний бухгалтер
            [ID] => 0902
            [NAME] => Глав. Бух.
        )

    [5] => Array
        (
            [ROLE] => Тренер
            [ID] => 0304
            [NAME] => Данильченко Антон
        )

    [6] => Array
        (
            [ROLE] => Тренер
            [ID] => 0301
            [NAME] => Довлатов Егор
        )

    [7] => Array
        (
            [ROLE] => Тренер
            [ID] => 0331
            [NAME] => Еднак Назар
        )

    [8] => Array
        (
            [ROLE] => Тренер
            [ID] => 0328
            [NAME] => Ивашко Евгений
        )

    [9] => Array
        (
            [ROLE] => Тренер
            [ID] => 0307
            [NAME] => Колесник Ирина
        )

    [10] => Array
        (
            [ROLE] => Тренер
            [ID] => 0319
            [NAME] => Компричевська Таня
        )

    [11] => Array
        (
            [ROLE] => Тренер
            [ID] => 0326
            [NAME] => Корпан Анжелика
        )

    [12] => Array
        (
            [ROLE] => Тренер
            [ID] => 0312
            [NAME] => Крыжановский Павел
        )

    [13] => Array
        (
            [ROLE] => Тренер
            [ID] => 0313
            [NAME] => Кукурудзяк Руслан
        )

    [14] => Array
        (
            [ROLE] => Тренер
            [ID] => 0310
            [NAME] => Кушнир Андрей
        )

    [15] => Array
        (
            [ROLE] => Тренер
            [ID] => 0315
            [NAME] => Ломака Дмитро
        )

    [16] => Array
        (
            [ROLE] => Администратор фитнеса
            [ID] => 0101
            [NAME] => Мамай Вероніка
        )

    [17] => Array
        (
            [ROLE] => Тренер
            [ID] => 0324
            [NAME] => Назарчук Алина
        )

    [18] => Array
        (
            [ROLE] => Тренер
            [ID] => 0318
            [NAME] => Попова Анна
        )

    [19] => Array
        (
            [ROLE] => Тренер
            [ID] => 0311
            [NAME] => Резанов Александр
        )

    [20] => Array
        (
            [ROLE] => Администратор фитнеса
            [ID] => 0333
            [NAME] => Розколодько Марина
        )

    [21] => Array
        (
            [ROLE] => Тренер
            [ID] => 192
            [NAME] => Смишляк Денис
        )

    [22] => Array
        (
            [ROLE] => Администратор фитнеса
            [ID] => 0104
            [NAME] => Тихонюк Дарина Анатоліївна
        )

    [23] => Array
        (
            [ROLE] => Тренер
            [ID] => 0316
            [NAME] => Федащин Артур
        )

    [24] => Array
        (
            [ROLE] => Тренер
            [ID] => 0305
            [NAME] => Фортуна Дмитрий
        )

    [25] => Array
        (
            [ROLE] => Тренер
            [ID] => 0321
            [NAME] => Черняк Владислав
        )

    [26] => Array
        (
            [ROLE] => Головний адміністратор
            [ID] => 0901
            [NAME] => системный
        )

)

[2025-12-27 11:28:27] [INFO] (/home3/redbarbe/public_html/telegram/webapps/action/ajax_get_tren.php:35) Нет связи с сервером
[2025-12-27 11:29:08] [INFO] (/home3/redbarbe/public_html/telegram/webapps/action/ajax_get_tren.php:35) Нет связи с сервером
[2025-12-27 11:29:45] [INFO] (/home3/redbarbe/public_html/telegram/webapps/action/ajax_get_tren.php:35) Нет связи с сервером
[2025-12-27 11:30:26] [INFO] (/home3/redbarbe/public_html/telegram/webapps/action/ajax_get_tren.php:35) Нет связи с сервером
[2025-12-27 11:30:32] [INFO] (/home3/redbarbe/public_html/telegram/webapps/action/hist_ost_poslug.php:12) SELECT a.name FROM `spr_acc` a, spr_users u WHERE u.active_account=a.acc and u.chat_id=a.chat_id and a.acc=13638 
and u.club=(select id from spr_clubs where ip_club="212.26.139.90") limit 1
[2025-12-27 11:30:32] [INFO] (/home3/redbarbe/public_html/telegram/webapps/action/hist_ost_poslug.php:13) hist_ost_poslug
[2025-12-27 11:30:32] [INFO] (/home3/redbarbe/public_html/telegram/webapps/action/hist_ost_poslug.php:104) Array
(
    [acc] => 13638
    [command] => GET_OST_POSLUG_ACC
)

[2025-12-27 11:30:32] [INFO] (/home3/redbarbe/public_html/telegram/webapps/action/hist_ost_poslug.php:105) ip=212.26.139.90
[2025-12-27 11:30:42] [INFO] (/home3/redbarbe/public_html/telegram/webapps/action/ajax_get_tren.php:35) Нет связи с сервером
[2025-12-27 11:34:28] [INFO] (/home3/redbarbe/public_html/telegram/webapps/action/ajax_get_tren.php:35) Array
(
    [0] => Array
        (
            [KOD] => 794578
            [TIME_FROM] => 10:00
            [TIME_TO] => 11:00               
            [CLIENTS_CNT] => 0
            [TOV_NAME] => FitnessMix
            [ACC] => 0
            [CNTTRAN] => 0
            [CNTTRANRESERV] => 0
        )

    [1] => Array
        (
            [KOD] => 794474
            [TIME_FROM] => 10:00
            [TIME_TO] => 11:00               
            [CLIENTS_CNT] => 0
            [TOV_NAME] => Йога
            [ACC] => 0
            [CNTTRAN] => 0
            [CNTTRANRESERV] => 0
        )

    [2] => Array
        (
            [KOD] => 794422
            [TIME_FROM] => 11:00
            [TIME_TO] => 12:00               
            [CLIENTS_CNT] => 0
            [TOV_NAME] => Stretching
            [ACC] => 0
            [CNTTRAN] => 4
            [CNTTRANRESERV] => 0
        )

    [3] => Array
        (
            [KOD] => 794526
            [TIME_FROM] => 12:00
            [TIME_TO] => 13:00               
            [CLIENTS_CNT] => 0
            [TOV_NAME] => CrossActivity
            [ACC] => 0
            [CNTTRAN] => 0
            [CNTTRANRESERV] => 0
        )

    [4] => Array
        (
            [KOD] => 794630
            [TIME_FROM] => 12:00
            [TIME_TO] => 13:00               
            [CLIENTS_CNT] => 0
            [TOV_NAME] => Паркур Kids
            [ACC] => 0
            [CNTTRAN] => 0
            [CNTTRANRESERV] => 0
        )

    [5] => Array
        (
            [KOD] => 794682
            [TIME_FROM] => 13:00
            [TIME_TO] => 14:00               
            [CLIENTS_CNT] => 0
            [TOV_NAME] => Паркур
            [ACC] => 0
            [CNTTRAN] => 0
            [CNTTRANRESERV] => 0
        )

)

[2025-12-27 11:34:28] [INFO] (/home3/redbarbe/public_html/telegram/webapps/action/ajax_get_tren.php:61) Array
(
    [KOD] => 794578
    [TIME_FROM] => 10:00
    [TIME_TO] => 11:00               
    [CLIENTS_CNT] => 0
    [TOV_NAME] => FitnessMix
    [ACC] => 0
    [CNTTRAN] => 0
    [CNTTRANRESERV] => 0
)

[2025-12-27 11:34:28] [INFO] (/home3/redbarbe/public_html/telegram/webapps/action/ajax_get_tren.php:61) Array
(
    [KOD] => 794474
    [TIME_FROM] => 10:00
    [TIME_TO] => 11:00               
    [CLIENTS_CNT] => 0
    [TOV_NAME] => Йога
    [ACC] => 0
    [CNTTRAN] => 0
    [CNTTRANRESERV] => 0
)

[2025-12-27 11:34:28] [INFO] (/home3/redbarbe/public_html/telegram/webapps/action/ajax_get_tren.php:61) Array
(
    [KOD] => 794422
    [TIME_FROM] => 11:00
    [TIME_TO] => 12:00               
    [CLIENTS_CNT] => 0
    [TOV_NAME] => Stretching
    [ACC] => 0
    [CNTTRAN] => 4
    [CNTTRANRESERV] => 0
)

[2025-12-27 11:34:28] [INFO] (/home3/redbarbe/public_html/telegram/webapps/action/ajax_get_tren.php:61) Array
(
    [KOD] => 794526
    [TIME_FROM] => 12:00
    [TIME_TO] => 13:00               
    [CLIENTS_CNT] => 0
    [TOV_NAME] => CrossActivity
    [ACC] => 0
    [CNTTRAN] => 0
    [CNTTRANRESERV] => 0
)

[2025-12-27 11:34:28] [INFO] (/home3/redbarbe/public_html/telegram/webapps/action/ajax_get_tren.php:61) Array
(
    [KOD] => 794630
    [TIME_FROM] => 12:00
    [TIME_TO] => 13:00               
    [CLIENTS_CNT] => 0
    [TOV_NAME] => Паркур Kids
    [ACC] => 0
    [CNTTRAN] => 0
    [CNTTRANRESERV] => 0
)

[2025-12-27 11:34:28] [INFO] (/home3/redbarbe/public_html/telegram/webapps/action/ajax_get_tren.php:61) Array
(
    [KOD] => 794682
    [TIME_FROM] => 13:00
    [TIME_TO] => 14:00               
    [CLIENTS_CNT] => 0
    [TOV_NAME] => Паркур
    [ACC] => 0
    [CNTTRAN] => 0
    [CNTTRANRESERV] => 0
)

[2025-12-27 11:34:34] [INFO] (/home3/redbarbe/public_html/telegram/webapps/action/ajax_get_tren.php:35) Array
(
    [0] => Array
        (
            [KOD] => 794578
            [TIME_FROM] => 10:00
            [TIME_TO] => 11:00               
            [CLIENTS_CNT] => 0
            [TOV_NAME] => FitnessMix
            [ACC] => 0
            [CNTTRAN] => 0
            [CNTTRANRESERV] => 0
        )

    [1] => Array
        (
            [KOD] => 794474
            [TIME_FROM] => 10:00
            [TIME_TO] => 11:00               
            [CLIENTS_CNT] => 0
            [TOV_NAME] => Йога
            [ACC] => 0
            [CNTTRAN] => 0
            [CNTTRANRESERV] => 0
        )

    [2] => Array
        (
            [KOD] => 794422
            [TIME_FROM] => 11:00
            [TIME_TO] => 12:00               
            [CLIENTS_CNT] => 0
            [TOV_NAME] => Stretching
            [ACC] => 0
            [CNTTRAN] => 4
            [CNTTRANRESERV] => 0
        )

    [3] => Array
        (
            [KOD] => 794526
            [TIME_FROM] => 12:00
            [TIME_TO] => 13:00               
            [CLIENTS_CNT] => 0
            [TOV_NAME] => CrossActivity
            [ACC] => 0
            [CNTTRAN] => 0
            [CNTTRANRESERV] => 0
        )

    [4] => Array
        (
            [KOD] => 794630
            [TIME_FROM] => 12:00
            [TIME_TO] => 13:00               
            [CLIENTS_CNT] => 0
            [TOV_NAME] => Паркур Kids
            [ACC] => 0
            [CNTTRAN] => 0
            [CNTTRANRESERV] => 0
        )

    [5] => Array
        (
            [KOD] => 794682
            [TIME_FROM] => 13:00
            [TIME_TO] => 14:00               
            [CLIENTS_CNT] => 0
            [TOV_NAME] => Паркур
            [ACC] => 0
            [CNTTRAN] => 0
            [CNTTRANRESERV] => 0
        )

)

[2025-12-27 11:34:34] [INFO] (/home3/redbarbe/public_html/telegram/webapps/action/ajax_get_tren.php:61) Array
(
    [KOD] => 794578
    [TIME_FROM] => 10:00
    [TIME_TO] => 11:00               
    [CLIENTS_CNT] => 0
    [TOV_NAME] => FitnessMix
    [ACC] => 0
    [CNTTRAN] => 0
    [CNTTRANRESERV] => 0
)

[2025-12-27 11:34:34] [INFO] (/home3/redbarbe/public_html/telegram/webapps/action/ajax_get_tren.php:61) Array
(
    [KOD] => 794474
    [TIME_FROM] => 10:00
    [TIME_TO] => 11:00               
    [CLIENTS_CNT] => 0
    [TOV_NAME] => Йога
    [ACC] => 0
    [CNTTRAN] => 0
    [CNTTRANRESERV] => 0
)

[2025-12-27 11:34:34] [INFO] (/home3/redbarbe/public_html/telegram/webapps/action/ajax_get_tren.php:61) Array
(
    [KOD] => 794422
    [TIME_FROM] => 11:00
    [TIME_TO] => 12:00               
    [CLIENTS_CNT] => 0
    [TOV_NAME] => Stretching
    [ACC] => 0
    [CNTTRAN] => 4
    [CNTTRANRESERV] => 0
)

[2025-12-27 11:34:34] [INFO] (/home3/redbarbe/public_html/telegram/webapps/action/ajax_get_tren.php:61) Array
(
    [KOD] => 794526
    [TIME_FROM] => 12:00
    [TIME_TO] => 13:00               
    [CLIENTS_CNT] => 0
    [TOV_NAME] => CrossActivity
    [ACC] => 0
    [CNTTRAN] => 0
    [CNTTRANRESERV] => 0
)

[2025-12-27 11:34:34] [INFO] (/home3/redbarbe/public_html/telegram/webapps/action/ajax_get_tren.php:61) Array
(
    [KOD] => 794630
    [TIME_FROM] => 12:00
    [TIME_TO] => 13:00               
    [CLIENTS_CNT] => 0
    [TOV_NAME] => Паркур Kids
    [ACC] => 0
    [CNTTRAN] => 0
    [CNTTRANRESERV] => 0
)

[2025-12-27 11:34:34] [INFO] (/home3/redbarbe/public_html/telegram/webapps/action/ajax_get_tren.php:61) Array
(
    [KOD] => 794682
    [TIME_FROM] => 13:00
    [TIME_TO] => 14:00               
    [CLIENTS_CNT] => 0
    [TOV_NAME] => Паркур
    [ACC] => 0
    [CNTTRAN] => 0
    [CNTTRANRESERV] => 0
)

[2025-12-27 11:34:36] [INFO] (/home3/redbarbe/public_html/telegram/webapps/action/ajax_fitness_zapis.php:22) Array
(
    [ajax_method] => 2
    [action] => ajax_fitness_zapis
    [dat] => 27.12.2025
    [acc] => 15071
    [trenid] => 794682
    [ost_all] => 100
    [ip_club] => 178.158.212.173
    [acctozapis] => 0
    [time_from] => 13:00
)

[2025-12-27 11:34:39] [INFO] (/home3/redbarbe/public_html/telegram/webapps/action/ajax_get_tren.php:35) Array
(
    [0] => Array
        (
            [KOD] => 794578
            [TIME_FROM] => 10:00
            [TIME_TO] => 11:00               
            [CLIENTS_CNT] => 0
            [TOV_NAME] => FitnessMix
            [ACC] => 0
            [CNTTRAN] => 0
            [CNTTRANRESERV] => 0
        )

    [1] => Array
        (
            [KOD] => 794474
            [TIME_FROM] => 10:00
            [TIME_TO] => 11:00               
            [CLIENTS_CNT] => 0
            [TOV_NAME] => Йога
            [ACC] => 0
            [CNTTRAN] => 0
            [CNTTRANRESERV] => 0
        )

    [2] => Array
        (
            [KOD] => 794422
            [TIME_FROM] => 11:00
            [TIME_TO] => 12:00               
            [CLIENTS_CNT] => 0
            [TOV_NAME] => Stretching
            [ACC] => 0
            [CNTTRAN] => 4
            [CNTTRANRESERV] => 0
        )

    [3] => Array
        (
            [KOD] => 794526
            [TIME_FROM] => 12:00
            [TIME_TO] => 13:00               
            [CLIENTS_CNT] => 0
            [TOV_NAME] => CrossActivity
            [ACC] => 0
            [CNTTRAN] => 0
            [CNTTRANRESERV] => 0
        )

    [4] => Array
        (
            [KOD] => 794630
            [TIME_FROM] => 12:00
            [TIME_TO] => 13:00               
            [CLIENTS_CNT] => 0
            [TOV_NAME] => Паркур Kids
            [ACC] => 0
            [CNTTRAN] => 0
            [CNTTRANRESERV] => 0
        )

    [5] => Array
        (
            [KOD] => 794682
            [TIME_FROM] => 13:00
            [TIME_TO] => 14:00               
            [CLIENTS_CNT] => 0
            [TOV_NAME] => Паркур
            [ACC] => 0
            [CNTTRAN] => 0
            [CNTTRANRESERV] => 0
        )

)

[2025-12-27 11:34:39] [INFO] (/home3/redbarbe/public_html/telegram/webapps/action/ajax_get_tren.php:61) Array
(
    [KOD] => 794578
    [TIME_FROM] => 10:00
    [TIME_TO] => 11:00               
    [CLIENTS_CNT] => 0
    [TOV_NAME] => FitnessMix
    [ACC] => 0
    [CNTTRAN] => 0
    [CNTTRANRESERV] => 0
)

[2025-12-27 11:34:39] [INFO] (/home3/redbarbe/public_html/telegram/webapps/action/ajax_get_tren.php:61) Array
(
    [KOD] => 794474
    [TIME_FROM] => 10:00
    [TIME_TO] => 11:00               
    [CLIENTS_CNT] => 0
    [TOV_NAME] => Йога
    [ACC] => 0
    [CNTTRAN] => 0
    [CNTTRANRESERV] => 0
)

[2025-12-27 11:34:39] [INFO] (/home3/redbarbe/public_html/telegram/webapps/action/ajax_get_tren.php:61) Array
(
    [KOD] => 794422
    [TIME_FROM] => 11:00
    [TIME_TO] => 12:00               
    [CLIENTS_CNT] => 0
    [TOV_NAME] => Stretching
    [ACC] => 0
    [CNTTRAN] => 4
    [CNTTRANRESERV] => 0
)

[2025-12-27 11:34:39] [INFO] (/home3/redbarbe/public_html/telegram/webapps/action/ajax_get_tren.php:61) Array
(
    [KOD] => 794526
    [TIME_FROM] => 12:00
    [TIME_TO] => 13:00               
    [CLIENTS_CNT] => 0
    [TOV_NAME] => CrossActivity
    [ACC] => 0
    [CNTTRAN] => 0
    [CNTTRANRESERV] => 0
)

[2025-12-27 11:34:39] [INFO] (/home3/redbarbe/public_html/telegram/webapps/action/ajax_get_tren.php:61) Array
(
    [KOD] => 794630
    [TIME_FROM] => 12:00
    [TIME_TO] => 13:00               
    [CLIENTS_CNT] => 0
    [TOV_NAME] => Паркур Kids
    [ACC] => 0
    [CNTTRAN] => 0
    [CNTTRANRESERV] => 0
)

[2025-12-27 11:34:39] [INFO] (/home3/redbarbe/public_html/telegram/webapps/action/ajax_get_tren.php:61) Array
(
    [KOD] => 794682
    [TIME_FROM] => 13:00
    [TIME_TO] => 14:00               
    [CLIENTS_CNT] => 0
    [TOV_NAME] => Паркур
    [ACC] => 0
    [CNTTRAN] => 0
    [CNTTRANRESERV] => 0
)

[2025-12-27 11:34:56] [INFO] (/home3/redbarbe/public_html/telegram/webapps/action/ajax_get_tren.php:35) Нет связи с сервером
[2025-12-27 11:35:09] [INFO] (/home3/redbarbe/public_html/telegram/webapps/action/ajax_get_tren.php:35) Нет связи с сервером
[2025-12-27 11:45:11] [INFO] (/home3/redbarbe/public_html/telegram/webapps/reports/report_pers_detal.php:22) Array
(
)

[2025-12-27 11:45:26] [INFO] (/home3/redbarbe/public_html/telegram/webapps/reports/report_pers_detal.php:22) Array
(
    [ajax_method] => 2
    [action] => report_pers_detal
    [action_report] => report_view
    [admin] => 5
    [date_from] => 01.10.2025
    [date_to] => 31.10.2025
    [ip_club] => 212.26.139.90
    [podr] => grp
    [sotr] => 03352
)

[2025-12-27 12:17:46] [INFO] (/home3/redbarbe/public_html/telegram/webapps/reports/report_pers_detal.php:22) Array
(
)

[2025-12-27 12:18:03] [INFO] (/home3/redbarbe/public_html/telegram/webapps/reports/report_pers_detal.php:22) Array
(
    [ajax_method] => 2
    [action] => report_pers_detal
    [action_report] => report_view
    [admin] => 5
    [date_from] => 27.12.2025
    [date_to] => 27.12.2025
    [ip_club] => 178.151.119.180
    [podr] => grp
    [sotr] => 0316
)

[2025-12-27 12:25:00] [INFO] (/home3/redbarbe/public_html/telegram/webapps/action/select_sotr.php:17) Array
(
    [action] => select_sotr
    [club] => -
    [club_ip] => 178.151.119.180
)

[2025-12-27 12:25:00] [INFO] (/home3/redbarbe/public_html/telegram/webapps/action/select_sotr.php:27) Array
(
    [0] => Array
        (
            [ROLE] => Тренер
            [ID] => 0707
            [NAME] => Андрияш Анна
        )

    [1] => Array
        (
            [ROLE] => Администратор фитнеса
            [ID] => 0903
            [NAME] => Антонова Аліса
        )

    [2] => Array
        (
            [ROLE] => Тренер
            [ID] => 0302
            [NAME] => Аштема Александр
        )

    [3] => Array
        (
            [ROLE] => Тренер
            [ID] => 0399
            [NAME] => Біліч Лариса
        )

    [4] => Array
        (
            [ROLE] => Тренер
            [ID] => 0316
            [NAME] => Вєтрова Катя
        )

    [5] => Array
        (
            [ROLE] => Тренер
            [ID] => 0708
            [NAME] => Виноградов Александр
        )

    [6] => Array
        (
            [ROLE] => Администратор фитнеса
            [ID] => 0402
            [NAME] => Войтюк Мар'яна
        )

    [7] => Array
        (
            [ROLE] => Тренер
            [ID] => 0327
            [NAME] => Гармаш Владимир
        )

    [8] => Array
        (
            [ROLE] => Главний бухгалтер
            [ID] => 0902
            [NAME] => Глав. Бух.
        )

    [9] => Array
        (
            [ROLE] => Тренер
            [ID] => 0718
            [NAME] => Дворніков Дмитро 
        )

    [10] => Array
        (
            [ROLE] => Администратор фитнеса
            [ID] => 0101
            [NAME] => Дежурный
        )

    [11] => Array
        (
            [ROLE] => Администратор фитнеса
            [ID] => 0104
            [NAME] => Демченко Александра
        )

    [12] => Array
        (
            [ROLE] => Администратор фитнеса
            [ID] => 0102
            [NAME] => Дубинчук Наталья
        )

    [13] => Array
        (
            [ROLE] => Тренер
            [ID] => 0304
            [NAME] => Елецкая Светлана
        )

    [14] => Array
        (
            [ROLE] => Тренер
            [ID] => 0308
            [NAME] => Колесник Богдан
        )

    [15] => Array
        (
            [ROLE] => Тренер
            [ID] => 0312
            [NAME] => Крыжановский Павел
        )

    [16] => Array
        (
            [ROLE] => Тренер
            [ID] => 0313
            [NAME] => Кукурудзяк Руслан
        )

    [17] => Array
        (
            [ROLE] => Тренер
            [ID] => 0325
            [NAME] => Оруджева Юлія
        )

    [18] => Array
        (
            [ROLE] => Тренер
            [ID] => 0710
            [NAME] => Остафи Денис
        )

    [19] => Array
        (
            [ROLE] => Тренер
            [ID] => 0715
            [NAME] => Проломов Данил
        )

    [20] => Array
        (
            [ROLE] => Тренер
            [ID] => 0311
            [NAME] => Романовская Наталья
        )

    [21] => Array
        (
            [ROLE] => Тренер
            [ID] => 0717
            [NAME] => Самусенко Алена
        )

    [22] => Array
        (
            [ROLE] => Тренер
            [ID] => 0711
            [NAME] => Солянов Владислав
        )

    [23] => Array
        (
            [ROLE] => Тренер
            [ID] => 0326
            [NAME] => Тищенко Ольга
        )

    [24] => Array
        (
            [ROLE] => Тренер
            [ID] => 0310
            [NAME] => Фесенко Ира
        )

    [25] => Array
        (
            [ROLE] => Тренер
            [ID] => 0103
            [NAME] => Шевелько Руслан
        )

    [26] => Array
        (
            [ROLE] => Тренер
            [ID] => 0712
            [NAME] => Шевчук Вікторія
        )

    [27] => Array
        (
            [ROLE] => Головний адміністратор
            [ID] => 0901
            [NAME] => системный
        )

)

[2025-12-27 12:37:45] [INFO] (/home3/redbarbe/public_html/telegram/webapps/action/chart.php:29) SELECT a.name FROM `spr_acc` a, spr_users u 
WHERE u.active_account=a.acc and u.chat_id=a.chat_id and a.chat_id="1021250749"
and u.club=2 limit 1
[2025-12-27 12:37:45] [INFO] (/home3/redbarbe/public_html/telegram/webapps/action/chart.php:30) Array
(
    [action] => chart
    [club] => 2
    [acc] => 13603
    [chatadmin] => 1847184190
    [who_user_write] => 1021250749
    [chatid] => 1021250749
    [ip_club] => 178.151.119.180
)

[2025-12-27 12:38:14] [INFO] (/home3/redbarbe/public_html/telegram/webapps/action/chart.php:29) SELECT a.name FROM `spr_acc` a, spr_users u 
WHERE u.active_account=a.acc and u.chat_id=a.chat_id and a.chat_id="1021250749"
and u.club=2 limit 1
[2025-12-27 12:38:14] [INFO] (/home3/redbarbe/public_html/telegram/webapps/action/chart.php:30) Array
(
    [action] => chart
    [club] => 2
    [admin] => 1
    [who_user_write] => 1847184190
    [chatid] => 1021250749
)

[2025-12-27 12:40:25] [INFO] (/home3/redbarbe/public_html/telegram/webapps/reports/report_pers_detal.php:22) Array
(
)

[2025-12-27 12:40:33] [INFO] (/home3/redbarbe/public_html/telegram/webapps/reports/report_pers_detal.php:22) Array
(
    [ajax_method] => 2
    [action] => report_pers_detal
    [action_report] => report_view
    [admin] => 5
    [date_from] => 27.12.2025
    [date_to] => 27.12.2025
    [ip_club] => 178.158.212.173
    [podr] => pt
    [sotr] => 0713
)

[2025-12-27 12:42:47] [INFO] (/home3/redbarbe/public_html/telegram/webapps/action/ajax_get_tren.php:35) Array
(
    [0] => Array
        (
            [KOD] => 749560
            [TIME_FROM] => 11:00
            [TIME_TO] => 12:00               
            [CLIENTS_CNT] => 5
            [TOV_NAME] => Cycle
            [ACC] => 0
            [CNTTRAN] => 1
            [CNTTRANRESERV] => 0
        )

    [1] => Array
        (
            [KOD] => 749610
            [TIME_FROM] => 12:00
            [TIME_TO] => 13:00               
            [CLIENTS_CNT] => 0
            [TOV_NAME] => Stretching
            [ACC] => 0
            [CNTTRAN] => 1
            [CNTTRANRESERV] => 0
        )

    [2] => Array
        (
            [KOD] => 749660
            [TIME_FROM] => 13:00
            [TIME_TO] => 14:00               
            [CLIENTS_CNT] => 0
            [TOV_NAME] => 90-60-90
            [ACC] => 0
            [CNTTRAN] => 0
            [CNTTRANRESERV] => 0
        )

)

[2025-12-27 12:42:47] [INFO] (/home3/redbarbe/public_html/telegram/webapps/action/ajax_get_tren.php:61) Array
(
    [KOD] => 749560
    [TIME_FROM] => 11:00
    [TIME_TO] => 12:00               
    [CLIENTS_CNT] => 5
    [TOV_NAME] => Cycle
    [ACC] => 0
    [CNTTRAN] => 1
    [CNTTRANRESERV] => 0
)

[2025-12-27 12:42:47] [INFO] (/home3/redbarbe/public_html/telegram/webapps/action/ajax_get_tren.php:61) Array
(
    [KOD] => 749610
    [TIME_FROM] => 12:00
    [TIME_TO] => 13:00               
    [CLIENTS_CNT] => 0
    [TOV_NAME] => Stretching
    [ACC] => 0
    [CNTTRAN] => 1
    [CNTTRANRESERV] => 0
)

[2025-12-27 12:42:47] [INFO] (/home3/redbarbe/public_html/telegram/webapps/action/ajax_get_tren.php:61) Array
(
    [KOD] => 749660
    [TIME_FROM] => 13:00
    [TIME_TO] => 14:00               
    [CLIENTS_CNT] => 0
    [TOV_NAME] => 90-60-90
    [ACC] => 0
    [CNTTRAN] => 0
    [CNTTRANRESERV] => 0
)

[2025-12-27 12:42:57] [INFO] (/home3/redbarbe/public_html/telegram/webapps/action/ajax_get_tren.php:35) Array
(
    [0] => Array
        (
            [KOD] => 798709
            [TIME_FROM] => 10:00
            [TIME_TO] => 11:00               
            [CLIENTS_CNT] => 0
            [TOV_NAME] => Stretching
            [ACC] => 0
            [CNTTRAN] => 1
            [CNTTRANRESERV] => 0
        )

    [1] => Array
        (
            [KOD] => 798352
            [TIME_FROM] => 10:00
            [TIME_TO] => 11:00               
            [CLIENTS_CNT] => 0
            [TOV_NAME] => Йога
            [ACC] => 0
            [CNTTRAN] => 0
            [CNTTRANRESERV] => 0
        )

    [2] => Array
        (
            [KOD] => 798505
            [TIME_FROM] => 18:00
            [TIME_TO] => 19:00               
            [CLIENTS_CNT] => 0
            [TOV_NAME] => Йога
            [ACC] => 0
            [CNTTRAN] => 0
            [CNTTRANRESERV] => 0
        )

    [3] => Array
        (
            [KOD] => 798556
            [TIME_FROM] => 18:00
            [TIME_TO] => 19:00               
            [CLIENTS_CNT] => 0
            [TOV_NAME] => Паркур Kids
            [ACC] => 0
            [CNTTRAN] => 0
            [CNTTRANRESERV] => 0
        )

    [4] => Array
        (
            [KOD] => 798403
            [TIME_FROM] => 19:00
            [TIME_TO] => 20:00               
            [CLIENTS_CNT] => 0
            [TOV_NAME] => Паркур
            [ACC] => 0
            [CNTTRAN] => 0
            [CNTTRANRESERV] => 0
        )

    [5] => Array
        (
            [KOD] => 798607
            [TIME_FROM] => 19:00
            [TIME_TO] => 20:00               
            [CLIENTS_CNT] => 0
            [TOV_NAME] => CrossActivity
            [ACC] => 0
            [CNTTRAN] => 0
            [CNTTRANRESERV] => 0
        )

    [6] => Array
        (
            [KOD] => 798454
            [TIME_FROM] => 19:00
            [TIME_TO] => 20:00               
            [CLIENTS_CNT] => 0
            [TOV_NAME] => FitnessMix
            [ACC] => 0
            [CNTTRAN] => 0
            [CNTTRANRESERV] => 0
        )

)

[2025-12-27 12:42:57] [INFO] (/home3/redbarbe/public_html/telegram/webapps/action/ajax_get_tren.php:61) Array
(
    [KOD] => 798709
    [TIME_FROM] => 10:00
    [TIME_TO] => 11:00               
    [CLIENTS_CNT] => 0
    [TOV_NAME] => Stretching
    [ACC] => 0
    [CNTTRAN] => 1
    [CNTTRANRESERV] => 0
)

[2025-12-27 12:42:57] [INFO] (/home3/redbarbe/public_html/telegram/webapps/action/ajax_get_tren.php:61) Array
(
    [KOD] => 798352
    [TIME_FROM] => 10:00
    [TIME_TO] => 11:00               
    [CLIENTS_CNT] => 0
    [TOV_NAME] => Йога
    [ACC] => 0
    [CNTTRAN] => 0
    [CNTTRANRESERV] => 0
)

[2025-12-27 12:42:57] [INFO] (/home3/redbarbe/public_html/telegram/webapps/action/ajax_get_tren.php:61) Array
(
    [KOD] => 798505
    [TIME_FROM] => 18:00
    [TIME_TO] => 19:00               
    [CLIENTS_CNT] => 0
    [TOV_NAME] => Йога
    [ACC] => 0
    [CNTTRAN] => 0
    [CNTTRANRESERV] => 0
)

[2025-12-27 12:42:57] [INFO] (/home3/redbarbe/public_html/telegram/webapps/action/ajax_get_tren.php:61) Array
(
    [KOD] => 798556
    [TIME_FROM] => 18:00
    [TIME_TO] => 19:00               
    [CLIENTS_CNT] => 0
    [TOV_NAME] => Паркур Kids
    [ACC] => 0
    [CNTTRAN] => 0
    [CNTTRANRESERV] => 0
)

[2025-12-27 12:42:57] [INFO] (/home3/redbarbe/public_html/telegram/webapps/action/ajax_get_tren.php:61) Array
(
    [KOD] => 798403
    [TIME_FROM] => 19:00
    [TIME_TO] => 20:00               
    [CLIENTS_CNT] => 0
    [TOV_NAME] => Паркур
    [ACC] => 0
    [CNTTRAN] => 0
    [CNTTRANRESERV] => 0
)

[2025-12-27 12:42:57] [INFO] (/home3/redbarbe/public_html/telegram/webapps/action/ajax_get_tren.php:61) Array
(
    [KOD] => 798607
    [TIME_FROM] => 19:00
    [TIME_TO] => 20:00               
    [CLIENTS_CNT] => 0
    [TOV_NAME] => CrossActivity
    [ACC] => 0
    [CNTTRAN] => 0
    [CNTTRANRESERV] => 0
)

[2025-12-27 12:42:57] [INFO] (/home3/redbarbe/public_html/telegram/webapps/action/ajax_get_tren.php:61) Array
(
    [KOD] => 798454
    [TIME_FROM] => 19:00
    [TIME_TO] => 20:00               
    [CLIENTS_CNT] => 0
    [TOV_NAME] => FitnessMix
    [ACC] => 0
    [CNTTRAN] => 0
    [CNTTRANRESERV] => 0
)

[2025-12-27 12:49:18] [INFO] (/home3/redbarbe/public_html/telegram/webapps/action/hist_ost_poslug.php:12) SELECT a.name FROM `spr_acc` a, spr_users u WHERE u.active_account=a.acc and u.chat_id=a.chat_id and a.acc=14980 
and u.club=(select id from spr_clubs where ip_club="178.158.212.173") limit 1
[2025-12-27 12:49:18] [INFO] (/home3/redbarbe/public_html/telegram/webapps/action/hist_ost_poslug.php:13) hist_ost_poslug
[2025-12-27 12:49:18] [INFO] (/home3/redbarbe/public_html/telegram/webapps/action/hist_ost_poslug.php:104) Array
(
    [acc] => 14980
    [command] => GET_OST_POSLUG_ACC
)

[2025-12-27 12:49:18] [INFO] (/home3/redbarbe/public_html/telegram/webapps/action/hist_ost_poslug.php:105) ip=178.158.212.173
[2025-12-27 13:04:08] [INFO] (/home3/redbarbe/public_html/telegram/webapps/reports/report_pers_detal.php:22) Array
(
)

[2025-12-27 13:04:18] [INFO] (/home3/redbarbe/public_html/telegram/webapps/reports/report_pers_detal.php:22) Array
(
    [ajax_method] => 2
    [action] => report_pers_detal
    [action_report] => report_view
    [admin] => 5
    [date_from] => 27.12.2025
    [date_to] => 27.12.2025
    [ip_club] => 178.151.119.180
    [podr] => pt
    [sotr] => 0718
)

[2025-12-27 13:05:38] [INFO] (/home3/redbarbe/public_html/telegram/webapps/reports/report_pers_detal.php:22) Array
(
)

[2025-12-27 13:06:08] [INFO] (/home3/redbarbe/public_html/telegram/webapps/reports/report_pers_detal.php:22) Array
(
    [ajax_method] => 2
    [action] => report_pers_detal
    [action_report] => report_view
    [admin] => 5
    [date_from] => 01.12.2025
    [date_to] => 28.12.2025
    [ip_club] => 212.26.139.90
    [podr] => all
    [sotr] => 007989
)

[2025-12-27 13:50:27] [INFO] (/home3/redbarbe/public_html/telegram/webapps/reports/report_pers_detal.php:22) Array
(
)

[2025-12-27 13:50:34] [INFO] (/home3/redbarbe/public_html/telegram/webapps/reports/report_pers_detal.php:22) Array
(
    [ajax_method] => 2
    [action] => report_pers_detal
    [action_report] => report_view
    [admin] => 5
    [date_from] => 27.12.2025
    [date_to] => 27.12.2025
    [ip_club] => 212.26.139.90
    [podr] => pt
    [sotr] => 03336
)

[2025-12-27 14:46:03] [INFO] (/home3/redbarbe/public_html/telegram/webapps/reports/report_pers_detal.php:22) Array
(
)

[2025-12-27 14:46:09] [INFO] (/home3/redbarbe/public_html/telegram/webapps/reports/report_pers_detal.php:22) Array
(
    [ajax_method] => 2
    [action] => report_pers_detal
    [action_report] => report_view
    [admin] => 5
    [date_from] => 27.12.2025
    [date_to] => 27.12.2025
    [ip_club] => 193.194.107.2
    [podr] => all
    [sotr] => 0321
)

[2025-12-27 14:46:12] [INFO] (/home3/redbarbe/public_html/telegram/webapps/action/select_sotr.php:17) Array
(
    [action] => select_sotr
    [club] => -
    [club_ip] => 212.26.139.90
)

[2025-12-27 14:46:12] [INFO] (/home3/redbarbe/public_html/telegram/webapps/action/select_sotr.php:27) Array
(
    [0] => Array
        (
            [ROLE] => Тренер
            [ID] => 03341
            [NAME] => Герасименко Оксана
        )

    [1] => Array
        (
            [ROLE] => Администратор фитнеса
            [ID] => 0101
            [NAME] => Дежурный
        )

    [2] => Array
        (
            [ROLE] => Администратор фитнеса
            [ID] => 0104
            [NAME] => Дубошей Дарина
        )

    [3] => Array
        (
            [ROLE] => Администратор фитнеса
            [ID] => 0103
            [NAME] => Йова Катерина
        )

    [4] => Array
        (
            [ROLE] => Тренер
            [ID] => 03354
            [NAME] => Колесник Богдан
        )

    [5] => Array
        (
            [ROLE] => Тренер
            [ID] => 2564
            [NAME] => Кулаковський Сергій
        )

    [6] => Array
        (
            [ROLE] => Администратор фитнеса
            [ID] => 0102
            [NAME] => Лазаренко Ліна
        )

    [7] => Array
        (
            [ROLE] => Тренер
            [ID] => 2452
            [NAME] => Лешковят Наталія
        )

    [8] => Array
        (
            [ROLE] => Администратор фитнеса
            [ID] => 0333
            [NAME] => Мамедова Ельнара
        )

    [9] => Array
        (
            [ROLE] => Тренер
            [ID] => 03336
            [NAME] => Мельниченко Надія
        )

    [10] => Array
        (
            [ROLE] => Тренер
            [ID] => 007989
            [NAME] => Підгурська Влада
        )

    [11] => Array
        (
            [ROLE] => Тренер
            [ID] => 03337
            [NAME] => Погорєлов Євгеній
        )

    [12] => Array
        (
            [ROLE] => Тренер
            [ID] => 03589
            [NAME] => Присняк Владислав
        )

    [13] => Array
        (
            [ROLE] => Тренер
            [ID] => 03352
            [NAME] => Рибак Роман
        )

    [14] => Array
        (
            [ROLE] => Тренер
            [ID] => 0334
            [NAME] => Самусенко Альона
        )

    [15] => Array
        (
            [ROLE] => Тренер
            [ID] => 03339
            [NAME] => Стрілець Данило
        )

    [16] => Array
        (
            [ROLE] => Тренер
            [ID] => 0302
            [NAME] => Сунгатов Михайло
        )

    [17] => Array
        (
            [ROLE] => Тренер
            [ID] => 0325
            [NAME] => Худоба Ігор
        )

    [18] => Array
        (
            [ROLE] => Тренер
            [ID] => 03342
            [NAME] => Шматко Ярослав
        )

)

[2025-12-27 14:46:46] [INFO] (/home3/redbarbe/public_html/telegram/webapps/action/select_sotr.php:17) Array
(
    [action] => select_sotr
    [club] => -
    [club_ip] => 212.26.139.90
)

[2025-12-27 14:46:46] [INFO] (/home3/redbarbe/public_html/telegram/webapps/action/select_sotr.php:27) Array
(
    [0] => Array
        (
            [ROLE] => Тренер
            [ID] => 03341
            [NAME] => Герасименко Оксана
        )

    [1] => Array
        (
            [ROLE] => Администратор фитнеса
            [ID] => 0101
            [NAME] => Дежурный
        )

    [2] => Array
        (
            [ROLE] => Администратор фитнеса
            [ID] => 0104
            [NAME] => Дубошей Дарина
        )

    [3] => Array
        (
            [ROLE] => Администратор фитнеса
            [ID] => 0103
            [NAME] => Йова Катерина
        )

    [4] => Array
        (
            [ROLE] => Тренер
            [ID] => 03354
            [NAME] => Колесник Богдан
        )

    [5] => Array
        (
            [ROLE] => Тренер
            [ID] => 2564
            [NAME] => Кулаковський Сергій
        )

    [6] => Array
        (
            [ROLE] => Администратор фитнеса
            [ID] => 0102
            [NAME] => Лазаренко Ліна
        )

    [7] => Array
        (
            [ROLE] => Тренер
            [ID] => 2452
            [NAME] => Лешковят Наталія
        )

    [8] => Array
        (
            [ROLE] => Администратор фитнеса
            [ID] => 0333
            [NAME] => Мамедова Ельнара
        )

    [9] => Array
        (
            [ROLE] => Тренер
            [ID] => 03336
            [NAME] => Мельниченко Надія
        )

    [10] => Array
        (
            [ROLE] => Тренер
            [ID] => 007989
            [NAME] => Підгурська Влада
        )

    [11] => Array
        (
            [ROLE] => Тренер
            [ID] => 03337
            [NAME] => Погорєлов Євгеній
        )

    [12] => Array
        (
            [ROLE] => Тренер
            [ID] => 03589
            [NAME] => Присняк Владислав
        )

    [13] => Array
        (
            [ROLE] => Тренер
            [ID] => 03352
            [NAME] => Рибак Роман
        )

    [14] => Array
        (
            [ROLE] => Тренер
            [ID] => 0334
            [NAME] => Самусенко Альона
        )

    [15] => Array
        (
            [ROLE] => Тренер
            [ID] => 03339
            [NAME] => Стрілець Данило
        )

    [16] => Array
        (
            [ROLE] => Тренер
            [ID] => 0302
            [NAME] => Сунгатов Михайло
        )

    [17] => Array
        (
            [ROLE] => Тренер
            [ID] => 0325
            [NAME] => Худоба Ігор
        )

    [18] => Array
        (
            [ROLE] => Тренер
            [ID] => 03342
            [NAME] => Шматко Ярослав
        )

)

[2025-12-27 14:46:52] [INFO] (/home3/redbarbe/public_html/telegram/webapps/action/select_sotr.php:17) Array
(
    [action] => select_sotr
    [club] => -
    [club_ip] => 212.26.139.90
)

[2025-12-27 14:46:52] [INFO] (/home3/redbarbe/public_html/telegram/webapps/action/select_sotr.php:27) Array
(
    [0] => Array
        (
            [ROLE] => Тренер
            [ID] => 03341
            [NAME] => Герасименко Оксана
        )

    [1] => Array
        (
            [ROLE] => Администратор фитнеса
            [ID] => 0101
            [NAME] => Дежурный
        )

    [2] => Array
        (
            [ROLE] => Администратор фитнеса
            [ID] => 0104
            [NAME] => Дубошей Дарина
        )

    [3] => Array
        (
            [ROLE] => Администратор фитнеса
            [ID] => 0103
            [NAME] => Йова Катерина
        )

    [4] => Array
        (
            [ROLE] => Тренер
            [ID] => 03354
            [NAME] => Колесник Богдан
        )

    [5] => Array
        (
            [ROLE] => Тренер
            [ID] => 2564
            [NAME] => Кулаковський Сергій
        )

    [6] => Array
        (
            [ROLE] => Администратор фитнеса
            [ID] => 0102
            [NAME] => Лазаренко Ліна
        )

    [7] => Array
        (
            [ROLE] => Тренер
            [ID] => 2452
            [NAME] => Лешковят Наталія
        )

    [8] => Array
        (
            [ROLE] => Администратор фитнеса
            [ID] => 0333
            [NAME] => Мамедова Ельнара
        )

    [9] => Array
        (
            [ROLE] => Тренер
            [ID] => 03336
            [NAME] => Мельниченко Надія
        )

    [10] => Array
        (
            [ROLE] => Тренер
            [ID] => 007989
            [NAME] => Підгурська Влада
        )

    [11] => Array
        (
            [ROLE] => Тренер
            [ID] => 03337
            [NAME] => Погорєлов Євгеній
        )

    [12] => Array
        (
            [ROLE] => Тренер
            [ID] => 03589
            [NAME] => Присняк Владислав
        )

    [13] => Array
        (
            [ROLE] => Тренер
            [ID] => 03352
            [NAME] => Рибак Роман
        )

    [14] => Array
        (
            [ROLE] => Тренер
            [ID] => 0334
            [NAME] => Самусенко Альона
        )

    [15] => Array
        (
            [ROLE] => Тренер
            [ID] => 03339
            [NAME] => Стрілець Данило
        )

    [16] => Array
        (
            [ROLE] => Тренер
            [ID] => 0302
            [NAME] => Сунгатов Михайло
        )

    [17] => Array
        (
            [ROLE] => Тренер
            [ID] => 0325
            [NAME] => Худоба Ігор
        )

    [18] => Array
        (
            [ROLE] => Тренер
            [ID] => 03342
            [NAME] => Шматко Ярослав
        )

)

[2025-12-27 14:56:40] [INFO] (/home3/redbarbe/public_html/telegram/webapps/reports/report_pers_detal.php:22) Array
(
)

[2025-12-27 14:56:50] [INFO] (/home3/redbarbe/public_html/telegram/webapps/reports/report_pers_detal.php:22) Array
(
    [ajax_method] => 2
    [action] => report_pers_detal
    [action_report] => report_view
    [admin] => 5
    [date_from] => 27.12.2025
    [date_to] => 27.12.2025
    [ip_club] => 193.194.107.2
    [podr] => grp
    [sotr] => 192
)

[2025-12-27 16:00:48] [INFO] (/home3/redbarbe/public_html/telegram/webapps/action/ajax_get_tren.php:35) Array
(
    [0] => Array
        (
            [KOD] => 798709
            [TIME_FROM] => 10:00
            [TIME_TO] => 11:00               
            [CLIENTS_CNT] => 0
            [TOV_NAME] => Stretching
            [ACC] => 0
            [CNTTRAN] => 1
            [CNTTRANRESERV] => 0
        )

    [1] => Array
        (
            [KOD] => 798352
            [TIME_FROM] => 10:00
            [TIME_TO] => 11:00               
            [CLIENTS_CNT] => 0
            [TOV_NAME] => Йога
            [ACC] => 0
            [CNTTRAN] => 0
            [CNTTRANRESERV] => 0
        )

    [2] => Array
        (
            [KOD] => 798505
            [TIME_FROM] => 18:00
            [TIME_TO] => 19:00               
            [CLIENTS_CNT] => 0
            [TOV_NAME] => Йога
            [ACC] => 0
            [CNTTRAN] => 0
            [CNTTRANRESERV] => 0
        )

    [3] => Array
        (
            [KOD] => 798556
            [TIME_FROM] => 18:00
            [TIME_TO] => 19:00               
            [CLIENTS_CNT] => 0
            [TOV_NAME] => Паркур Kids
            [ACC] => 0
            [CNTTRAN] => 0
            [CNTTRANRESERV] => 0
        )

    [4] => Array
        (
            [KOD] => 798403
            [TIME_FROM] => 19:00
            [TIME_TO] => 20:00               
            [CLIENTS_CNT] => 0
            [TOV_NAME] => Паркур
            [ACC] => 0
            [CNTTRAN] => 0
            [CNTTRANRESERV] => 0
        )

    [5] => Array
        (
            [KOD] => 798607
            [TIME_FROM] => 19:00
            [TIME_TO] => 20:00               
            [CLIENTS_CNT] => 0
            [TOV_NAME] => CrossActivity
            [ACC] => 0
            [CNTTRAN] => 0
            [CNTTRANRESERV] => 0
        )

    [6] => Array
        (
            [KOD] => 798454
            [TIME_FROM] => 19:00
            [TIME_TO] => 20:00               
            [CLIENTS_CNT] => 0
            [TOV_NAME] => FitnessMix
            [ACC] => 0
            [CNTTRAN] => 0
            [CNTTRANRESERV] => 0
        )

)

[2025-12-27 16:00:48] [INFO] (/home3/redbarbe/public_html/telegram/webapps/action/ajax_get_tren.php:61) Array
(
    [KOD] => 798709
    [TIME_FROM] => 10:00
    [TIME_TO] => 11:00               
    [CLIENTS_CNT] => 0
    [TOV_NAME] => Stretching
    [ACC] => 0
    [CNTTRAN] => 1
    [CNTTRANRESERV] => 0
)

[2025-12-27 16:00:48] [INFO] (/home3/redbarbe/public_html/telegram/webapps/action/ajax_get_tren.php:61) Array
(
    [KOD] => 798352
    [TIME_FROM] => 10:00
    [TIME_TO] => 11:00               
    [CLIENTS_CNT] => 0
    [TOV_NAME] => Йога
    [ACC] => 0
    [CNTTRAN] => 0
    [CNTTRANRESERV] => 0
)

[2025-12-27 16:00:48] [INFO] (/home3/redbarbe/public_html/telegram/webapps/action/ajax_get_tren.php:61) Array
(
    [KOD] => 798505
    [TIME_FROM] => 18:00
    [TIME_TO] => 19:00               
    [CLIENTS_CNT] => 0
    [TOV_NAME] => Йога
    [ACC] => 0
    [CNTTRAN] => 0
    [CNTTRANRESERV] => 0
)

[2025-12-27 16:00:48] [INFO] (/home3/redbarbe/public_html/telegram/webapps/action/ajax_get_tren.php:61) Array
(
    [KOD] => 798556
    [TIME_FROM] => 18:00
    [TIME_TO] => 19:00               
    [CLIENTS_CNT] => 0
    [TOV_NAME] => Паркур Kids
    [ACC] => 0
    [CNTTRAN] => 0
    [CNTTRANRESERV] => 0
)

[2025-12-27 16:00:48] [INFO] (/home3/redbarbe/public_html/telegram/webapps/action/ajax_get_tren.php:61) Array
(
    [KOD] => 798403
    [TIME_FROM] => 19:00
    [TIME_TO] => 20:00               
    [CLIENTS_CNT] => 0
    [TOV_NAME] => Паркур
    [ACC] => 0
    [CNTTRAN] => 0
    [CNTTRANRESERV] => 0
)

[2025-12-27 16:00:48] [INFO] (/home3/redbarbe/public_html/telegram/webapps/action/ajax_get_tren.php:61) Array
(
    [KOD] => 798607
    [TIME_FROM] => 19:00
    [TIME_TO] => 20:00               
    [CLIENTS_CNT] => 0
    [TOV_NAME] => CrossActivity
    [ACC] => 0
    [CNTTRAN] => 0
    [CNTTRANRESERV] => 0
)

[2025-12-27 16:00:48] [INFO] (/home3/redbarbe/public_html/telegram/webapps/action/ajax_get_tren.php:61) Array
(
    [KOD] => 798454
    [TIME_FROM] => 19:00
    [TIME_TO] => 20:00               
    [CLIENTS_CNT] => 0
    [TOV_NAME] => FitnessMix
    [ACC] => 0
    [CNTTRAN] => 0
    [CNTTRANRESERV] => 0
)

[2025-12-27 16:11:51] [INFO] (/home3/redbarbe/public_html/telegram/webapps/reports/report_pers_detal.php:22) Array
(
)

[2025-12-27 16:11:57] [INFO] (/home3/redbarbe/public_html/telegram/webapps/reports/report_pers_detal.php:22) Array
(
    [ajax_method] => 2
    [action] => report_pers_detal
    [action_report] => report_view
    [admin] => 5
    [date_from] => 27.12.2025
    [date_to] => 27.12.2025
    [ip_club] => 212.26.139.90
    [podr] => pt
    [sotr] => 03352
)

[2025-12-27 16:27:08] [INFO] (/home3/redbarbe/public_html/telegram/webapps/action/select_sotr.php:17) Array
(
    [action] => select_sotr
    [club] => -
    [club_ip] => 178.151.119.180
)

[2025-12-27 16:28:34] [INFO] (/home3/redbarbe/public_html/telegram/webapps/action/select_sotr.php:17) Array
(
    [action] => select_sotr
    [club] => -
    [club_ip] => 178.151.119.180
)

[2025-12-27 16:29:18] [INFO] (/home3/redbarbe/public_html/telegram/webapps/action/select_sotr.php:27) Нет связи с сервером
[2025-12-27 16:30:44] [INFO] (/home3/redbarbe/public_html/telegram/webapps/action/select_sotr.php:27) Нет связи с сервером
[2025-12-27 16:33:16] [INFO] (/home3/redbarbe/public_html/telegram/webapps/action/select_sotr.php:17) Array
(
    [action] => select_sotr
    [club] => -
    [club_ip] => 178.151.119.180
)

[2025-12-27 16:35:27] [INFO] (/home3/redbarbe/public_html/telegram/webapps/action/select_sotr.php:27) Нет связи с сервером
[2025-12-27 16:56:22] [INFO] (/home3/redbarbe/public_html/telegram/webapps/action/select_sotr.php:17) Array
(
    [action] => select_sotr
    [club] => -
    [club_ip] => 178.151.119.180
)

[2025-12-27 16:58:31] [INFO] (/home3/redbarbe/public_html/telegram/webapps/action/select_sotr.php:27) Нет связи с сервером
[2025-12-27 17:05:37] [INFO] (/home3/redbarbe/public_html/telegram/webapps/action/select_sotr.php:17) Array
(
    [action] => select_sotr
    [club] => -
    [club_ip] => 178.151.119.180
)

[2025-12-27 17:05:37] [INFO] (/home3/redbarbe/public_html/telegram/webapps/action/select_sotr.php:27) Array
(
    [0] => Array
        (
            [ROLE] => Тренер
            [ID] => 0707
            [NAME] => Андрияш Анна
        )

    [1] => Array
        (
            [ROLE] => Администратор фитнеса
            [ID] => 0903
            [NAME] => Антонова Аліса
        )

    [2] => Array
        (
            [ROLE] => Тренер
            [ID] => 0302
            [NAME] => Аштема Александр
        )

    [3] => Array
        (
            [ROLE] => Тренер
            [ID] => 0399
            [NAME] => Біліч Лариса
        )

    [4] => Array
        (
            [ROLE] => Тренер
            [ID] => 0316
            [NAME] => Вєтрова Катя
        )

    [5] => Array
        (
            [ROLE] => Тренер
            [ID] => 0708
            [NAME] => Виноградов Александр
        )

    [6] => Array
        (
            [ROLE] => Администратор фитнеса
            [ID] => 0402
            [NAME] => Войтюк Мар'яна
        )

    [7] => Array
        (
            [ROLE] => Тренер
            [ID] => 0327
            [NAME] => Гармаш Владимир
        )

    [8] => Array
        (
            [ROLE] => Главний бухгалтер
            [ID] => 0902
            [NAME] => Глав. Бух.
        )

    [9] => Array
        (
            [ROLE] => Тренер
            [ID] => 0718
            [NAME] => Дворніков Дмитро 
        )

    [10] => Array
        (
            [ROLE] => Администратор фитнеса
            [ID] => 0101
            [NAME] => Дежурный
        )

    [11] => Array
        (
            [ROLE] => Администратор фитнеса
            [ID] => 0104
            [NAME] => Демченко Александра
        )

    [12] => Array
        (
            [ROLE] => Администратор фитнеса
            [ID] => 0102
            [NAME] => Дубинчук Наталья
        )

    [13] => Array
        (
            [ROLE] => Тренер
            [ID] => 0304
            [NAME] => Елецкая Светлана
        )

    [14] => Array
        (
            [ROLE] => Тренер
            [ID] => 0308
            [NAME] => Колесник Богдан
        )

    [15] => Array
        (
            [ROLE] => Тренер
            [ID] => 0312
            [NAME] => Крыжановский Павел
        )

    [16] => Array
        (
            [ROLE] => Тренер
            [ID] => 0313
            [NAME] => Кукурудзяк Руслан
        )

    [17] => Array
        (
            [ROLE] => Тренер
            [ID] => 0325
            [NAME] => Оруджева Юлія
        )

    [18] => Array
        (
            [ROLE] => Тренер
            [ID] => 0710
            [NAME] => Остафи Денис
        )

    [19] => Array
        (
            [ROLE] => Тренер
            [ID] => 0715
            [NAME] => Проломов Данил
        )

    [20] => Array
        (
            [ROLE] => Тренер
            [ID] => 0311
            [NAME] => Романовская Наталья
        )

    [21] => Array
        (
            [ROLE] => Тренер
            [ID] => 0717
            [NAME] => Самусенко Алена
        )

    [22] => Array
        (
            [ROLE] => Тренер
            [ID] => 0711
            [NAME] => Солянов Владислав
        )

    [23] => Array
        (
            [ROLE] => Тренер
            [ID] => 0326
            [NAME] => Тищенко Ольга
        )

    [24] => Array
        (
            [ROLE] => Тренер
            [ID] => 0310
            [NAME] => Фесенко Ира
        )

    [25] => Array
        (
            [ROLE] => Тренер
            [ID] => 0103
            [NAME] => Шевелько Руслан
        )

    [26] => Array
        (
            [ROLE] => Тренер
            [ID] => 0712
            [NAME] => Шевчук Вікторія
        )

    [27] => Array
        (
            [ROLE] => Головний адміністратор
            [ID] => 0901
            [NAME] => системный
        )

)

[2025-12-27 17:27:55] [INFO] (/home3/redbarbe/public_html/telegram/webapps/reports/report_pers_detal.php:22) Array
(
)

[2025-12-27 17:27:59] [INFO] (/home3/redbarbe/public_html/telegram/webapps/reports/report_pers_detal.php:22) Array
(
    [ajax_method] => 2
    [action] => report_pers_detal
    [action_report] => report_view
    [admin] => 5
    [date_from] => 01.12.2025
    [date_to] => 28.12.2025
    [ip_club] => 212.26.139.90
    [podr] => all
    [sotr] => 007989
)

[2025-12-27 17:50:58] [INFO] (/home3/redbarbe/public_html/telegram/webapps/action/hist_ost_poslug.php:12) SELECT a.name FROM `spr_acc` a, spr_users u WHERE u.active_account=a.acc and u.chat_id=a.chat_id and a.acc=13370 
and u.club=(select id from spr_clubs where ip_club="178.151.119.180") limit 1
[2025-12-27 17:50:58] [INFO] (/home3/redbarbe/public_html/telegram/webapps/action/hist_ost_poslug.php:13) hist_ost_poslug
[2025-12-27 17:50:58] [INFO] (/home3/redbarbe/public_html/telegram/webapps/action/hist_ost_poslug.php:104) Array
(
    [acc] => 13370
    [command] => GET_OST_POSLUG_ACC
)

[2025-12-27 17:50:58] [INFO] (/home3/redbarbe/public_html/telegram/webapps/action/hist_ost_poslug.php:105) ip=178.151.119.180
[2025-12-27 18:12:33] [INFO] (/home3/redbarbe/public_html/telegram/webapps/action/select_sotr.php:17) Array
(
    [action] => select_sotr
    [club] => -
    [club_ip] => 178.151.119.180
)

[2025-12-27 18:12:33] [INFO] (/home3/redbarbe/public_html/telegram/webapps/action/select_sotr.php:27) Array
(
    [0] => Array
        (
            [ROLE] => Тренер
            [ID] => 0707
            [NAME] => Андрияш Анна
        )

    [1] => Array
        (
            [ROLE] => Администратор фитнеса
            [ID] => 0903
            [NAME] => Антонова Аліса
        )

    [2] => Array
        (
            [ROLE] => Тренер
            [ID] => 0302
            [NAME] => Аштема Александр
        )

    [3] => Array
        (
            [ROLE] => Тренер
            [ID] => 0399
            [NAME] => Біліч Лариса
        )

    [4] => Array
        (
            [ROLE] => Тренер
            [ID] => 0316
            [NAME] => Вєтрова Катя
        )

    [5] => Array
        (
            [ROLE] => Тренер
            [ID] => 0708
            [NAME] => Виноградов Александр
        )

    [6] => Array
        (
            [ROLE] => Администратор фитнеса
            [ID] => 0402
            [NAME] => Войтюк Мар'яна
        )

    [7] => Array
        (
            [ROLE] => Тренер
            [ID] => 0327
            [NAME] => Гармаш Владимир
        )

    [8] => Array
        (
            [ROLE] => Главний бухгалтер
            [ID] => 0902
            [NAME] => Глав. Бух.
        )

    [9] => Array
        (
            [ROLE] => Тренер
            [ID] => 0718
            [NAME] => Дворніков Дмитро 
        )

    [10] => Array
        (
            [ROLE] => Администратор фитнеса
            [ID] => 0101
            [NAME] => Дежурный
        )

    [11] => Array
        (
            [ROLE] => Администратор фитнеса
            [ID] => 0104
            [NAME] => Демченко Александра
        )

    [12] => Array
        (
            [ROLE] => Администратор фитнеса
            [ID] => 0102
            [NAME] => Дубинчук Наталья
        )

    [13] => Array
        (
            [ROLE] => Тренер
            [ID] => 0304
            [NAME] => Елецкая Светлана
        )

    [14] => Array
        (
            [ROLE] => Тренер
            [ID] => 0308
            [NAME] => Колесник Богдан
        )

    [15] => Array
        (
            [ROLE] => Тренер
            [ID] => 0312
            [NAME] => Крыжановский Павел
        )

    [16] => Array
        (
            [ROLE] => Тренер
            [ID] => 0313
            [NAME] => Кукурудзяк Руслан
        )

    [17] => Array
        (
            [ROLE] => Тренер
            [ID] => 0325
            [NAME] => Оруджева Юлія
        )

    [18] => Array
        (
            [ROLE] => Тренер
            [ID] => 0710
            [NAME] => Остафи Денис
        )

    [19] => Array
        (
            [ROLE] => Тренер
            [ID] => 0715
            [NAME] => Проломов Данил
        )

    [20] => Array
        (
            [ROLE] => Тренер
            [ID] => 0311
            [NAME] => Романовская Наталья
        )

    [21] => Array
        (
            [ROLE] => Тренер
            [ID] => 0717
            [NAME] => Самусенко Алена
        )

    [22] => Array
        (
            [ROLE] => Тренер
            [ID] => 0711
            [NAME] => Солянов Владислав
        )

    [23] => Array
        (
            [ROLE] => Тренер
            [ID] => 0326
            [NAME] => Тищенко Ольга
        )

    [24] => Array
        (
            [ROLE] => Тренер
            [ID] => 0310
            [NAME] => Фесенко Ира
        )

    [25] => Array
        (
            [ROLE] => Тренер
            [ID] => 0103
            [NAME] => Шевелько Руслан
        )

    [26] => Array
        (
            [ROLE] => Тренер
            [ID] => 0712
            [NAME] => Шевчук Вікторія
        )

    [27] => Array
        (
            [ROLE] => Головний адміністратор
            [ID] => 0901
            [NAME] => системный
        )

)

[2025-12-27 18:12:55] [INFO] (/home3/redbarbe/public_html/telegram/webapps/action/hist_ind.php:16) SELECT a.name FROM `spr_acc` a, spr_users u WHERE u.active_account=a.acc and u.chat_id=a.chat_id and a.acc=14993 
and u.club=(select id from spr_clubs where ip_club="178.158.212.173") limit 1
[2025-12-27 18:12:55] [INFO] (/home3/redbarbe/public_html/telegram/webapps/action/hist_ind.php:17) hist_grp
[2025-12-27 18:12:55] [INFO] (/home3/redbarbe/public_html/telegram/webapps/action/hist_ind.php:108) Array
(
    [dbeg] => 27.09.2025
    [dend] => today
    [acc] => 14993
    [command] => get_ind_history
)

[2025-12-27 18:12:55] [INFO] (/home3/redbarbe/public_html/telegram/webapps/action/hist_ind.php:109) ip=178.158.212.173
[2025-12-27 18:16:41] [INFO] (/home3/redbarbe/public_html/telegram/webapps/action/select_sotr.php:17) Array
(
    [action] => select_sotr
    [club] => -
    [club_ip] => 212.26.139.90
)

[2025-12-27 18:16:42] [INFO] (/home3/redbarbe/public_html/telegram/webapps/action/select_sotr.php:27) Array
(
    [0] => Array
        (
            [ROLE] => Тренер
            [ID] => 03341
            [NAME] => Герасименко Оксана
        )

    [1] => Array
        (
            [ROLE] => Администратор фитнеса
            [ID] => 0101
            [NAME] => Дежурный
        )

    [2] => Array
        (
            [ROLE] => Администратор фитнеса
            [ID] => 0104
            [NAME] => Дубошей Дарина
        )

    [3] => Array
        (
            [ROLE] => Администратор фитнеса
            [ID] => 0103
            [NAME] => Йова Катерина
        )

    [4] => Array
        (
            [ROLE] => Тренер
            [ID] => 03354
            [NAME] => Колесник Богдан
        )

    [5] => Array
        (
            [ROLE] => Тренер
            [ID] => 2564
            [NAME] => Кулаковський Сергій
        )

    [6] => Array
        (
            [ROLE] => Администратор фитнеса
            [ID] => 0102
            [NAME] => Лазаренко Ліна
        )

    [7] => Array
        (
            [ROLE] => Тренер
            [ID] => 2452
            [NAME] => Лешковят Наталія
        )

    [8] => Array
        (
            [ROLE] => Администратор фитнеса
            [ID] => 0333
            [NAME] => Мамедова Ельнара
        )

    [9] => Array
        (
            [ROLE] => Тренер
            [ID] => 03336
            [NAME] => Мельниченко Надія
        )

    [10] => Array
        (
            [ROLE] => Тренер
            [ID] => 007989
            [NAME] => Підгурська Влада
        )

    [11] => Array
        (
            [ROLE] => Тренер
            [ID] => 03337
            [NAME] => Погорєлов Євгеній
        )

    [12] => Array
        (
            [ROLE] => Тренер
            [ID] => 03589
            [NAME] => Присняк Владислав
        )

    [13] => Array
        (
            [ROLE] => Тренер
            [ID] => 03352
            [NAME] => Рибак Роман
        )

    [14] => Array
        (
            [ROLE] => Тренер
            [ID] => 0334
            [NAME] => Самусенко Альона
        )

    [15] => Array
        (
            [ROLE] => Тренер
            [ID] => 03339
            [NAME] => Стрілець Данило
        )

    [16] => Array
        (
            [ROLE] => Тренер
            [ID] => 0302
            [NAME] => Сунгатов Михайло
        )

    [17] => Array
        (
            [ROLE] => Тренер
            [ID] => 0325
            [NAME] => Худоба Ігор
        )

    [18] => Array
        (
            [ROLE] => Тренер
            [ID] => 03342
            [NAME] => Шматко Ярослав
        )

)

[2025-12-27 18:16:55] [INFO] (/home3/redbarbe/public_html/telegram/webapps/action/select_sotr.php:17) Array
(
    [action] => select_sotr
    [club] => -
    [club_ip] => 178.151.119.180
)

[2025-12-27 18:16:55] [INFO] (/home3/redbarbe/public_html/telegram/webapps/action/select_sotr.php:27) Array
(
    [0] => Array
        (
            [ROLE] => Тренер
            [ID] => 0707
            [NAME] => Андрияш Анна
        )

    [1] => Array
        (
            [ROLE] => Администратор фитнеса
            [ID] => 0903
            [NAME] => Антонова Аліса
        )

    [2] => Array
        (
            [ROLE] => Тренер
            [ID] => 0302
            [NAME] => Аштема Александр
        )

    [3] => Array
        (
            [ROLE] => Тренер
            [ID] => 0399
            [NAME] => Біліч Лариса
        )

    [4] => Array
        (
            [ROLE] => Тренер
            [ID] => 0316
            [NAME] => Вєтрова Катя
        )

    [5] => Array
        (
            [ROLE] => Тренер
            [ID] => 0708
            [NAME] => Виноградов Александр
        )

    [6] => Array
        (
            [ROLE] => Администратор фитнеса
            [ID] => 0402
            [NAME] => Войтюк Мар'яна
        )

    [7] => Array
        (
            [ROLE] => Тренер
            [ID] => 0327
            [NAME] => Гармаш Владимир
        )

    [8] => Array
        (
            [ROLE] => Главний бухгалтер
            [ID] => 0902
            [NAME] => Глав. Бух.
        )

    [9] => Array
        (
            [ROLE] => Тренер
            [ID] => 0718
            [NAME] => Дворніков Дмитро 
        )

    [10] => Array
        (
            [ROLE] => Администратор фитнеса
            [ID] => 0101
            [NAME] => Дежурный
        )

    [11] => Array
        (
            [ROLE] => Администратор фитнеса
            [ID] => 0104
            [NAME] => Демченко Александра
        )

    [12] => Array
        (
            [ROLE] => Администратор фитнеса
            [ID] => 0102
            [NAME] => Дубинчук Наталья
        )

    [13] => Array
        (
            [ROLE] => Тренер
            [ID] => 0304
            [NAME] => Елецкая Светлана
        )

    [14] => Array
        (
            [ROLE] => Тренер
            [ID] => 0308
            [NAME] => Колесник Богдан
        )

    [15] => Array
        (
            [ROLE] => Тренер
            [ID] => 0312
            [NAME] => Крыжановский Павел
        )

    [16] => Array
        (
            [ROLE] => Тренер
            [ID] => 0313
            [NAME] => Кукурудзяк Руслан
        )

    [17] => Array
        (
            [ROLE] => Тренер
            [ID] => 0325
            [NAME] => Оруджева Юлія
        )

    [18] => Array
        (
            [ROLE] => Тренер
            [ID] => 0710
            [NAME] => Остафи Денис
        )

    [19] => Array
        (
            [ROLE] => Тренер
            [ID] => 0715
            [NAME] => Проломов Данил
        )

    [20] => Array
        (
            [ROLE] => Тренер
            [ID] => 0311
            [NAME] => Романовская Наталья
        )

    [21] => Array
        (
            [ROLE] => Тренер
            [ID] => 0717
            [NAME] => Самусенко Алена
        )

    [22] => Array
        (
            [ROLE] => Тренер
            [ID] => 0711
            [NAME] => Солянов Владислав
        )

    [23] => Array
        (
            [ROLE] => Тренер
            [ID] => 0326
            [NAME] => Тищенко Ольга
        )

    [24] => Array
        (
            [ROLE] => Тренер
            [ID] => 0310
            [NAME] => Фесенко Ира
        )

    [25] => Array
        (
            [ROLE] => Тренер
            [ID] => 0103
            [NAME] => Шевелько Руслан
        )

    [26] => Array
        (
            [ROLE] => Тренер
            [ID] => 0712
            [NAME] => Шевчук Вікторія
        )

    [27] => Array
        (
            [ROLE] => Головний адміністратор
            [ID] => 0901
            [NAME] => системный
        )

)

[2025-12-27 18:30:04] [INFO] (/home3/redbarbe/public_html/telegram/webapps/action/ajax_get_tren.php:35) Array
(
    [0] => Array
        (
            [KOD] => 800286
            [TIME_FROM] => 09:00
            [TIME_TO] => 10:00               
            [CLIENTS_CNT] => 0
            [TOV_NAME] => Full body
            [ACC] => 0
            [CNTTRAN] => 0
            [CNTTRANRESERV] => 0
        )

    [1] => Array
        (
            [KOD] => 800285
            [TIME_FROM] => 09:00
            [TIME_TO] => 10:00               
            [CLIENTS_CNT] => 0
            [TOV_NAME] => Functional cardio
            [ACC] => 0
            [CNTTRAN] => 0
            [CNTTRANRESERV] => 0
        )

    [2] => Array
        (
            [KOD] => 800288
            [TIME_FROM] => 14:00
            [TIME_TO] => 15:00               
            [CLIENTS_CNT] => 0
            [TOV_NAME] => Cross activity
            [ACC] => 0
            [CNTTRAN] => 0
            [CNTTRANRESERV] => 0
        )

)

[2025-12-27 18:30:04] [INFO] (/home3/redbarbe/public_html/telegram/webapps/action/ajax_get_tren.php:61) Array
(
    [KOD] => 800286
    [TIME_FROM] => 09:00
    [TIME_TO] => 10:00               
    [CLIENTS_CNT] => 0
    [TOV_NAME] => Full body
    [ACC] => 0
    [CNTTRAN] => 0
    [CNTTRANRESERV] => 0
)

[2025-12-27 18:30:04] [INFO] (/home3/redbarbe/public_html/telegram/webapps/action/ajax_get_tren.php:61) Array
(
    [KOD] => 800285
    [TIME_FROM] => 09:00
    [TIME_TO] => 10:00               
    [CLIENTS_CNT] => 0
    [TOV_NAME] => Functional cardio
    [ACC] => 0
    [CNTTRAN] => 0
    [CNTTRANRESERV] => 0
)

[2025-12-27 18:30:04] [INFO] (/home3/redbarbe/public_html/telegram/webapps/action/ajax_get_tren.php:61) Array
(
    [KOD] => 800288
    [TIME_FROM] => 14:00
    [TIME_TO] => 15:00               
    [CLIENTS_CNT] => 0
    [TOV_NAME] => Cross activity
    [ACC] => 0
    [CNTTRAN] => 0
    [CNTTRANRESERV] => 0
)

[2025-12-27 18:30:07] [INFO] (/home3/redbarbe/public_html/telegram/webapps/action/ajax_get_tren.php:35) 
[2025-12-27 18:30:09] [INFO] (/home3/redbarbe/public_html/telegram/webapps/action/ajax_get_tren.php:35) Array
(
    [0] => Array
        (
            [KOD] => 800232
            [TIME_FROM] => 08:00
            [TIME_TO] => 09:00               
            [CLIENTS_CNT] => 0
            [TOV_NAME] => Бокс(хлопці, з 13 років)
            [ACC] => 0
            [CNTTRAN] => 0
            [CNTTRANRESERV] => 0
        )

    [1] => Array
        (
            [KOD] => 800208
            [TIME_FROM] => 16:00
            [TIME_TO] => 17:00               
            [CLIENTS_CNT] => 0
            [TOV_NAME] => Паркур kids
            [ACC] => 0
            [CNTTRAN] => 0
            [CNTTRANRESERV] => 0
        )

    [2] => Array
        (
            [KOD] => 800216
            [TIME_FROM] => 17:00
            [TIME_TO] => 18:00               
            [CLIENTS_CNT] => 0
            [TOV_NAME] => Паркур teens
            [ACC] => 0
            [CNTTRAN] => 0
            [CNTTRANRESERV] => 0
        )

    [3] => Array
        (
            [KOD] => 800240
            [TIME_FROM] => 17:40
            [TIME_TO] => 18:40               
            [CLIENTS_CNT] => 0
            [TOV_NAME] => Full body
            [ACC] => 0
            [CNTTRAN] => 0
            [CNTTRANRESERV] => 0
        )

    [4] => Array
        (
            [KOD] => 800224
            [TIME_FROM] => 18:00
            [TIME_TO] => 19:00               
            [CLIENTS_CNT] => 0
            [TOV_NAME] => Бокс/Кікбоксинг  Kids
            [ACC] => 0
            [CNTTRAN] => 0
            [CNTTRANRESERV] => 0
        )

    [5] => Array
        (
            [KOD] => 800264
            [TIME_FROM] => 20:00
            [TIME_TO] => 21:00               
            [CLIENTS_CNT] => 0
            [TOV_NAME] => Cross activity
            [ACC] => 0
            [CNTTRAN] => 0
            [CNTTRANRESERV] => 0
        )

    [6] => Array
        (
            [KOD] => 800248
            [TIME_FROM] => 20:00
            [TIME_TO] => 21:00               
            [CLIENTS_CNT] => 0
            [TOV_NAME] => Бокс
            [ACC] => 0
            [CNTTRAN] => 0
            [CNTTRANRESERV] => 0
        )

    [7] => Array
        (
            [KOD] => 800256
            [TIME_FROM] => 20:00
            [TIME_TO] => 21:00               
            [CLIENTS_CNT] => 0
            [TOV_NAME] => Stretching
            [ACC] => 0
            [CNTTRAN] => 0
            [CNTTRANRESERV] => 0
        )

)

[2025-12-27 18:30:09] [INFO] (/home3/redbarbe/public_html/telegram/webapps/action/ajax_get_tren.php:61) Array
(
    [KOD] => 800232
    [TIME_FROM] => 08:00
    [TIME_TO] => 09:00               
    [CLIENTS_CNT] => 0
    [TOV_NAME] => Бокс(хлопці, з 13 років)
    [ACC] => 0
    [CNTTRAN] => 0
    [CNTTRANRESERV] => 0
)

[2025-12-27 18:30:09] [INFO] (/home3/redbarbe/public_html/telegram/webapps/action/ajax_get_tren.php:61) Array
(
    [KOD] => 800208
    [TIME_FROM] => 16:00
    [TIME_TO] => 17:00               
    [CLIENTS_CNT] => 0
    [TOV_NAME] => Паркур kids
    [ACC] => 0
    [CNTTRAN] => 0
    [CNTTRANRESERV] => 0
)

[2025-12-27 18:30:09] [INFO] (/home3/redbarbe/public_html/telegram/webapps/action/ajax_get_tren.php:61) Array
(
    [KOD] => 800216
    [TIME_FROM] => 17:00
    [TIME_TO] => 18:00               
    [CLIENTS_CNT] => 0
    [TOV_NAME] => Паркур teens
    [ACC] => 0
    [CNTTRAN] => 0
    [CNTTRANRESERV] => 0
)

[2025-12-27 18:30:09] [INFO] (/home3/redbarbe/public_html/telegram/webapps/action/ajax_get_tren.php:61) Array
(
    [KOD] => 800240
    [TIME_FROM] => 17:40
    [TIME_TO] => 18:40               
    [CLIENTS_CNT] => 0
    [TOV_NAME] => Full body
    [ACC] => 0
    [CNTTRAN] => 0
    [CNTTRANRESERV] => 0
)

[2025-12-27 18:30:09] [INFO] (/home3/redbarbe/public_html/telegram/webapps/action/ajax_get_tren.php:61) Array
(
    [KOD] => 800224
    [TIME_FROM] => 18:00
    [TIME_TO] => 19:00               
    [CLIENTS_CNT] => 0
    [TOV_NAME] => Бокс/Кікбоксинг  Kids
    [ACC] => 0
    [CNTTRAN] => 0
    [CNTTRANRESERV] => 0
)

[2025-12-27 18:30:09] [INFO] (/home3/redbarbe/public_html/telegram/webapps/action/ajax_get_tren.php:61) Array
(
    [KOD] => 800264
    [TIME_FROM] => 20:00
    [TIME_TO] => 21:00               
    [CLIENTS_CNT] => 0
    [TOV_NAME] => Cross activity
    [ACC] => 0
    [CNTTRAN] => 0
    [CNTTRANRESERV] => 0
)

[2025-12-27 18:30:09] [INFO] (/home3/redbarbe/public_html/telegram/webapps/action/ajax_get_tren.php:61) Array
(
    [KOD] => 800248
    [TIME_FROM] => 20:00
    [TIME_TO] => 21:00               
    [CLIENTS_CNT] => 0
    [TOV_NAME] => Бокс
    [ACC] => 0
    [CNTTRAN] => 0
    [CNTTRANRESERV] => 0
)

[2025-12-27 18:30:09] [INFO] (/home3/redbarbe/public_html/telegram/webapps/action/ajax_get_tren.php:61) Array
(
    [KOD] => 800256
    [TIME_FROM] => 20:00
    [TIME_TO] => 21:00               
    [CLIENTS_CNT] => 0
    [TOV_NAME] => Stretching
    [ACC] => 0
    [CNTTRAN] => 0
    [CNTTRANRESERV] => 0
)

[2025-12-27 18:30:20] [INFO] (/home3/redbarbe/public_html/telegram/webapps/action/ajax_get_tren.php:35) Array
(
    [0] => Array
        (
            [KOD] => 790743
            [TIME_FROM] => 08:00
            [TIME_TO] => 09:00               
            [CLIENTS_CNT] => 0
            [TOV_NAME] => Бокс(хлопці, з 13 років)
            [ACC] => 0
            [CNTTRAN] => 0
            [CNTTRANRESERV] => 0
        )

    [1] => Array
        (
            [KOD] => 790587
            [TIME_FROM] => 16:00
            [TIME_TO] => 17:00               
            [CLIENTS_CNT] => 0
            [TOV_NAME] => Паркур kids
            [ACC] => 0
            [CNTTRAN] => 0
            [CNTTRANRESERV] => 0
        )

    [2] => Array
        (
            [KOD] => 789963
            [TIME_FROM] => 17:00
            [TIME_TO] => 18:00               
            [CLIENTS_CNT] => 0
            [TOV_NAME] => Паркур teens
            [ACC] => 0
            [CNTTRAN] => 0
            [CNTTRANRESERV] => 0
        )

    [3] => Array
        (
            [KOD] => 789027
            [TIME_FROM] => 18:00
            [TIME_TO] => 19:00               
            [CLIENTS_CNT] => 0
            [TOV_NAME] => Йога
            [ACC] => 0
            [CNTTRAN] => 0
            [CNTTRANRESERV] => 0
        )

    [4] => Array
        (
            [KOD] => 790119
            [TIME_FROM] => 18:00
            [TIME_TO] => 19:00               
            [CLIENTS_CNT] => 0
            [TOV_NAME] => Бокс/Кікбоксинг  Kids
            [ACC] => 0
            [CNTTRAN] => 0
            [CNTTRANRESERV] => 0
        )

    [5] => Array
        (
            [KOD] => 789183
            [TIME_FROM] => 19:40
            [TIME_TO] => 20:40               
            [CLIENTS_CNT] => 0
            [TOV_NAME] => Акробатика Kids
            [ACC] => 0
            [CNTTRAN] => 0
            [CNTTRANRESERV] => 0
        )

    [6] => Array
        (
            [KOD] => 789651
            [TIME_FROM] => 20:00
            [TIME_TO] => 21:00               
            [CLIENTS_CNT] => 0
            [TOV_NAME] => Cross activity
            [ACC] => 0
            [CNTTRAN] => 0
            [CNTTRANRESERV] => 0
        )

    [7] => Array
        (
            [KOD] => 789495
            [TIME_FROM] => 20:00
            [TIME_TO] => 21:00               
            [CLIENTS_CNT] => 0
            [TOV_NAME] => Бокс
            [ACC] => 0
            [CNTTRAN] => 0
            [CNTTRANRESERV] => 0
        )

    [8] => Array
        (
            [KOD] => 789807
            [TIME_FROM] => 20:00
            [TIME_TO] => 21:00               
            [CLIENTS_CNT] => 0
            [TOV_NAME] => Stretching
            [ACC] => 0
            [CNTTRAN] => 0
            [CNTTRANRESERV] => 0
        )

)

[2025-12-27 18:30:20] [INFO] (/home3/redbarbe/public_html/telegram/webapps/action/ajax_get_tren.php:61) Array
(
    [KOD] => 790743
    [TIME_FROM] => 08:00
    [TIME_TO] => 09:00               
    [CLIENTS_CNT] => 0
    [TOV_NAME] => Бокс(хлопці, з 13 років)
    [ACC] => 0
    [CNTTRAN] => 0
    [CNTTRANRESERV] => 0
)

[2025-12-27 18:30:20] [INFO] (/home3/redbarbe/public_html/telegram/webapps/action/ajax_get_tren.php:61) Array
(
    [KOD] => 790587
    [TIME_FROM] => 16:00
    [TIME_TO] => 17:00               
    [CLIENTS_CNT] => 0
    [TOV_NAME] => Паркур kids
    [ACC] => 0
    [CNTTRAN] => 0
    [CNTTRANRESERV] => 0
)

[2025-12-27 18:30:20] [INFO] (/home3/redbarbe/public_html/telegram/webapps/action/ajax_get_tren.php:61) Array
(
    [KOD] => 789963
    [TIME_FROM] => 17:00
    [TIME_TO] => 18:00               
    [CLIENTS_CNT] => 0
    [TOV_NAME] => Паркур teens
    [ACC] => 0
    [CNTTRAN] => 0
    [CNTTRANRESERV] => 0
)

[2025-12-27 18:30:20] [INFO] (/home3/redbarbe/public_html/telegram/webapps/action/ajax_get_tren.php:61) Array
(
    [KOD] => 789027
    [TIME_FROM] => 18:00
    [TIME_TO] => 19:00               
    [CLIENTS_CNT] => 0
    [TOV_NAME] => Йога
    [ACC] => 0
    [CNTTRAN] => 0
    [CNTTRANRESERV] => 0
)

[2025-12-27 18:30:20] [INFO] (/home3/redbarbe/public_html/telegram/webapps/action/ajax_get_tren.php:61) Array
(
    [KOD] => 790119
    [TIME_FROM] => 18:00
    [TIME_TO] => 19:00               
    [CLIENTS_CNT] => 0
    [TOV_NAME] => Бокс/Кікбоксинг  Kids
    [ACC] => 0
    [CNTTRAN] => 0
    [CNTTRANRESERV] => 0
)

[2025-12-27 18:30:20] [INFO] (/home3/redbarbe/public_html/telegram/webapps/action/ajax_get_tren.php:61) Array
(
    [KOD] => 789183
    [TIME_FROM] => 19:40
    [TIME_TO] => 20:40               
    [CLIENTS_CNT] => 0
    [TOV_NAME] => Акробатика Kids
    [ACC] => 0
    [CNTTRAN] => 0
    [CNTTRANRESERV] => 0
)

[2025-12-27 18:30:20] [INFO] (/home3/redbarbe/public_html/telegram/webapps/action/ajax_get_tren.php:61) Array
(
    [KOD] => 789651
    [TIME_FROM] => 20:00
    [TIME_TO] => 21:00               
    [CLIENTS_CNT] => 0
    [TOV_NAME] => Cross activity
    [ACC] => 0
    [CNTTRAN] => 0
    [CNTTRANRESERV] => 0
)

[2025-12-27 18:30:20] [INFO] (/home3/redbarbe/public_html/telegram/webapps/action/ajax_get_tren.php:61) Array
(
    [KOD] => 789495
    [TIME_FROM] => 20:00
    [TIME_TO] => 21:00               
    [CLIENTS_CNT] => 0
    [TOV_NAME] => Бокс
    [ACC] => 0
    [CNTTRAN] => 0
    [CNTTRANRESERV] => 0
)

[2025-12-27 18:30:20] [INFO] (/home3/redbarbe/public_html/telegram/webapps/action/ajax_get_tren.php:61) Array
(
    [KOD] => 789807
    [TIME_FROM] => 20:00
    [TIME_TO] => 21:00               
    [CLIENTS_CNT] => 0
    [TOV_NAME] => Stretching
    [ACC] => 0
    [CNTTRAN] => 0
    [CNTTRANRESERV] => 0
)

[2025-12-27 18:30:26] [INFO] (/home3/redbarbe/public_html/telegram/webapps/action/ajax_get_tren.php:35) Array
(
    [0] => Array
        (
            [KOD] => 774585
            [TIME_FROM] => 08:00
            [TIME_TO] => 09:00               
            [CLIENTS_CNT] => 0
            [TOV_NAME] => Бокс(хлопці, з 13 років)
            [ACC] => 0
            [CNTTRAN] => 0
            [CNTTRANRESERV] => 0
        )

    [1] => Array
        (
            [KOD] => 774430
            [TIME_FROM] => 18:00
            [TIME_TO] => 19:00               
            [CLIENTS_CNT] => 0
            [TOV_NAME] => Бокс/Кікбоксинг  Kids
            [ACC] => 0
            [CNTTRAN] => 0
            [CNTTRANRESERV] => 0
        )

    [2] => Array
        (
            [KOD] => 773655
            [TIME_FROM] => 19:40
            [TIME_TO] => 20:40               
            [CLIENTS_CNT] => 0
            [TOV_NAME] => Акробатика Kids
            [ACC] => 0
            [CNTTRAN] => 0
            [CNTTRANRESERV] => 0
        )

    [3] => Array
        (
            [KOD] => 774275
            [TIME_FROM] => 20:00
            [TIME_TO] => 21:00               
            [CLIENTS_CNT] => 0
            [TOV_NAME] => Cross activity
            [ACC] => 0
            [CNTTRAN] => 0
            [CNTTRANRESERV] => 0
        )

    [4] => Array
        (
            [KOD] => 773965
            [TIME_FROM] => 20:00
            [TIME_TO] => 21:00               
            [CLIENTS_CNT] => 0
            [TOV_NAME] => Бокс
            [ACC] => 0
            [CNTTRAN] => 0
            [CNTTRANRESERV] => 0
        )

    [5] => Array
        (
            [KOD] => 774120
            [TIME_FROM] => 20:00
            [TIME_TO] => 21:00               
            [CLIENTS_CNT] => 0
            [TOV_NAME] => Stretching
            [ACC] => 0
            [CNTTRAN] => 0
            [CNTTRANRESERV] => 0
        )

)

[2025-12-27 18:30:26] [INFO] (/home3/redbarbe/public_html/telegram/webapps/action/ajax_get_tren.php:61) Array
(
    [KOD] => 774585
    [TIME_FROM] => 08:00
    [TIME_TO] => 09:00               
    [CLIENTS_CNT] => 0
    [TOV_NAME] => Бокс(хлопці, з 13 років)
    [ACC] => 0
    [CNTTRAN] => 0
    [CNTTRANRESERV] => 0
)

[2025-12-27 18:30:26] [INFO] (/home3/redbarbe/public_html/telegram/webapps/action/ajax_get_tren.php:61) Array
(
    [KOD] => 774430
    [TIME_FROM] => 18:00
    [TIME_TO] => 19:00               
    [CLIENTS_CNT] => 0
    [TOV_NAME] => Бокс/Кікбоксинг  Kids
    [ACC] => 0
    [CNTTRAN] => 0
    [CNTTRANRESERV] => 0
)

[2025-12-27 18:30:26] [INFO] (/home3/redbarbe/public_html/telegram/webapps/action/ajax_get_tren.php:61) Array
(
    [KOD] => 773655
    [TIME_FROM] => 19:40
    [TIME_TO] => 20:40               
    [CLIENTS_CNT] => 0
    [TOV_NAME] => Акробатика Kids
    [ACC] => 0
    [CNTTRAN] => 0
    [CNTTRANRESERV] => 0
)

[2025-12-27 18:30:26] [INFO] (/home3/redbarbe/public_html/telegram/webapps/action/ajax_get_tren.php:61) Array
(
    [KOD] => 774275
    [TIME_FROM] => 20:00
    [TIME_TO] => 21:00               
    [CLIENTS_CNT] => 0
    [TOV_NAME] => Cross activity
    [ACC] => 0
    [CNTTRAN] => 0
    [CNTTRANRESERV] => 0
)

[2025-12-27 18:30:26] [INFO] (/home3/redbarbe/public_html/telegram/webapps/action/ajax_get_tren.php:61) Array
(
    [KOD] => 773965
    [TIME_FROM] => 20:00
    [TIME_TO] => 21:00               
    [CLIENTS_CNT] => 0
    [TOV_NAME] => Бокс
    [ACC] => 0
    [CNTTRAN] => 0
    [CNTTRANRESERV] => 0
)

[2025-12-27 18:30:26] [INFO] (/home3/redbarbe/public_html/telegram/webapps/action/ajax_get_tren.php:61) Array
(
    [KOD] => 774120
    [TIME_FROM] => 20:00
    [TIME_TO] => 21:00               
    [CLIENTS_CNT] => 0
    [TOV_NAME] => Stretching
    [ACC] => 0
    [CNTTRAN] => 0
    [CNTTRANRESERV] => 0
)

[2025-12-27 20:08:21] [INFO] (/home3/redbarbe/public_html/telegram/webapps/action/hist_ost_poslug.php:12) SELECT a.name FROM `spr_acc` a, spr_users u WHERE u.active_account=a.acc and u.chat_id=a.chat_id and a.acc=12325 
and u.club=(select id from spr_clubs where ip_club="212.26.139.90") limit 1
[2025-12-27 20:08:21] [INFO] (/home3/redbarbe/public_html/telegram/webapps/action/hist_ost_poslug.php:13) hist_ost_poslug
[2025-12-27 20:08:21] [INFO] (/home3/redbarbe/public_html/telegram/webapps/action/hist_ost_poslug.php:104) Array
(
    [acc] => 12325
    [command] => GET_OST_POSLUG_ACC
)

[2025-12-27 20:08:21] [INFO] (/home3/redbarbe/public_html/telegram/webapps/action/hist_ost_poslug.php:105) ip=212.26.139.90
[2025-12-27 22:43:43] [INFO] (/home3/redbarbe/public_html/telegram/webapps/action/hist_ind.php:16) SELECT a.name FROM `spr_acc` a, spr_users u WHERE u.active_account=a.acc and u.chat_id=a.chat_id and a.acc=12708 
and u.club=(select id from spr_clubs where ip_club="178.158.212.173") limit 1
[2025-12-27 22:43:43] [INFO] (/home3/redbarbe/public_html/telegram/webapps/action/hist_ind.php:17) hist_grp
[2025-12-27 22:43:43] [INFO] (/home3/redbarbe/public_html/telegram/webapps/action/hist_ind.php:108) Array
(
    [dbeg] => 27.09.2025
    [dend] => today
    [acc] => 12708
    [command] => get_ind_history
)

[2025-12-27 22:43:43] [INFO] (/home3/redbarbe/public_html/telegram/webapps/action/hist_ind.php:109) ip=178.158.212.173
[2025-12-27 23:27:58] [INFO] (/home3/redbarbe/public_html/telegram/webapps/action/hist_ost_poslug.php:12) SELECT a.name FROM `spr_acc` a, spr_users u WHERE u.active_account=a.acc and u.chat_id=a.chat_id and a.acc=14435 
and u.club=(select id from spr_clubs where ip_club="178.158.212.173") limit 1
[2025-12-27 23:27:58] [INFO] (/home3/redbarbe/public_html/telegram/webapps/action/hist_ost_poslug.php:13) hist_ost_poslug
[2025-12-27 23:27:58] [INFO] (/home3/redbarbe/public_html/telegram/webapps/action/hist_ost_poslug.php:104) Array
(
    [acc] => 14435
    [command] => GET_OST_POSLUG_ACC
)

[2025-12-27 23:27:58] [INFO] (/home3/redbarbe/public_html/telegram/webapps/action/hist_ost_poslug.php:105) ip=178.158.212.173
[2025-12-27 23:40:25] [INFO] (/home3/redbarbe/public_html/telegram/webapps/action/hist_ind.php:16) SELECT a.name FROM `spr_acc` a, spr_users u WHERE u.active_account=a.acc and u.chat_id=a.chat_id and a.acc=13423 
and u.club=(select id from spr_clubs where ip_club="178.158.212.173") limit 1
[2025-12-27 23:40:25] [INFO] (/home3/redbarbe/public_html/telegram/webapps/action/hist_ind.php:17) hist_grp
[2025-12-27 23:40:25] [INFO] (/home3/redbarbe/public_html/telegram/webapps/action/hist_ind.php:108) Array
(
    [dbeg] => 27.09.2025
    [dend] => today
    [acc] => 13423
    [command] => get_ind_history
)

[2025-12-27 23:40:25] [INFO] (/home3/redbarbe/public_html/telegram/webapps/action/hist_ind.php:109) ip=178.158.212.173
[2025-12-27 23:40:28] [INFO] (/home3/redbarbe/public_html/telegram/webapps/action/hist_ost_poslug.php:12) SELECT a.name FROM `spr_acc` a, spr_users u WHERE u.active_account=a.acc and u.chat_id=a.chat_id and a.acc=13423 
and u.club=(select id from spr_clubs where ip_club="178.158.212.173") limit 1
[2025-12-27 23:40:28] [INFO] (/home3/redbarbe/public_html/telegram/webapps/action/hist_ost_poslug.php:13) hist_ost_poslug
[2025-12-27 23:40:28] [INFO] (/home3/redbarbe/public_html/telegram/webapps/action/hist_ost_poslug.php:104) Array
(
    [acc] => 13423
    [command] => GET_OST_POSLUG_ACC
)

[2025-12-27 23:40:28] [INFO] (/home3/redbarbe/public_html/telegram/webapps/action/hist_ost_poslug.php:105) ip=178.158.212.173
[2025-12-27 23:58:42] [INFO] (/home3/redbarbe/public_html/telegram/webapps/action/hist_grp.php:16) SELECT a.name FROM `spr_acc` a, spr_users u WHERE u.active_account=a.acc and u.chat_id=a.chat_id and a.acc=11240 
and u.club=(select id from spr_clubs where ip_club="178.151.119.180") limit 1
[2025-12-27 23:58:42] [INFO] (/home3/redbarbe/public_html/telegram/webapps/action/hist_grp.php:17) hist_grp
[2025-12-27 23:58:42] [INFO] (/home3/redbarbe/public_html/telegram/webapps/action/hist_grp.php:108) Array
(
    [dbeg] => 27.09.2025
    [dend] => today
    [acc] => 11240
    [command] => get_grp_history
)

[2025-12-27 23:58:42] [INFO] (/home3/redbarbe/public_html/telegram/webapps/action/hist_grp.php:109) ip=178.151.119.180
