[2026-05-03 07:13:39] [INFO] (/home/redbarbe/public_html/telegram/webapps/action/ajax_get_tren.php:35) Нет связи с сервером
[2026-05-03 07:13:42] [INFO] (/home/redbarbe/public_html/telegram/webapps/action/ajax_get_tren.php:35) Нет связи с сервером
[2026-05-03 07:44:44] [INFO] (/home/redbarbe/public_html/telegram/webapps/action/ajax_get_tren.php:35) Нет связи с сервером
[2026-05-03 07:48:51] [INFO] (/home/redbarbe/public_html/telegram/webapps/action/ajax_get_tren.php:35) Array
(
    [0] => Array
        (
            [KOD] => 803685
            [TIME_FROM] => 11:00
            [TIME_TO] => 12:00               
            [CLIENTS_CNT] => 5
            [TOV_NAME] => Cycle
            [ACC] => 0
            [CNTTRAN] => 3
            [CNTTRANRESERV] => 0
        )

    [1] => Array
        (
            [KOD] => 803736
            [TIME_FROM] => 12:00
            [TIME_TO] => 13:00               
            [CLIENTS_CNT] => 0
            [TOV_NAME] => Stretching
            [ACC] => 0
            [CNTTRAN] => 3
            [CNTTRANRESERV] => 0
        )

)

[2026-05-03 07:48:51] [INFO] (/home/redbarbe/public_html/telegram/webapps/action/ajax_get_tren.php:61) Array
(
    [KOD] => 803685
    [TIME_FROM] => 11:00
    [TIME_TO] => 12:00               
    [CLIENTS_CNT] => 5
    [TOV_NAME] => Cycle
    [ACC] => 0
    [CNTTRAN] => 3
    [CNTTRANRESERV] => 0
)

[2026-05-03 07:48:51] [INFO] (/home/redbarbe/public_html/telegram/webapps/action/ajax_get_tren.php:61) Array
(
    [KOD] => 803736
    [TIME_FROM] => 12:00
    [TIME_TO] => 13:00               
    [CLIENTS_CNT] => 0
    [TOV_NAME] => Stretching
    [ACC] => 0
    [CNTTRAN] => 3
    [CNTTRANRESERV] => 0
)

[2026-05-03 08:36:58] [INFO] (/home/redbarbe/public_html/telegram/webapps/action/hist_ind.php:116) Array
(
    [dbeg] => 03.02.2026
    [dend] => today
    [acc] => 15617
    [command] => get_ind_history
)

[2026-05-03 08:36:58] [INFO] (/home/redbarbe/public_html/telegram/webapps/action/hist_ind.php:117) ip=178.158.212.173
[2026-05-03 08:55:45] [INFO] (/home/redbarbe/public_html/telegram/webapps/action/ajax_get_tren.php:35) Array
(
    [0] => Array
        (
            [KOD] => 803685
            [TIME_FROM] => 11:00
            [TIME_TO] => 12:00               
            [CLIENTS_CNT] => 5
            [TOV_NAME] => Cycle
            [ACC] => 0
            [CNTTRAN] => 3
            [CNTTRANRESERV] => 0
        )

    [1] => Array
        (
            [KOD] => 803736
            [TIME_FROM] => 12:00
            [TIME_TO] => 13:00               
            [CLIENTS_CNT] => 0
            [TOV_NAME] => Stretching
            [ACC] => 15696
            [CNTTRAN] => 3
            [CNTTRANRESERV] => 0
        )

)

[2026-05-03 08:55:45] [INFO] (/home/redbarbe/public_html/telegram/webapps/action/ajax_get_tren.php:61) Array
(
    [KOD] => 803685
    [TIME_FROM] => 11:00
    [TIME_TO] => 12:00               
    [CLIENTS_CNT] => 5
    [TOV_NAME] => Cycle
    [ACC] => 0
    [CNTTRAN] => 3
    [CNTTRANRESERV] => 0
)

[2026-05-03 08:55:45] [INFO] (/home/redbarbe/public_html/telegram/webapps/action/ajax_get_tren.php:61) Array
(
    [KOD] => 803736
    [TIME_FROM] => 12:00
    [TIME_TO] => 13:00               
    [CLIENTS_CNT] => 0
    [TOV_NAME] => Stretching
    [ACC] => 15696
    [CNTTRAN] => 3
    [CNTTRANRESERV] => 0
)

[2026-05-03 08:57:03] [INFO] (/home/redbarbe/public_html/telegram/webapps/action/hist_ost_poslug.php:119) Array
(
    [acc] => 15275
    [command] => GET_OST_POSLUG_ACC
)

[2026-05-03 08:57:03] [INFO] (/home/redbarbe/public_html/telegram/webapps/action/hist_ost_poslug.php:120) ip=178.158.212.173
[2026-05-03 08:57:09] [INFO] (/home/redbarbe/public_html/telegram/webapps/action/hist_ind.php:116) Array
(
    [dbeg] => 03.02.2026
    [dend] => today
    [acc] => 15275
    [command] => get_ind_history
)

[2026-05-03 08:57:09] [INFO] (/home/redbarbe/public_html/telegram/webapps/action/hist_ind.php:117) ip=178.158.212.173
[2026-05-03 08:57:30] [INFO] (/home/redbarbe/public_html/telegram/webapps/reports/report_pers_detal.php:22) Array
(
)

[2026-05-03 08:57:38] [INFO] (/home/redbarbe/public_html/telegram/webapps/reports/report_pers_detal.php:22) Array
(
    [ajax_method] => 2
    [action] => report_pers_detal
    [action_report] => report_view
    [admin] => 5
    [date_from] => 03.05.2026
    [date_to] => 03.05.2026
    [ip_club] => 178.151.119.180
    [podr] => all
    [sotr] => 0710
)

[2026-05-03 09:27:10] [INFO] (/home/redbarbe/public_html/telegram/webapps/action/hist_ost_poslug.php:119) Array
(
    [acc] => 14203
    [command] => GET_OST_POSLUG_ACC
)

[2026-05-03 09:27:10] [INFO] (/home/redbarbe/public_html/telegram/webapps/action/hist_ost_poslug.php:120) ip=178.158.212.173
[2026-05-03 09:27:16] [INFO] (/home/redbarbe/public_html/telegram/webapps/action/hist_ind.php:116) Array
(
    [dbeg] => 03.02.2026
    [dend] => today
    [acc] => 14203
    [command] => get_ind_history
)

[2026-05-03 09:27:16] [INFO] (/home/redbarbe/public_html/telegram/webapps/action/hist_ind.php:117) ip=178.158.212.173
[2026-05-03 09:27:26] [INFO] (/home/redbarbe/public_html/telegram/webapps/action/hist_grp.php:116) Array
(
    [dbeg] => 03.02.2026
    [dend] => today
    [acc] => 14203
    [command] => get_grp_history
)

[2026-05-03 09:27:26] [INFO] (/home/redbarbe/public_html/telegram/webapps/action/hist_grp.php:117) ip=178.158.212.173
[2026-05-03 09:43:17] [INFO] (/home/redbarbe/public_html/telegram/webapps/action/ajax_get_tren.php:35) Array
(
    [0] => Array
        (
            [KOD] => 803685
            [TIME_FROM] => 11:00
            [TIME_TO] => 12:00               
            [CLIENTS_CNT] => 5
            [TOV_NAME] => Cycle
            [ACC] => 0
            [CNTTRAN] => 3
            [CNTTRANRESERV] => 0
        )

    [1] => Array
        (
            [KOD] => 803736
            [TIME_FROM] => 12:00
            [TIME_TO] => 13:00               
            [CLIENTS_CNT] => 0
            [TOV_NAME] => Stretching
            [ACC] => 0
            [CNTTRAN] => 3
            [CNTTRANRESERV] => 0
        )

)

[2026-05-03 09:43:17] [INFO] (/home/redbarbe/public_html/telegram/webapps/action/ajax_get_tren.php:61) Array
(
    [KOD] => 803685
    [TIME_FROM] => 11:00
    [TIME_TO] => 12:00               
    [CLIENTS_CNT] => 5
    [TOV_NAME] => Cycle
    [ACC] => 0
    [CNTTRAN] => 3
    [CNTTRANRESERV] => 0
)

[2026-05-03 09:43:17] [INFO] (/home/redbarbe/public_html/telegram/webapps/action/ajax_get_tren.php:61) Array
(
    [KOD] => 803736
    [TIME_FROM] => 12:00
    [TIME_TO] => 13:00               
    [CLIENTS_CNT] => 0
    [TOV_NAME] => Stretching
    [ACC] => 0
    [CNTTRAN] => 3
    [CNTTRANRESERV] => 0
)

[2026-05-03 09:57:07] [INFO] (/home/redbarbe/public_html/telegram/webapps/reports/report_pers_detal.php:22) Array
(
)

[2026-05-03 09:57:11] [INFO] (/home/redbarbe/public_html/telegram/webapps/reports/report_pers_detal.php:22) Array
(
    [ajax_method] => 2
    [action] => report_pers_detal
    [action_report] => report_view
    [admin] => 5
    [date_from] => 03.05.2026
    [date_to] => 03.05.2026
    [ip_club] => 178.151.119.180
    [podr] => all
    [sotr] => 0710
)

[2026-05-03 09:57:40] [INFO] (/home/redbarbe/public_html/telegram/webapps/action/hist_grp.php:116) Array
(
    [dbeg] => 03.02.2026
    [dend] => today
    [acc] => 14129
    [command] => get_grp_history
)

[2026-05-03 09:57:40] [INFO] (/home/redbarbe/public_html/telegram/webapps/action/hist_grp.php:117) ip=178.158.212.173
[2026-05-03 10:09:55] [INFO] (/home/redbarbe/public_html/telegram/webapps/reports/report_pers_detal.php:22) Array
(
)

[2026-05-03 10:10:02] [INFO] (/home/redbarbe/public_html/telegram/webapps/reports/report_pers_detal.php:22) Array
(
)

[2026-05-03 10:10:07] [INFO] (/home/redbarbe/public_html/telegram/webapps/reports/report_pers_detal.php:22) Array
(
    [ajax_method] => 2
    [action] => report_pers_detal
    [action_report] => report_view
    [admin] => 5
    [date_from] => 03.05.2026
    [date_to] => 03.05.2026
    [ip_club] => 178.151.119.180
    [podr] => all
    [sotr] => 0710
)

[2026-05-03 10:13:55] [INFO] (/home/redbarbe/public_html/telegram/webapps/reports/report_pers_detal.php:22) Array
(
)

[2026-05-03 10:14:00] [INFO] (/home/redbarbe/public_html/telegram/webapps/reports/report_pers_detal.php:22) Array
(
    [ajax_method] => 2
    [action] => report_pers_detal
    [action_report] => report_view
    [admin] => 5
    [date_from] => 03.05.2026
    [date_to] => 03.05.2026
    [ip_club] => 178.151.119.180
    [podr] => all
    [sotr] => 0710
)

[2026-05-03 10:19:34] [INFO] (/home/redbarbe/public_html/telegram/webapps/action/hist_ost_poslug.php:119) Array
(
    [acc] => 479
    [command] => GET_OST_POSLUG_ACC
)

[2026-05-03 10:19:34] [INFO] (/home/redbarbe/public_html/telegram/webapps/action/hist_ost_poslug.php:120) ip=109.86.110.220
[2026-05-03 10:19:41] [INFO] (/home/redbarbe/public_html/telegram/webapps/action/hist_ind.php:116) Array
(
    [dbeg] => 03.02.2026
    [dend] => today
    [acc] => 479
    [command] => get_ind_history
)

[2026-05-03 10:19:41] [INFO] (/home/redbarbe/public_html/telegram/webapps/action/hist_ind.php:117) ip=109.86.110.220
[2026-05-03 10:24:57] [INFO] (/home/redbarbe/public_html/telegram/webapps/action/hist_ind.php:116) Array
(
    [dbeg] => 03.02.2026
    [dend] => today
    [acc] => 14203
    [command] => get_ind_history
)

[2026-05-03 10:24:57] [INFO] (/home/redbarbe/public_html/telegram/webapps/action/hist_ind.php:117) ip=178.158.212.173
[2026-05-03 10:25:28] [INFO] (/home/redbarbe/public_html/telegram/webapps/action/hist_grp.php:116) Array
(
    [dbeg] => 03.02.2026
    [dend] => today
    [acc] => 14203
    [command] => get_grp_history
)

[2026-05-03 10:25:28] [INFO] (/home/redbarbe/public_html/telegram/webapps/action/hist_grp.php:117) ip=178.158.212.173
[2026-05-03 10:25:31] [INFO] (/home/redbarbe/public_html/telegram/webapps/action/hist_ost_poslug.php:119) Array
(
    [acc] => 14203
    [command] => GET_OST_POSLUG_ACC
)

[2026-05-03 10:25:31] [INFO] (/home/redbarbe/public_html/telegram/webapps/action/hist_ost_poslug.php:120) ip=178.158.212.173
[2026-05-03 10:25:44] [INFO] (/home/redbarbe/public_html/telegram/webapps/action/my_zapis.php:114) 
[2026-05-03 10:25:47] [INFO] (/home/redbarbe/public_html/telegram/webapps/action/my_zapis.php:114) 
[2026-05-03 10:26:03] [INFO] (/home/redbarbe/public_html/telegram/webapps/action/hist_ind.php:116) Array
(
    [dbeg] => 03.02.2026
    [dend] => today
    [acc] => 14203
    [command] => get_ind_history
)

[2026-05-03 10:26:03] [INFO] (/home/redbarbe/public_html/telegram/webapps/action/hist_ind.php:117) ip=178.158.212.173
[2026-05-03 10:26:08] [INFO] (/home/redbarbe/public_html/telegram/webapps/action/hist_ind.php:116) Array
(
    [dbeg] => 03.02.2026
    [dend] => today
    [acc] => 14203
    [command] => get_ind_history
)

[2026-05-03 10:26:08] [INFO] (/home/redbarbe/public_html/telegram/webapps/action/hist_ind.php:117) ip=178.158.212.173
[2026-05-03 10:26:34] [INFO] (/home/redbarbe/public_html/telegram/webapps/action/hist_ind.php:116) Array
(
    [dbeg] => 03.02.2026
    [dend] => today
    [acc] => 14203
    [command] => get_ind_history
)

[2026-05-03 10:26:34] [INFO] (/home/redbarbe/public_html/telegram/webapps/action/hist_ind.php:117) ip=178.158.212.173
[2026-05-03 10:26:38] [INFO] (/home/redbarbe/public_html/telegram/webapps/action/hist_grp.php:116) Array
(
    [dbeg] => 03.02.2026
    [dend] => today
    [acc] => 14203
    [command] => get_grp_history
)

[2026-05-03 10:26:38] [INFO] (/home/redbarbe/public_html/telegram/webapps/action/hist_grp.php:117) ip=178.158.212.173
[2026-05-03 10:26:42] [INFO] (/home/redbarbe/public_html/telegram/webapps/action/hist_ost_poslug.php:119) Array
(
    [acc] => 14203
    [command] => GET_OST_POSLUG_ACC
)

[2026-05-03 10:26:42] [INFO] (/home/redbarbe/public_html/telegram/webapps/action/hist_ost_poslug.php:120) ip=178.158.212.173
[2026-05-03 10:26:47] [INFO] (/home/redbarbe/public_html/telegram/webapps/action/my_zapis.php:114) 
[2026-05-03 10:26:57] [INFO] (/home/redbarbe/public_html/telegram/webapps/action/my_zapis.php:114) 
[2026-05-03 10:27:00] [INFO] (/home/redbarbe/public_html/telegram/webapps/action/my_zapis.php:114) 
[2026-05-03 10:31:49] [INFO] (/home/redbarbe/public_html/telegram/webapps/action/ajax_get_tren.php:35) Array
(
    [0] => Array
        (
            [KOD] => 803685
            [TIME_FROM] => 11:00
            [TIME_TO] => 12:00               
            [CLIENTS_CNT] => 5
            [TOV_NAME] => Cycle
            [ACC] => 0
            [CNTTRAN] => 3
            [CNTTRANRESERV] => 0
        )

    [1] => Array
        (
            [KOD] => 803736
            [TIME_FROM] => 12:00
            [TIME_TO] => 13:00               
            [CLIENTS_CNT] => 0
            [TOV_NAME] => Stretching
            [ACC] => 0
            [CNTTRAN] => 3
            [CNTTRANRESERV] => 0
        )

)

[2026-05-03 10:31:49] [INFO] (/home/redbarbe/public_html/telegram/webapps/action/ajax_get_tren.php:61) Array
(
    [KOD] => 803685
    [TIME_FROM] => 11:00
    [TIME_TO] => 12:00               
    [CLIENTS_CNT] => 5
    [TOV_NAME] => Cycle
    [ACC] => 0
    [CNTTRAN] => 3
    [CNTTRANRESERV] => 0
)

[2026-05-03 10:31:49] [INFO] (/home/redbarbe/public_html/telegram/webapps/action/ajax_get_tren.php:61) Array
(
    [KOD] => 803736
    [TIME_FROM] => 12:00
    [TIME_TO] => 13:00               
    [CLIENTS_CNT] => 0
    [TOV_NAME] => Stretching
    [ACC] => 0
    [CNTTRAN] => 3
    [CNTTRANRESERV] => 0
)

[2026-05-03 10:31:51] [INFO] (/home/redbarbe/public_html/telegram/webapps/action/hist_ind.php:116) Array
(
    [dbeg] => 03.02.2026
    [dend] => today
    [acc] => 12377
    [command] => get_ind_history
)

[2026-05-03 10:31:51] [INFO] (/home/redbarbe/public_html/telegram/webapps/action/hist_ind.php:117) ip=212.26.139.90
[2026-05-03 10:31:56] [INFO] (/home/redbarbe/public_html/telegram/webapps/action/hist_grp.php:116) Array
(
    [dbeg] => 03.02.2026
    [dend] => today
    [acc] => 12377
    [command] => get_grp_history
)

[2026-05-03 10:31:56] [INFO] (/home/redbarbe/public_html/telegram/webapps/action/hist_grp.php:117) ip=212.26.139.90
[2026-05-03 10:32:00] [INFO] (/home/redbarbe/public_html/telegram/webapps/action/hist_ost_poslug.php:119) Array
(
    [acc] => 12377
    [command] => GET_OST_POSLUG_ACC
)

[2026-05-03 10:32:00] [INFO] (/home/redbarbe/public_html/telegram/webapps/action/hist_ost_poslug.php:120) ip=212.26.139.90
[2026-05-03 10:39:08] [INFO] (/home/redbarbe/public_html/telegram/webapps/action/ajax_get_tren.php:35) Array
(
    [0] => Array
        (
            [KOD] => 848464
            [TIME_FROM] => 09:00
            [TIME_TO] => 10:00               
            [CLIENTS_CNT] => 0
            [TOV_NAME] => Пілатес
            [ACC] => 0
            [CNTTRAN] => 0
            [CNTTRANRESERV] => 0
        )

    [1] => Array
        (
            [KOD] => 846633
            [TIME_FROM] => 19:00
            [TIME_TO] => 20:00               
            [CLIENTS_CNT] => 0
            [TOV_NAME] => Stretching & Mobility
            [ACC] => 0
            [CNTTRAN] => 0
            [CNTTRANRESERV] => 0
        )

)

[2026-05-03 10:39:08] [INFO] (/home/redbarbe/public_html/telegram/webapps/action/ajax_get_tren.php:61) Array
(
    [KOD] => 848464
    [TIME_FROM] => 09:00
    [TIME_TO] => 10:00               
    [CLIENTS_CNT] => 0
    [TOV_NAME] => Пілатес
    [ACC] => 0
    [CNTTRAN] => 0
    [CNTTRANRESERV] => 0
)

[2026-05-03 10:39:08] [INFO] (/home/redbarbe/public_html/telegram/webapps/action/ajax_get_tren.php:61) Array
(
    [KOD] => 846633
    [TIME_FROM] => 19:00
    [TIME_TO] => 20:00               
    [CLIENTS_CNT] => 0
    [TOV_NAME] => Stretching & Mobility
    [ACC] => 0
    [CNTTRAN] => 0
    [CNTTRANRESERV] => 0
)

[2026-05-03 10:39:11] [INFO] (/home/redbarbe/public_html/telegram/webapps/action/ajax_get_tren.php:35) Array
(
    [0] => Array
        (
            [KOD] => 878306
            [TIME_FROM] => 09:00
            [TIME_TO] => 10:00               
            [CLIENTS_CNT] => 0
            [TOV_NAME] => Base fitness (Ліана)
            [ACC] => 0
            [CNTTRAN] => 0
            [CNTTRANRESERV] => 0
        )

    [1] => Array
        (
            [KOD] => 869122
            [TIME_FROM] => 17:00
            [TIME_TO] => 18:00               
            [CLIENTS_CNT] => 0
            [TOV_NAME] => Бокс Kids
            [ACC] => 0
            [CNTTRAN] => 0
            [CNTTRANRESERV] => 0
        )

    [2] => Array
        (
            [KOD] => 876010
            [TIME_FROM] => 18:00
            [TIME_TO] => 19:00               
            [CLIENTS_CNT] => 5
            [TOV_NAME] => B.F.B
            [ACC] => 0
            [CNTTRAN] => 0
            [CNTTRANRESERV] => 0
        )

    [3] => Array
        (
            [KOD] => 873714
            [TIME_FROM] => 19:00
            [TIME_TO] => 20:00               
            [CLIENTS_CNT] => 0
            [TOV_NAME] => Mind Body
            [ACC] => 0
            [CNTTRAN] => 0
            [CNTTRANRESERV] => 0
        )

    [4] => Array
        (
            [KOD] => 871418
            [TIME_FROM] => 19:00
            [TIME_TO] => 20:00               
            [CLIENTS_CNT] => 0
            [TOV_NAME] => No Limits
            [ACC] => 0
            [CNTTRAN] => 0
            [CNTTRANRESERV] => 0
        )

)

[2026-05-03 10:39:11] [INFO] (/home/redbarbe/public_html/telegram/webapps/action/ajax_get_tren.php:61) Array
(
    [KOD] => 878306
    [TIME_FROM] => 09:00
    [TIME_TO] => 10:00               
    [CLIENTS_CNT] => 0
    [TOV_NAME] => Base fitness (Ліана)
    [ACC] => 0
    [CNTTRAN] => 0
    [CNTTRANRESERV] => 0
)

[2026-05-03 10:39:11] [INFO] (/home/redbarbe/public_html/telegram/webapps/action/ajax_get_tren.php:61) Array
(
    [KOD] => 869122
    [TIME_FROM] => 17:00
    [TIME_TO] => 18:00               
    [CLIENTS_CNT] => 0
    [TOV_NAME] => Бокс Kids
    [ACC] => 0
    [CNTTRAN] => 0
    [CNTTRANRESERV] => 0
)

[2026-05-03 10:39:11] [INFO] (/home/redbarbe/public_html/telegram/webapps/action/ajax_get_tren.php:61) Array
(
    [KOD] => 876010
    [TIME_FROM] => 18:00
    [TIME_TO] => 19:00               
    [CLIENTS_CNT] => 5
    [TOV_NAME] => B.F.B
    [ACC] => 0
    [CNTTRAN] => 0
    [CNTTRANRESERV] => 0
)

[2026-05-03 10:39:11] [INFO] (/home/redbarbe/public_html/telegram/webapps/action/ajax_get_tren.php:61) Array
(
    [KOD] => 873714
    [TIME_FROM] => 19:00
    [TIME_TO] => 20:00               
    [CLIENTS_CNT] => 0
    [TOV_NAME] => Mind Body
    [ACC] => 0
    [CNTTRAN] => 0
    [CNTTRANRESERV] => 0
)

[2026-05-03 10:39:11] [INFO] (/home/redbarbe/public_html/telegram/webapps/action/ajax_get_tren.php:61) Array
(
    [KOD] => 871418
    [TIME_FROM] => 19:00
    [TIME_TO] => 20:00               
    [CLIENTS_CNT] => 0
    [TOV_NAME] => No Limits
    [ACC] => 0
    [CNTTRAN] => 0
    [CNTTRANRESERV] => 0
)

[2026-05-03 10:39:13] [INFO] (/home/redbarbe/public_html/telegram/webapps/action/ajax_get_tren.php:35) Array
(
    [0] => Array
        (
            [KOD] => 848464
            [TIME_FROM] => 09:00
            [TIME_TO] => 10:00               
            [CLIENTS_CNT] => 0
            [TOV_NAME] => Пілатес
            [ACC] => 0
            [CNTTRAN] => 0
            [CNTTRANRESERV] => 0
        )

    [1] => Array
        (
            [KOD] => 846633
            [TIME_FROM] => 19:00
            [TIME_TO] => 20:00               
            [CLIENTS_CNT] => 0
            [TOV_NAME] => Stretching & Mobility
            [ACC] => 0
            [CNTTRAN] => 0
            [CNTTRANRESERV] => 0
        )

)

[2026-05-03 10:39:13] [INFO] (/home/redbarbe/public_html/telegram/webapps/action/ajax_get_tren.php:61) Array
(
    [KOD] => 848464
    [TIME_FROM] => 09:00
    [TIME_TO] => 10:00               
    [CLIENTS_CNT] => 0
    [TOV_NAME] => Пілатес
    [ACC] => 0
    [CNTTRAN] => 0
    [CNTTRANRESERV] => 0
)

[2026-05-03 10:39:13] [INFO] (/home/redbarbe/public_html/telegram/webapps/action/ajax_get_tren.php:61) Array
(
    [KOD] => 846633
    [TIME_FROM] => 19:00
    [TIME_TO] => 20:00               
    [CLIENTS_CNT] => 0
    [TOV_NAME] => Stretching & Mobility
    [ACC] => 0
    [CNTTRAN] => 0
    [CNTTRANRESERV] => 0
)

[2026-05-03 10:39:16] [INFO] (/home/redbarbe/public_html/telegram/webapps/action/ajax_get_tren.php:35) Array
(
    [0] => Array
        (
            [KOD] => 878306
            [TIME_FROM] => 09:00
            [TIME_TO] => 10:00               
            [CLIENTS_CNT] => 0
            [TOV_NAME] => Base fitness (Ліана)
            [ACC] => 0
            [CNTTRAN] => 0
            [CNTTRANRESERV] => 0
        )

    [1] => Array
        (
            [KOD] => 869122
            [TIME_FROM] => 17:00
            [TIME_TO] => 18:00               
            [CLIENTS_CNT] => 0
            [TOV_NAME] => Бокс Kids
            [ACC] => 0
            [CNTTRAN] => 0
            [CNTTRANRESERV] => 0
        )

    [2] => Array
        (
            [KOD] => 876010
            [TIME_FROM] => 18:00
            [TIME_TO] => 19:00               
            [CLIENTS_CNT] => 5
            [TOV_NAME] => B.F.B
            [ACC] => 0
            [CNTTRAN] => 0
            [CNTTRANRESERV] => 0
        )

    [3] => Array
        (
            [KOD] => 873714
            [TIME_FROM] => 19:00
            [TIME_TO] => 20:00               
            [CLIENTS_CNT] => 0
            [TOV_NAME] => Mind Body
            [ACC] => 0
            [CNTTRAN] => 0
            [CNTTRANRESERV] => 0
        )

    [4] => Array
        (
            [KOD] => 871418
            [TIME_FROM] => 19:00
            [TIME_TO] => 20:00               
            [CLIENTS_CNT] => 0
            [TOV_NAME] => No Limits
            [ACC] => 0
            [CNTTRAN] => 0
            [CNTTRANRESERV] => 0
        )

)

[2026-05-03 10:39:16] [INFO] (/home/redbarbe/public_html/telegram/webapps/action/ajax_get_tren.php:61) Array
(
    [KOD] => 878306
    [TIME_FROM] => 09:00
    [TIME_TO] => 10:00               
    [CLIENTS_CNT] => 0
    [TOV_NAME] => Base fitness (Ліана)
    [ACC] => 0
    [CNTTRAN] => 0
    [CNTTRANRESERV] => 0
)

[2026-05-03 10:39:16] [INFO] (/home/redbarbe/public_html/telegram/webapps/action/ajax_get_tren.php:61) Array
(
    [KOD] => 869122
    [TIME_FROM] => 17:00
    [TIME_TO] => 18:00               
    [CLIENTS_CNT] => 0
    [TOV_NAME] => Бокс Kids
    [ACC] => 0
    [CNTTRAN] => 0
    [CNTTRANRESERV] => 0
)

[2026-05-03 10:39:16] [INFO] (/home/redbarbe/public_html/telegram/webapps/action/ajax_get_tren.php:61) Array
(
    [KOD] => 876010
    [TIME_FROM] => 18:00
    [TIME_TO] => 19:00               
    [CLIENTS_CNT] => 5
    [TOV_NAME] => B.F.B
    [ACC] => 0
    [CNTTRAN] => 0
    [CNTTRANRESERV] => 0
)

[2026-05-03 10:39:16] [INFO] (/home/redbarbe/public_html/telegram/webapps/action/ajax_get_tren.php:61) Array
(
    [KOD] => 873714
    [TIME_FROM] => 19:00
    [TIME_TO] => 20:00               
    [CLIENTS_CNT] => 0
    [TOV_NAME] => Mind Body
    [ACC] => 0
    [CNTTRAN] => 0
    [CNTTRANRESERV] => 0
)

[2026-05-03 10:39:16] [INFO] (/home/redbarbe/public_html/telegram/webapps/action/ajax_get_tren.php:61) Array
(
    [KOD] => 871418
    [TIME_FROM] => 19:00
    [TIME_TO] => 20:00               
    [CLIENTS_CNT] => 0
    [TOV_NAME] => No Limits
    [ACC] => 0
    [CNTTRAN] => 0
    [CNTTRANRESERV] => 0
)

[2026-05-03 10:39:18] [INFO] (/home/redbarbe/public_html/telegram/webapps/action/ajax_get_tren.php:35) Array
(
    [0] => Array
        (
            [KOD] => 857502
            [TIME_FROM] => 09:00
            [TIME_TO] => 10:00               
            [CLIENTS_CNT] => 0
            [TOV_NAME] => Пілатес
            [ACC] => 0
            [CNTTRAN] => 0
            [CNTTRANRESERV] => 0
        )

    [1] => Array
        (
            [KOD] => 857710
            [TIME_FROM] => 18:00
            [TIME_TO] => 19:00               
            [CLIENTS_CNT] => 0
            [TOV_NAME] => F.B.T. (Fat burn traning)
            [ACC] => 0
            [CNTTRAN] => 0
            [CNTTRANRESERV] => 0
        )

    [2] => Array
        (
            [KOD] => 857294
            [TIME_FROM] => 19:00
            [TIME_TO] => 20:00               
            [CLIENTS_CNT] => 0
            [TOV_NAME] => Stretching & Mobility
            [ACC] => 0
            [CNTTRAN] => 0
            [CNTTRANRESERV] => 0
        )

)

[2026-05-03 10:39:18] [INFO] (/home/redbarbe/public_html/telegram/webapps/action/ajax_get_tren.php:61) Array
(
    [KOD] => 857502
    [TIME_FROM] => 09:00
    [TIME_TO] => 10:00               
    [CLIENTS_CNT] => 0
    [TOV_NAME] => Пілатес
    [ACC] => 0
    [CNTTRAN] => 0
    [CNTTRANRESERV] => 0
)

[2026-05-03 10:39:18] [INFO] (/home/redbarbe/public_html/telegram/webapps/action/ajax_get_tren.php:61) Array
(
    [KOD] => 857710
    [TIME_FROM] => 18:00
    [TIME_TO] => 19:00               
    [CLIENTS_CNT] => 0
    [TOV_NAME] => F.B.T. (Fat burn traning)
    [ACC] => 0
    [CNTTRAN] => 0
    [CNTTRANRESERV] => 0
)

[2026-05-03 10:39:18] [INFO] (/home/redbarbe/public_html/telegram/webapps/action/ajax_get_tren.php:61) Array
(
    [KOD] => 857294
    [TIME_FROM] => 19:00
    [TIME_TO] => 20:00               
    [CLIENTS_CNT] => 0
    [TOV_NAME] => Stretching & Mobility
    [ACC] => 0
    [CNTTRAN] => 0
    [CNTTRANRESERV] => 0
)

[2026-05-03 10:39:19] [INFO] (/home/redbarbe/public_html/telegram/webapps/action/ajax_get_tren.php:35) Array
(
    [0] => Array
        (
            [KOD] => 881194
            [TIME_FROM] => 09:00
            [TIME_TO] => 10:00               
            [CLIENTS_CNT] => 0
            [TOV_NAME] => Tabata (Ліана)
            [ACC] => 0
            [CNTTRAN] => 0
            [CNTTRANRESERV] => 0
        )

    [1] => Array
        (
            [KOD] => 880729
            [TIME_FROM] => 17:00
            [TIME_TO] => 18:00               
            [CLIENTS_CNT] => 0
            [TOV_NAME] => Бокс Kids
            [ACC] => 0
            [CNTTRAN] => 0
            [CNTTRANRESERV] => 0
        )

    [2] => Array
        (
            [KOD] => 881039
            [TIME_FROM] => 18:00
            [TIME_TO] => 19:00               
            [CLIENTS_CNT] => 5
            [TOV_NAME] => B.F.B
            [ACC] => 0
            [CNTTRAN] => 0
            [CNTTRANRESERV] => 0
        )

    [3] => Array
        (
            [KOD] => 880884
            [TIME_FROM] => 19:00
            [TIME_TO] => 20:00               
            [CLIENTS_CNT] => 0
            [TOV_NAME] => Mind Body
            [ACC] => 0
            [CNTTRAN] => 0
            [CNTTRANRESERV] => 0
        )

    [4] => Array
        (
            [KOD] => 880574
            [TIME_FROM] => 19:00
            [TIME_TO] => 20:00               
            [CLIENTS_CNT] => 0
            [TOV_NAME] => No Limits
            [ACC] => 0
            [CNTTRAN] => 0
            [CNTTRANRESERV] => 0
        )

)

[2026-05-03 10:39:19] [INFO] (/home/redbarbe/public_html/telegram/webapps/action/ajax_get_tren.php:61) Array
(
    [KOD] => 881194
    [TIME_FROM] => 09:00
    [TIME_TO] => 10:00               
    [CLIENTS_CNT] => 0
    [TOV_NAME] => Tabata (Ліана)
    [ACC] => 0
    [CNTTRAN] => 0
    [CNTTRANRESERV] => 0
)

[2026-05-03 10:39:19] [INFO] (/home/redbarbe/public_html/telegram/webapps/action/ajax_get_tren.php:61) Array
(
    [KOD] => 880729
    [TIME_FROM] => 17:00
    [TIME_TO] => 18:00               
    [CLIENTS_CNT] => 0
    [TOV_NAME] => Бокс Kids
    [ACC] => 0
    [CNTTRAN] => 0
    [CNTTRANRESERV] => 0
)

[2026-05-03 10:39:19] [INFO] (/home/redbarbe/public_html/telegram/webapps/action/ajax_get_tren.php:61) Array
(
    [KOD] => 881039
    [TIME_FROM] => 18:00
    [TIME_TO] => 19:00               
    [CLIENTS_CNT] => 5
    [TOV_NAME] => B.F.B
    [ACC] => 0
    [CNTTRAN] => 0
    [CNTTRANRESERV] => 0
)

[2026-05-03 10:39:19] [INFO] (/home/redbarbe/public_html/telegram/webapps/action/ajax_get_tren.php:61) Array
(
    [KOD] => 880884
    [TIME_FROM] => 19:00
    [TIME_TO] => 20:00               
    [CLIENTS_CNT] => 0
    [TOV_NAME] => Mind Body
    [ACC] => 0
    [CNTTRAN] => 0
    [CNTTRANRESERV] => 0
)

[2026-05-03 10:39:19] [INFO] (/home/redbarbe/public_html/telegram/webapps/action/ajax_get_tren.php:61) Array
(
    [KOD] => 880574
    [TIME_FROM] => 19:00
    [TIME_TO] => 20:00               
    [CLIENTS_CNT] => 0
    [TOV_NAME] => No Limits
    [ACC] => 0
    [CNTTRAN] => 0
    [CNTTRANRESERV] => 0
)

[2026-05-03 10:44:53] [INFO] (/home/redbarbe/public_html/telegram/webapps/action/hist_ind.php:116) Array
(
    [dbeg] => 03.02.2026
    [dend] => today
    [acc] => 14178
    [command] => get_ind_history
)

[2026-05-03 10:44:53] [INFO] (/home/redbarbe/public_html/telegram/webapps/action/hist_ind.php:117) ip=178.151.119.180
[2026-05-03 10:50:11] [INFO] (/home/redbarbe/public_html/telegram/webapps/action/ajax_get_tren.php:35) Array
(
    [0] => Array
        (
            [KOD] => 803685
            [TIME_FROM] => 11:00
            [TIME_TO] => 12:00               
            [CLIENTS_CNT] => 5
            [TOV_NAME] => Cycle
            [ACC] => 0
            [CNTTRAN] => 3
            [CNTTRANRESERV] => 0
        )

    [1] => Array
        (
            [KOD] => 803736
            [TIME_FROM] => 12:00
            [TIME_TO] => 13:00               
            [CLIENTS_CNT] => 0
            [TOV_NAME] => Stretching
            [ACC] => 0
            [CNTTRAN] => 3
            [CNTTRANRESERV] => 0
        )

)

[2026-05-03 10:50:11] [INFO] (/home/redbarbe/public_html/telegram/webapps/action/ajax_get_tren.php:61) Array
(
    [KOD] => 803685
    [TIME_FROM] => 11:00
    [TIME_TO] => 12:00               
    [CLIENTS_CNT] => 5
    [TOV_NAME] => Cycle
    [ACC] => 0
    [CNTTRAN] => 3
    [CNTTRANRESERV] => 0
)

[2026-05-03 10:50:11] [INFO] (/home/redbarbe/public_html/telegram/webapps/action/ajax_get_tren.php:61) Array
(
    [KOD] => 803736
    [TIME_FROM] => 12:00
    [TIME_TO] => 13:00               
    [CLIENTS_CNT] => 0
    [TOV_NAME] => Stretching
    [ACC] => 0
    [CNTTRAN] => 3
    [CNTTRANRESERV] => 0
)

[2026-05-03 10:55:47] [INFO] (/home/redbarbe/public_html/telegram/webapps/reports/report_pers_detal.php:22) Array
(
)

[2026-05-03 10:55:50] [INFO] (/home/redbarbe/public_html/telegram/webapps/action/ajax_get_tren.php:35) Array
(
    [0] => Array
        (
            [KOD] => 803685
            [TIME_FROM] => 11:00
            [TIME_TO] => 12:00               
            [CLIENTS_CNT] => 5
            [TOV_NAME] => Cycle
            [ACC] => 0
            [CNTTRAN] => 3
            [CNTTRANRESERV] => 0
        )

    [1] => Array
        (
            [KOD] => 803736
            [TIME_FROM] => 12:00
            [TIME_TO] => 13:00               
            [CLIENTS_CNT] => 0
            [TOV_NAME] => Stretching
            [ACC] => 0
            [CNTTRAN] => 3
            [CNTTRANRESERV] => 0
        )

)

[2026-05-03 10:55:50] [INFO] (/home/redbarbe/public_html/telegram/webapps/action/ajax_get_tren.php:61) Array
(
    [KOD] => 803685
    [TIME_FROM] => 11:00
    [TIME_TO] => 12:00               
    [CLIENTS_CNT] => 5
    [TOV_NAME] => Cycle
    [ACC] => 0
    [CNTTRAN] => 3
    [CNTTRANRESERV] => 0
)

[2026-05-03 10:55:50] [INFO] (/home/redbarbe/public_html/telegram/webapps/action/ajax_get_tren.php:61) Array
(
    [KOD] => 803736
    [TIME_FROM] => 12:00
    [TIME_TO] => 13:00               
    [CLIENTS_CNT] => 0
    [TOV_NAME] => Stretching
    [ACC] => 0
    [CNTTRAN] => 3
    [CNTTRANRESERV] => 0
)

[2026-05-03 10:56:01] [INFO] (/home/redbarbe/public_html/telegram/webapps/reports/report_pers_detal.php:22) Array
(
    [ajax_method] => 2
    [action] => report_pers_detal
    [action_report] => report_view
    [admin] => 5
    [date_from] => 02.05.2026
    [date_to] => 02.05.2026
    [ip_club] => 178.158.212.173
    [podr] => all
    [sotr] => 0112
)

[2026-05-03 10:59:38] [INFO] (/home/redbarbe/public_html/telegram/webapps/action/ajax_get_tren.php:35) Array
(
    [0] => Array
        (
            [KOD] => 803685
            [TIME_FROM] => 11:00
            [TIME_TO] => 12:00               
            [CLIENTS_CNT] => 5
            [TOV_NAME] => Cycle
            [ACC] => 0
            [CNTTRAN] => 3
            [CNTTRANRESERV] => 0
        )

    [1] => Array
        (
            [KOD] => 803736
            [TIME_FROM] => 12:00
            [TIME_TO] => 13:00               
            [CLIENTS_CNT] => 0
            [TOV_NAME] => Stretching
            [ACC] => 0
            [CNTTRAN] => 3
            [CNTTRANRESERV] => 0
        )

)

[2026-05-03 10:59:38] [INFO] (/home/redbarbe/public_html/telegram/webapps/action/ajax_get_tren.php:61) Array
(
    [KOD] => 803685
    [TIME_FROM] => 11:00
    [TIME_TO] => 12:00               
    [CLIENTS_CNT] => 5
    [TOV_NAME] => Cycle
    [ACC] => 0
    [CNTTRAN] => 3
    [CNTTRANRESERV] => 0
)

[2026-05-03 10:59:38] [INFO] (/home/redbarbe/public_html/telegram/webapps/action/ajax_get_tren.php:61) Array
(
    [KOD] => 803736
    [TIME_FROM] => 12:00
    [TIME_TO] => 13:00               
    [CLIENTS_CNT] => 0
    [TOV_NAME] => Stretching
    [ACC] => 0
    [CNTTRAN] => 3
    [CNTTRANRESERV] => 0
)

[2026-05-03 11:04:03] [INFO] (/home/redbarbe/public_html/telegram/webapps/action/ajax_get_tren.php:35) Array
(
    [0] => Array
        (
            [KOD] => 803685
            [TIME_FROM] => 11:00
            [TIME_TO] => 12:00               
            [CLIENTS_CNT] => 5
            [TOV_NAME] => Cycle
            [ACC] => 0
            [CNTTRAN] => 3
            [CNTTRANRESERV] => 0
        )

    [1] => Array
        (
            [KOD] => 803736
            [TIME_FROM] => 12:00
            [TIME_TO] => 13:00               
            [CLIENTS_CNT] => 0
            [TOV_NAME] => Stretching
            [ACC] => 0
            [CNTTRAN] => 3
            [CNTTRANRESERV] => 0
        )

)

[2026-05-03 11:04:03] [INFO] (/home/redbarbe/public_html/telegram/webapps/action/ajax_get_tren.php:61) Array
(
    [KOD] => 803685
    [TIME_FROM] => 11:00
    [TIME_TO] => 12:00               
    [CLIENTS_CNT] => 5
    [TOV_NAME] => Cycle
    [ACC] => 0
    [CNTTRAN] => 3
    [CNTTRANRESERV] => 0
)

[2026-05-03 11:04:03] [INFO] (/home/redbarbe/public_html/telegram/webapps/action/ajax_get_tren.php:61) Array
(
    [KOD] => 803736
    [TIME_FROM] => 12:00
    [TIME_TO] => 13:00               
    [CLIENTS_CNT] => 0
    [TOV_NAME] => Stretching
    [ACC] => 0
    [CNTTRAN] => 3
    [CNTTRANRESERV] => 0
)

[2026-05-03 11:34:57] [INFO] (/home/redbarbe/public_html/telegram/webapps/reports/report_pers_detal.php:22) Array
(
)

[2026-05-03 11:35:03] [INFO] (/home/redbarbe/public_html/telegram/webapps/reports/report_pers_detal.php:22) Array
(
    [ajax_method] => 2
    [action] => report_pers_detal
    [action_report] => report_view
    [admin] => 5
    [date_from] => 03.05.2026
    [date_to] => 03.05.2026
    [ip_club] => 178.158.212.173
    [podr] => grp
    [sotr] => 0331
)

[2026-05-03 11:40:46] [INFO] (/home/redbarbe/public_html/telegram/webapps/action/ajax_get_tren.php:35) Array
(
    [0] => Array
        (
            [KOD] => 803685
            [TIME_FROM] => 11:00
            [TIME_TO] => 12:00               
            [CLIENTS_CNT] => 5
            [TOV_NAME] => Cycle
            [ACC] => 14964
            [CNTTRAN] => 3
            [CNTTRANRESERV] => 0
        )

    [1] => Array
        (
            [KOD] => 803736
            [TIME_FROM] => 12:00
            [TIME_TO] => 13:00               
            [CLIENTS_CNT] => 0
            [TOV_NAME] => Stretching
            [ACC] => 14964
            [CNTTRAN] => 3
            [CNTTRANRESERV] => 0
        )

)

[2026-05-03 11:40:46] [INFO] (/home/redbarbe/public_html/telegram/webapps/action/ajax_get_tren.php:61) Array
(
    [KOD] => 803685
    [TIME_FROM] => 11:00
    [TIME_TO] => 12:00               
    [CLIENTS_CNT] => 5
    [TOV_NAME] => Cycle
    [ACC] => 14964
    [CNTTRAN] => 3
    [CNTTRANRESERV] => 0
)

[2026-05-03 11:40:46] [INFO] (/home/redbarbe/public_html/telegram/webapps/action/ajax_get_tren.php:61) Array
(
    [KOD] => 803736
    [TIME_FROM] => 12:00
    [TIME_TO] => 13:00               
    [CLIENTS_CNT] => 0
    [TOV_NAME] => Stretching
    [ACC] => 14964
    [CNTTRAN] => 3
    [CNTTRANRESERV] => 0
)

[2026-05-03 12:02:33] [INFO] (/home/redbarbe/public_html/telegram/webapps/reports/report_pers_detal.php:22) Array
(
)

[2026-05-03 12:02:40] [INFO] (/home/redbarbe/public_html/telegram/webapps/reports/report_pers_detal.php:22) Array
(
    [ajax_method] => 2
    [action] => report_pers_detal
    [action_report] => report_view
    [admin] => 5
    [date_from] => 03.05.2026
    [date_to] => 03.05.2026
    [ip_club] => 178.158.212.173
    [podr] => pt
    [sotr] => 0331
)

[2026-05-03 12:02:46] [INFO] (/home/redbarbe/public_html/telegram/webapps/reports/report_pers_detal.php:22) Array
(
    [ajax_method] => 2
    [action] => report_pers_detal
    [action_report] => report_view
    [admin] => 5
    [date_from] => 03.05.2026
    [date_to] => 03.05.2026
    [ip_club] => 178.158.212.173
    [podr] => grp
    [sotr] => 0331
)

[2026-05-03 12:04:42] [INFO] (/home/redbarbe/public_html/telegram/webapps/action/ajax_get_tren.php:35) Array
(
    [0] => Array
        (
            [KOD] => 810349
            [TIME_FROM] => 09:00
            [TIME_TO] => 10:00               
            [CLIENTS_CNT] => 0
            [TOV_NAME] => Functional cardio
            [ACC] => 0
            [CNTTRAN] => 0
            [CNTTRANRESERV] => 0
        )

    [1] => Array
        (
            [KOD] => 810505
            [TIME_FROM] => 10:00
            [TIME_TO] => 11:00               
            [CLIENTS_CNT] => 0
            [TOV_NAME] => Cardio&Body weight
            [ACC] => 0
            [CNTTRAN] => 0
            [CNTTRANRESERV] => 0
        )

    [2] => Array
        (
            [KOD] => 810661
            [TIME_FROM] => 16:00
            [TIME_TO] => 17:00               
            [CLIENTS_CNT] => 0
            [TOV_NAME] => Дзюдо kids 
            [ACC] => 0
            [CNTTRAN] => 0
            [CNTTRANRESERV] => 0
        )

    [3] => Array
        (
            [KOD] => 810817
            [TIME_FROM] => 17:00
            [TIME_TO] => 18:00               
            [CLIENTS_CNT] => 0
            [TOV_NAME] => Дзюдо teens
            [ACC] => 0
            [CNTTRAN] => 0
            [CNTTRANRESERV] => 0
        )

    [4] => Array
        (
            [KOD] => 810973
            [TIME_FROM] => 18:00
            [TIME_TO] => 19:00               
            [CLIENTS_CNT] => 0
            [TOV_NAME] => Step Drive
            [ACC] => 0
            [CNTTRAN] => 0
            [CNTTRANRESERV] => 0
        )

    [5] => Array
        (
            [KOD] => 811129
            [TIME_FROM] => 19:00
            [TIME_TO] => 20:00               
            [CLIENTS_CNT] => 0
            [TOV_NAME] => Пілатес
            [ACC] => 0
            [CNTTRAN] => 0
            [CNTTRANRESERV] => 0
        )

)

[2026-05-03 12:04:42] [INFO] (/home/redbarbe/public_html/telegram/webapps/action/ajax_get_tren.php:61) Array
(
    [KOD] => 810349
    [TIME_FROM] => 09:00
    [TIME_TO] => 10:00               
    [CLIENTS_CNT] => 0
    [TOV_NAME] => Functional cardio
    [ACC] => 0
    [CNTTRAN] => 0
    [CNTTRANRESERV] => 0
)

[2026-05-03 12:04:42] [INFO] (/home/redbarbe/public_html/telegram/webapps/action/ajax_get_tren.php:61) Array
(
    [KOD] => 810505
    [TIME_FROM] => 10:00
    [TIME_TO] => 11:00               
    [CLIENTS_CNT] => 0
    [TOV_NAME] => Cardio&Body weight
    [ACC] => 0
    [CNTTRAN] => 0
    [CNTTRANRESERV] => 0
)

[2026-05-03 12:04:42] [INFO] (/home/redbarbe/public_html/telegram/webapps/action/ajax_get_tren.php:61) Array
(
    [KOD] => 810661
    [TIME_FROM] => 16:00
    [TIME_TO] => 17:00               
    [CLIENTS_CNT] => 0
    [TOV_NAME] => Дзюдо kids 
    [ACC] => 0
    [CNTTRAN] => 0
    [CNTTRANRESERV] => 0
)

[2026-05-03 12:04:42] [INFO] (/home/redbarbe/public_html/telegram/webapps/action/ajax_get_tren.php:61) Array
(
    [KOD] => 810817
    [TIME_FROM] => 17:00
    [TIME_TO] => 18:00               
    [CLIENTS_CNT] => 0
    [TOV_NAME] => Дзюдо teens
    [ACC] => 0
    [CNTTRAN] => 0
    [CNTTRANRESERV] => 0
)

[2026-05-03 12:04:42] [INFO] (/home/redbarbe/public_html/telegram/webapps/action/ajax_get_tren.php:61) Array
(
    [KOD] => 810973
    [TIME_FROM] => 18:00
    [TIME_TO] => 19:00               
    [CLIENTS_CNT] => 0
    [TOV_NAME] => Step Drive
    [ACC] => 0
    [CNTTRAN] => 0
    [CNTTRANRESERV] => 0
)

[2026-05-03 12:04:42] [INFO] (/home/redbarbe/public_html/telegram/webapps/action/ajax_get_tren.php:61) Array
(
    [KOD] => 811129
    [TIME_FROM] => 19:00
    [TIME_TO] => 20:00               
    [CLIENTS_CNT] => 0
    [TOV_NAME] => Пілатес
    [ACC] => 0
    [CNTTRAN] => 0
    [CNTTRANRESERV] => 0
)

[2026-05-03 12:04:45] [INFO] (/home/redbarbe/public_html/telegram/webapps/action/ajax_fitness_zapis.php:22) Array
(
    [ajax_method] => 2
    [action] => ajax_fitness_zapis
    [dat] => 05.05.2026
    [acc] => 13953
    [trenid] => 810661
    [ost_all] => 100
    [ip_club] => 212.26.139.90
    [acctozapis] => 0
    [time_from] => 16:00
)

[2026-05-03 12:04:50] [INFO] (/home/redbarbe/public_html/telegram/webapps/action/ajax_get_tren.php:35) Array
(
    [0] => Array
        (
            [KOD] => 816279
            [TIME_FROM] => 09:00
            [TIME_TO] => 10:00               
            [CLIENTS_CNT] => 0
            [TOV_NAME] => Functional cardio
            [ACC] => 0
            [CNTTRAN] => 0
            [CNTTRANRESERV] => 0
        )

    [1] => Array
        (
            [KOD] => 816435
            [TIME_FROM] => 10:00
            [TIME_TO] => 11:00               
            [CLIENTS_CNT] => 0
            [TOV_NAME] => Cardio&Body weight
            [ACC] => 0
            [CNTTRAN] => 0
            [CNTTRANRESERV] => 0
        )

    [2] => Array
        (
            [KOD] => 816591
            [TIME_FROM] => 16:00
            [TIME_TO] => 17:00               
            [CLIENTS_CNT] => 0
            [TOV_NAME] => Дзюдо kids 
            [ACC] => 0
            [CNTTRAN] => 0
            [CNTTRANRESERV] => 0
        )

    [3] => Array
        (
            [KOD] => 816747
            [TIME_FROM] => 17:00
            [TIME_TO] => 18:00               
            [CLIENTS_CNT] => 0
            [TOV_NAME] => Дзюдо teens
            [ACC] => 0
            [CNTTRAN] => 0
            [CNTTRANRESERV] => 0
        )

    [4] => Array
        (
            [KOD] => 816903
            [TIME_FROM] => 18:00
            [TIME_TO] => 19:00               
            [CLIENTS_CNT] => 0
            [TOV_NAME] => Step Drive
            [ACC] => 0
            [CNTTRAN] => 0
            [CNTTRANRESERV] => 0
        )

    [5] => Array
        (
            [KOD] => 817059
            [TIME_FROM] => 19:00
            [TIME_TO] => 20:00               
            [CLIENTS_CNT] => 0
            [TOV_NAME] => Cycling
            [ACC] => 0
            [CNTTRAN] => 0
            [CNTTRANRESERV] => 0
        )

)

[2026-05-03 12:04:50] [INFO] (/home/redbarbe/public_html/telegram/webapps/action/ajax_get_tren.php:61) Array
(
    [KOD] => 816279
    [TIME_FROM] => 09:00
    [TIME_TO] => 10:00               
    [CLIENTS_CNT] => 0
    [TOV_NAME] => Functional cardio
    [ACC] => 0
    [CNTTRAN] => 0
    [CNTTRANRESERV] => 0
)

[2026-05-03 12:04:50] [INFO] (/home/redbarbe/public_html/telegram/webapps/action/ajax_get_tren.php:61) Array
(
    [KOD] => 816435
    [TIME_FROM] => 10:00
    [TIME_TO] => 11:00               
    [CLIENTS_CNT] => 0
    [TOV_NAME] => Cardio&Body weight
    [ACC] => 0
    [CNTTRAN] => 0
    [CNTTRANRESERV] => 0
)

[2026-05-03 12:04:50] [INFO] (/home/redbarbe/public_html/telegram/webapps/action/ajax_get_tren.php:61) Array
(
    [KOD] => 816591
    [TIME_FROM] => 16:00
    [TIME_TO] => 17:00               
    [CLIENTS_CNT] => 0
    [TOV_NAME] => Дзюдо kids 
    [ACC] => 0
    [CNTTRAN] => 0
    [CNTTRANRESERV] => 0
)

[2026-05-03 12:04:50] [INFO] (/home/redbarbe/public_html/telegram/webapps/action/ajax_get_tren.php:61) Array
(
    [KOD] => 816747
    [TIME_FROM] => 17:00
    [TIME_TO] => 18:00               
    [CLIENTS_CNT] => 0
    [TOV_NAME] => Дзюдо teens
    [ACC] => 0
    [CNTTRAN] => 0
    [CNTTRANRESERV] => 0
)

[2026-05-03 12:04:50] [INFO] (/home/redbarbe/public_html/telegram/webapps/action/ajax_get_tren.php:61) Array
(
    [KOD] => 816903
    [TIME_FROM] => 18:00
    [TIME_TO] => 19:00               
    [CLIENTS_CNT] => 0
    [TOV_NAME] => Step Drive
    [ACC] => 0
    [CNTTRAN] => 0
    [CNTTRANRESERV] => 0
)

[2026-05-03 12:04:50] [INFO] (/home/redbarbe/public_html/telegram/webapps/action/ajax_get_tren.php:61) Array
(
    [KOD] => 817059
    [TIME_FROM] => 19:00
    [TIME_TO] => 20:00               
    [CLIENTS_CNT] => 0
    [TOV_NAME] => Cycling
    [ACC] => 0
    [CNTTRAN] => 0
    [CNTTRANRESERV] => 0
)

[2026-05-03 12:04:55] [INFO] (/home/redbarbe/public_html/telegram/webapps/action/ajax_fitness_zapis.php:22) Array
(
    [ajax_method] => 2
    [action] => ajax_fitness_zapis
    [dat] => 07.05.2026
    [acc] => 13953
    [trenid] => 816591
    [ost_all] => 100
    [ip_club] => 212.26.139.90
    [acctozapis] => 0
    [time_from] => 16:00
)

[2026-05-03 12:13:09] [INFO] (/home/redbarbe/public_html/telegram/webapps/reports/report_pers_detal.php:22) Array
(
)

[2026-05-03 12:13:13] [INFO] (/home/redbarbe/public_html/telegram/webapps/reports/report_pers_detal.php:22) Array
(
    [ajax_method] => 2
    [action] => report_pers_detal
    [action_report] => report_view
    [admin] => 5
    [date_from] => 01.05.2026
    [date_to] => 31.05.2026
    [ip_club] => 212.26.139.90
    [podr] => all
    [sotr] => 007989
)

[2026-05-03 12:20:54] [INFO] (/home/redbarbe/public_html/telegram/webapps/action/hist_ind.php:116) Array
(
    [dbeg] => 03.02.2026
    [dend] => today
    [acc] => 15644
    [command] => get_ind_history
)

[2026-05-03 12:20:54] [INFO] (/home/redbarbe/public_html/telegram/webapps/action/hist_ind.php:117) ip=178.158.212.173
[2026-05-03 12:21:07] [INFO] (/home/redbarbe/public_html/telegram/webapps/action/hist_ost_poslug.php:119) Array
(
    [acc] => 15644
    [command] => GET_OST_POSLUG_ACC
)

[2026-05-03 12:21:07] [INFO] (/home/redbarbe/public_html/telegram/webapps/action/hist_ost_poslug.php:120) ip=178.158.212.173
[2026-05-03 12:25:01] [INFO] (/home/redbarbe/public_html/telegram/webapps/action/select_sotr.php:17) Array
(
    [action] => select_sotr
    [club] => -
    [club_ip] => 178.151.119.180
)

[2026-05-03 12:25:01] [INFO] (/home/redbarbe/public_html/telegram/webapps/action/select_sotr.php:27) Array
(
    [0] => Array
        (
            [ROLE] => Тренер
            [ID] => 0717
            [NAME] => Єфремова Олександра
        )

    [1] => Array
        (
            [ROLE] => Тренер
            [ID] => 0707
            [NAME] => Андрияш Анна
        )

    [2] => Array
        (
            [ROLE] => Тренер
            [ID] => 0399
            [NAME] => Біліч Лариса
        )

    [3] => Array
        (
            [ROLE] => Тренер
            [ID] => 0302
            [NAME] => Барсегян Анна
        )

    [4] => Array
        (
            [ROLE] => Тренер
            [ID] => 0316
            [NAME] => Вєтрова Катя
        )

    [5] => Array
        (
            [ROLE] => Тренер
            [ID] => 0708
            [NAME] => Виноградов Александр
        )

    [6] => Array
        (
            [ROLE] => Администратор фитнеса
            [ID] => 0402
            [NAME] => Войтюк Мар'яна
        )

    [7] => Array
        (
            [ROLE] => Тренер
            [ID] => 0327
            [NAME] => Гармаш Владимир
        )

    [8] => Array
        (
            [ROLE] => Главний бухгалтер
            [ID] => 0902
            [NAME] => Глав. Бух.
        )

    [9] => Array
        (
            [ROLE] => Тренер
            [ID] => 0718
            [NAME] => Дворніков Дмитро 
        )

    [10] => Array
        (
            [ROLE] => Администратор фитнеса
            [ID] => 0101
            [NAME] => Дежурный
        )

    [11] => Array
        (
            [ROLE] => Администратор фитнеса
            [ID] => 0104
            [NAME] => Демченко Александра
        )

    [12] => Array
        (
            [ROLE] => Администратор фитнеса
            [ID] => 0102
            [NAME] => Дубинчук Наталья
        )

    [13] => Array
        (
            [ROLE] => Тренер
            [ID] => 0304
            [NAME] => Елецкая Светлана
        )

    [14] => Array
        (
            [ROLE] => Тренер
            [ID] => 0308
            [NAME] => Колесник Богдан
        )

    [15] => Array
        (
            [ROLE] => Тренер
            [ID] => 0312
            [NAME] => Крыжановский Павел
        )

    [16] => Array
        (
            [ROLE] => Тренер
            [ID] => 0313
            [NAME] => Кукурудзяк Руслан
        )

    [17] => Array
        (
            [ROLE] => Тренер
            [ID] => 0325
            [NAME] => Оруджева Юлія
        )

    [18] => Array
        (
            [ROLE] => Тренер
            [ID] => 0710
            [NAME] => Остафи Денис
        )

    [19] => Array
        (
            [ROLE] => Тренер
            [ID] => 0715
            [NAME] => Проломов Данил
        )

    [20] => Array
        (
            [ROLE] => Тренер
            [ID] => 0311
            [NAME] => Романовская Наталья
        )

    [21] => Array
        (
            [ROLE] => Администратор фитнеса
            [ID] => 0903
            [NAME] => Сванідзе Юлія 
        )

    [22] => Array
        (
            [ROLE] => Тренер
            [ID] => 0711
            [NAME] => Солянов Владислав
        )

    [23] => Array
        (
            [ROLE] => Тренер
            [ID] => 0326
            [NAME] => Тищенко Ольга
        )

    [24] => Array
        (
            [ROLE] => Тренер
            [ID] => 0310
            [NAME] => Фесенко Ира
        )

    [25] => Array
        (
            [ROLE] => Тренер
            [ID] => 0103
            [NAME] => Шевелько Руслан
        )

    [26] => Array
        (
            [ROLE] => Тренер
            [ID] => 0712
            [NAME] => Шевчук Вікторія
        )

    [27] => Array
        (
            [ROLE] => Головний адміністратор
            [ID] => 0901
            [NAME] => системный
        )

)

[2026-05-03 12:50:24] [INFO] (/home/redbarbe/public_html/telegram/webapps/action/hist_ost_poslug.php:119) Array
(
    [acc] => 9746
    [command] => GET_OST_POSLUG_ACC
)

[2026-05-03 12:50:24] [INFO] (/home/redbarbe/public_html/telegram/webapps/action/hist_ost_poslug.php:120) ip=193.194.107.2
[2026-05-03 12:51:07] [INFO] (/home/redbarbe/public_html/telegram/webapps/action/ajax_get_tren.php:35) Array
(
    [0] => Array
        (
            [KOD] => 878306
            [TIME_FROM] => 09:00
            [TIME_TO] => 10:00               
            [CLIENTS_CNT] => 0
            [TOV_NAME] => Base fitness (Ліана)
            [ACC] => 0
            [CNTTRAN] => 0
            [CNTTRANRESERV] => 0
        )

    [1] => Array
        (
            [KOD] => 869122
            [TIME_FROM] => 17:00
            [TIME_TO] => 18:00               
            [CLIENTS_CNT] => 0
            [TOV_NAME] => Бокс Kids
            [ACC] => 0
            [CNTTRAN] => 0
            [CNTTRANRESERV] => 0
        )

    [2] => Array
        (
            [KOD] => 876010
            [TIME_FROM] => 18:00
            [TIME_TO] => 19:00               
            [CLIENTS_CNT] => 5
            [TOV_NAME] => B.F.B
            [ACC] => 0
            [CNTTRAN] => 0
            [CNTTRANRESERV] => 0
        )

    [3] => Array
        (
            [KOD] => 873714
            [TIME_FROM] => 19:00
            [TIME_TO] => 20:00               
            [CLIENTS_CNT] => 0
            [TOV_NAME] => Mind Body
            [ACC] => 0
            [CNTTRAN] => 0
            [CNTTRANRESERV] => 0
        )

    [4] => Array
        (
            [KOD] => 871418
            [TIME_FROM] => 19:00
            [TIME_TO] => 20:00               
            [CLIENTS_CNT] => 0
            [TOV_NAME] => No Limits
            [ACC] => 0
            [CNTTRAN] => 0
            [CNTTRANRESERV] => 0
        )

)

[2026-05-03 12:51:07] [INFO] (/home/redbarbe/public_html/telegram/webapps/action/ajax_get_tren.php:61) Array
(
    [KOD] => 878306
    [TIME_FROM] => 09:00
    [TIME_TO] => 10:00               
    [CLIENTS_CNT] => 0
    [TOV_NAME] => Base fitness (Ліана)
    [ACC] => 0
    [CNTTRAN] => 0
    [CNTTRANRESERV] => 0
)

[2026-05-03 12:51:07] [INFO] (/home/redbarbe/public_html/telegram/webapps/action/ajax_get_tren.php:61) Array
(
    [KOD] => 869122
    [TIME_FROM] => 17:00
    [TIME_TO] => 18:00               
    [CLIENTS_CNT] => 0
    [TOV_NAME] => Бокс Kids
    [ACC] => 0
    [CNTTRAN] => 0
    [CNTTRANRESERV] => 0
)

[2026-05-03 12:51:07] [INFO] (/home/redbarbe/public_html/telegram/webapps/action/ajax_get_tren.php:61) Array
(
    [KOD] => 876010
    [TIME_FROM] => 18:00
    [TIME_TO] => 19:00               
    [CLIENTS_CNT] => 5
    [TOV_NAME] => B.F.B
    [ACC] => 0
    [CNTTRAN] => 0
    [CNTTRANRESERV] => 0
)

[2026-05-03 12:51:07] [INFO] (/home/redbarbe/public_html/telegram/webapps/action/ajax_get_tren.php:61) Array
(
    [KOD] => 873714
    [TIME_FROM] => 19:00
    [TIME_TO] => 20:00               
    [CLIENTS_CNT] => 0
    [TOV_NAME] => Mind Body
    [ACC] => 0
    [CNTTRAN] => 0
    [CNTTRANRESERV] => 0
)

[2026-05-03 12:51:07] [INFO] (/home/redbarbe/public_html/telegram/webapps/action/ajax_get_tren.php:61) Array
(
    [KOD] => 871418
    [TIME_FROM] => 19:00
    [TIME_TO] => 20:00               
    [CLIENTS_CNT] => 0
    [TOV_NAME] => No Limits
    [ACC] => 0
    [CNTTRAN] => 0
    [CNTTRANRESERV] => 0
)

[2026-05-03 12:51:17] [INFO] (/home/redbarbe/public_html/telegram/webapps/action/ajax_get_tren.php:35) Array
(
    [0] => Array
        (
            [KOD] => 857502
            [TIME_FROM] => 09:00
            [TIME_TO] => 10:00               
            [CLIENTS_CNT] => 0
            [TOV_NAME] => Пілатес
            [ACC] => 0
            [CNTTRAN] => 0
            [CNTTRANRESERV] => 0
        )

    [1] => Array
        (
            [KOD] => 857710
            [TIME_FROM] => 18:00
            [TIME_TO] => 19:00               
            [CLIENTS_CNT] => 0
            [TOV_NAME] => F.B.T. (Fat burn traning)
            [ACC] => 0
            [CNTTRAN] => 0
            [CNTTRANRESERV] => 0
        )

    [2] => Array
        (
            [KOD] => 857294
            [TIME_FROM] => 19:00
            [TIME_TO] => 20:00               
            [CLIENTS_CNT] => 0
            [TOV_NAME] => Stretching & Mobility
            [ACC] => 0
            [CNTTRAN] => 0
            [CNTTRANRESERV] => 0
        )

)

[2026-05-03 12:51:17] [INFO] (/home/redbarbe/public_html/telegram/webapps/action/ajax_get_tren.php:61) Array
(
    [KOD] => 857502
    [TIME_FROM] => 09:00
    [TIME_TO] => 10:00               
    [CLIENTS_CNT] => 0
    [TOV_NAME] => Пілатес
    [ACC] => 0
    [CNTTRAN] => 0
    [CNTTRANRESERV] => 0
)

[2026-05-03 12:51:17] [INFO] (/home/redbarbe/public_html/telegram/webapps/action/ajax_get_tren.php:61) Array
(
    [KOD] => 857710
    [TIME_FROM] => 18:00
    [TIME_TO] => 19:00               
    [CLIENTS_CNT] => 0
    [TOV_NAME] => F.B.T. (Fat burn traning)
    [ACC] => 0
    [CNTTRAN] => 0
    [CNTTRANRESERV] => 0
)

[2026-05-03 12:51:17] [INFO] (/home/redbarbe/public_html/telegram/webapps/action/ajax_get_tren.php:61) Array
(
    [KOD] => 857294
    [TIME_FROM] => 19:00
    [TIME_TO] => 20:00               
    [CLIENTS_CNT] => 0
    [TOV_NAME] => Stretching & Mobility
    [ACC] => 0
    [CNTTRAN] => 0
    [CNTTRANRESERV] => 0
)

[2026-05-03 12:51:22] [INFO] (/home/redbarbe/public_html/telegram/webapps/action/ajax_get_tren.php:35) Array
(
    [0] => Array
        (
            [KOD] => 881194
            [TIME_FROM] => 09:00
            [TIME_TO] => 10:00               
            [CLIENTS_CNT] => 0
            [TOV_NAME] => Tabata (Ліана)
            [ACC] => 0
            [CNTTRAN] => 0
            [CNTTRANRESERV] => 0
        )

    [1] => Array
        (
            [KOD] => 880729
            [TIME_FROM] => 17:00
            [TIME_TO] => 18:00               
            [CLIENTS_CNT] => 0
            [TOV_NAME] => Бокс Kids
            [ACC] => 0
            [CNTTRAN] => 0
            [CNTTRANRESERV] => 0
        )

    [2] => Array
        (
            [KOD] => 881039
            [TIME_FROM] => 18:00
            [TIME_TO] => 19:00               
            [CLIENTS_CNT] => 5
            [TOV_NAME] => B.F.B
            [ACC] => 0
            [CNTTRAN] => 0
            [CNTTRANRESERV] => 0
        )

    [3] => Array
        (
            [KOD] => 880884
            [TIME_FROM] => 19:00
            [TIME_TO] => 20:00               
            [CLIENTS_CNT] => 0
            [TOV_NAME] => Mind Body
            [ACC] => 0
            [CNTTRAN] => 0
            [CNTTRANRESERV] => 0
        )

    [4] => Array
        (
            [KOD] => 880574
            [TIME_FROM] => 19:00
            [TIME_TO] => 20:00               
            [CLIENTS_CNT] => 0
            [TOV_NAME] => No Limits
            [ACC] => 0
            [CNTTRAN] => 0
            [CNTTRANRESERV] => 0
        )

)

[2026-05-03 12:51:22] [INFO] (/home/redbarbe/public_html/telegram/webapps/action/ajax_get_tren.php:61) Array
(
    [KOD] => 881194
    [TIME_FROM] => 09:00
    [TIME_TO] => 10:00               
    [CLIENTS_CNT] => 0
    [TOV_NAME] => Tabata (Ліана)
    [ACC] => 0
    [CNTTRAN] => 0
    [CNTTRANRESERV] => 0
)

[2026-05-03 12:51:22] [INFO] (/home/redbarbe/public_html/telegram/webapps/action/ajax_get_tren.php:61) Array
(
    [KOD] => 880729
    [TIME_FROM] => 17:00
    [TIME_TO] => 18:00               
    [CLIENTS_CNT] => 0
    [TOV_NAME] => Бокс Kids
    [ACC] => 0
    [CNTTRAN] => 0
    [CNTTRANRESERV] => 0
)

[2026-05-03 12:51:22] [INFO] (/home/redbarbe/public_html/telegram/webapps/action/ajax_get_tren.php:61) Array
(
    [KOD] => 881039
    [TIME_FROM] => 18:00
    [TIME_TO] => 19:00               
    [CLIENTS_CNT] => 5
    [TOV_NAME] => B.F.B
    [ACC] => 0
    [CNTTRAN] => 0
    [CNTTRANRESERV] => 0
)

[2026-05-03 12:51:22] [INFO] (/home/redbarbe/public_html/telegram/webapps/action/ajax_get_tren.php:61) Array
(
    [KOD] => 880884
    [TIME_FROM] => 19:00
    [TIME_TO] => 20:00               
    [CLIENTS_CNT] => 0
    [TOV_NAME] => Mind Body
    [ACC] => 0
    [CNTTRAN] => 0
    [CNTTRANRESERV] => 0
)

[2026-05-03 12:51:22] [INFO] (/home/redbarbe/public_html/telegram/webapps/action/ajax_get_tren.php:61) Array
(
    [KOD] => 880574
    [TIME_FROM] => 19:00
    [TIME_TO] => 20:00               
    [CLIENTS_CNT] => 0
    [TOV_NAME] => No Limits
    [ACC] => 0
    [CNTTRAN] => 0
    [CNTTRANRESERV] => 0
)

[2026-05-03 12:51:30] [INFO] (/home/redbarbe/public_html/telegram/webapps/action/ajax_get_tren.php:35) Array
(
    [0] => Array
        (
            [KOD] => 854394
            [TIME_FROM] => 09:00
            [TIME_TO] => 10:00               
            [CLIENTS_CNT] => 0
            [TOV_NAME] => Пілатес
            [ACC] => 0
            [CNTTRAN] => 0
            [CNTTRANRESERV] => 0
        )

    [1] => Array
        (
            [KOD] => 854811
            [TIME_FROM] => 18:00
            [TIME_TO] => 19:00               
            [CLIENTS_CNT] => 0
            [TOV_NAME] => Booty Sculpt
            [ACC] => 0
            [CNTTRAN] => 0
            [CNTTRANRESERV] => 0
        )

    [2] => Array
        (
            [KOD] => 853977
            [TIME_FROM] => 19:00
            [TIME_TO] => 20:00               
            [CLIENTS_CNT] => 0
            [TOV_NAME] => Stretching & Mobility
            [ACC] => 0
            [CNTTRAN] => 0
            [CNTTRANRESERV] => 0
        )

)

[2026-05-03 12:51:30] [INFO] (/home/redbarbe/public_html/telegram/webapps/action/ajax_get_tren.php:61) Array
(
    [KOD] => 854394
    [TIME_FROM] => 09:00
    [TIME_TO] => 10:00               
    [CLIENTS_CNT] => 0
    [TOV_NAME] => Пілатес
    [ACC] => 0
    [CNTTRAN] => 0
    [CNTTRANRESERV] => 0
)

[2026-05-03 12:51:30] [INFO] (/home/redbarbe/public_html/telegram/webapps/action/ajax_get_tren.php:61) Array
(
    [KOD] => 854811
    [TIME_FROM] => 18:00
    [TIME_TO] => 19:00               
    [CLIENTS_CNT] => 0
    [TOV_NAME] => Booty Sculpt
    [ACC] => 0
    [CNTTRAN] => 0
    [CNTTRANRESERV] => 0
)

[2026-05-03 12:51:30] [INFO] (/home/redbarbe/public_html/telegram/webapps/action/ajax_get_tren.php:61) Array
(
    [KOD] => 853977
    [TIME_FROM] => 19:00
    [TIME_TO] => 20:00               
    [CLIENTS_CNT] => 0
    [TOV_NAME] => Stretching & Mobility
    [ACC] => 0
    [CNTTRAN] => 0
    [CNTTRANRESERV] => 0
)

[2026-05-03 13:01:51] [INFO] (/home/redbarbe/public_html/telegram/webapps/reports/report_pers_detal.php:22) Array
(
)

[2026-05-03 13:01:56] [INFO] (/home/redbarbe/public_html/telegram/webapps/reports/report_pers_detal.php:22) Array
(
    [ajax_method] => 2
    [action] => report_pers_detal
    [action_report] => report_view
    [admin] => 5
    [date_from] => 03.05.2026
    [date_to] => 03.05.2026
    [ip_club] => 178.151.119.180
    [podr] => all
    [sotr] => 0710
)

[2026-05-03 13:35:00] [INFO] (/home/redbarbe/public_html/telegram/webapps/action/ajax_get_tren.php:35) Array
(
    [0] => Array
        (
            [KOD] => 817746
            [TIME_FROM] => 09:00
            [TIME_TO] => 10:00               
            [CLIENTS_CNT] => 0
            [TOV_NAME] => CrossActivity
            [ACC] => 0
            [CNTTRAN] => 0
            [CNTTRANRESERV] => 0
        )

    [1] => Array
        (
            [KOD] => 817018
            [TIME_FROM] => 09:00
            [TIME_TO] => 10:00               
            [CLIENTS_CNT] => 0
            [TOV_NAME] => Total Body
            [ACC] => 0
            [CNTTRAN] => 0
            [CNTTRANRESERV] => 0
        )

    [2] => Array
        (
            [KOD] => 816810
            [TIME_FROM] => 14:00
            [TIME_TO] => 15:00               
            [CLIENTS_CNT] => 0
            [TOV_NAME] => FitnessMix
            [ACC] => 0
            [CNTTRAN] => 0
            [CNTTRANRESERV] => 0
        )

    [3] => Array
        (
            [KOD] => 817642
            [TIME_FROM] => 18:00
            [TIME_TO] => 19:00               
            [CLIENTS_CNT] => 0
            [TOV_NAME] => Паркур Kids
            [ACC] => 0
            [CNTTRAN] => 0
            [CNTTRANRESERV] => 0
        )

    [4] => Array
        (
            [KOD] => 817226
            [TIME_FROM] => 18:30
            [TIME_TO] => 19:30               
            [CLIENTS_CNT] => 0
            [TOV_NAME] => Pilates
            [ACC] => 0
            [CNTTRAN] => 0
            [CNTTRANRESERV] => 0
        )

    [5] => Array
        (
            [KOD] => 817434
            [TIME_FROM] => 19:00
            [TIME_TO] => 20:00               
            [CLIENTS_CNT] => 0
            [TOV_NAME] => Паркур
            [ACC] => 0
            [CNTTRAN] => 0
            [CNTTRANRESERV] => 0
        )

    [6] => Array
        (
            [KOD] => 816914
            [TIME_FROM] => 19:00
            [TIME_TO] => 20:00               
            [CLIENTS_CNT] => 0
            [TOV_NAME] => CrossActivity
            [ACC] => 0
            [CNTTRAN] => 0
            [CNTTRANRESERV] => 0
        )

    [7] => Array
        (
            [KOD] => 817330
            [TIME_FROM] => 19:30
            [TIME_TO] => 20:30               
            [CLIENTS_CNT] => 0
            [TOV_NAME] => TRX
            [ACC] => 0
            [CNTTRAN] => 0
            [CNTTRANRESERV] => 0
        )

    [8] => Array
        (
            [KOD] => 817122
            [TIME_FROM] => 20:00
            [TIME_TO] => 21:00               
            [CLIENTS_CNT] => 0
            [TOV_NAME] => CrossActivity
            [ACC] => 0
            [CNTTRAN] => 0
            [CNTTRANRESERV] => 0
        )

    [9] => Array
        (
            [KOD] => 817538
            [TIME_FROM] => 20:00
            [TIME_TO] => 21:00               
            [CLIENTS_CNT] => 0
            [TOV_NAME] => Бокс
            [ACC] => 0
            [CNTTRAN] => 1
            [CNTTRANRESERV] => 0
        )

)

[2026-05-03 13:35:00] [INFO] (/home/redbarbe/public_html/telegram/webapps/action/ajax_get_tren.php:61) Array
(
    [KOD] => 817746
    [TIME_FROM] => 09:00
    [TIME_TO] => 10:00               
    [CLIENTS_CNT] => 0
    [TOV_NAME] => CrossActivity
    [ACC] => 0
    [CNTTRAN] => 0
    [CNTTRANRESERV] => 0
)

[2026-05-03 13:35:00] [INFO] (/home/redbarbe/public_html/telegram/webapps/action/ajax_get_tren.php:61) Array
(
    [KOD] => 817018
    [TIME_FROM] => 09:00
    [TIME_TO] => 10:00               
    [CLIENTS_CNT] => 0
    [TOV_NAME] => Total Body
    [ACC] => 0
    [CNTTRAN] => 0
    [CNTTRANRESERV] => 0
)

[2026-05-03 13:35:00] [INFO] (/home/redbarbe/public_html/telegram/webapps/action/ajax_get_tren.php:61) Array
(
    [KOD] => 816810
    [TIME_FROM] => 14:00
    [TIME_TO] => 15:00               
    [CLIENTS_CNT] => 0
    [TOV_NAME] => FitnessMix
    [ACC] => 0
    [CNTTRAN] => 0
    [CNTTRANRESERV] => 0
)

[2026-05-03 13:35:00] [INFO] (/home/redbarbe/public_html/telegram/webapps/action/ajax_get_tren.php:61) Array
(
    [KOD] => 817642
    [TIME_FROM] => 18:00
    [TIME_TO] => 19:00               
    [CLIENTS_CNT] => 0
    [TOV_NAME] => Паркур Kids
    [ACC] => 0
    [CNTTRAN] => 0
    [CNTTRANRESERV] => 0
)

[2026-05-03 13:35:00] [INFO] (/home/redbarbe/public_html/telegram/webapps/action/ajax_get_tren.php:61) Array
(
    [KOD] => 817226
    [TIME_FROM] => 18:30
    [TIME_TO] => 19:30               
    [CLIENTS_CNT] => 0
    [TOV_NAME] => Pilates
    [ACC] => 0
    [CNTTRAN] => 0
    [CNTTRANRESERV] => 0
)

[2026-05-03 13:35:00] [INFO] (/home/redbarbe/public_html/telegram/webapps/action/ajax_get_tren.php:61) Array
(
    [KOD] => 817434
    [TIME_FROM] => 19:00
    [TIME_TO] => 20:00               
    [CLIENTS_CNT] => 0
    [TOV_NAME] => Паркур
    [ACC] => 0
    [CNTTRAN] => 0
    [CNTTRANRESERV] => 0
)

[2026-05-03 13:35:00] [INFO] (/home/redbarbe/public_html/telegram/webapps/action/ajax_get_tren.php:61) Array
(
    [KOD] => 816914
    [TIME_FROM] => 19:00
    [TIME_TO] => 20:00               
    [CLIENTS_CNT] => 0
    [TOV_NAME] => CrossActivity
    [ACC] => 0
    [CNTTRAN] => 0
    [CNTTRANRESERV] => 0
)

[2026-05-03 13:35:00] [INFO] (/home/redbarbe/public_html/telegram/webapps/action/ajax_get_tren.php:61) Array
(
    [KOD] => 817330
    [TIME_FROM] => 19:30
    [TIME_TO] => 20:30               
    [CLIENTS_CNT] => 0
    [TOV_NAME] => TRX
    [ACC] => 0
    [CNTTRAN] => 0
    [CNTTRANRESERV] => 0
)

[2026-05-03 13:35:00] [INFO] (/home/redbarbe/public_html/telegram/webapps/action/ajax_get_tren.php:61) Array
(
    [KOD] => 817122
    [TIME_FROM] => 20:00
    [TIME_TO] => 21:00               
    [CLIENTS_CNT] => 0
    [TOV_NAME] => CrossActivity
    [ACC] => 0
    [CNTTRAN] => 0
    [CNTTRANRESERV] => 0
)

[2026-05-03 13:35:00] [INFO] (/home/redbarbe/public_html/telegram/webapps/action/ajax_get_tren.php:61) Array
(
    [KOD] => 817538
    [TIME_FROM] => 20:00
    [TIME_TO] => 21:00               
    [CLIENTS_CNT] => 0
    [TOV_NAME] => Бокс
    [ACC] => 0
    [CNTTRAN] => 1
    [CNTTRANRESERV] => 0
)

[2026-05-03 13:35:12] [INFO] (/home/redbarbe/public_html/telegram/webapps/action/ajax_get_tren.php:35) Array
(
    [0] => Array
        (
            [KOD] => 809718
            [TIME_FROM] => 10:00
            [TIME_TO] => 11:00               
            [CLIENTS_CNT] => 0
            [TOV_NAME] => Йога
            [ACC] => 0
            [CNTTRAN] => 0
            [CNTTRANRESERV] => 0
        )

    [1] => Array
        (
            [KOD] => 810803
            [TIME_FROM] => 18:00
            [TIME_TO] => 19:00               
            [CLIENTS_CNT] => 0
            [TOV_NAME] => Aesthetic Gymnastics
            [ACC] => 0
            [CNTTRAN] => 0
            [CNTTRANRESERV] => 0
        )

    [2] => Array
        (
            [KOD] => 810338
            [TIME_FROM] => 18:00
            [TIME_TO] => 19:00               
            [CLIENTS_CNT] => 0
            [TOV_NAME] => Паркур Kids
            [ACC] => 0
            [CNTTRAN] => 0
            [CNTTRANRESERV] => 0
        )

    [3] => Array
        (
            [KOD] => 809873
            [TIME_FROM] => 19:00
            [TIME_TO] => 20:00               
            [CLIENTS_CNT] => 0
            [TOV_NAME] => Паркур
            [ACC] => 0
            [CNTTRAN] => 0
            [CNTTRANRESERV] => 0
        )

    [4] => Array
        (
            [KOD] => 810493
            [TIME_FROM] => 19:00
            [TIME_TO] => 20:00               
            [CLIENTS_CNT] => 0
            [TOV_NAME] => CrossActivity
            [ACC] => 0
            [CNTTRAN] => 0
            [CNTTRANRESERV] => 0
        )

    [5] => Array
        (
            [KOD] => 810648
            [TIME_FROM] => 19:00
            [TIME_TO] => 20:00               
            [CLIENTS_CNT] => 5
            [TOV_NAME] => Cycle
            [ACC] => 0
            [CNTTRAN] => 0
            [CNTTRANRESERV] => 0
        )

    [6] => Array
        (
            [KOD] => 810028
            [TIME_FROM] => 19:00
            [TIME_TO] => 20:00               
            [CLIENTS_CNT] => 0
            [TOV_NAME] => FitnessMix
            [ACC] => 0
            [CNTTRAN] => 0
            [CNTTRANRESERV] => 0
        )

    [7] => Array
        (
            [KOD] => 810183
            [TIME_FROM] => 19:00
            [TIME_TO] => 20:00               
            [CLIENTS_CNT] => 0
            [TOV_NAME] => Йога
            [ACC] => 0
            [CNTTRAN] => 0
            [CNTTRANRESERV] => 0
        )

)

[2026-05-03 13:35:12] [INFO] (/home/redbarbe/public_html/telegram/webapps/action/ajax_get_tren.php:61) Array
(
    [KOD] => 809718
    [TIME_FROM] => 10:00
    [TIME_TO] => 11:00               
    [CLIENTS_CNT] => 0
    [TOV_NAME] => Йога
    [ACC] => 0
    [CNTTRAN] => 0
    [CNTTRANRESERV] => 0
)

[2026-05-03 13:35:12] [INFO] (/home/redbarbe/public_html/telegram/webapps/action/ajax_get_tren.php:61) Array
(
    [KOD] => 810803
    [TIME_FROM] => 18:00
    [TIME_TO] => 19:00               
    [CLIENTS_CNT] => 0
    [TOV_NAME] => Aesthetic Gymnastics
    [ACC] => 0
    [CNTTRAN] => 0
    [CNTTRANRESERV] => 0
)

[2026-05-03 13:35:12] [INFO] (/home/redbarbe/public_html/telegram/webapps/action/ajax_get_tren.php:61) Array
(
    [KOD] => 810338
    [TIME_FROM] => 18:00
    [TIME_TO] => 19:00               
    [CLIENTS_CNT] => 0
    [TOV_NAME] => Паркур Kids
    [ACC] => 0
    [CNTTRAN] => 0
    [CNTTRANRESERV] => 0
)

[2026-05-03 13:35:12] [INFO] (/home/redbarbe/public_html/telegram/webapps/action/ajax_get_tren.php:61) Array
(
    [KOD] => 809873
    [TIME_FROM] => 19:00
    [TIME_TO] => 20:00               
    [CLIENTS_CNT] => 0
    [TOV_NAME] => Паркур
    [ACC] => 0
    [CNTTRAN] => 0
    [CNTTRANRESERV] => 0
)

[2026-05-03 13:35:12] [INFO] (/home/redbarbe/public_html/telegram/webapps/action/ajax_get_tren.php:61) Array
(
    [KOD] => 810493
    [TIME_FROM] => 19:00
    [TIME_TO] => 20:00               
    [CLIENTS_CNT] => 0
    [TOV_NAME] => CrossActivity
    [ACC] => 0
    [CNTTRAN] => 0
    [CNTTRANRESERV] => 0
)

[2026-05-03 13:35:12] [INFO] (/home/redbarbe/public_html/telegram/webapps/action/ajax_get_tren.php:61) Array
(
    [KOD] => 810648
    [TIME_FROM] => 19:00
    [TIME_TO] => 20:00               
    [CLIENTS_CNT] => 5
    [TOV_NAME] => Cycle
    [ACC] => 0
    [CNTTRAN] => 0
    [CNTTRANRESERV] => 0
)

[2026-05-03 13:35:12] [INFO] (/home/redbarbe/public_html/telegram/webapps/action/ajax_get_tren.php:61) Array
(
    [KOD] => 810028
    [TIME_FROM] => 19:00
    [TIME_TO] => 20:00               
    [CLIENTS_CNT] => 0
    [TOV_NAME] => FitnessMix
    [ACC] => 0
    [CNTTRAN] => 0
    [CNTTRANRESERV] => 0
)

[2026-05-03 13:35:12] [INFO] (/home/redbarbe/public_html/telegram/webapps/action/ajax_get_tren.php:61) Array
(
    [KOD] => 810183
    [TIME_FROM] => 19:00
    [TIME_TO] => 20:00               
    [CLIENTS_CNT] => 0
    [TOV_NAME] => Йога
    [ACC] => 0
    [CNTTRAN] => 0
    [CNTTRANRESERV] => 0
)

[2026-05-03 13:35:24] [INFO] (/home/redbarbe/public_html/telegram/webapps/action/ajax_get_tren.php:35) Array
(
    [0] => Array
        (
            [KOD] => 810943
            [TIME_FROM] => 10:00
            [TIME_TO] => 11:00               
            [CLIENTS_CNT] => 0
            [TOV_NAME] => Йога
            [ACC] => 0
            [CNTTRAN] => 0
            [CNTTRANRESERV] => 0
        )

    [1] => Array
        (
            [KOD] => 811328
            [TIME_FROM] => 18:00
            [TIME_TO] => 19:00               
            [CLIENTS_CNT] => 0
            [TOV_NAME] => Aesthetic Gymnastics
            [ACC] => 0
            [CNTTRAN] => 0
            [CNTTRANRESERV] => 0
        )

    [2] => Array
        (
            [KOD] => 811163
            [TIME_FROM] => 18:00
            [TIME_TO] => 19:00               
            [CLIENTS_CNT] => 0
            [TOV_NAME] => Паркур Kids
            [ACC] => 0
            [CNTTRAN] => 0
            [CNTTRANRESERV] => 0
        )

    [3] => Array
        (
            [KOD] => 810998
            [TIME_FROM] => 19:00
            [TIME_TO] => 20:00               
            [CLIENTS_CNT] => 0
            [TOV_NAME] => Паркур
            [ACC] => 0
            [CNTTRAN] => 0
            [CNTTRANRESERV] => 0
        )

    [4] => Array
        (
            [KOD] => 811218
            [TIME_FROM] => 19:00
            [TIME_TO] => 20:00               
            [CLIENTS_CNT] => 0
            [TOV_NAME] => CrossActivity
            [ACC] => 0
            [CNTTRAN] => 0
            [CNTTRANRESERV] => 0
        )

    [5] => Array
        (
            [KOD] => 811273
            [TIME_FROM] => 19:00
            [TIME_TO] => 20:00               
            [CLIENTS_CNT] => 5
            [TOV_NAME] => Cycle
            [ACC] => 0
            [CNTTRAN] => 0
            [CNTTRANRESERV] => 0
        )

    [6] => Array
        (
            [KOD] => 811053
            [TIME_FROM] => 19:00
            [TIME_TO] => 20:00               
            [CLIENTS_CNT] => 0
            [TOV_NAME] => FitnessMix
            [ACC] => 0
            [CNTTRAN] => 0
            [CNTTRANRESERV] => 0
        )

    [7] => Array
        (
            [KOD] => 811108
            [TIME_FROM] => 19:00
            [TIME_TO] => 20:00               
            [CLIENTS_CNT] => 0
            [TOV_NAME] => Йога
            [ACC] => 0
            [CNTTRAN] => 1
            [CNTTRANRESERV] => 0
        )

)

[2026-05-03 13:35:24] [INFO] (/home/redbarbe/public_html/telegram/webapps/action/ajax_get_tren.php:61) Array
(
    [KOD] => 810943
    [TIME_FROM] => 10:00
    [TIME_TO] => 11:00               
    [CLIENTS_CNT] => 0
    [TOV_NAME] => Йога
    [ACC] => 0
    [CNTTRAN] => 0
    [CNTTRANRESERV] => 0
)

[2026-05-03 13:35:24] [INFO] (/home/redbarbe/public_html/telegram/webapps/action/ajax_get_tren.php:61) Array
(
    [KOD] => 811328
    [TIME_FROM] => 18:00
    [TIME_TO] => 19:00               
    [CLIENTS_CNT] => 0
    [TOV_NAME] => Aesthetic Gymnastics
    [ACC] => 0
    [CNTTRAN] => 0
    [CNTTRANRESERV] => 0
)

[2026-05-03 13:35:24] [INFO] (/home/redbarbe/public_html/telegram/webapps/action/ajax_get_tren.php:61) Array
(
    [KOD] => 811163
    [TIME_FROM] => 18:00
    [TIME_TO] => 19:00               
    [CLIENTS_CNT] => 0
    [TOV_NAME] => Паркур Kids
    [ACC] => 0
    [CNTTRAN] => 0
    [CNTTRANRESERV] => 0
)

[2026-05-03 13:35:24] [INFO] (/home/redbarbe/public_html/telegram/webapps/action/ajax_get_tren.php:61) Array
(
    [KOD] => 810998
    [TIME_FROM] => 19:00
    [TIME_TO] => 20:00               
    [CLIENTS_CNT] => 0
    [TOV_NAME] => Паркур
    [ACC] => 0
    [CNTTRAN] => 0
    [CNTTRANRESERV] => 0
)

[2026-05-03 13:35:24] [INFO] (/home/redbarbe/public_html/telegram/webapps/action/ajax_get_tren.php:61) Array
(
    [KOD] => 811218
    [TIME_FROM] => 19:00
    [TIME_TO] => 20:00               
    [CLIENTS_CNT] => 0
    [TOV_NAME] => CrossActivity
    [ACC] => 0
    [CNTTRAN] => 0
    [CNTTRANRESERV] => 0
)

[2026-05-03 13:35:24] [INFO] (/home/redbarbe/public_html/telegram/webapps/action/ajax_get_tren.php:61) Array
(
    [KOD] => 811273
    [TIME_FROM] => 19:00
    [TIME_TO] => 20:00               
    [CLIENTS_CNT] => 5
    [TOV_NAME] => Cycle
    [ACC] => 0
    [CNTTRAN] => 0
    [CNTTRANRESERV] => 0
)

[2026-05-03 13:35:24] [INFO] (/home/redbarbe/public_html/telegram/webapps/action/ajax_get_tren.php:61) Array
(
    [KOD] => 811053
    [TIME_FROM] => 19:00
    [TIME_TO] => 20:00               
    [CLIENTS_CNT] => 0
    [TOV_NAME] => FitnessMix
    [ACC] => 0
    [CNTTRAN] => 0
    [CNTTRANRESERV] => 0
)

[2026-05-03 13:35:24] [INFO] (/home/redbarbe/public_html/telegram/webapps/action/ajax_get_tren.php:61) Array
(
    [KOD] => 811108
    [TIME_FROM] => 19:00
    [TIME_TO] => 20:00               
    [CLIENTS_CNT] => 0
    [TOV_NAME] => Йога
    [ACC] => 0
    [CNTTRAN] => 1
    [CNTTRANRESERV] => 0
)

[2026-05-03 13:35:33] [INFO] (/home/redbarbe/public_html/telegram/webapps/action/ajax_get_tren.php:35) Array
(
    [0] => Array
        (
            [KOD] => 817747
            [TIME_FROM] => 09:00
            [TIME_TO] => 10:00               
            [CLIENTS_CNT] => 0
            [TOV_NAME] => CrossActivity
            [ACC] => 0
            [CNTTRAN] => 0
            [CNTTRANRESERV] => 0
        )

    [1] => Array
        (
            [KOD] => 817019
            [TIME_FROM] => 09:00
            [TIME_TO] => 10:00               
            [CLIENTS_CNT] => 0
            [TOV_NAME] => Total Body
            [ACC] => 0
            [CNTTRAN] => 0
            [CNTTRANRESERV] => 0
        )

    [2] => Array
        (
            [KOD] => 816811
            [TIME_FROM] => 14:00
            [TIME_TO] => 15:00               
            [CLIENTS_CNT] => 0
            [TOV_NAME] => FitnessMix
            [ACC] => 0
            [CNTTRAN] => 0
            [CNTTRANRESERV] => 0
        )

    [3] => Array
        (
            [KOD] => 817643
            [TIME_FROM] => 18:00
            [TIME_TO] => 19:00               
            [CLIENTS_CNT] => 0
            [TOV_NAME] => Паркур Kids
            [ACC] => 0
            [CNTTRAN] => 0
            [CNTTRANRESERV] => 0
        )

    [4] => Array
        (
            [KOD] => 817227
            [TIME_FROM] => 18:30
            [TIME_TO] => 19:30               
            [CLIENTS_CNT] => 0
            [TOV_NAME] => Pilates
            [ACC] => 0
            [CNTTRAN] => 0
            [CNTTRANRESERV] => 0
        )

    [5] => Array
        (
            [KOD] => 817435
            [TIME_FROM] => 19:00
            [TIME_TO] => 20:00               
            [CLIENTS_CNT] => 0
            [TOV_NAME] => Паркур
            [ACC] => 0
            [CNTTRAN] => 0
            [CNTTRANRESERV] => 0
        )

    [6] => Array
        (
            [KOD] => 816915
            [TIME_FROM] => 19:00
            [TIME_TO] => 20:00               
            [CLIENTS_CNT] => 0
            [TOV_NAME] => CrossActivity
            [ACC] => 0
            [CNTTRAN] => 0
            [CNTTRANRESERV] => 0
        )

    [7] => Array
        (
            [KOD] => 817331
            [TIME_FROM] => 19:30
            [TIME_TO] => 20:30               
            [CLIENTS_CNT] => 0
            [TOV_NAME] => TRX
            [ACC] => 0
            [CNTTRAN] => 0
            [CNTTRANRESERV] => 0
        )

    [8] => Array
        (
            [KOD] => 817123
            [TIME_FROM] => 20:00
            [TIME_TO] => 21:00               
            [CLIENTS_CNT] => 0
            [TOV_NAME] => CrossActivity
            [ACC] => 0
            [CNTTRAN] => 0
            [CNTTRANRESERV] => 0
        )

    [9] => Array
        (
            [KOD] => 817539
            [TIME_FROM] => 20:00
            [TIME_TO] => 21:00               
            [CLIENTS_CNT] => 0
            [TOV_NAME] => Бокс
            [ACC] => 0
            [CNTTRAN] => 0
            [CNTTRANRESERV] => 0
        )

)

[2026-05-03 13:35:33] [INFO] (/home/redbarbe/public_html/telegram/webapps/action/ajax_get_tren.php:61) Array
(
    [KOD] => 817747
    [TIME_FROM] => 09:00
    [TIME_TO] => 10:00               
    [CLIENTS_CNT] => 0
    [TOV_NAME] => CrossActivity
    [ACC] => 0
    [CNTTRAN] => 0
    [CNTTRANRESERV] => 0
)

[2026-05-03 13:35:33] [INFO] (/home/redbarbe/public_html/telegram/webapps/action/ajax_get_tren.php:61) Array
(
    [KOD] => 817019
    [TIME_FROM] => 09:00
    [TIME_TO] => 10:00               
    [CLIENTS_CNT] => 0
    [TOV_NAME] => Total Body
    [ACC] => 0
    [CNTTRAN] => 0
    [CNTTRANRESERV] => 0
)

[2026-05-03 13:35:33] [INFO] (/home/redbarbe/public_html/telegram/webapps/action/ajax_get_tren.php:61) Array
(
    [KOD] => 816811
    [TIME_FROM] => 14:00
    [TIME_TO] => 15:00               
    [CLIENTS_CNT] => 0
    [TOV_NAME] => FitnessMix
    [ACC] => 0
    [CNTTRAN] => 0
    [CNTTRANRESERV] => 0
)

[2026-05-03 13:35:33] [INFO] (/home/redbarbe/public_html/telegram/webapps/action/ajax_get_tren.php:61) Array
(
    [KOD] => 817643
    [TIME_FROM] => 18:00
    [TIME_TO] => 19:00               
    [CLIENTS_CNT] => 0
    [TOV_NAME] => Паркур Kids
    [ACC] => 0
    [CNTTRAN] => 0
    [CNTTRANRESERV] => 0
)

[2026-05-03 13:35:33] [INFO] (/home/redbarbe/public_html/telegram/webapps/action/ajax_get_tren.php:61) Array
(
    [KOD] => 817227
    [TIME_FROM] => 18:30
    [TIME_TO] => 19:30               
    [CLIENTS_CNT] => 0
    [TOV_NAME] => Pilates
    [ACC] => 0
    [CNTTRAN] => 0
    [CNTTRANRESERV] => 0
)

[2026-05-03 13:35:33] [INFO] (/home/redbarbe/public_html/telegram/webapps/action/ajax_get_tren.php:61) Array
(
    [KOD] => 817435
    [TIME_FROM] => 19:00
    [TIME_TO] => 20:00               
    [CLIENTS_CNT] => 0
    [TOV_NAME] => Паркур
    [ACC] => 0
    [CNTTRAN] => 0
    [CNTTRANRESERV] => 0
)

[2026-05-03 13:35:33] [INFO] (/home/redbarbe/public_html/telegram/webapps/action/ajax_get_tren.php:61) Array
(
    [KOD] => 816915
    [TIME_FROM] => 19:00
    [TIME_TO] => 20:00               
    [CLIENTS_CNT] => 0
    [TOV_NAME] => CrossActivity
    [ACC] => 0
    [CNTTRAN] => 0
    [CNTTRANRESERV] => 0
)

[2026-05-03 13:35:33] [INFO] (/home/redbarbe/public_html/telegram/webapps/action/ajax_get_tren.php:61) Array
(
    [KOD] => 817331
    [TIME_FROM] => 19:30
    [TIME_TO] => 20:30               
    [CLIENTS_CNT] => 0
    [TOV_NAME] => TRX
    [ACC] => 0
    [CNTTRAN] => 0
    [CNTTRANRESERV] => 0
)

[2026-05-03 13:35:33] [INFO] (/home/redbarbe/public_html/telegram/webapps/action/ajax_get_tren.php:61) Array
(
    [KOD] => 817123
    [TIME_FROM] => 20:00
    [TIME_TO] => 21:00               
    [CLIENTS_CNT] => 0
    [TOV_NAME] => CrossActivity
    [ACC] => 0
    [CNTTRAN] => 0
    [CNTTRANRESERV] => 0
)

[2026-05-03 13:35:33] [INFO] (/home/redbarbe/public_html/telegram/webapps/action/ajax_get_tren.php:61) Array
(
    [KOD] => 817539
    [TIME_FROM] => 20:00
    [TIME_TO] => 21:00               
    [CLIENTS_CNT] => 0
    [TOV_NAME] => Бокс
    [ACC] => 0
    [CNTTRAN] => 0
    [CNTTRANRESERV] => 0
)

[2026-05-03 13:41:48] [INFO] (/home/redbarbe/public_html/telegram/webapps/action/hist_ost_poslug.php:119) Array
(
    [acc] => 15327
    [command] => GET_OST_POSLUG_ACC
)

[2026-05-03 13:41:48] [INFO] (/home/redbarbe/public_html/telegram/webapps/action/hist_ost_poslug.php:120) ip=178.158.212.173
[2026-05-03 13:43:55] [INFO] (/home/redbarbe/public_html/telegram/webapps/action/ajax_get_tren.php:35) Array
(
    [0] => Array
        (
            [KOD] => 675245
            [TIME_FROM] =>  9:00
            [TIME_TO] => 10:00               
            [CLIENTS_CNT] => 0
            [TOV_NAME] => CrossActivity
            [ACC] => 0
            [CNTTRAN] => 0
            [CNTTRANRESERV] => 0
        )

    [1] => Array
        (
            [KOD] => 675557
            [TIME_FROM] => 08:00
            [TIME_TO] => 09:00               
            [CLIENTS_CNT] => 0
            [TOV_NAME] => Morning Functional
            [ACC] => 0
            [CNTTRAN] => 0
            [CNTTRANRESERV] => 0
        )

    [2] => Array
        (
            [KOD] => 675401
            [TIME_FROM] => 17:00
            [TIME_TO] => 18:00               
            [CLIENTS_CNT] => 0
            [TOV_NAME] => Бокс Kids
            [ACC] => 0
            [CNTTRAN] => 0
            [CNTTRANRESERV] => 0
        )

    [3] => Array
        (
            [KOD] => 675869
            [TIME_FROM] => 18:00
            [TIME_TO] => 19:00               
            [CLIENTS_CNT] => 0
            [TOV_NAME] => Superhero Workout
            [ACC] => 0
            [CNTTRAN] => 0
            [CNTTRANRESERV] => 0
        )

    [4] => Array
        (
            [KOD] => 675713
            [TIME_FROM] => 19:00
            [TIME_TO] => 20:00               
            [CLIENTS_CNT] => 0
            [TOV_NAME] => Evening Functional
            [ACC] => 0
            [CNTTRAN] => 0
            [CNTTRANRESERV] => 0
        )

    [5] => Array
        (
            [KOD] => 674621
            [TIME_FROM] => 19:30
            [TIME_TO] => 20:30               
            [CLIENTS_CNT] => 0
            [TOV_NAME] => Stretching
            [ACC] => 0
            [CNTTRAN] => 0
            [CNTTRANRESERV] => 0
        )

    [6] => Array
        (
            [KOD] => 674777
            [TIME_FROM] => 20:00
            [TIME_TO] => 21:00               
            [CLIENTS_CNT] => 0
            [TOV_NAME] => CrossActivity Pro
            [ACC] => 0
            [CNTTRAN] => 0
            [CNTTRANRESERV] => 0
        )

    [7] => Array
        (
            [KOD] => 674933
            [TIME_FROM] => 20:00
            [TIME_TO] => 21:00               
            [CLIENTS_CNT] => 0
            [TOV_NAME] => Бокс.
            [ACC] => 0
            [CNTTRAN] => 0
            [CNTTRANRESERV] => 0
        )

    [8] => Array
        (
            [KOD] => 675089
            [TIME_FROM] => 20:30
            [TIME_TO] => 21:30               
            [CLIENTS_CNT] => 0
            [TOV_NAME] => Йога
            [ACC] => 0
            [CNTTRAN] => 1
            [CNTTRANRESERV] => 0
        )

)

[2026-05-03 13:43:55] [INFO] (/home/redbarbe/public_html/telegram/webapps/action/ajax_get_tren.php:61) Array
(
    [KOD] => 675245
    [TIME_FROM] =>  9:00
    [TIME_TO] => 10:00               
    [CLIENTS_CNT] => 0
    [TOV_NAME] => CrossActivity
    [ACC] => 0
    [CNTTRAN] => 0
    [CNTTRANRESERV] => 0
)

[2026-05-03 13:43:55] [INFO] (/home/redbarbe/public_html/telegram/webapps/action/ajax_get_tren.php:61) Array
(
    [KOD] => 675557
    [TIME_FROM] => 08:00
    [TIME_TO] => 09:00               
    [CLIENTS_CNT] => 0
    [TOV_NAME] => Morning Functional
    [ACC] => 0
    [CNTTRAN] => 0
    [CNTTRANRESERV] => 0
)

[2026-05-03 13:43:55] [INFO] (/home/redbarbe/public_html/telegram/webapps/action/ajax_get_tren.php:61) Array
(
    [KOD] => 675401
    [TIME_FROM] => 17:00
    [TIME_TO] => 18:00               
    [CLIENTS_CNT] => 0
    [TOV_NAME] => Бокс Kids
    [ACC] => 0
    [CNTTRAN] => 0
    [CNTTRANRESERV] => 0
)

[2026-05-03 13:43:55] [INFO] (/home/redbarbe/public_html/telegram/webapps/action/ajax_get_tren.php:61) Array
(
    [KOD] => 675869
    [TIME_FROM] => 18:00
    [TIME_TO] => 19:00               
    [CLIENTS_CNT] => 0
    [TOV_NAME] => Superhero Workout
    [ACC] => 0
    [CNTTRAN] => 0
    [CNTTRANRESERV] => 0
)

[2026-05-03 13:43:55] [INFO] (/home/redbarbe/public_html/telegram/webapps/action/ajax_get_tren.php:61) Array
(
    [KOD] => 675713
    [TIME_FROM] => 19:00
    [TIME_TO] => 20:00               
    [CLIENTS_CNT] => 0
    [TOV_NAME] => Evening Functional
    [ACC] => 0
    [CNTTRAN] => 0
    [CNTTRANRESERV] => 0
)

[2026-05-03 13:43:55] [INFO] (/home/redbarbe/public_html/telegram/webapps/action/ajax_get_tren.php:61) Array
(
    [KOD] => 674621
    [TIME_FROM] => 19:30
    [TIME_TO] => 20:30               
    [CLIENTS_CNT] => 0
    [TOV_NAME] => Stretching
    [ACC] => 0
    [CNTTRAN] => 0
    [CNTTRANRESERV] => 0
)

[2026-05-03 13:43:55] [INFO] (/home/redbarbe/public_html/telegram/webapps/action/ajax_get_tren.php:61) Array
(
    [KOD] => 674777
    [TIME_FROM] => 20:00
    [TIME_TO] => 21:00               
    [CLIENTS_CNT] => 0
    [TOV_NAME] => CrossActivity Pro
    [ACC] => 0
    [CNTTRAN] => 0
    [CNTTRANRESERV] => 0
)

[2026-05-03 13:43:55] [INFO] (/home/redbarbe/public_html/telegram/webapps/action/ajax_get_tren.php:61) Array
(
    [KOD] => 674933
    [TIME_FROM] => 20:00
    [TIME_TO] => 21:00               
    [CLIENTS_CNT] => 0
    [TOV_NAME] => Бокс.
    [ACC] => 0
    [CNTTRAN] => 0
    [CNTTRANRESERV] => 0
)

[2026-05-03 13:43:55] [INFO] (/home/redbarbe/public_html/telegram/webapps/action/ajax_get_tren.php:61) Array
(
    [KOD] => 675089
    [TIME_FROM] => 20:30
    [TIME_TO] => 21:30               
    [CLIENTS_CNT] => 0
    [TOV_NAME] => Йога
    [ACC] => 0
    [CNTTRAN] => 1
    [CNTTRANRESERV] => 0
)

[2026-05-03 13:43:59] [INFO] (/home/redbarbe/public_html/telegram/webapps/action/ajax_fitness_zapis.php:22) Array
(
    [ajax_method] => 2
    [action] => ajax_fitness_zapis
    [dat] => 04.05.2026
    [acc] => 13407
    [trenid] => 675089
    [ost_all] => 100
    [ip_club] => 193.194.107.2
    [acctozapis] => 0
    [time_from] => 20:30
)

[2026-05-03 13:45:16] [INFO] (/home/redbarbe/public_html/telegram/webapps/action/hist_ind.php:116) Array
(
    [dbeg] => 03.02.2026
    [dend] => today
    [acc] => 14344
    [command] => get_ind_history
)

[2026-05-03 13:45:16] [INFO] (/home/redbarbe/public_html/telegram/webapps/action/hist_ind.php:117) ip=212.26.139.90
[2026-05-03 13:46:14] [INFO] (/home/redbarbe/public_html/telegram/webapps/reports/report_pers_detal.php:22) Array
(
)

[2026-05-03 13:46:21] [INFO] (/home/redbarbe/public_html/telegram/webapps/reports/report_pers_detal.php:22) Array
(
    [ajax_method] => 2
    [action] => report_pers_detal
    [action_report] => report_view
    [admin] => 5
    [date_from] => 03.05.2026
    [date_to] => 03.05.2026
    [ip_club] => 178.158.212.173
    [podr] => pt
    [sotr] => 0331
)

[2026-05-03 13:51:07] [INFO] (/home/redbarbe/public_html/telegram/webapps/reports/report_pers_detal.php:22) Array
(
)

[2026-05-03 14:00:16] [INFO] (/home/redbarbe/public_html/telegram/webapps/reports/report_pers_detal.php:22) Array
(
)

[2026-05-03 14:00:22] [INFO] (/home/redbarbe/public_html/telegram/webapps/reports/report_pers_detal.php:22) Array
(
    [ajax_method] => 2
    [action] => report_pers_detal
    [action_report] => report_view
    [admin] => 5
    [date_from] => 03.05.2026
    [date_to] => 03.05.2026
    [ip_club] => 212.26.139.90
    [podr] => all
    [sotr] => 697814
)

[2026-05-03 14:35:19] [INFO] (/home/redbarbe/public_html/telegram/webapps/action/hist_ind.php:116) Array
(
    [dbeg] => 03.02.2026
    [dend] => today
    [acc] => 14166
    [command] => get_ind_history
)

[2026-05-03 14:35:19] [INFO] (/home/redbarbe/public_html/telegram/webapps/action/hist_ind.php:117) ip=212.26.139.90
[2026-05-03 14:36:36] [INFO] (/home/redbarbe/public_html/telegram/webapps/action/my_zapis.php:114) 
[2026-05-03 14:37:11] [INFO] (/home/redbarbe/public_html/telegram/webapps/action/ajax_get_tren.php:35) Array
(
    [0] => Array
        (
            [KOD] => 813604
            [TIME_FROM] => 09:00
            [TIME_TO] => 10:00               
            [CLIENTS_CNT] => 0
            [TOV_NAME] => CrossActivity
            [ACC] => 0
            [CNTTRAN] => 0
            [CNTTRANRESERV] => 0
        )

    [1] => Array
        (
            [KOD] => 813212
            [TIME_FROM] => 09:00
            [TIME_TO] => 10:00               
            [CLIENTS_CNT] => 0
            [TOV_NAME] => Total Body
            [ACC] => 0
            [CNTTRAN] => 0
            [CNTTRANRESERV] => 0
        )

    [2] => Array
        (
            [KOD] => 813100
            [TIME_FROM] => 14:00
            [TIME_TO] => 15:00               
            [CLIENTS_CNT] => 0
            [TOV_NAME] => FitnessMix
            [ACC] => 0
            [CNTTRAN] => 0
            [CNTTRANRESERV] => 0
        )

    [3] => Array
        (
            [KOD] => 813548
            [TIME_FROM] => 18:00
            [TIME_TO] => 19:00               
            [CLIENTS_CNT] => 0
            [TOV_NAME] => Паркур Kids
            [ACC] => 0
            [CNTTRAN] => 0
            [CNTTRANRESERV] => 0
        )

    [4] => Array
        (
            [KOD] => 813324
            [TIME_FROM] => 18:30
            [TIME_TO] => 19:30               
            [CLIENTS_CNT] => 0
            [TOV_NAME] => Pilates
            [ACC] => 0
            [CNTTRAN] => 0
            [CNTTRANRESERV] => 0
        )

    [5] => Array
        (
            [KOD] => 813436
            [TIME_FROM] => 19:00
            [TIME_TO] => 20:00               
            [CLIENTS_CNT] => 0
            [TOV_NAME] => Паркур
            [ACC] => 0
            [CNTTRAN] => 0
            [CNTTRANRESERV] => 0
        )

    [6] => Array
        (
            [KOD] => 813156
            [TIME_FROM] => 19:00
            [TIME_TO] => 20:00               
            [CLIENTS_CNT] => 0
            [TOV_NAME] => CrossActivity
            [ACC] => 0
            [CNTTRAN] => 0
            [CNTTRANRESERV] => 0
        )

    [7] => Array
        (
            [KOD] => 813380
            [TIME_FROM] => 19:30
            [TIME_TO] => 20:30               
            [CLIENTS_CNT] => 0
            [TOV_NAME] => TRX
            [ACC] => 0
            [CNTTRAN] => 0
            [CNTTRANRESERV] => 0
        )

    [8] => Array
        (
            [KOD] => 813268
            [TIME_FROM] => 20:00
            [TIME_TO] => 21:00               
            [CLIENTS_CNT] => 0
            [TOV_NAME] => CrossActivity
            [ACC] => 0
            [CNTTRAN] => 0
            [CNTTRANRESERV] => 0
        )

    [9] => Array
        (
            [KOD] => 813492
            [TIME_FROM] => 20:00
            [TIME_TO] => 21:00               
            [CLIENTS_CNT] => 0
            [TOV_NAME] => Бокс
            [ACC] => 0
            [CNTTRAN] => 0
            [CNTTRANRESERV] => 0
        )

)

[2026-05-03 14:37:11] [INFO] (/home/redbarbe/public_html/telegram/webapps/action/ajax_get_tren.php:61) Array
(
    [KOD] => 813604
    [TIME_FROM] => 09:00
    [TIME_TO] => 10:00               
    [CLIENTS_CNT] => 0
    [TOV_NAME] => CrossActivity
    [ACC] => 0
    [CNTTRAN] => 0
    [CNTTRANRESERV] => 0
)

[2026-05-03 14:37:11] [INFO] (/home/redbarbe/public_html/telegram/webapps/action/ajax_get_tren.php:61) Array
(
    [KOD] => 813212
    [TIME_FROM] => 09:00
    [TIME_TO] => 10:00               
    [CLIENTS_CNT] => 0
    [TOV_NAME] => Total Body
    [ACC] => 0
    [CNTTRAN] => 0
    [CNTTRANRESERV] => 0
)

[2026-05-03 14:37:11] [INFO] (/home/redbarbe/public_html/telegram/webapps/action/ajax_get_tren.php:61) Array
(
    [KOD] => 813100
    [TIME_FROM] => 14:00
    [TIME_TO] => 15:00               
    [CLIENTS_CNT] => 0
    [TOV_NAME] => FitnessMix
    [ACC] => 0
    [CNTTRAN] => 0
    [CNTTRANRESERV] => 0
)

[2026-05-03 14:37:11] [INFO] (/home/redbarbe/public_html/telegram/webapps/action/ajax_get_tren.php:61) Array
(
    [KOD] => 813548
    [TIME_FROM] => 18:00
    [TIME_TO] => 19:00               
    [CLIENTS_CNT] => 0
    [TOV_NAME] => Паркур Kids
    [ACC] => 0
    [CNTTRAN] => 0
    [CNTTRANRESERV] => 0
)

[2026-05-03 14:37:11] [INFO] (/home/redbarbe/public_html/telegram/webapps/action/ajax_get_tren.php:61) Array
(
    [KOD] => 813324
    [TIME_FROM] => 18:30
    [TIME_TO] => 19:30               
    [CLIENTS_CNT] => 0
    [TOV_NAME] => Pilates
    [ACC] => 0
    [CNTTRAN] => 0
    [CNTTRANRESERV] => 0
)

[2026-05-03 14:37:11] [INFO] (/home/redbarbe/public_html/telegram/webapps/action/ajax_get_tren.php:61) Array
(
    [KOD] => 813436
    [TIME_FROM] => 19:00
    [TIME_TO] => 20:00               
    [CLIENTS_CNT] => 0
    [TOV_NAME] => Паркур
    [ACC] => 0
    [CNTTRAN] => 0
    [CNTTRANRESERV] => 0
)

[2026-05-03 14:37:11] [INFO] (/home/redbarbe/public_html/telegram/webapps/action/ajax_get_tren.php:61) Array
(
    [KOD] => 813156
    [TIME_FROM] => 19:00
    [TIME_TO] => 20:00               
    [CLIENTS_CNT] => 0
    [TOV_NAME] => CrossActivity
    [ACC] => 0
    [CNTTRAN] => 0
    [CNTTRANRESERV] => 0
)

[2026-05-03 14:37:11] [INFO] (/home/redbarbe/public_html/telegram/webapps/action/ajax_get_tren.php:61) Array
(
    [KOD] => 813380
    [TIME_FROM] => 19:30
    [TIME_TO] => 20:30               
    [CLIENTS_CNT] => 0
    [TOV_NAME] => TRX
    [ACC] => 0
    [CNTTRAN] => 0
    [CNTTRANRESERV] => 0
)

[2026-05-03 14:37:11] [INFO] (/home/redbarbe/public_html/telegram/webapps/action/ajax_get_tren.php:61) Array
(
    [KOD] => 813268
    [TIME_FROM] => 20:00
    [TIME_TO] => 21:00               
    [CLIENTS_CNT] => 0
    [TOV_NAME] => CrossActivity
    [ACC] => 0
    [CNTTRAN] => 0
    [CNTTRANRESERV] => 0
)

[2026-05-03 14:37:11] [INFO] (/home/redbarbe/public_html/telegram/webapps/action/ajax_get_tren.php:61) Array
(
    [KOD] => 813492
    [TIME_FROM] => 20:00
    [TIME_TO] => 21:00               
    [CLIENTS_CNT] => 0
    [TOV_NAME] => Бокс
    [ACC] => 0
    [CNTTRAN] => 0
    [CNTTRANRESERV] => 0
)

[2026-05-03 14:42:27] [INFO] (/home/redbarbe/public_html/telegram/webapps/action/ajax_get_tren.php:35) Array
(
    [0] => Array
        (
            [KOD] => 809718
            [TIME_FROM] => 10:00
            [TIME_TO] => 11:00               
            [CLIENTS_CNT] => 0
            [TOV_NAME] => Йога
            [ACC] => 0
            [CNTTRAN] => 0
            [CNTTRANRESERV] => 0
        )

    [1] => Array
        (
            [KOD] => 810803
            [TIME_FROM] => 18:00
            [TIME_TO] => 19:00               
            [CLIENTS_CNT] => 0
            [TOV_NAME] => Aesthetic Gymnastics
            [ACC] => 0
            [CNTTRAN] => 0
            [CNTTRANRESERV] => 0
        )

    [2] => Array
        (
            [KOD] => 810338
            [TIME_FROM] => 18:00
            [TIME_TO] => 19:00               
            [CLIENTS_CNT] => 0
            [TOV_NAME] => Паркур Kids
            [ACC] => 0
            [CNTTRAN] => 0
            [CNTTRANRESERV] => 0
        )

    [3] => Array
        (
            [KOD] => 809873
            [TIME_FROM] => 19:00
            [TIME_TO] => 20:00               
            [CLIENTS_CNT] => 0
            [TOV_NAME] => Паркур
            [ACC] => 0
            [CNTTRAN] => 0
            [CNTTRANRESERV] => 0
        )

    [4] => Array
        (
            [KOD] => 810493
            [TIME_FROM] => 19:00
            [TIME_TO] => 20:00               
            [CLIENTS_CNT] => 0
            [TOV_NAME] => CrossActivity
            [ACC] => 0
            [CNTTRAN] => 0
            [CNTTRANRESERV] => 0
        )

    [5] => Array
        (
            [KOD] => 810648
            [TIME_FROM] => 19:00
            [TIME_TO] => 20:00               
            [CLIENTS_CNT] => 5
            [TOV_NAME] => Cycle
            [ACC] => 0
            [CNTTRAN] => 0
            [CNTTRANRESERV] => 0
        )

    [6] => Array
        (
            [KOD] => 810028
            [TIME_FROM] => 19:00
            [TIME_TO] => 20:00               
            [CLIENTS_CNT] => 0
            [TOV_NAME] => FitnessMix
            [ACC] => 0
            [CNTTRAN] => 0
            [CNTTRANRESERV] => 0
        )

    [7] => Array
        (
            [KOD] => 810183
            [TIME_FROM] => 19:00
            [TIME_TO] => 20:00               
            [CLIENTS_CNT] => 0
            [TOV_NAME] => Йога
            [ACC] => 0
            [CNTTRAN] => 0
            [CNTTRANRESERV] => 0
        )

)

[2026-05-03 14:42:27] [INFO] (/home/redbarbe/public_html/telegram/webapps/action/ajax_get_tren.php:61) Array
(
    [KOD] => 809718
    [TIME_FROM] => 10:00
    [TIME_TO] => 11:00               
    [CLIENTS_CNT] => 0
    [TOV_NAME] => Йога
    [ACC] => 0
    [CNTTRAN] => 0
    [CNTTRANRESERV] => 0
)

[2026-05-03 14:42:27] [INFO] (/home/redbarbe/public_html/telegram/webapps/action/ajax_get_tren.php:61) Array
(
    [KOD] => 810803
    [TIME_FROM] => 18:00
    [TIME_TO] => 19:00               
    [CLIENTS_CNT] => 0
    [TOV_NAME] => Aesthetic Gymnastics
    [ACC] => 0
    [CNTTRAN] => 0
    [CNTTRANRESERV] => 0
)

[2026-05-03 14:42:27] [INFO] (/home/redbarbe/public_html/telegram/webapps/action/ajax_get_tren.php:61) Array
(
    [KOD] => 810338
    [TIME_FROM] => 18:00
    [TIME_TO] => 19:00               
    [CLIENTS_CNT] => 0
    [TOV_NAME] => Паркур Kids
    [ACC] => 0
    [CNTTRAN] => 0
    [CNTTRANRESERV] => 0
)

[2026-05-03 14:42:27] [INFO] (/home/redbarbe/public_html/telegram/webapps/action/ajax_get_tren.php:61) Array
(
    [KOD] => 809873
    [TIME_FROM] => 19:00
    [TIME_TO] => 20:00               
    [CLIENTS_CNT] => 0
    [TOV_NAME] => Паркур
    [ACC] => 0
    [CNTTRAN] => 0
    [CNTTRANRESERV] => 0
)

[2026-05-03 14:42:27] [INFO] (/home/redbarbe/public_html/telegram/webapps/action/ajax_get_tren.php:61) Array
(
    [KOD] => 810493
    [TIME_FROM] => 19:00
    [TIME_TO] => 20:00               
    [CLIENTS_CNT] => 0
    [TOV_NAME] => CrossActivity
    [ACC] => 0
    [CNTTRAN] => 0
    [CNTTRANRESERV] => 0
)

[2026-05-03 14:42:27] [INFO] (/home/redbarbe/public_html/telegram/webapps/action/ajax_get_tren.php:61) Array
(
    [KOD] => 810648
    [TIME_FROM] => 19:00
    [TIME_TO] => 20:00               
    [CLIENTS_CNT] => 5
    [TOV_NAME] => Cycle
    [ACC] => 0
    [CNTTRAN] => 0
    [CNTTRANRESERV] => 0
)

[2026-05-03 14:42:27] [INFO] (/home/redbarbe/public_html/telegram/webapps/action/ajax_get_tren.php:61) Array
(
    [KOD] => 810028
    [TIME_FROM] => 19:00
    [TIME_TO] => 20:00               
    [CLIENTS_CNT] => 0
    [TOV_NAME] => FitnessMix
    [ACC] => 0
    [CNTTRAN] => 0
    [CNTTRANRESERV] => 0
)

[2026-05-03 14:42:27] [INFO] (/home/redbarbe/public_html/telegram/webapps/action/ajax_get_tren.php:61) Array
(
    [KOD] => 810183
    [TIME_FROM] => 19:00
    [TIME_TO] => 20:00               
    [CLIENTS_CNT] => 0
    [TOV_NAME] => Йога
    [ACC] => 0
    [CNTTRAN] => 0
    [CNTTRANRESERV] => 0
)

[2026-05-03 14:48:18] [INFO] (/home/redbarbe/public_html/telegram/webapps/reports/report_pers_detal.php:22) Array
(
)

[2026-05-03 14:48:24] [INFO] (/home/redbarbe/public_html/telegram/webapps/reports/report_pers_detal.php:22) Array
(
    [ajax_method] => 2
    [action] => report_pers_detal
    [action_report] => report_view
    [admin] => 5
    [date_from] => 03.05.2026
    [date_to] => 03.05.2026
    [ip_club] => 178.151.119.180
    [podr] => pt
    [sotr] => 0718
)

[2026-05-03 14:48:31] [INFO] (/home/redbarbe/public_html/telegram/webapps/reports/report_pers_detal.php:22) Array
(
)

[2026-05-03 14:51:05] [INFO] (/home/redbarbe/public_html/telegram/webapps/reports/report_pers_detal.php:22) Array
(
    [ajax_method] => 2
    [action] => report_pers_detal
    [action_report] => report_view
    [admin] => 5
    [date_from] => 02.05.2026
    [date_to] => 02.05.2026
    [ip_club] => 178.151.119.180
    [podr] => pt
    [sotr] => 0718
)

[2026-05-03 15:01:38] [INFO] (/home/redbarbe/public_html/telegram/webapps/reports/report_pers_detal.php:22) Array
(
)

[2026-05-03 15:01:43] [INFO] (/home/redbarbe/public_html/telegram/webapps/reports/report_pers_detal.php:22) Array
(
    [ajax_method] => 2
    [action] => report_pers_detal
    [action_report] => report_view
    [admin] => 5
    [date_from] => 03.05.2026
    [date_to] => 03.05.2026
    [ip_club] => 178.151.119.180
    [podr] => all
    [sotr] => 0710
)

[2026-05-03 15:04:46] [INFO] (/home/redbarbe/public_html/telegram/webapps/action/hist_ost_poslug.php:119) Array
(
    [acc] => 14090
    [command] => GET_OST_POSLUG_ACC
)

[2026-05-03 15:04:46] [INFO] (/home/redbarbe/public_html/telegram/webapps/action/hist_ost_poslug.php:120) ip=178.151.119.180
[2026-05-03 15:17:15] [INFO] (/home/redbarbe/public_html/telegram/webapps/action/hist_grp.php:116) Array
(
    [dbeg] => 03.02.2026
    [dend] => today
    [acc] => 15560
    [command] => get_grp_history
)

[2026-05-03 15:17:15] [INFO] (/home/redbarbe/public_html/telegram/webapps/action/hist_grp.php:117) ip=178.158.212.173
[2026-05-03 15:26:36] [INFO] (/home/redbarbe/public_html/telegram/webapps/action/hist_ind.php:116) Array
(
    [dbeg] => 03.02.2026
    [dend] => today
    [acc] => 14341
    [command] => get_ind_history
)

[2026-05-03 15:26:36] [INFO] (/home/redbarbe/public_html/telegram/webapps/action/hist_ind.php:117) ip=212.26.139.90
[2026-05-03 15:49:57] [INFO] (/home/redbarbe/public_html/telegram/webapps/action/ajax_get_tren.php:35) Array
(
    [0] => Array
        (
            [KOD] => 675245
            [TIME_FROM] =>  9:00
            [TIME_TO] => 10:00               
            [CLIENTS_CNT] => 0
            [TOV_NAME] => CrossActivity
            [ACC] => 0
            [CNTTRAN] => 0
            [CNTTRANRESERV] => 0
        )

    [1] => Array
        (
            [KOD] => 675557
            [TIME_FROM] => 08:00
            [TIME_TO] => 09:00               
            [CLIENTS_CNT] => 0
            [TOV_NAME] => Morning Functional
            [ACC] => 0
            [CNTTRAN] => 0
            [CNTTRANRESERV] => 0
        )

    [2] => Array
        (
            [KOD] => 675401
            [TIME_FROM] => 17:00
            [TIME_TO] => 18:00               
            [CLIENTS_CNT] => 0
            [TOV_NAME] => Бокс Kids
            [ACC] => 0
            [CNTTRAN] => 0
            [CNTTRANRESERV] => 0
        )

    [3] => Array
        (
            [KOD] => 675869
            [TIME_FROM] => 18:00
            [TIME_TO] => 19:00               
            [CLIENTS_CNT] => 0
            [TOV_NAME] => Superhero Workout
            [ACC] => 0
            [CNTTRAN] => 0
            [CNTTRANRESERV] => 0
        )

    [4] => Array
        (
            [KOD] => 675713
            [TIME_FROM] => 19:00
            [TIME_TO] => 20:00               
            [CLIENTS_CNT] => 0
            [TOV_NAME] => Evening Functional
            [ACC] => 0
            [CNTTRAN] => 0
            [CNTTRANRESERV] => 0
        )

    [5] => Array
        (
            [KOD] => 674621
            [TIME_FROM] => 19:30
            [TIME_TO] => 20:30               
            [CLIENTS_CNT] => 0
            [TOV_NAME] => Stretching
            [ACC] => 0
            [CNTTRAN] => 0
            [CNTTRANRESERV] => 0
        )

    [6] => Array
        (
            [KOD] => 674777
            [TIME_FROM] => 20:00
            [TIME_TO] => 21:00               
            [CLIENTS_CNT] => 0
            [TOV_NAME] => CrossActivity Pro
            [ACC] => 0
            [CNTTRAN] => 0
            [CNTTRANRESERV] => 0
        )

    [7] => Array
        (
            [KOD] => 674933
            [TIME_FROM] => 20:00
            [TIME_TO] => 21:00               
            [CLIENTS_CNT] => 0
            [TOV_NAME] => Бокс.
            [ACC] => 0
            [CNTTRAN] => 0
            [CNTTRANRESERV] => 0
        )

    [8] => Array
        (
            [KOD] => 675089
            [TIME_FROM] => 20:30
            [TIME_TO] => 21:30               
            [CLIENTS_CNT] => 0
            [TOV_NAME] => Йога
            [ACC] => 0
            [CNTTRAN] => 2
            [CNTTRANRESERV] => 0
        )

)

[2026-05-03 15:49:57] [INFO] (/home/redbarbe/public_html/telegram/webapps/action/ajax_get_tren.php:61) Array
(
    [KOD] => 675245
    [TIME_FROM] =>  9:00
    [TIME_TO] => 10:00               
    [CLIENTS_CNT] => 0
    [TOV_NAME] => CrossActivity
    [ACC] => 0
    [CNTTRAN] => 0
    [CNTTRANRESERV] => 0
)

[2026-05-03 15:49:57] [INFO] (/home/redbarbe/public_html/telegram/webapps/action/ajax_get_tren.php:61) Array
(
    [KOD] => 675557
    [TIME_FROM] => 08:00
    [TIME_TO] => 09:00               
    [CLIENTS_CNT] => 0
    [TOV_NAME] => Morning Functional
    [ACC] => 0
    [CNTTRAN] => 0
    [CNTTRANRESERV] => 0
)

[2026-05-03 15:49:57] [INFO] (/home/redbarbe/public_html/telegram/webapps/action/ajax_get_tren.php:61) Array
(
    [KOD] => 675401
    [TIME_FROM] => 17:00
    [TIME_TO] => 18:00               
    [CLIENTS_CNT] => 0
    [TOV_NAME] => Бокс Kids
    [ACC] => 0
    [CNTTRAN] => 0
    [CNTTRANRESERV] => 0
)

[2026-05-03 15:49:57] [INFO] (/home/redbarbe/public_html/telegram/webapps/action/ajax_get_tren.php:61) Array
(
    [KOD] => 675869
    [TIME_FROM] => 18:00
    [TIME_TO] => 19:00               
    [CLIENTS_CNT] => 0
    [TOV_NAME] => Superhero Workout
    [ACC] => 0
    [CNTTRAN] => 0
    [CNTTRANRESERV] => 0
)

[2026-05-03 15:49:57] [INFO] (/home/redbarbe/public_html/telegram/webapps/action/ajax_get_tren.php:61) Array
(
    [KOD] => 675713
    [TIME_FROM] => 19:00
    [TIME_TO] => 20:00               
    [CLIENTS_CNT] => 0
    [TOV_NAME] => Evening Functional
    [ACC] => 0
    [CNTTRAN] => 0
    [CNTTRANRESERV] => 0
)

[2026-05-03 15:49:57] [INFO] (/home/redbarbe/public_html/telegram/webapps/action/ajax_get_tren.php:61) Array
(
    [KOD] => 674621
    [TIME_FROM] => 19:30
    [TIME_TO] => 20:30               
    [CLIENTS_CNT] => 0
    [TOV_NAME] => Stretching
    [ACC] => 0
    [CNTTRAN] => 0
    [CNTTRANRESERV] => 0
)

[2026-05-03 15:49:57] [INFO] (/home/redbarbe/public_html/telegram/webapps/action/ajax_get_tren.php:61) Array
(
    [KOD] => 674777
    [TIME_FROM] => 20:00
    [TIME_TO] => 21:00               
    [CLIENTS_CNT] => 0
    [TOV_NAME] => CrossActivity Pro
    [ACC] => 0
    [CNTTRAN] => 0
    [CNTTRANRESERV] => 0
)

[2026-05-03 15:49:57] [INFO] (/home/redbarbe/public_html/telegram/webapps/action/ajax_get_tren.php:61) Array
(
    [KOD] => 674933
    [TIME_FROM] => 20:00
    [TIME_TO] => 21:00               
    [CLIENTS_CNT] => 0
    [TOV_NAME] => Бокс.
    [ACC] => 0
    [CNTTRAN] => 0
    [CNTTRANRESERV] => 0
)

[2026-05-03 15:49:57] [INFO] (/home/redbarbe/public_html/telegram/webapps/action/ajax_get_tren.php:61) Array
(
    [KOD] => 675089
    [TIME_FROM] => 20:30
    [TIME_TO] => 21:30               
    [CLIENTS_CNT] => 0
    [TOV_NAME] => Йога
    [ACC] => 0
    [CNTTRAN] => 2
    [CNTTRANRESERV] => 0
)

[2026-05-03 15:50:28] [INFO] (/home/redbarbe/public_html/telegram/webapps/action/ajax_fitness_zapis.php:22) Array
(
    [ajax_method] => 2
    [action] => ajax_fitness_zapis
    [dat] => 04.05.2026
    [acc] => 10999
    [trenid] => 674621
    [ost_all] => 100
    [ip_club] => 193.194.107.2
    [acctozapis] => 0
    [time_from] => 19:30
)

[2026-05-03 15:54:15] [INFO] (/home/redbarbe/public_html/telegram/webapps/action/hist_ind.php:116) Array
(
    [dbeg] => 03.02.2026
    [dend] => today
    [acc] => 14069
    [command] => get_ind_history
)

[2026-05-03 15:54:15] [INFO] (/home/redbarbe/public_html/telegram/webapps/action/hist_ind.php:117) ip=178.158.212.173
[2026-05-03 15:54:24] [INFO] (/home/redbarbe/public_html/telegram/webapps/action/hist_ost_poslug.php:119) Array
(
    [acc] => 14069
    [command] => GET_OST_POSLUG_ACC
)

[2026-05-03 15:54:24] [INFO] (/home/redbarbe/public_html/telegram/webapps/action/hist_ost_poslug.php:120) ip=178.158.212.173
[2026-05-03 16:02:39] [INFO] (/home/redbarbe/public_html/telegram/webapps/action/hist_grp.php:116) Array
(
    [dbeg] => 03.02.2026
    [dend] => today
    [acc] => 15327
    [command] => get_grp_history
)

[2026-05-03 16:02:39] [INFO] (/home/redbarbe/public_html/telegram/webapps/action/hist_grp.php:117) ip=178.158.212.173
[2026-05-03 16:03:28] [INFO] (/home/redbarbe/public_html/telegram/webapps/action/ajax_get_tren.php:35) Array
(
    [0] => Array
        (
            [KOD] => 817746
            [TIME_FROM] => 09:00
            [TIME_TO] => 10:00               
            [CLIENTS_CNT] => 0
            [TOV_NAME] => CrossActivity
            [ACC] => 0
            [CNTTRAN] => 0
            [CNTTRANRESERV] => 0
        )

    [1] => Array
        (
            [KOD] => 817018
            [TIME_FROM] => 09:00
            [TIME_TO] => 10:00               
            [CLIENTS_CNT] => 0
            [TOV_NAME] => Total Body
            [ACC] => 0
            [CNTTRAN] => 0
            [CNTTRANRESERV] => 0
        )

    [2] => Array
        (
            [KOD] => 816810
            [TIME_FROM] => 14:00
            [TIME_TO] => 15:00               
            [CLIENTS_CNT] => 0
            [TOV_NAME] => FitnessMix
            [ACC] => 0
            [CNTTRAN] => 0
            [CNTTRANRESERV] => 0
        )

    [3] => Array
        (
            [KOD] => 817642
            [TIME_FROM] => 18:00
            [TIME_TO] => 19:00               
            [CLIENTS_CNT] => 0
            [TOV_NAME] => Паркур Kids
            [ACC] => 0
            [CNTTRAN] => 0
            [CNTTRANRESERV] => 0
        )

    [4] => Array
        (
            [KOD] => 817226
            [TIME_FROM] => 18:30
            [TIME_TO] => 19:30               
            [CLIENTS_CNT] => 0
            [TOV_NAME] => Pilates
            [ACC] => 0
            [CNTTRAN] => 0
            [CNTTRANRESERV] => 0
        )

    [5] => Array
        (
            [KOD] => 817434
            [TIME_FROM] => 19:00
            [TIME_TO] => 20:00               
            [CLIENTS_CNT] => 0
            [TOV_NAME] => Паркур
            [ACC] => 0
            [CNTTRAN] => 0
            [CNTTRANRESERV] => 0
        )

    [6] => Array
        (
            [KOD] => 816914
            [TIME_FROM] => 19:00
            [TIME_TO] => 20:00               
            [CLIENTS_CNT] => 0
            [TOV_NAME] => CrossActivity
            [ACC] => 0
            [CNTTRAN] => 0
            [CNTTRANRESERV] => 0
        )

    [7] => Array
        (
            [KOD] => 817330
            [TIME_FROM] => 19:30
            [TIME_TO] => 20:30               
            [CLIENTS_CNT] => 0
            [TOV_NAME] => TRX
            [ACC] => 0
            [CNTTRAN] => 0
            [CNTTRANRESERV] => 0
        )

    [8] => Array
        (
            [KOD] => 817122
            [TIME_FROM] => 20:00
            [TIME_TO] => 21:00               
            [CLIENTS_CNT] => 0
            [TOV_NAME] => CrossActivity
            [ACC] => 0
            [CNTTRAN] => 0
            [CNTTRANRESERV] => 0
        )

    [9] => Array
        (
            [KOD] => 817538
            [TIME_FROM] => 20:00
            [TIME_TO] => 21:00               
            [CLIENTS_CNT] => 0
            [TOV_NAME] => Бокс
            [ACC] => 0
            [CNTTRAN] => 1
            [CNTTRANRESERV] => 0
        )

)

[2026-05-03 16:03:28] [INFO] (/home/redbarbe/public_html/telegram/webapps/action/ajax_get_tren.php:61) Array
(
    [KOD] => 817746
    [TIME_FROM] => 09:00
    [TIME_TO] => 10:00               
    [CLIENTS_CNT] => 0
    [TOV_NAME] => CrossActivity
    [ACC] => 0
    [CNTTRAN] => 0
    [CNTTRANRESERV] => 0
)

[2026-05-03 16:03:28] [INFO] (/home/redbarbe/public_html/telegram/webapps/action/ajax_get_tren.php:61) Array
(
    [KOD] => 817018
    [TIME_FROM] => 09:00
    [TIME_TO] => 10:00               
    [CLIENTS_CNT] => 0
    [TOV_NAME] => Total Body
    [ACC] => 0
    [CNTTRAN] => 0
    [CNTTRANRESERV] => 0
)

[2026-05-03 16:03:28] [INFO] (/home/redbarbe/public_html/telegram/webapps/action/ajax_get_tren.php:61) Array
(
    [KOD] => 816810
    [TIME_FROM] => 14:00
    [TIME_TO] => 15:00               
    [CLIENTS_CNT] => 0
    [TOV_NAME] => FitnessMix
    [ACC] => 0
    [CNTTRAN] => 0
    [CNTTRANRESERV] => 0
)

[2026-05-03 16:03:28] [INFO] (/home/redbarbe/public_html/telegram/webapps/action/ajax_get_tren.php:61) Array
(
    [KOD] => 817642
    [TIME_FROM] => 18:00
    [TIME_TO] => 19:00               
    [CLIENTS_CNT] => 0
    [TOV_NAME] => Паркур Kids
    [ACC] => 0
    [CNTTRAN] => 0
    [CNTTRANRESERV] => 0
)

[2026-05-03 16:03:28] [INFO] (/home/redbarbe/public_html/telegram/webapps/action/ajax_get_tren.php:61) Array
(
    [KOD] => 817226
    [TIME_FROM] => 18:30
    [TIME_TO] => 19:30               
    [CLIENTS_CNT] => 0
    [TOV_NAME] => Pilates
    [ACC] => 0
    [CNTTRAN] => 0
    [CNTTRANRESERV] => 0
)

[2026-05-03 16:03:28] [INFO] (/home/redbarbe/public_html/telegram/webapps/action/ajax_get_tren.php:61) Array
(
    [KOD] => 817434
    [TIME_FROM] => 19:00
    [TIME_TO] => 20:00               
    [CLIENTS_CNT] => 0
    [TOV_NAME] => Паркур
    [ACC] => 0
    [CNTTRAN] => 0
    [CNTTRANRESERV] => 0
)

[2026-05-03 16:03:28] [INFO] (/home/redbarbe/public_html/telegram/webapps/action/ajax_get_tren.php:61) Array
(
    [KOD] => 816914
    [TIME_FROM] => 19:00
    [TIME_TO] => 20:00               
    [CLIENTS_CNT] => 0
    [TOV_NAME] => CrossActivity
    [ACC] => 0
    [CNTTRAN] => 0
    [CNTTRANRESERV] => 0
)

[2026-05-03 16:03:28] [INFO] (/home/redbarbe/public_html/telegram/webapps/action/ajax_get_tren.php:61) Array
(
    [KOD] => 817330
    [TIME_FROM] => 19:30
    [TIME_TO] => 20:30               
    [CLIENTS_CNT] => 0
    [TOV_NAME] => TRX
    [ACC] => 0
    [CNTTRAN] => 0
    [CNTTRANRESERV] => 0
)

[2026-05-03 16:03:28] [INFO] (/home/redbarbe/public_html/telegram/webapps/action/ajax_get_tren.php:61) Array
(
    [KOD] => 817122
    [TIME_FROM] => 20:00
    [TIME_TO] => 21:00               
    [CLIENTS_CNT] => 0
    [TOV_NAME] => CrossActivity
    [ACC] => 0
    [CNTTRAN] => 0
    [CNTTRANRESERV] => 0
)

[2026-05-03 16:03:28] [INFO] (/home/redbarbe/public_html/telegram/webapps/action/ajax_get_tren.php:61) Array
(
    [KOD] => 817538
    [TIME_FROM] => 20:00
    [TIME_TO] => 21:00               
    [CLIENTS_CNT] => 0
    [TOV_NAME] => Бокс
    [ACC] => 0
    [CNTTRAN] => 1
    [CNTTRANRESERV] => 0
)

[2026-05-03 16:08:55] [INFO] (/home/redbarbe/public_html/telegram/webapps/action/hist_ind.php:116) Array
(
    [dbeg] => 03.02.2026
    [dend] => today
    [acc] => 14089
    [command] => get_ind_history
)

[2026-05-03 16:08:55] [INFO] (/home/redbarbe/public_html/telegram/webapps/action/hist_ind.php:117) ip=178.151.119.180
[2026-05-03 16:09:12] [INFO] (/home/redbarbe/public_html/telegram/webapps/action/hist_grp.php:116) Array
(
    [dbeg] => 03.02.2026
    [dend] => today
    [acc] => 14089
    [command] => get_grp_history
)

[2026-05-03 16:09:12] [INFO] (/home/redbarbe/public_html/telegram/webapps/action/hist_grp.php:117) ip=178.151.119.180
[2026-05-03 16:09:14] [INFO] (/home/redbarbe/public_html/telegram/webapps/action/hist_ost_poslug.php:119) Array
(
    [acc] => 14089
    [command] => GET_OST_POSLUG_ACC
)

[2026-05-03 16:09:14] [INFO] (/home/redbarbe/public_html/telegram/webapps/action/hist_ost_poslug.php:120) ip=178.151.119.180
[2026-05-03 16:19:22] [INFO] (/home/redbarbe/public_html/telegram/webapps/action/ajax_get_tren.php:35) Array
(
    [0] => Array
        (
            [KOD] => 878306
            [TIME_FROM] => 09:00
            [TIME_TO] => 10:00               
            [CLIENTS_CNT] => 0
            [TOV_NAME] => Base fitness (Ліана)
            [ACC] => 0
            [CNTTRAN] => 0
            [CNTTRANRESERV] => 0
        )

    [1] => Array
        (
            [KOD] => 869122
            [TIME_FROM] => 17:00
            [TIME_TO] => 18:00               
            [CLIENTS_CNT] => 0
            [TOV_NAME] => Бокс Kids
            [ACC] => 0
            [CNTTRAN] => 0
            [CNTTRANRESERV] => 0
        )

    [2] => Array
        (
            [KOD] => 876010
            [TIME_FROM] => 18:00
            [TIME_TO] => 19:00               
            [CLIENTS_CNT] => 5
            [TOV_NAME] => B.F.B
            [ACC] => 0
            [CNTTRAN] => 0
            [CNTTRANRESERV] => 0
        )

    [3] => Array
        (
            [KOD] => 873714
            [TIME_FROM] => 19:00
            [TIME_TO] => 20:00               
            [CLIENTS_CNT] => 0
            [TOV_NAME] => Mind Body
            [ACC] => 0
            [CNTTRAN] => 0
            [CNTTRANRESERV] => 0
        )

    [4] => Array
        (
            [KOD] => 871418
            [TIME_FROM] => 19:00
            [TIME_TO] => 20:00               
            [CLIENTS_CNT] => 0
            [TOV_NAME] => No Limits
            [ACC] => 0
            [CNTTRAN] => 0
            [CNTTRANRESERV] => 0
        )

)

[2026-05-03 16:19:22] [INFO] (/home/redbarbe/public_html/telegram/webapps/action/ajax_get_tren.php:61) Array
(
    [KOD] => 878306
    [TIME_FROM] => 09:00
    [TIME_TO] => 10:00               
    [CLIENTS_CNT] => 0
    [TOV_NAME] => Base fitness (Ліана)
    [ACC] => 0
    [CNTTRAN] => 0
    [CNTTRANRESERV] => 0
)

[2026-05-03 16:19:22] [INFO] (/home/redbarbe/public_html/telegram/webapps/action/ajax_get_tren.php:61) Array
(
    [KOD] => 869122
    [TIME_FROM] => 17:00
    [TIME_TO] => 18:00               
    [CLIENTS_CNT] => 0
    [TOV_NAME] => Бокс Kids
    [ACC] => 0
    [CNTTRAN] => 0
    [CNTTRANRESERV] => 0
)

[2026-05-03 16:19:22] [INFO] (/home/redbarbe/public_html/telegram/webapps/action/ajax_get_tren.php:61) Array
(
    [KOD] => 876010
    [TIME_FROM] => 18:00
    [TIME_TO] => 19:00               
    [CLIENTS_CNT] => 5
    [TOV_NAME] => B.F.B
    [ACC] => 0
    [CNTTRAN] => 0
    [CNTTRANRESERV] => 0
)

[2026-05-03 16:19:22] [INFO] (/home/redbarbe/public_html/telegram/webapps/action/ajax_get_tren.php:61) Array
(
    [KOD] => 873714
    [TIME_FROM] => 19:00
    [TIME_TO] => 20:00               
    [CLIENTS_CNT] => 0
    [TOV_NAME] => Mind Body
    [ACC] => 0
    [CNTTRAN] => 0
    [CNTTRANRESERV] => 0
)

[2026-05-03 16:19:22] [INFO] (/home/redbarbe/public_html/telegram/webapps/action/ajax_get_tren.php:61) Array
(
    [KOD] => 871418
    [TIME_FROM] => 19:00
    [TIME_TO] => 20:00               
    [CLIENTS_CNT] => 0
    [TOV_NAME] => No Limits
    [ACC] => 0
    [CNTTRAN] => 0
    [CNTTRANRESERV] => 0
)

[2026-05-03 16:19:26] [INFO] (/home/redbarbe/public_html/telegram/webapps/action/ajax_fitness_zapis.php:22) Array
(
    [ajax_method] => 2
    [action] => ajax_fitness_zapis
    [dat] => 04.05.2026
    [acc] => 376
    [trenid] => 869122
    [ost_all] => 100
    [ip_club] => 109.86.110.220
    [acctozapis] => 0
    [time_from] => 17:00
)

[2026-05-03 16:20:30] [INFO] (/home/redbarbe/public_html/telegram/webapps/action/hist_ind.php:116) Array
(
    [dbeg] => 03.02.2026
    [dend] => today
    [acc] => 14080
    [command] => get_ind_history
)

[2026-05-03 16:20:30] [INFO] (/home/redbarbe/public_html/telegram/webapps/action/hist_ind.php:117) ip=178.151.119.180
[2026-05-03 16:40:30] [INFO] (/home/redbarbe/public_html/telegram/webapps/action/select_sotr.php:17) Array
(
    [action] => select_sotr
    [club] => -
    [club_ip] => 193.194.107.2
)

[2026-05-03 16:40:30] [INFO] (/home/redbarbe/public_html/telegram/webapps/action/select_sotr.php:27) Array
(
    [0] => Array
        (
            [ROLE] => Тренер
            [ID] => 0302
            [NAME] => Брагин Денис
        )

    [1] => Array
        (
            [ROLE] => Тренер
            [ID] => 0323
            [NAME] => Букач Олег
        )

    [2] => Array
        (
            [ROLE] => Администратор фитнеса
            [ID] => 0103
            [NAME] => Бухтеева Ангелина
        )

    [3] => Array
        (
            [ROLE] => Тренер
            [ID] => 0350
            [NAME] => Воротинцева Анастасия
        )

    [4] => Array
        (
            [ROLE] => Главний бухгалтер
            [ID] => 0902
            [NAME] => Глав. Бух.
        )

    [5] => Array
        (
            [ROLE] => Тренер
            [ID] => 0304
            [NAME] => Данильченко Антон
        )

    [6] => Array
        (
            [ROLE] => Тренер
            [ID] => 0331
            [NAME] => Еднак Назар
        )

    [7] => Array
        (
            [ROLE] => Тренер
            [ID] => 0301
            [NAME] => Ивашина Анастасия
        )

    [8] => Array
        (
            [ROLE] => Тренер
            [ID] => 0328
            [NAME] => Ивашко Евгений
        )

    [9] => Array
        (
            [ROLE] => Тренер
            [ID] => 0307
            [NAME] => Колесник Ирина
        )

    [10] => Array
        (
            [ROLE] => Тренер
            [ID] => 0319
            [NAME] => Компричевська Таня
        )

    [11] => Array
        (
            [ROLE] => Тренер
            [ID] => 0326
            [NAME] => Корпан Анжелика
        )

    [12] => Array
        (
            [ROLE] => Тренер
            [ID] => 0312
            [NAME] => Крыжановский Павел
        )

    [13] => Array
        (
            [ROLE] => Тренер
            [ID] => 0313
            [NAME] => Кукурудзяк Руслан
        )

    [14] => Array
        (
            [ROLE] => Тренер
            [ID] => 0310
            [NAME] => Кушнир Андрей
        )

    [15] => Array
        (
            [ROLE] => Тренер
            [ID] => 0315
            [NAME] => Ломака Дмитро
        )

    [16] => Array
        (
            [ROLE] => Администратор фитнеса
            [ID] => 0101
            [NAME] => Мамай Вероніка
        )

    [17] => Array
        (
            [ROLE] => Тренер
            [ID] => 0324
            [NAME] => Нечаева Анастасия
        )

    [18] => Array
        (
            [ROLE] => Тренер
            [ID] => 0318
            [NAME] => Попова Анна
        )

    [19] => Array
        (
            [ROLE] => Тренер
            [ID] => 0311
            [NAME] => Резанов Александр
        )

    [20] => Array
        (
            [ROLE] => Администратор фитнеса
            [ID] => 0333
            [NAME] => Розколодько Марина
        )

    [21] => Array
        (
            [ROLE] => Тренер
            [ID] => 192
            [NAME] => Смишляк Денис
        )

    [22] => Array
        (
            [ROLE] => Администратор фитнеса
            [ID] => 0104
            [NAME] => Тихонюк Дарина Анатоліївна
        )

    [23] => Array
        (
            [ROLE] => Тренер
            [ID] => 0316
            [NAME] => Федащин Артур
        )

    [24] => Array
        (
            [ROLE] => Тренер
            [ID] => 0305
            [NAME] => Фортуна Дмитрий
        )

    [25] => Array
        (
            [ROLE] => Тренер
            [ID] => 0321
            [NAME] => Черняк Владислав
        )

    [26] => Array
        (
            [ROLE] => Головний адміністратор
            [ID] => 0901
            [NAME] => системный
        )

)

[2026-05-03 16:45:35] [INFO] (/home/redbarbe/public_html/telegram/webapps/action/select_sotr.php:17) Array
(
    [action] => select_sotr
    [club] => -
    [club_ip] => 193.194.107.2
)

[2026-05-03 16:45:35] [INFO] (/home/redbarbe/public_html/telegram/webapps/action/select_sotr.php:27) Array
(
    [0] => Array
        (
            [ROLE] => Тренер
            [ID] => 0302
            [NAME] => Брагин Денис
        )

    [1] => Array
        (
            [ROLE] => Тренер
            [ID] => 0323
            [NAME] => Букач Олег
        )

    [2] => Array
        (
            [ROLE] => Администратор фитнеса
            [ID] => 0103
            [NAME] => Бухтеева Ангелина
        )

    [3] => Array
        (
            [ROLE] => Тренер
            [ID] => 0350
            [NAME] => Воротинцева Анастасия
        )

    [4] => Array
        (
            [ROLE] => Главний бухгалтер
            [ID] => 0902
            [NAME] => Глав. Бух.
        )

    [5] => Array
        (
            [ROLE] => Тренер
            [ID] => 0304
            [NAME] => Данильченко Антон
        )

    [6] => Array
        (
            [ROLE] => Тренер
            [ID] => 0331
            [NAME] => Еднак Назар
        )

    [7] => Array
        (
            [ROLE] => Тренер
            [ID] => 0301
            [NAME] => Ивашина Анастасия
        )

    [8] => Array
        (
            [ROLE] => Тренер
            [ID] => 0328
            [NAME] => Ивашко Евгений
        )

    [9] => Array
        (
            [ROLE] => Тренер
            [ID] => 0307
            [NAME] => Колесник Ирина
        )

    [10] => Array
        (
            [ROLE] => Тренер
            [ID] => 0319
            [NAME] => Компричевська Таня
        )

    [11] => Array
        (
            [ROLE] => Тренер
            [ID] => 0326
            [NAME] => Корпан Анжелика
        )

    [12] => Array
        (
            [ROLE] => Тренер
            [ID] => 0312
            [NAME] => Крыжановский Павел
        )

    [13] => Array
        (
            [ROLE] => Тренер
            [ID] => 0313
            [NAME] => Кукурудзяк Руслан
        )

    [14] => Array
        (
            [ROLE] => Тренер
            [ID] => 0310
            [NAME] => Кушнир Андрей
        )

    [15] => Array
        (
            [ROLE] => Тренер
            [ID] => 0315
            [NAME] => Ломака Дмитро
        )

    [16] => Array
        (
            [ROLE] => Администратор фитнеса
            [ID] => 0101
            [NAME] => Мамай Вероніка
        )

    [17] => Array
        (
            [ROLE] => Тренер
            [ID] => 0324
            [NAME] => Нечаева Анастасия
        )

    [18] => Array
        (
            [ROLE] => Тренер
            [ID] => 0318
            [NAME] => Попова Анна
        )

    [19] => Array
        (
            [ROLE] => Тренер
            [ID] => 0311
            [NAME] => Резанов Александр
        )

    [20] => Array
        (
            [ROLE] => Администратор фитнеса
            [ID] => 0333
            [NAME] => Розколодько Марина
        )

    [21] => Array
        (
            [ROLE] => Тренер
            [ID] => 192
            [NAME] => Смишляк Денис
        )

    [22] => Array
        (
            [ROLE] => Администратор фитнеса
            [ID] => 0104
            [NAME] => Тихонюк Дарина Анатоліївна
        )

    [23] => Array
        (
            [ROLE] => Тренер
            [ID] => 0316
            [NAME] => Федащин Артур
        )

    [24] => Array
        (
            [ROLE] => Тренер
            [ID] => 0305
            [NAME] => Фортуна Дмитрий
        )

    [25] => Array
        (
            [ROLE] => Тренер
            [ID] => 0321
            [NAME] => Черняк Владислав
        )

    [26] => Array
        (
            [ROLE] => Головний адміністратор
            [ID] => 0901
            [NAME] => системный
        )

)

[2026-05-03 16:48:23] [INFO] (/home/redbarbe/public_html/telegram/webapps/action/select_sotr.php:17) Array
(
    [action] => select_sotr
    [club] => -
    [club_ip] => 193.194.107.2
)

[2026-05-03 16:48:23] [INFO] (/home/redbarbe/public_html/telegram/webapps/action/select_sotr.php:27) Array
(
    [0] => Array
        (
            [ROLE] => Тренер
            [ID] => 0302
            [NAME] => Брагин Денис
        )

    [1] => Array
        (
            [ROLE] => Тренер
            [ID] => 0323
            [NAME] => Букач Олег
        )

    [2] => Array
        (
            [ROLE] => Администратор фитнеса
            [ID] => 0103
            [NAME] => Бухтеева Ангелина
        )

    [3] => Array
        (
            [ROLE] => Тренер
            [ID] => 0350
            [NAME] => Воротинцева Анастасия
        )

    [4] => Array
        (
            [ROLE] => Главний бухгалтер
            [ID] => 0902
            [NAME] => Глав. Бух.
        )

    [5] => Array
        (
            [ROLE] => Тренер
            [ID] => 0304
            [NAME] => Данильченко Антон
        )

    [6] => Array
        (
            [ROLE] => Тренер
            [ID] => 0331
            [NAME] => Еднак Назар
        )

    [7] => Array
        (
            [ROLE] => Тренер
            [ID] => 0301
            [NAME] => Ивашина Анастасия
        )

    [8] => Array
        (
            [ROLE] => Тренер
            [ID] => 0328
            [NAME] => Ивашко Евгений
        )

    [9] => Array
        (
            [ROLE] => Тренер
            [ID] => 0307
            [NAME] => Колесник Ирина
        )

    [10] => Array
        (
            [ROLE] => Тренер
            [ID] => 0319
            [NAME] => Компричевська Таня
        )

    [11] => Array
        (
            [ROLE] => Тренер
            [ID] => 0326
            [NAME] => Корпан Анжелика
        )

    [12] => Array
        (
            [ROLE] => Тренер
            [ID] => 0312
            [NAME] => Крыжановский Павел
        )

    [13] => Array
        (
            [ROLE] => Тренер
            [ID] => 0313
            [NAME] => Кукурудзяк Руслан
        )

    [14] => Array
        (
            [ROLE] => Тренер
            [ID] => 0310
            [NAME] => Кушнир Андрей
        )

    [15] => Array
        (
            [ROLE] => Тренер
            [ID] => 0315
            [NAME] => Ломака Дмитро
        )

    [16] => Array
        (
            [ROLE] => Администратор фитнеса
            [ID] => 0101
            [NAME] => Мамай Вероніка
        )

    [17] => Array
        (
            [ROLE] => Тренер
            [ID] => 0324
            [NAME] => Нечаева Анастасия
        )

    [18] => Array
        (
            [ROLE] => Тренер
            [ID] => 0318
            [NAME] => Попова Анна
        )

    [19] => Array
        (
            [ROLE] => Тренер
            [ID] => 0311
            [NAME] => Резанов Александр
        )

    [20] => Array
        (
            [ROLE] => Администратор фитнеса
            [ID] => 0333
            [NAME] => Розколодько Марина
        )

    [21] => Array
        (
            [ROLE] => Тренер
            [ID] => 192
            [NAME] => Смишляк Денис
        )

    [22] => Array
        (
            [ROLE] => Администратор фитнеса
            [ID] => 0104
            [NAME] => Тихонюк Дарина Анатоліївна
        )

    [23] => Array
        (
            [ROLE] => Тренер
            [ID] => 0316
            [NAME] => Федащин Артур
        )

    [24] => Array
        (
            [ROLE] => Тренер
            [ID] => 0305
            [NAME] => Фортуна Дмитрий
        )

    [25] => Array
        (
            [ROLE] => Тренер
            [ID] => 0321
            [NAME] => Черняк Владислав
        )

    [26] => Array
        (
            [ROLE] => Головний адміністратор
            [ID] => 0901
            [NAME] => системный
        )

)

[2026-05-03 16:48:38] [INFO] (/home/redbarbe/public_html/telegram/webapps/action/my_zapis.php:114) 
[2026-05-03 16:50:05] [INFO] (/home/redbarbe/public_html/telegram/webapps/action/select_sotr.php:17) Array
(
    [action] => select_sotr
    [club] => -
    [club_ip] => 193.194.107.2
)

[2026-05-03 16:50:05] [INFO] (/home/redbarbe/public_html/telegram/webapps/action/select_sotr.php:27) Array
(
    [0] => Array
        (
            [ROLE] => Тренер
            [ID] => 0302
            [NAME] => Брагин Денис
        )

    [1] => Array
        (
            [ROLE] => Тренер
            [ID] => 0323
            [NAME] => Букач Олег
        )

    [2] => Array
        (
            [ROLE] => Администратор фитнеса
            [ID] => 0103
            [NAME] => Бухтеева Ангелина
        )

    [3] => Array
        (
            [ROLE] => Тренер
            [ID] => 0350
            [NAME] => Воротинцева Анастасия
        )

    [4] => Array
        (
            [ROLE] => Главний бухгалтер
            [ID] => 0902
            [NAME] => Глав. Бух.
        )

    [5] => Array
        (
            [ROLE] => Тренер
            [ID] => 0304
            [NAME] => Данильченко Антон
        )

    [6] => Array
        (
            [ROLE] => Тренер
            [ID] => 0331
            [NAME] => Еднак Назар
        )

    [7] => Array
        (
            [ROLE] => Тренер
            [ID] => 0301
            [NAME] => Ивашина Анастасия
        )

    [8] => Array
        (
            [ROLE] => Тренер
            [ID] => 0328
            [NAME] => Ивашко Евгений
        )

    [9] => Array
        (
            [ROLE] => Тренер
            [ID] => 0307
            [NAME] => Колесник Ирина
        )

    [10] => Array
        (
            [ROLE] => Тренер
            [ID] => 0319
            [NAME] => Компричевська Таня
        )

    [11] => Array
        (
            [ROLE] => Тренер
            [ID] => 0326
            [NAME] => Корпан Анжелика
        )

    [12] => Array
        (
            [ROLE] => Тренер
            [ID] => 0312
            [NAME] => Крыжановский Павел
        )

    [13] => Array
        (
            [ROLE] => Тренер
            [ID] => 0313
            [NAME] => Кукурудзяк Руслан
        )

    [14] => Array
        (
            [ROLE] => Тренер
            [ID] => 0310
            [NAME] => Кушнир Андрей
        )

    [15] => Array
        (
            [ROLE] => Тренер
            [ID] => 0315
            [NAME] => Ломака Дмитро
        )

    [16] => Array
        (
            [ROLE] => Администратор фитнеса
            [ID] => 0101
            [NAME] => Мамай Вероніка
        )

    [17] => Array
        (
            [ROLE] => Тренер
            [ID] => 0324
            [NAME] => Нечаева Анастасия
        )

    [18] => Array
        (
            [ROLE] => Тренер
            [ID] => 0318
            [NAME] => Попова Анна
        )

    [19] => Array
        (
            [ROLE] => Тренер
            [ID] => 0311
            [NAME] => Резанов Александр
        )

    [20] => Array
        (
            [ROLE] => Администратор фитнеса
            [ID] => 0333
            [NAME] => Розколодько Марина
        )

    [21] => Array
        (
            [ROLE] => Тренер
            [ID] => 192
            [NAME] => Смишляк Денис
        )

    [22] => Array
        (
            [ROLE] => Администратор фитнеса
            [ID] => 0104
            [NAME] => Тихонюк Дарина Анатоліївна
        )

    [23] => Array
        (
            [ROLE] => Тренер
            [ID] => 0316
            [NAME] => Федащин Артур
        )

    [24] => Array
        (
            [ROLE] => Тренер
            [ID] => 0305
            [NAME] => Фортуна Дмитрий
        )

    [25] => Array
        (
            [ROLE] => Тренер
            [ID] => 0321
            [NAME] => Черняк Владислав
        )

    [26] => Array
        (
            [ROLE] => Головний адміністратор
            [ID] => 0901
            [NAME] => системный
        )

)

[2026-05-03 17:12:54] [INFO] (/home/redbarbe/public_html/telegram/webapps/action/select_sotr.php:17) Array
(
    [action] => select_sotr
    [club] => -
    [club_ip] => 212.26.139.90
)

[2026-05-03 17:12:54] [INFO] (/home/redbarbe/public_html/telegram/webapps/action/select_sotr.php:27) Array
(
    [0] => Array
        (
            [ROLE] => Тренер
            [ID] => 2357
            [NAME] => Ілюк Діана
        )

    [1] => Array
        (
            [ROLE] => Тренер
            [ID] => 697814
            [NAME] => Горева Анастасія
        )

    [2] => Array
        (
            [ROLE] => Администратор фитнеса
            [ID] => 0101
            [NAME] => Дежурный
        )

    [3] => Array
        (
            [ROLE] => Администратор фитнеса
            [ID] => 0103
            [NAME] => Йова Катерина
        )

    [4] => Array
        (
            [ROLE] => Тренер
            [ID] => 03354
            [NAME] => Колесник Богдан
        )

    [5] => Array
        (
            [ROLE] => Тренер
            [ID] => 2564
            [NAME] => Кулаковський Сергій
        )

    [6] => Array
        (
            [ROLE] => Администратор фитнеса
            [ID] => 0102
            [NAME] => Лазаренко Ліна
        )

    [7] => Array
        (
            [ROLE] => Тренер
            [ID] => 2452
            [NAME] => Лешковят Наталія
        )

    [8] => Array
        (
            [ROLE] => Администратор фитнеса
            [ID] => 0235
            [NAME] => Лучко Кирил
        )

    [9] => Array
        (
            [ROLE] => Администратор фитнеса
            [ID] => 0333
            [NAME] => Мамедова Ельнара
        )

    [10] => Array
        (
            [ROLE] => Тренер
            [ID] => 03336
            [NAME] => Мельниченко Надія
        )

    [11] => Array
        (
            [ROLE] => Тренер
            [ID] => 8760
            [NAME] => Москалець Тетяна
        )

    [12] => Array
        (
            [ROLE] => Тренер
            [ID] => 007989
            [NAME] => Підгурська Влада
        )

    [13] => Array
        (
            [ROLE] => Тренер
            [ID] => 03337
            [NAME] => Погорєлов Євгеній
        )

    [14] => Array
        (
            [ROLE] => Тренер
            [ID] => 03589
            [NAME] => Присняк Владислав
        )

    [15] => Array
        (
            [ROLE] => Тренер
            [ID] => 03352
            [NAME] => Рибак Роман
        )

    [16] => Array
        (
            [ROLE] => Тренер
            [ID] => 0334
            [NAME] => Самусенко Альона
        )

    [17] => Array
        (
            [ROLE] => Тренер
            [ID] => 03339
            [NAME] => Стрілець Данило
        )

    [18] => Array
        (
            [ROLE] => Тренер
            [ID] => 7895
            [NAME] => Тулаінов Андрій
        )

    [19] => Array
        (
            [ROLE] => Тренер
            [ID] => 0325
            [NAME] => Худоба Ігор
        )

    [20] => Array
        (
            [ROLE] => Тренер
            [ID] => 03342
            [NAME] => Шматко Ярослав
        )

    [21] => Array
        (
            [ROLE] => Тренер
            [ID] => 8987
            [NAME] => Яковенко Ганна
        )

)

[2026-05-03 17:14:21] [INFO] (/home/redbarbe/public_html/telegram/webapps/action/hist_ost_poslug.php:119) Array
(
    [acc] => 13968
    [command] => GET_OST_POSLUG_ACC
)

[2026-05-03 17:14:21] [INFO] (/home/redbarbe/public_html/telegram/webapps/action/hist_ost_poslug.php:120) ip=212.26.139.90
[2026-05-03 17:17:56] [INFO] (/home/redbarbe/public_html/telegram/webapps/action/select_sotr.php:17) Array
(
    [action] => select_sotr
    [club] => -
    [club_ip] => 212.26.139.90
)

[2026-05-03 17:17:56] [INFO] (/home/redbarbe/public_html/telegram/webapps/action/select_sotr.php:27) Array
(
    [0] => Array
        (
            [ROLE] => Тренер
            [ID] => 2357
            [NAME] => Ілюк Діана
        )

    [1] => Array
        (
            [ROLE] => Тренер
            [ID] => 697814
            [NAME] => Горева Анастасія
        )

    [2] => Array
        (
            [ROLE] => Администратор фитнеса
            [ID] => 0101
            [NAME] => Дежурный
        )

    [3] => Array
        (
            [ROLE] => Администратор фитнеса
            [ID] => 0103
            [NAME] => Йова Катерина
        )

    [4] => Array
        (
            [ROLE] => Тренер
            [ID] => 03354
            [NAME] => Колесник Богдан
        )

    [5] => Array
        (
            [ROLE] => Тренер
            [ID] => 2564
            [NAME] => Кулаковський Сергій
        )

    [6] => Array
        (
            [ROLE] => Администратор фитнеса
            [ID] => 0102
            [NAME] => Лазаренко Ліна
        )

    [7] => Array
        (
            [ROLE] => Тренер
            [ID] => 2452
            [NAME] => Лешковят Наталія
        )

    [8] => Array
        (
            [ROLE] => Администратор фитнеса
            [ID] => 0235
            [NAME] => Лучко Кирил
        )

    [9] => Array
        (
            [ROLE] => Администратор фитнеса
            [ID] => 0333
            [NAME] => Мамедова Ельнара
        )

    [10] => Array
        (
            [ROLE] => Тренер
            [ID] => 03336
            [NAME] => Мельниченко Надія
        )

    [11] => Array
        (
            [ROLE] => Тренер
            [ID] => 8760
            [NAME] => Москалець Тетяна
        )

    [12] => Array
        (
            [ROLE] => Тренер
            [ID] => 007989
            [NAME] => Підгурська Влада
        )

    [13] => Array
        (
            [ROLE] => Тренер
            [ID] => 03337
            [NAME] => Погорєлов Євгеній
        )

    [14] => Array
        (
            [ROLE] => Тренер
            [ID] => 03589
            [NAME] => Присняк Владислав
        )

    [15] => Array
        (
            [ROLE] => Тренер
            [ID] => 03352
            [NAME] => Рибак Роман
        )

    [16] => Array
        (
            [ROLE] => Тренер
            [ID] => 0334
            [NAME] => Самусенко Альона
        )

    [17] => Array
        (
            [ROLE] => Тренер
            [ID] => 03339
            [NAME] => Стрілець Данило
        )

    [18] => Array
        (
            [ROLE] => Тренер
            [ID] => 7895
            [NAME] => Тулаінов Андрій
        )

    [19] => Array
        (
            [ROLE] => Тренер
            [ID] => 0325
            [NAME] => Худоба Ігор
        )

    [20] => Array
        (
            [ROLE] => Тренер
            [ID] => 03342
            [NAME] => Шматко Ярослав
        )

    [21] => Array
        (
            [ROLE] => Тренер
            [ID] => 8987
            [NAME] => Яковенко Ганна
        )

)

[2026-05-03 17:26:05] [INFO] (/home/redbarbe/public_html/telegram/webapps/action/select_sotr.php:17) Array
(
    [action] => select_sotr
    [club] => -
    [club_ip] => 212.26.139.90
)

[2026-05-03 17:26:05] [INFO] (/home/redbarbe/public_html/telegram/webapps/action/select_sotr.php:27) Array
(
    [0] => Array
        (
            [ROLE] => Тренер
            [ID] => 2357
            [NAME] => Ілюк Діана
        )

    [1] => Array
        (
            [ROLE] => Тренер
            [ID] => 697814
            [NAME] => Горева Анастасія
        )

    [2] => Array
        (
            [ROLE] => Администратор фитнеса
            [ID] => 0101
            [NAME] => Дежурный
        )

    [3] => Array
        (
            [ROLE] => Администратор фитнеса
            [ID] => 0103
            [NAME] => Йова Катерина
        )

    [4] => Array
        (
            [ROLE] => Тренер
            [ID] => 03354
            [NAME] => Колесник Богдан
        )

    [5] => Array
        (
            [ROLE] => Тренер
            [ID] => 2564
            [NAME] => Кулаковський Сергій
        )

    [6] => Array
        (
            [ROLE] => Администратор фитнеса
            [ID] => 0102
            [NAME] => Лазаренко Ліна
        )

    [7] => Array
        (
            [ROLE] => Тренер
            [ID] => 2452
            [NAME] => Лешковят Наталія
        )

    [8] => Array
        (
            [ROLE] => Администратор фитнеса
            [ID] => 0235
            [NAME] => Лучко Кирил
        )

    [9] => Array
        (
            [ROLE] => Администратор фитнеса
            [ID] => 0333
            [NAME] => Мамедова Ельнара
        )

    [10] => Array
        (
            [ROLE] => Тренер
            [ID] => 03336
            [NAME] => Мельниченко Надія
        )

    [11] => Array
        (
            [ROLE] => Тренер
            [ID] => 8760
            [NAME] => Москалець Тетяна
        )

    [12] => Array
        (
            [ROLE] => Тренер
            [ID] => 007989
            [NAME] => Підгурська Влада
        )

    [13] => Array
        (
            [ROLE] => Тренер
            [ID] => 03337
            [NAME] => Погорєлов Євгеній
        )

    [14] => Array
        (
            [ROLE] => Тренер
            [ID] => 03589
            [NAME] => Присняк Владислав
        )

    [15] => Array
        (
            [ROLE] => Тренер
            [ID] => 03352
            [NAME] => Рибак Роман
        )

    [16] => Array
        (
            [ROLE] => Тренер
            [ID] => 0334
            [NAME] => Самусенко Альона
        )

    [17] => Array
        (
            [ROLE] => Тренер
            [ID] => 03339
            [NAME] => Стрілець Данило
        )

    [18] => Array
        (
            [ROLE] => Тренер
            [ID] => 7895
            [NAME] => Тулаінов Андрій
        )

    [19] => Array
        (
            [ROLE] => Тренер
            [ID] => 0325
            [NAME] => Худоба Ігор
        )

    [20] => Array
        (
            [ROLE] => Тренер
            [ID] => 03342
            [NAME] => Шматко Ярослав
        )

    [21] => Array
        (
            [ROLE] => Тренер
            [ID] => 8987
            [NAME] => Яковенко Ганна
        )

)

[2026-05-03 17:50:43] [INFO] (/home/redbarbe/public_html/telegram/webapps/action/select_sotr.php:17) Array
(
    [action] => select_sotr
    [club] => -
    [club_ip] => 178.151.119.180
)

[2026-05-03 17:50:43] [INFO] (/home/redbarbe/public_html/telegram/webapps/action/select_sotr.php:27) Array
(
    [0] => Array
        (
            [ROLE] => Тренер
            [ID] => 0717
            [NAME] => Єфремова Олександра
        )

    [1] => Array
        (
            [ROLE] => Тренер
            [ID] => 0707
            [NAME] => Андрияш Анна
        )

    [2] => Array
        (
            [ROLE] => Тренер
            [ID] => 0399
            [NAME] => Біліч Лариса
        )

    [3] => Array
        (
            [ROLE] => Тренер
            [ID] => 0302
            [NAME] => Барсегян Анна
        )

    [4] => Array
        (
            [ROLE] => Тренер
            [ID] => 0316
            [NAME] => Вєтрова Катя
        )

    [5] => Array
        (
            [ROLE] => Тренер
            [ID] => 0708
            [NAME] => Виноградов Александр
        )

    [6] => Array
        (
            [ROLE] => Администратор фитнеса
            [ID] => 0402
            [NAME] => Войтюк Мар'яна
        )

    [7] => Array
        (
            [ROLE] => Тренер
            [ID] => 0327
            [NAME] => Гармаш Владимир
        )

    [8] => Array
        (
            [ROLE] => Главний бухгалтер
            [ID] => 0902
            [NAME] => Глав. Бух.
        )

    [9] => Array
        (
            [ROLE] => Тренер
            [ID] => 0718
            [NAME] => Дворніков Дмитро 
        )

    [10] => Array
        (
            [ROLE] => Администратор фитнеса
            [ID] => 0101
            [NAME] => Дежурный
        )

    [11] => Array
        (
            [ROLE] => Администратор фитнеса
            [ID] => 0104
            [NAME] => Демченко Александра
        )

    [12] => Array
        (
            [ROLE] => Администратор фитнеса
            [ID] => 0102
            [NAME] => Дубинчук Наталья
        )

    [13] => Array
        (
            [ROLE] => Тренер
            [ID] => 0304
            [NAME] => Елецкая Светлана
        )

    [14] => Array
        (
            [ROLE] => Тренер
            [ID] => 0308
            [NAME] => Колесник Богдан
        )

    [15] => Array
        (
            [ROLE] => Тренер
            [ID] => 0312
            [NAME] => Крыжановский Павел
        )

    [16] => Array
        (
            [ROLE] => Тренер
            [ID] => 0313
            [NAME] => Кукурудзяк Руслан
        )

    [17] => Array
        (
            [ROLE] => Тренер
            [ID] => 0325
            [NAME] => Оруджева Юлія
        )

    [18] => Array
        (
            [ROLE] => Тренер
            [ID] => 0710
            [NAME] => Остафи Денис
        )

    [19] => Array
        (
            [ROLE] => Тренер
            [ID] => 0715
            [NAME] => Проломов Данил
        )

    [20] => Array
        (
            [ROLE] => Тренер
            [ID] => 0311
            [NAME] => Романовская Наталья
        )

    [21] => Array
        (
            [ROLE] => Администратор фитнеса
            [ID] => 0903
            [NAME] => Сванідзе Юлія 
        )

    [22] => Array
        (
            [ROLE] => Тренер
            [ID] => 0711
            [NAME] => Солянов Владислав
        )

    [23] => Array
        (
            [ROLE] => Тренер
            [ID] => 0326
            [NAME] => Тищенко Ольга
        )

    [24] => Array
        (
            [ROLE] => Тренер
            [ID] => 0310
            [NAME] => Фесенко Ира
        )

    [25] => Array
        (
            [ROLE] => Тренер
            [ID] => 0103
            [NAME] => Шевелько Руслан
        )

    [26] => Array
        (
            [ROLE] => Тренер
            [ID] => 0712
            [NAME] => Шевчук Вікторія
        )

    [27] => Array
        (
            [ROLE] => Головний адміністратор
            [ID] => 0901
            [NAME] => системный
        )

)

[2026-05-03 17:51:34] [INFO] (/home/redbarbe/public_html/telegram/webapps/action/select_sotr.php:17) Array
(
    [action] => select_sotr
    [club] => -
    [club_ip] => 178.151.119.180
)

[2026-05-03 17:51:34] [INFO] (/home/redbarbe/public_html/telegram/webapps/action/select_sotr.php:27) Array
(
    [0] => Array
        (
            [ROLE] => Тренер
            [ID] => 0717
            [NAME] => Єфремова Олександра
        )

    [1] => Array
        (
            [ROLE] => Тренер
            [ID] => 0707
            [NAME] => Андрияш Анна
        )

    [2] => Array
        (
            [ROLE] => Тренер
            [ID] => 0399
            [NAME] => Біліч Лариса
        )

    [3] => Array
        (
            [ROLE] => Тренер
            [ID] => 0302
            [NAME] => Барсегян Анна
        )

    [4] => Array
        (
            [ROLE] => Тренер
            [ID] => 0316
            [NAME] => Вєтрова Катя
        )

    [5] => Array
        (
            [ROLE] => Тренер
            [ID] => 0708
            [NAME] => Виноградов Александр
        )

    [6] => Array
        (
            [ROLE] => Администратор фитнеса
            [ID] => 0402
            [NAME] => Войтюк Мар'яна
        )

    [7] => Array
        (
            [ROLE] => Тренер
            [ID] => 0327
            [NAME] => Гармаш Владимир
        )

    [8] => Array
        (
            [ROLE] => Главний бухгалтер
            [ID] => 0902
            [NAME] => Глав. Бух.
        )

    [9] => Array
        (
            [ROLE] => Тренер
            [ID] => 0718
            [NAME] => Дворніков Дмитро 
        )

    [10] => Array
        (
            [ROLE] => Администратор фитнеса
            [ID] => 0101
            [NAME] => Дежурный
        )

    [11] => Array
        (
            [ROLE] => Администратор фитнеса
            [ID] => 0104
            [NAME] => Демченко Александра
        )

    [12] => Array
        (
            [ROLE] => Администратор фитнеса
            [ID] => 0102
            [NAME] => Дубинчук Наталья
        )

    [13] => Array
        (
            [ROLE] => Тренер
            [ID] => 0304
            [NAME] => Елецкая Светлана
        )

    [14] => Array
        (
            [ROLE] => Тренер
            [ID] => 0308
            [NAME] => Колесник Богдан
        )

    [15] => Array
        (
            [ROLE] => Тренер
            [ID] => 0312
            [NAME] => Крыжановский Павел
        )

    [16] => Array
        (
            [ROLE] => Тренер
            [ID] => 0313
            [NAME] => Кукурудзяк Руслан
        )

    [17] => Array
        (
            [ROLE] => Тренер
            [ID] => 0325
            [NAME] => Оруджева Юлія
        )

    [18] => Array
        (
            [ROLE] => Тренер
            [ID] => 0710
            [NAME] => Остафи Денис
        )

    [19] => Array
        (
            [ROLE] => Тренер
            [ID] => 0715
            [NAME] => Проломов Данил
        )

    [20] => Array
        (
            [ROLE] => Тренер
            [ID] => 0311
            [NAME] => Романовская Наталья
        )

    [21] => Array
        (
            [ROLE] => Администратор фитнеса
            [ID] => 0903
            [NAME] => Сванідзе Юлія 
        )

    [22] => Array
        (
            [ROLE] => Тренер
            [ID] => 0711
            [NAME] => Солянов Владислав
        )

    [23] => Array
        (
            [ROLE] => Тренер
            [ID] => 0326
            [NAME] => Тищенко Ольга
        )

    [24] => Array
        (
            [ROLE] => Тренер
            [ID] => 0310
            [NAME] => Фесенко Ира
        )

    [25] => Array
        (
            [ROLE] => Тренер
            [ID] => 0103
            [NAME] => Шевелько Руслан
        )

    [26] => Array
        (
            [ROLE] => Тренер
            [ID] => 0712
            [NAME] => Шевчук Вікторія
        )

    [27] => Array
        (
            [ROLE] => Головний адміністратор
            [ID] => 0901
            [NAME] => системный
        )

)

[2026-05-03 17:59:34] [INFO] (/home/redbarbe/public_html/telegram/webapps/action/hist_ind.php:116) Array
(
    [dbeg] => 03.02.2026
    [dend] => today
    [acc] => 13821
    [command] => get_ind_history
)

[2026-05-03 17:59:34] [INFO] (/home/redbarbe/public_html/telegram/webapps/action/hist_ind.php:117) ip=212.26.139.90
[2026-05-03 18:00:56] [INFO] (/home/redbarbe/public_html/telegram/webapps/action/hist_ost_poslug.php:119) Array
(
    [acc] => 14206
    [command] => GET_OST_POSLUG_ACC
)

[2026-05-03 18:00:56] [INFO] (/home/redbarbe/public_html/telegram/webapps/action/hist_ost_poslug.php:120) ip=178.151.119.180
[2026-05-03 18:01:00] [INFO] (/home/redbarbe/public_html/telegram/webapps/action/hist_ind.php:116) Array
(
    [dbeg] => 03.02.2026
    [dend] => today
    [acc] => 14206
    [command] => get_ind_history
)

[2026-05-03 18:01:00] [INFO] (/home/redbarbe/public_html/telegram/webapps/action/hist_ind.php:117) ip=178.151.119.180
[2026-05-03 18:01:02] [INFO] (/home/redbarbe/public_html/telegram/webapps/action/hist_grp.php:116) Array
(
    [dbeg] => 03.02.2026
    [dend] => today
    [acc] => 14206
    [command] => get_grp_history
)

[2026-05-03 18:01:02] [INFO] (/home/redbarbe/public_html/telegram/webapps/action/hist_grp.php:117) ip=178.151.119.180
[2026-05-03 18:09:59] [INFO] (/home/redbarbe/public_html/telegram/webapps/action/ajax_get_tren.php:35) Array
(
    [0] => Array
        (
            [KOD] => 878306
            [TIME_FROM] => 09:00
            [TIME_TO] => 10:00               
            [CLIENTS_CNT] => 0
            [TOV_NAME] => Base fitness (Ліана)
            [ACC] => 0
            [CNTTRAN] => 0
            [CNTTRANRESERV] => 0
        )

    [1] => Array
        (
            [KOD] => 869122
            [TIME_FROM] => 17:00
            [TIME_TO] => 18:00               
            [CLIENTS_CNT] => 0
            [TOV_NAME] => Бокс Kids
            [ACC] => 0
            [CNTTRAN] => 1
            [CNTTRANRESERV] => 0
        )

    [2] => Array
        (
            [KOD] => 876010
            [TIME_FROM] => 18:00
            [TIME_TO] => 19:00               
            [CLIENTS_CNT] => 5
            [TOV_NAME] => B.F.B
            [ACC] => 0
            [CNTTRAN] => 0
            [CNTTRANRESERV] => 0
        )

    [3] => Array
        (
            [KOD] => 873714
            [TIME_FROM] => 19:00
            [TIME_TO] => 20:00               
            [CLIENTS_CNT] => 0
            [TOV_NAME] => Mind Body
            [ACC] => 0
            [CNTTRAN] => 0
            [CNTTRANRESERV] => 0
        )

    [4] => Array
        (
            [KOD] => 871418
            [TIME_FROM] => 19:00
            [TIME_TO] => 20:00               
            [CLIENTS_CNT] => 0
            [TOV_NAME] => No Limits
            [ACC] => 0
            [CNTTRAN] => 0
            [CNTTRANRESERV] => 0
        )

)

[2026-05-03 18:09:59] [INFO] (/home/redbarbe/public_html/telegram/webapps/action/ajax_get_tren.php:61) Array
(
    [KOD] => 878306
    [TIME_FROM] => 09:00
    [TIME_TO] => 10:00               
    [CLIENTS_CNT] => 0
    [TOV_NAME] => Base fitness (Ліана)
    [ACC] => 0
    [CNTTRAN] => 0
    [CNTTRANRESERV] => 0
)

[2026-05-03 18:09:59] [INFO] (/home/redbarbe/public_html/telegram/webapps/action/ajax_get_tren.php:61) Array
(
    [KOD] => 869122
    [TIME_FROM] => 17:00
    [TIME_TO] => 18:00               
    [CLIENTS_CNT] => 0
    [TOV_NAME] => Бокс Kids
    [ACC] => 0
    [CNTTRAN] => 1
    [CNTTRANRESERV] => 0
)

[2026-05-03 18:09:59] [INFO] (/home/redbarbe/public_html/telegram/webapps/action/ajax_get_tren.php:61) Array
(
    [KOD] => 876010
    [TIME_FROM] => 18:00
    [TIME_TO] => 19:00               
    [CLIENTS_CNT] => 5
    [TOV_NAME] => B.F.B
    [ACC] => 0
    [CNTTRAN] => 0
    [CNTTRANRESERV] => 0
)

[2026-05-03 18:09:59] [INFO] (/home/redbarbe/public_html/telegram/webapps/action/ajax_get_tren.php:61) Array
(
    [KOD] => 873714
    [TIME_FROM] => 19:00
    [TIME_TO] => 20:00               
    [CLIENTS_CNT] => 0
    [TOV_NAME] => Mind Body
    [ACC] => 0
    [CNTTRAN] => 0
    [CNTTRANRESERV] => 0
)

[2026-05-03 18:09:59] [INFO] (/home/redbarbe/public_html/telegram/webapps/action/ajax_get_tren.php:61) Array
(
    [KOD] => 871418
    [TIME_FROM] => 19:00
    [TIME_TO] => 20:00               
    [CLIENTS_CNT] => 0
    [TOV_NAME] => No Limits
    [ACC] => 0
    [CNTTRAN] => 0
    [CNTTRANRESERV] => 0
)

[2026-05-03 18:10:04] [INFO] (/home/redbarbe/public_html/telegram/webapps/action/ajax_fitness_zapis.php:22) Array
(
    [ajax_method] => 2
    [action] => ajax_fitness_zapis
    [dat] => 04.05.2026
    [acc] => 164
    [trenid] => 871418
    [ost_all] => 100
    [ip_club] => 109.86.110.220
    [acctozapis] => 0
    [time_from] => 19:00
)

[2026-05-03 18:45:54] [INFO] (/home/redbarbe/public_html/telegram/webapps/reports/report_pers_detal.php:22) Array
(
)

[2026-05-03 18:46:01] [INFO] (/home/redbarbe/public_html/telegram/webapps/reports/report_pers_detal.php:22) Array
(
    [ajax_method] => 2
    [action] => report_pers_detal
    [action_report] => report_view
    [admin] => 5
    [date_from] => 01.05.2026
    [date_to] => 04.05.2026
    [ip_club] => 109.86.110.220
    [podr] => all
    [sotr] => 1111
)

[2026-05-03 18:49:19] [INFO] (/home/redbarbe/public_html/telegram/webapps/action/hist_ind.php:116) Array
(
    [dbeg] => 03.02.2026
    [dend] => today
    [acc] => 11400
    [command] => get_ind_history
)

[2026-05-03 18:49:19] [INFO] (/home/redbarbe/public_html/telegram/webapps/action/hist_ind.php:117) ip=212.26.139.90
[2026-05-03 19:10:50] [INFO] (/home/redbarbe/public_html/telegram/webapps/action/hist_ind.php:116) Array
(
    [dbeg] => 03.02.2026
    [dend] => today
    [acc] => 12961
    [command] => get_ind_history
)

[2026-05-03 19:10:50] [INFO] (/home/redbarbe/public_html/telegram/webapps/action/hist_ind.php:117) ip=193.194.107.2
[2026-05-03 19:24:40] [INFO] (/home/redbarbe/public_html/telegram/webapps/reports/report_pers_detal.php:22) Array
(
)

[2026-05-03 19:24:48] [INFO] (/home/redbarbe/public_html/telegram/webapps/reports/report_pers_detal.php:22) Array
(
    [ajax_method] => 2
    [action] => report_pers_detal
    [action_report] => report_view
    [admin] => 5
    [date_from] => 03.05.2026
    [date_to] => 03.05.2026
    [ip_club] => 212.26.139.90
    [podr] => all
    [sotr] => 03589
)

[2026-05-03 19:44:29] [INFO] (/home/redbarbe/public_html/telegram/webapps/action/ajax_get_tren.php:35) Array
(
    [0] => Array
        (
            [KOD] => 818300
            [TIME_FROM] => 08:00
            [TIME_TO] => 09:00               
            [CLIENTS_CNT] => 0
            [TOV_NAME] => Бокс(хлопці, з 13 років)
            [ACC] => 0
            [CNTTRAN] => 0
            [CNTTRANRESERV] => 0
        )

    [1] => Array
        (
            [KOD] => 818610
            [TIME_FROM] => 10:00
            [TIME_TO] => 11:00               
            [CLIENTS_CNT] => 0
            [TOV_NAME] => Stretching
            [ACC] => 0
            [CNTTRAN] => 0
            [CNTTRANRESERV] => 0
        )

    [2] => Array
        (
            [KOD] => 817835
            [TIME_FROM] => 16:00
            [TIME_TO] => 17:00               
            [CLIENTS_CNT] => 0
            [TOV_NAME] => Паркур kids
            [ACC] => 0
            [CNTTRAN] => 0
            [CNTTRANRESERV] => 0
        )

    [3] => Array
        (
            [KOD] => 817990
            [TIME_FROM] => 17:00
            [TIME_TO] => 18:00               
            [CLIENTS_CNT] => 0
            [TOV_NAME] => Паркур teens
            [ACC] => 0
            [CNTTRAN] => 0
            [CNTTRANRESERV] => 0
        )

    [4] => Array
        (
            [KOD] => 818145
            [TIME_FROM] => 18:00
            [TIME_TO] => 19:00               
            [CLIENTS_CNT] => 0
            [TOV_NAME] => Бокс/Кікбоксинг  Kids
            [ACC] => 0
            [CNTTRAN] => 0
            [CNTTRANRESERV] => 0
        )

    [5] => Array
        (
            [KOD] => 818765
            [TIME_FROM] => 20:00
            [TIME_TO] => 21:00               
            [CLIENTS_CNT] => 0
            [TOV_NAME] => Cross activity
            [ACC] => 0
            [CNTTRAN] => 0
            [CNTTRANRESERV] => 0
        )

    [6] => Array
        (
            [KOD] => 818455
            [TIME_FROM] => 20:00
            [TIME_TO] => 21:00               
            [CLIENTS_CNT] => 0
            [TOV_NAME] => Бокс
            [ACC] => 0
            [CNTTRAN] => 1
            [CNTTRANRESERV] => 0
        )

)

[2026-05-03 19:44:29] [INFO] (/home/redbarbe/public_html/telegram/webapps/action/ajax_get_tren.php:61) Array
(
    [KOD] => 818300
    [TIME_FROM] => 08:00
    [TIME_TO] => 09:00               
    [CLIENTS_CNT] => 0
    [TOV_NAME] => Бокс(хлопці, з 13 років)
    [ACC] => 0
    [CNTTRAN] => 0
    [CNTTRANRESERV] => 0
)

[2026-05-03 19:44:29] [INFO] (/home/redbarbe/public_html/telegram/webapps/action/ajax_get_tren.php:61) Array
(
    [KOD] => 818610
    [TIME_FROM] => 10:00
    [TIME_TO] => 11:00               
    [CLIENTS_CNT] => 0
    [TOV_NAME] => Stretching
    [ACC] => 0
    [CNTTRAN] => 0
    [CNTTRANRESERV] => 0
)

[2026-05-03 19:44:29] [INFO] (/home/redbarbe/public_html/telegram/webapps/action/ajax_get_tren.php:61) Array
(
    [KOD] => 817835
    [TIME_FROM] => 16:00
    [TIME_TO] => 17:00               
    [CLIENTS_CNT] => 0
    [TOV_NAME] => Паркур kids
    [ACC] => 0
    [CNTTRAN] => 0
    [CNTTRANRESERV] => 0
)

[2026-05-03 19:44:29] [INFO] (/home/redbarbe/public_html/telegram/webapps/action/ajax_get_tren.php:61) Array
(
    [KOD] => 817990
    [TIME_FROM] => 17:00
    [TIME_TO] => 18:00               
    [CLIENTS_CNT] => 0
    [TOV_NAME] => Паркур teens
    [ACC] => 0
    [CNTTRAN] => 0
    [CNTTRANRESERV] => 0
)

[2026-05-03 19:44:29] [INFO] (/home/redbarbe/public_html/telegram/webapps/action/ajax_get_tren.php:61) Array
(
    [KOD] => 818145
    [TIME_FROM] => 18:00
    [TIME_TO] => 19:00               
    [CLIENTS_CNT] => 0
    [TOV_NAME] => Бокс/Кікбоксинг  Kids
    [ACC] => 0
    [CNTTRAN] => 0
    [CNTTRANRESERV] => 0
)

[2026-05-03 19:44:29] [INFO] (/home/redbarbe/public_html/telegram/webapps/action/ajax_get_tren.php:61) Array
(
    [KOD] => 818765
    [TIME_FROM] => 20:00
    [TIME_TO] => 21:00               
    [CLIENTS_CNT] => 0
    [TOV_NAME] => Cross activity
    [ACC] => 0
    [CNTTRAN] => 0
    [CNTTRANRESERV] => 0
)

[2026-05-03 19:44:29] [INFO] (/home/redbarbe/public_html/telegram/webapps/action/ajax_get_tren.php:61) Array
(
    [KOD] => 818455
    [TIME_FROM] => 20:00
    [TIME_TO] => 21:00               
    [CLIENTS_CNT] => 0
    [TOV_NAME] => Бокс
    [ACC] => 0
    [CNTTRAN] => 1
    [CNTTRANRESERV] => 0
)

[2026-05-03 19:44:57] [INFO] (/home/redbarbe/public_html/telegram/webapps/action/ajax_get_tren.php:35) Array
(
    [0] => Array
        (
            [KOD] => 810349
            [TIME_FROM] => 09:00
            [TIME_TO] => 10:00               
            [CLIENTS_CNT] => 0
            [TOV_NAME] => Functional cardio
            [ACC] => 0
            [CNTTRAN] => 0
            [CNTTRANRESERV] => 0
        )

    [1] => Array
        (
            [KOD] => 810505
            [TIME_FROM] => 10:00
            [TIME_TO] => 11:00               
            [CLIENTS_CNT] => 0
            [TOV_NAME] => Cardio&Body weight
            [ACC] => 0
            [CNTTRAN] => 0
            [CNTTRANRESERV] => 0
        )

    [2] => Array
        (
            [KOD] => 810661
            [TIME_FROM] => 16:00
            [TIME_TO] => 17:00               
            [CLIENTS_CNT] => 0
            [TOV_NAME] => Дзюдо kids 
            [ACC] => 0
            [CNTTRAN] => 1
            [CNTTRANRESERV] => 0
        )

    [3] => Array
        (
            [KOD] => 810817
            [TIME_FROM] => 17:00
            [TIME_TO] => 18:00               
            [CLIENTS_CNT] => 0
            [TOV_NAME] => Дзюдо teens
            [ACC] => 0
            [CNTTRAN] => 0
            [CNTTRANRESERV] => 0
        )

    [4] => Array
        (
            [KOD] => 810973
            [TIME_FROM] => 18:00
            [TIME_TO] => 19:00               
            [CLIENTS_CNT] => 0
            [TOV_NAME] => Step Drive
            [ACC] => 0
            [CNTTRAN] => 0
            [CNTTRANRESERV] => 0
        )

    [5] => Array
        (
            [KOD] => 811129
            [TIME_FROM] => 19:00
            [TIME_TO] => 20:00               
            [CLIENTS_CNT] => 0
            [TOV_NAME] => Пілатес
            [ACC] => 0
            [CNTTRAN] => 0
            [CNTTRANRESERV] => 0
        )

)

[2026-05-03 19:44:57] [INFO] (/home/redbarbe/public_html/telegram/webapps/action/ajax_get_tren.php:61) Array
(
    [KOD] => 810349
    [TIME_FROM] => 09:00
    [TIME_TO] => 10:00               
    [CLIENTS_CNT] => 0
    [TOV_NAME] => Functional cardio
    [ACC] => 0
    [CNTTRAN] => 0
    [CNTTRANRESERV] => 0
)

[2026-05-03 19:44:57] [INFO] (/home/redbarbe/public_html/telegram/webapps/action/ajax_get_tren.php:61) Array
(
    [KOD] => 810505
    [TIME_FROM] => 10:00
    [TIME_TO] => 11:00               
    [CLIENTS_CNT] => 0
    [TOV_NAME] => Cardio&Body weight
    [ACC] => 0
    [CNTTRAN] => 0
    [CNTTRANRESERV] => 0
)

[2026-05-03 19:44:57] [INFO] (/home/redbarbe/public_html/telegram/webapps/action/ajax_get_tren.php:61) Array
(
    [KOD] => 810661
    [TIME_FROM] => 16:00
    [TIME_TO] => 17:00               
    [CLIENTS_CNT] => 0
    [TOV_NAME] => Дзюдо kids 
    [ACC] => 0
    [CNTTRAN] => 1
    [CNTTRANRESERV] => 0
)

[2026-05-03 19:44:57] [INFO] (/home/redbarbe/public_html/telegram/webapps/action/ajax_get_tren.php:61) Array
(
    [KOD] => 810817
    [TIME_FROM] => 17:00
    [TIME_TO] => 18:00               
    [CLIENTS_CNT] => 0
    [TOV_NAME] => Дзюдо teens
    [ACC] => 0
    [CNTTRAN] => 0
    [CNTTRANRESERV] => 0
)

[2026-05-03 19:44:57] [INFO] (/home/redbarbe/public_html/telegram/webapps/action/ajax_get_tren.php:61) Array
(
    [KOD] => 810973
    [TIME_FROM] => 18:00
    [TIME_TO] => 19:00               
    [CLIENTS_CNT] => 0
    [TOV_NAME] => Step Drive
    [ACC] => 0
    [CNTTRAN] => 0
    [CNTTRANRESERV] => 0
)

[2026-05-03 19:44:57] [INFO] (/home/redbarbe/public_html/telegram/webapps/action/ajax_get_tren.php:61) Array
(
    [KOD] => 811129
    [TIME_FROM] => 19:00
    [TIME_TO] => 20:00               
    [CLIENTS_CNT] => 0
    [TOV_NAME] => Пілатес
    [ACC] => 0
    [CNTTRAN] => 0
    [CNTTRANRESERV] => 0
)

[2026-05-03 19:45:07] [INFO] (/home/redbarbe/public_html/telegram/webapps/action/ajax_get_tren.php:35) Array
(
    [0] => Array
        (
            [KOD] => 823905
            [TIME_FROM] => 08:00
            [TIME_TO] => 09:00               
            [CLIENTS_CNT] => 0
            [TOV_NAME] => Бокс(хлопці, з 13 років)
            [ACC] => 0
            [CNTTRAN] => 0
            [CNTTRANRESERV] => 0
        )

    [1] => Array
        (
            [KOD] => 823593
            [TIME_FROM] => 16:00
            [TIME_TO] => 17:00               
            [CLIENTS_CNT] => 0
            [TOV_NAME] => Паркур kids
            [ACC] => 0
            [CNTTRAN] => 0
            [CNTTRANRESERV] => 0
        )

    [2] => Array
        (
            [KOD] => 823281
            [TIME_FROM] => 17:00
            [TIME_TO] => 18:00               
            [CLIENTS_CNT] => 0
            [TOV_NAME] => Паркур teens
            [ACC] => 0
            [CNTTRAN] => 0
            [CNTTRANRESERV] => 0
        )

    [3] => Array
        (
            [KOD] => 822501
            [TIME_FROM] => 18:00
            [TIME_TO] => 19:00               
            [CLIENTS_CNT] => 0
            [TOV_NAME] => Йога
            [ACC] => 0
            [CNTTRAN] => 0
            [CNTTRANRESERV] => 0
        )

    [4] => Array
        (
            [KOD] => 823437
            [TIME_FROM] => 18:00
            [TIME_TO] => 19:00               
            [CLIENTS_CNT] => 0
            [TOV_NAME] => Бокс/Кікбоксинг  Kids
            [ACC] => 0
            [CNTTRAN] => 0
            [CNTTRANRESERV] => 0
        )

    [5] => Array
        (
            [KOD] => 822657
            [TIME_FROM] => 19:40
            [TIME_TO] => 20:40               
            [CLIENTS_CNT] => 0
            [TOV_NAME] => Акробатика Kids
            [ACC] => 0
            [CNTTRAN] => 0
            [CNTTRANRESERV] => 0
        )

    [6] => Array
        (
            [KOD] => 822969
            [TIME_FROM] => 20:00
            [TIME_TO] => 21:00               
            [CLIENTS_CNT] => 0
            [TOV_NAME] => Cross activity
            [ACC] => 0
            [CNTTRAN] => 0
            [CNTTRANRESERV] => 0
        )

    [7] => Array
        (
            [KOD] => 822813
            [TIME_FROM] => 20:00
            [TIME_TO] => 21:00               
            [CLIENTS_CNT] => 0
            [TOV_NAME] => Бокс
            [ACC] => 0
            [CNTTRAN] => 0
            [CNTTRANRESERV] => 0
        )

    [8] => Array
        (
            [KOD] => 823125
            [TIME_FROM] => 20:00
            [TIME_TO] => 21:00               
            [CLIENTS_CNT] => 0
            [TOV_NAME] => Stretching
            [ACC] => 0
            [CNTTRAN] => 0
            [CNTTRANRESERV] => 0
        )

)

[2026-05-03 19:45:07] [INFO] (/home/redbarbe/public_html/telegram/webapps/action/ajax_get_tren.php:61) Array
(
    [KOD] => 823905
    [TIME_FROM] => 08:00
    [TIME_TO] => 09:00               
    [CLIENTS_CNT] => 0
    [TOV_NAME] => Бокс(хлопці, з 13 років)
    [ACC] => 0
    [CNTTRAN] => 0
    [CNTTRANRESERV] => 0
)

[2026-05-03 19:45:07] [INFO] (/home/redbarbe/public_html/telegram/webapps/action/ajax_get_tren.php:61) Array
(
    [KOD] => 823593
    [TIME_FROM] => 16:00
    [TIME_TO] => 17:00               
    [CLIENTS_CNT] => 0
    [TOV_NAME] => Паркур kids
    [ACC] => 0
    [CNTTRAN] => 0
    [CNTTRANRESERV] => 0
)

[2026-05-03 19:45:07] [INFO] (/home/redbarbe/public_html/telegram/webapps/action/ajax_get_tren.php:61) Array
(
    [KOD] => 823281
    [TIME_FROM] => 17:00
    [TIME_TO] => 18:00               
    [CLIENTS_CNT] => 0
    [TOV_NAME] => Паркур teens
    [ACC] => 0
    [CNTTRAN] => 0
    [CNTTRANRESERV] => 0
)

[2026-05-03 19:45:07] [INFO] (/home/redbarbe/public_html/telegram/webapps/action/ajax_get_tren.php:61) Array
(
    [KOD] => 822501
    [TIME_FROM] => 18:00
    [TIME_TO] => 19:00               
    [CLIENTS_CNT] => 0
    [TOV_NAME] => Йога
    [ACC] => 0
    [CNTTRAN] => 0
    [CNTTRANRESERV] => 0
)

[2026-05-03 19:45:07] [INFO] (/home/redbarbe/public_html/telegram/webapps/action/ajax_get_tren.php:61) Array
(
    [KOD] => 823437
    [TIME_FROM] => 18:00
    [TIME_TO] => 19:00               
    [CLIENTS_CNT] => 0
    [TOV_NAME] => Бокс/Кікбоксинг  Kids
    [ACC] => 0
    [CNTTRAN] => 0
    [CNTTRANRESERV] => 0
)

[2026-05-03 19:45:07] [INFO] (/home/redbarbe/public_html/telegram/webapps/action/ajax_get_tren.php:61) Array
(
    [KOD] => 822657
    [TIME_FROM] => 19:40
    [TIME_TO] => 20:40               
    [CLIENTS_CNT] => 0
    [TOV_NAME] => Акробатика Kids
    [ACC] => 0
    [CNTTRAN] => 0
    [CNTTRANRESERV] => 0
)

[2026-05-03 19:45:07] [INFO] (/home/redbarbe/public_html/telegram/webapps/action/ajax_get_tren.php:61) Array
(
    [KOD] => 822969
    [TIME_FROM] => 20:00
    [TIME_TO] => 21:00               
    [CLIENTS_CNT] => 0
    [TOV_NAME] => Cross activity
    [ACC] => 0
    [CNTTRAN] => 0
    [CNTTRANRESERV] => 0
)

[2026-05-03 19:45:07] [INFO] (/home/redbarbe/public_html/telegram/webapps/action/ajax_get_tren.php:61) Array
(
    [KOD] => 822813
    [TIME_FROM] => 20:00
    [TIME_TO] => 21:00               
    [CLIENTS_CNT] => 0
    [TOV_NAME] => Бокс
    [ACC] => 0
    [CNTTRAN] => 0
    [CNTTRANRESERV] => 0
)

[2026-05-03 19:45:07] [INFO] (/home/redbarbe/public_html/telegram/webapps/action/ajax_get_tren.php:61) Array
(
    [KOD] => 823125
    [TIME_FROM] => 20:00
    [TIME_TO] => 21:00               
    [CLIENTS_CNT] => 0
    [TOV_NAME] => Stretching
    [ACC] => 0
    [CNTTRAN] => 0
    [CNTTRANRESERV] => 0
)

[2026-05-03 19:45:24] [INFO] (/home/redbarbe/public_html/telegram/webapps/action/ajax_get_tren.php:35) Array
(
    [0] => Array
        (
            [KOD] => 818300
            [TIME_FROM] => 08:00
            [TIME_TO] => 09:00               
            [CLIENTS_CNT] => 0
            [TOV_NAME] => Бокс(хлопці, з 13 років)
            [ACC] => 0
            [CNTTRAN] => 0
            [CNTTRANRESERV] => 0
        )

    [1] => Array
        (
            [KOD] => 818610
            [TIME_FROM] => 10:00
            [TIME_TO] => 11:00               
            [CLIENTS_CNT] => 0
            [TOV_NAME] => Stretching
            [ACC] => 0
            [CNTTRAN] => 0
            [CNTTRANRESERV] => 0
        )

    [2] => Array
        (
            [KOD] => 817835
            [TIME_FROM] => 16:00
            [TIME_TO] => 17:00               
            [CLIENTS_CNT] => 0
            [TOV_NAME] => Паркур kids
            [ACC] => 0
            [CNTTRAN] => 0
            [CNTTRANRESERV] => 0
        )

    [3] => Array
        (
            [KOD] => 817990
            [TIME_FROM] => 17:00
            [TIME_TO] => 18:00               
            [CLIENTS_CNT] => 0
            [TOV_NAME] => Паркур teens
            [ACC] => 0
            [CNTTRAN] => 0
            [CNTTRANRESERV] => 0
        )

    [4] => Array
        (
            [KOD] => 818145
            [TIME_FROM] => 18:00
            [TIME_TO] => 19:00               
            [CLIENTS_CNT] => 0
            [TOV_NAME] => Бокс/Кікбоксинг  Kids
            [ACC] => 0
            [CNTTRAN] => 0
            [CNTTRANRESERV] => 0
        )

    [5] => Array
        (
            [KOD] => 818765
            [TIME_FROM] => 20:00
            [TIME_TO] => 21:00               
            [CLIENTS_CNT] => 0
            [TOV_NAME] => Cross activity
            [ACC] => 0
            [CNTTRAN] => 0
            [CNTTRANRESERV] => 0
        )

    [6] => Array
        (
            [KOD] => 818455
            [TIME_FROM] => 20:00
            [TIME_TO] => 21:00               
            [CLIENTS_CNT] => 0
            [TOV_NAME] => Бокс
            [ACC] => 0
            [CNTTRAN] => 1
            [CNTTRANRESERV] => 0
        )

)

[2026-05-03 19:45:24] [INFO] (/home/redbarbe/public_html/telegram/webapps/action/ajax_get_tren.php:61) Array
(
    [KOD] => 818300
    [TIME_FROM] => 08:00
    [TIME_TO] => 09:00               
    [CLIENTS_CNT] => 0
    [TOV_NAME] => Бокс(хлопці, з 13 років)
    [ACC] => 0
    [CNTTRAN] => 0
    [CNTTRANRESERV] => 0
)

[2026-05-03 19:45:24] [INFO] (/home/redbarbe/public_html/telegram/webapps/action/ajax_get_tren.php:61) Array
(
    [KOD] => 818610
    [TIME_FROM] => 10:00
    [TIME_TO] => 11:00               
    [CLIENTS_CNT] => 0
    [TOV_NAME] => Stretching
    [ACC] => 0
    [CNTTRAN] => 0
    [CNTTRANRESERV] => 0
)

[2026-05-03 19:45:24] [INFO] (/home/redbarbe/public_html/telegram/webapps/action/ajax_get_tren.php:61) Array
(
    [KOD] => 817835
    [TIME_FROM] => 16:00
    [TIME_TO] => 17:00               
    [CLIENTS_CNT] => 0
    [TOV_NAME] => Паркур kids
    [ACC] => 0
    [CNTTRAN] => 0
    [CNTTRANRESERV] => 0
)

[2026-05-03 19:45:24] [INFO] (/home/redbarbe/public_html/telegram/webapps/action/ajax_get_tren.php:61) Array
(
    [KOD] => 817990
    [TIME_FROM] => 17:00
    [TIME_TO] => 18:00               
    [CLIENTS_CNT] => 0
    [TOV_NAME] => Паркур teens
    [ACC] => 0
    [CNTTRAN] => 0
    [CNTTRANRESERV] => 0
)

[2026-05-03 19:45:24] [INFO] (/home/redbarbe/public_html/telegram/webapps/action/ajax_get_tren.php:61) Array
(
    [KOD] => 818145
    [TIME_FROM] => 18:00
    [TIME_TO] => 19:00               
    [CLIENTS_CNT] => 0
    [TOV_NAME] => Бокс/Кікбоксинг  Kids
    [ACC] => 0
    [CNTTRAN] => 0
    [CNTTRANRESERV] => 0
)

[2026-05-03 19:45:24] [INFO] (/home/redbarbe/public_html/telegram/webapps/action/ajax_get_tren.php:61) Array
(
    [KOD] => 818765
    [TIME_FROM] => 20:00
    [TIME_TO] => 21:00               
    [CLIENTS_CNT] => 0
    [TOV_NAME] => Cross activity
    [ACC] => 0
    [CNTTRAN] => 0
    [CNTTRANRESERV] => 0
)

[2026-05-03 19:45:24] [INFO] (/home/redbarbe/public_html/telegram/webapps/action/ajax_get_tren.php:61) Array
(
    [KOD] => 818455
    [TIME_FROM] => 20:00
    [TIME_TO] => 21:00               
    [CLIENTS_CNT] => 0
    [TOV_NAME] => Бокс
    [ACC] => 0
    [CNTTRAN] => 1
    [CNTTRANRESERV] => 0
)

[2026-05-03 19:45:37] [INFO] (/home/redbarbe/public_html/telegram/webapps/action/ajax_get_tren.php:35) Array
(
    [0] => Array
        (
            [KOD] => 816279
            [TIME_FROM] => 09:00
            [TIME_TO] => 10:00               
            [CLIENTS_CNT] => 0
            [TOV_NAME] => Functional cardio
            [ACC] => 0
            [CNTTRAN] => 0
            [CNTTRANRESERV] => 0
        )

    [1] => Array
        (
            [KOD] => 816435
            [TIME_FROM] => 10:00
            [TIME_TO] => 11:00               
            [CLIENTS_CNT] => 0
            [TOV_NAME] => Cardio&Body weight
            [ACC] => 0
            [CNTTRAN] => 0
            [CNTTRANRESERV] => 0
        )

    [2] => Array
        (
            [KOD] => 816591
            [TIME_FROM] => 16:00
            [TIME_TO] => 17:00               
            [CLIENTS_CNT] => 0
            [TOV_NAME] => Дзюдо kids 
            [ACC] => 0
            [CNTTRAN] => 1
            [CNTTRANRESERV] => 0
        )

    [3] => Array
        (
            [KOD] => 816747
            [TIME_FROM] => 17:00
            [TIME_TO] => 18:00               
            [CLIENTS_CNT] => 0
            [TOV_NAME] => Дзюдо teens
            [ACC] => 0
            [CNTTRAN] => 0
            [CNTTRANRESERV] => 0
        )

    [4] => Array
        (
            [KOD] => 816903
            [TIME_FROM] => 18:00
            [TIME_TO] => 19:00               
            [CLIENTS_CNT] => 0
            [TOV_NAME] => Step Drive
            [ACC] => 0
            [CNTTRAN] => 0
            [CNTTRANRESERV] => 0
        )

    [5] => Array
        (
            [KOD] => 817059
            [TIME_FROM] => 19:00
            [TIME_TO] => 20:00               
            [CLIENTS_CNT] => 0
            [TOV_NAME] => Cycling
            [ACC] => 0
            [CNTTRAN] => 0
            [CNTTRANRESERV] => 0
        )

)

[2026-05-03 19:45:37] [INFO] (/home/redbarbe/public_html/telegram/webapps/action/ajax_get_tren.php:61) Array
(
    [KOD] => 816279
    [TIME_FROM] => 09:00
    [TIME_TO] => 10:00               
    [CLIENTS_CNT] => 0
    [TOV_NAME] => Functional cardio
    [ACC] => 0
    [CNTTRAN] => 0
    [CNTTRANRESERV] => 0
)

[2026-05-03 19:45:37] [INFO] (/home/redbarbe/public_html/telegram/webapps/action/ajax_get_tren.php:61) Array
(
    [KOD] => 816435
    [TIME_FROM] => 10:00
    [TIME_TO] => 11:00               
    [CLIENTS_CNT] => 0
    [TOV_NAME] => Cardio&Body weight
    [ACC] => 0
    [CNTTRAN] => 0
    [CNTTRANRESERV] => 0
)

[2026-05-03 19:45:37] [INFO] (/home/redbarbe/public_html/telegram/webapps/action/ajax_get_tren.php:61) Array
(
    [KOD] => 816591
    [TIME_FROM] => 16:00
    [TIME_TO] => 17:00               
    [CLIENTS_CNT] => 0
    [TOV_NAME] => Дзюдо kids 
    [ACC] => 0
    [CNTTRAN] => 1
    [CNTTRANRESERV] => 0
)

[2026-05-03 19:45:37] [INFO] (/home/redbarbe/public_html/telegram/webapps/action/ajax_get_tren.php:61) Array
(
    [KOD] => 816747
    [TIME_FROM] => 17:00
    [TIME_TO] => 18:00               
    [CLIENTS_CNT] => 0
    [TOV_NAME] => Дзюдо teens
    [ACC] => 0
    [CNTTRAN] => 0
    [CNTTRANRESERV] => 0
)

[2026-05-03 19:45:37] [INFO] (/home/redbarbe/public_html/telegram/webapps/action/ajax_get_tren.php:61) Array
(
    [KOD] => 816903
    [TIME_FROM] => 18:00
    [TIME_TO] => 19:00               
    [CLIENTS_CNT] => 0
    [TOV_NAME] => Step Drive
    [ACC] => 0
    [CNTTRAN] => 0
    [CNTTRANRESERV] => 0
)

[2026-05-03 19:45:37] [INFO] (/home/redbarbe/public_html/telegram/webapps/action/ajax_get_tren.php:61) Array
(
    [KOD] => 817059
    [TIME_FROM] => 19:00
    [TIME_TO] => 20:00               
    [CLIENTS_CNT] => 0
    [TOV_NAME] => Cycling
    [ACC] => 0
    [CNTTRAN] => 0
    [CNTTRANRESERV] => 0
)

[2026-05-03 19:45:57] [INFO] (/home/redbarbe/public_html/telegram/webapps/action/ajax_get_tren.php:35) Array
(
    [0] => Array
        (
            [KOD] => 805041
            [TIME_FROM] => 08:00
            [TIME_TO] => 09:00               
            [CLIENTS_CNT] => 0
            [TOV_NAME] => Бокс(хлопці, з 13 років)
            [ACC] => 0
            [CNTTRAN] => 0
            [CNTTRANRESERV] => 0
        )

    [1] => Array
        (
            [KOD] => 804573
            [TIME_FROM] => 10:00
            [TIME_TO] => 11:00               
            [CLIENTS_CNT] => 0
            [TOV_NAME] => Stretching
            [ACC] => 0
            [CNTTRAN] => 0
            [CNTTRANRESERV] => 0
        )

    [2] => Array
        (
            [KOD] => 804885
            [TIME_FROM] => 18:00
            [TIME_TO] => 19:00               
            [CLIENTS_CNT] => 0
            [TOV_NAME] => Бокс/Кікбоксинг  Kids
            [ACC] => 0
            [CNTTRAN] => 0
            [CNTTRANRESERV] => 0
        )

    [3] => Array
        (
            [KOD] => 804261
            [TIME_FROM] => 19:40
            [TIME_TO] => 20:40               
            [CLIENTS_CNT] => 0
            [TOV_NAME] => Акробатика Kids
            [ACC] => 0
            [CNTTRAN] => 0
            [CNTTRANRESERV] => 0
        )

    [4] => Array
        (
            [KOD] => 804729
            [TIME_FROM] => 20:00
            [TIME_TO] => 21:00               
            [CLIENTS_CNT] => 0
            [TOV_NAME] => Cross activity
            [ACC] => 0
            [CNTTRAN] => 0
            [CNTTRANRESERV] => 0
        )

    [5] => Array
        (
            [KOD] => 804417
            [TIME_FROM] => 20:00
            [TIME_TO] => 21:00               
            [CLIENTS_CNT] => 0
            [TOV_NAME] => Бокс
            [ACC] => 0
            [CNTTRAN] => 0
            [CNTTRANRESERV] => 0
        )

)

[2026-05-03 19:45:57] [INFO] (/home/redbarbe/public_html/telegram/webapps/action/ajax_get_tren.php:61) Array
(
    [KOD] => 805041
    [TIME_FROM] => 08:00
    [TIME_TO] => 09:00               
    [CLIENTS_CNT] => 0
    [TOV_NAME] => Бокс(хлопці, з 13 років)
    [ACC] => 0
    [CNTTRAN] => 0
    [CNTTRANRESERV] => 0
)

[2026-05-03 19:45:57] [INFO] (/home/redbarbe/public_html/telegram/webapps/action/ajax_get_tren.php:61) Array
(
    [KOD] => 804573
    [TIME_FROM] => 10:00
    [TIME_TO] => 11:00               
    [CLIENTS_CNT] => 0
    [TOV_NAME] => Stretching
    [ACC] => 0
    [CNTTRAN] => 0
    [CNTTRANRESERV] => 0
)

[2026-05-03 19:45:57] [INFO] (/home/redbarbe/public_html/telegram/webapps/action/ajax_get_tren.php:61) Array
(
    [KOD] => 804885
    [TIME_FROM] => 18:00
    [TIME_TO] => 19:00               
    [CLIENTS_CNT] => 0
    [TOV_NAME] => Бокс/Кікбоксинг  Kids
    [ACC] => 0
    [CNTTRAN] => 0
    [CNTTRANRESERV] => 0
)

[2026-05-03 19:45:57] [INFO] (/home/redbarbe/public_html/telegram/webapps/action/ajax_get_tren.php:61) Array
(
    [KOD] => 804261
    [TIME_FROM] => 19:40
    [TIME_TO] => 20:40               
    [CLIENTS_CNT] => 0
    [TOV_NAME] => Акробатика Kids
    [ACC] => 0
    [CNTTRAN] => 0
    [CNTTRANRESERV] => 0
)

[2026-05-03 19:45:57] [INFO] (/home/redbarbe/public_html/telegram/webapps/action/ajax_get_tren.php:61) Array
(
    [KOD] => 804729
    [TIME_FROM] => 20:00
    [TIME_TO] => 21:00               
    [CLIENTS_CNT] => 0
    [TOV_NAME] => Cross activity
    [ACC] => 0
    [CNTTRAN] => 0
    [CNTTRANRESERV] => 0
)

[2026-05-03 19:45:57] [INFO] (/home/redbarbe/public_html/telegram/webapps/action/ajax_get_tren.php:61) Array
(
    [KOD] => 804417
    [TIME_FROM] => 20:00
    [TIME_TO] => 21:00               
    [CLIENTS_CNT] => 0
    [TOV_NAME] => Бокс
    [ACC] => 0
    [CNTTRAN] => 0
    [CNTTRANRESERV] => 0
)

[2026-05-03 19:53:09] [INFO] (/home/redbarbe/public_html/telegram/webapps/action/hist_grp.php:116) Array
(
    [dbeg] => 03.02.2026
    [dend] => today
    [acc] => 13835
    [command] => get_grp_history
)

[2026-05-03 19:53:09] [INFO] (/home/redbarbe/public_html/telegram/webapps/action/hist_grp.php:117) ip=212.26.139.90
[2026-05-03 19:53:17] [INFO] (/home/redbarbe/public_html/telegram/webapps/action/hist_ost_poslug.php:119) Array
(
    [acc] => 13835
    [command] => GET_OST_POSLUG_ACC
)

[2026-05-03 19:53:17] [INFO] (/home/redbarbe/public_html/telegram/webapps/action/hist_ost_poslug.php:120) ip=212.26.139.90
[2026-05-03 19:53:20] [INFO] (/home/redbarbe/public_html/telegram/webapps/action/hist_ind.php:116) Array
(
    [dbeg] => 03.02.2026
    [dend] => today
    [acc] => 13835
    [command] => get_ind_history
)

[2026-05-03 19:53:20] [INFO] (/home/redbarbe/public_html/telegram/webapps/action/hist_ind.php:117) ip=212.26.139.90
[2026-05-03 19:55:34] [INFO] (/home/redbarbe/public_html/telegram/webapps/action/ajax_get_tren.php:35) Array
(
    [0] => Array
        (
            [KOD] => 818300
            [TIME_FROM] => 08:00
            [TIME_TO] => 09:00               
            [CLIENTS_CNT] => 0
            [TOV_NAME] => Бокс(хлопці, з 13 років)
            [ACC] => 0
            [CNTTRAN] => 0
            [CNTTRANRESERV] => 0
        )

    [1] => Array
        (
            [KOD] => 818610
            [TIME_FROM] => 10:00
            [TIME_TO] => 11:00               
            [CLIENTS_CNT] => 0
            [TOV_NAME] => Stretching
            [ACC] => 0
            [CNTTRAN] => 0
            [CNTTRANRESERV] => 0
        )

    [2] => Array
        (
            [KOD] => 817835
            [TIME_FROM] => 16:00
            [TIME_TO] => 17:00               
            [CLIENTS_CNT] => 0
            [TOV_NAME] => Паркур kids
            [ACC] => 0
            [CNTTRAN] => 0
            [CNTTRANRESERV] => 0
        )

    [3] => Array
        (
            [KOD] => 817990
            [TIME_FROM] => 17:00
            [TIME_TO] => 18:00               
            [CLIENTS_CNT] => 0
            [TOV_NAME] => Паркур teens
            [ACC] => 0
            [CNTTRAN] => 0
            [CNTTRANRESERV] => 0
        )

    [4] => Array
        (
            [KOD] => 818145
            [TIME_FROM] => 18:00
            [TIME_TO] => 19:00               
            [CLIENTS_CNT] => 0
            [TOV_NAME] => Бокс/Кікбоксинг  Kids
            [ACC] => 0
            [CNTTRAN] => 0
            [CNTTRANRESERV] => 0
        )

    [5] => Array
        (
            [KOD] => 818765
            [TIME_FROM] => 20:00
            [TIME_TO] => 21:00               
            [CLIENTS_CNT] => 0
            [TOV_NAME] => Cross activity
            [ACC] => 0
            [CNTTRAN] => 0
            [CNTTRANRESERV] => 0
        )

    [6] => Array
        (
            [KOD] => 818455
            [TIME_FROM] => 20:00
            [TIME_TO] => 21:00               
            [CLIENTS_CNT] => 0
            [TOV_NAME] => Бокс
            [ACC] => 0
            [CNTTRAN] => 1
            [CNTTRANRESERV] => 0
        )

)

[2026-05-03 19:55:34] [INFO] (/home/redbarbe/public_html/telegram/webapps/action/ajax_get_tren.php:61) Array
(
    [KOD] => 818300
    [TIME_FROM] => 08:00
    [TIME_TO] => 09:00               
    [CLIENTS_CNT] => 0
    [TOV_NAME] => Бокс(хлопці, з 13 років)
    [ACC] => 0
    [CNTTRAN] => 0
    [CNTTRANRESERV] => 0
)

[2026-05-03 19:55:34] [INFO] (/home/redbarbe/public_html/telegram/webapps/action/ajax_get_tren.php:61) Array
(
    [KOD] => 818610
    [TIME_FROM] => 10:00
    [TIME_TO] => 11:00               
    [CLIENTS_CNT] => 0
    [TOV_NAME] => Stretching
    [ACC] => 0
    [CNTTRAN] => 0
    [CNTTRANRESERV] => 0
)

[2026-05-03 19:55:34] [INFO] (/home/redbarbe/public_html/telegram/webapps/action/ajax_get_tren.php:61) Array
(
    [KOD] => 817835
    [TIME_FROM] => 16:00
    [TIME_TO] => 17:00               
    [CLIENTS_CNT] => 0
    [TOV_NAME] => Паркур kids
    [ACC] => 0
    [CNTTRAN] => 0
    [CNTTRANRESERV] => 0
)

[2026-05-03 19:55:34] [INFO] (/home/redbarbe/public_html/telegram/webapps/action/ajax_get_tren.php:61) Array
(
    [KOD] => 817990
    [TIME_FROM] => 17:00
    [TIME_TO] => 18:00               
    [CLIENTS_CNT] => 0
    [TOV_NAME] => Паркур teens
    [ACC] => 0
    [CNTTRAN] => 0
    [CNTTRANRESERV] => 0
)

[2026-05-03 19:55:34] [INFO] (/home/redbarbe/public_html/telegram/webapps/action/ajax_get_tren.php:61) Array
(
    [KOD] => 818145
    [TIME_FROM] => 18:00
    [TIME_TO] => 19:00               
    [CLIENTS_CNT] => 0
    [TOV_NAME] => Бокс/Кікбоксинг  Kids
    [ACC] => 0
    [CNTTRAN] => 0
    [CNTTRANRESERV] => 0
)

[2026-05-03 19:55:34] [INFO] (/home/redbarbe/public_html/telegram/webapps/action/ajax_get_tren.php:61) Array
(
    [KOD] => 818765
    [TIME_FROM] => 20:00
    [TIME_TO] => 21:00               
    [CLIENTS_CNT] => 0
    [TOV_NAME] => Cross activity
    [ACC] => 0
    [CNTTRAN] => 0
    [CNTTRANRESERV] => 0
)

[2026-05-03 19:55:34] [INFO] (/home/redbarbe/public_html/telegram/webapps/action/ajax_get_tren.php:61) Array
(
    [KOD] => 818455
    [TIME_FROM] => 20:00
    [TIME_TO] => 21:00               
    [CLIENTS_CNT] => 0
    [TOV_NAME] => Бокс
    [ACC] => 0
    [CNTTRAN] => 1
    [CNTTRANRESERV] => 0
)

[2026-05-03 19:55:40] [INFO] (/home/redbarbe/public_html/telegram/webapps/action/ajax_fitness_zapis.php:22) Array
(
    [ajax_method] => 2
    [action] => ajax_fitness_zapis
    [dat] => 04.05.2026
    [acc] => 13072
    [trenid] => 818610
    [ost_all] => 100
    [ip_club] => 212.26.139.90
    [acctozapis] => 0
    [time_from] => 10:00
)

[2026-05-03 19:58:20] [INFO] (/home/redbarbe/public_html/telegram/webapps/action/ajax_get_tren.php:35) Array
(
    [0] => Array
        (
            [KOD] => 818300
            [TIME_FROM] => 08:00
            [TIME_TO] => 09:00               
            [CLIENTS_CNT] => 0
            [TOV_NAME] => Бокс(хлопці, з 13 років)
            [ACC] => 0
            [CNTTRAN] => 0
            [CNTTRANRESERV] => 0
        )

    [1] => Array
        (
            [KOD] => 818610
            [TIME_FROM] => 10:00
            [TIME_TO] => 11:00               
            [CLIENTS_CNT] => 0
            [TOV_NAME] => Stretching
            [ACC] => 0
            [CNTTRAN] => 1
            [CNTTRANRESERV] => 0
        )

    [2] => Array
        (
            [KOD] => 817835
            [TIME_FROM] => 16:00
            [TIME_TO] => 17:00               
            [CLIENTS_CNT] => 0
            [TOV_NAME] => Паркур kids
            [ACC] => 0
            [CNTTRAN] => 0
            [CNTTRANRESERV] => 0
        )

    [3] => Array
        (
            [KOD] => 817990
            [TIME_FROM] => 17:00
            [TIME_TO] => 18:00               
            [CLIENTS_CNT] => 0
            [TOV_NAME] => Паркур teens
            [ACC] => 0
            [CNTTRAN] => 0
            [CNTTRANRESERV] => 0
        )

    [4] => Array
        (
            [KOD] => 818145
            [TIME_FROM] => 18:00
            [TIME_TO] => 19:00               
            [CLIENTS_CNT] => 0
            [TOV_NAME] => Бокс/Кікбоксинг  Kids
            [ACC] => 0
            [CNTTRAN] => 0
            [CNTTRANRESERV] => 0
        )

    [5] => Array
        (
            [KOD] => 818765
            [TIME_FROM] => 20:00
            [TIME_TO] => 21:00               
            [CLIENTS_CNT] => 0
            [TOV_NAME] => Cross activity
            [ACC] => 0
            [CNTTRAN] => 0
            [CNTTRANRESERV] => 0
        )

    [6] => Array
        (
            [KOD] => 818455
            [TIME_FROM] => 20:00
            [TIME_TO] => 21:00               
            [CLIENTS_CNT] => 0
            [TOV_NAME] => Бокс
            [ACC] => 0
            [CNTTRAN] => 1
            [CNTTRANRESERV] => 0
        )

)

[2026-05-03 19:58:20] [INFO] (/home/redbarbe/public_html/telegram/webapps/action/ajax_get_tren.php:61) Array
(
    [KOD] => 818300
    [TIME_FROM] => 08:00
    [TIME_TO] => 09:00               
    [CLIENTS_CNT] => 0
    [TOV_NAME] => Бокс(хлопці, з 13 років)
    [ACC] => 0
    [CNTTRAN] => 0
    [CNTTRANRESERV] => 0
)

[2026-05-03 19:58:20] [INFO] (/home/redbarbe/public_html/telegram/webapps/action/ajax_get_tren.php:61) Array
(
    [KOD] => 818610
    [TIME_FROM] => 10:00
    [TIME_TO] => 11:00               
    [CLIENTS_CNT] => 0
    [TOV_NAME] => Stretching
    [ACC] => 0
    [CNTTRAN] => 1
    [CNTTRANRESERV] => 0
)

[2026-05-03 19:58:20] [INFO] (/home/redbarbe/public_html/telegram/webapps/action/ajax_get_tren.php:61) Array
(
    [KOD] => 817835
    [TIME_FROM] => 16:00
    [TIME_TO] => 17:00               
    [CLIENTS_CNT] => 0
    [TOV_NAME] => Паркур kids
    [ACC] => 0
    [CNTTRAN] => 0
    [CNTTRANRESERV] => 0
)

[2026-05-03 19:58:20] [INFO] (/home/redbarbe/public_html/telegram/webapps/action/ajax_get_tren.php:61) Array
(
    [KOD] => 817990
    [TIME_FROM] => 17:00
    [TIME_TO] => 18:00               
    [CLIENTS_CNT] => 0
    [TOV_NAME] => Паркур teens
    [ACC] => 0
    [CNTTRAN] => 0
    [CNTTRANRESERV] => 0
)

[2026-05-03 19:58:20] [INFO] (/home/redbarbe/public_html/telegram/webapps/action/ajax_get_tren.php:61) Array
(
    [KOD] => 818145
    [TIME_FROM] => 18:00
    [TIME_TO] => 19:00               
    [CLIENTS_CNT] => 0
    [TOV_NAME] => Бокс/Кікбоксинг  Kids
    [ACC] => 0
    [CNTTRAN] => 0
    [CNTTRANRESERV] => 0
)

[2026-05-03 19:58:20] [INFO] (/home/redbarbe/public_html/telegram/webapps/action/ajax_get_tren.php:61) Array
(
    [KOD] => 818765
    [TIME_FROM] => 20:00
    [TIME_TO] => 21:00               
    [CLIENTS_CNT] => 0
    [TOV_NAME] => Cross activity
    [ACC] => 0
    [CNTTRAN] => 0
    [CNTTRANRESERV] => 0
)

[2026-05-03 19:58:20] [INFO] (/home/redbarbe/public_html/telegram/webapps/action/ajax_get_tren.php:61) Array
(
    [KOD] => 818455
    [TIME_FROM] => 20:00
    [TIME_TO] => 21:00               
    [CLIENTS_CNT] => 0
    [TOV_NAME] => Бокс
    [ACC] => 0
    [CNTTRAN] => 1
    [CNTTRANRESERV] => 0
)

[2026-05-03 19:58:25] [INFO] (/home/redbarbe/public_html/telegram/webapps/action/ajax_fitness_zapis.php:22) Array
(
    [ajax_method] => 2
    [action] => ajax_fitness_zapis
    [dat] => 04.05.2026
    [acc] => 12997
    [trenid] => 818610
    [ost_all] => 100
    [ip_club] => 212.26.139.90
    [acctozapis] => 0
    [time_from] => 10:00
)

[2026-05-03 19:59:23] [INFO] (/home/redbarbe/public_html/telegram/webapps/action/ajax_get_tren.php:35) Array
(
    [0] => Array
        (
            [KOD] => 817746
            [TIME_FROM] => 09:00
            [TIME_TO] => 10:00               
            [CLIENTS_CNT] => 0
            [TOV_NAME] => CrossActivity
            [ACC] => 0
            [CNTTRAN] => 0
            [CNTTRANRESERV] => 0
        )

    [1] => Array
        (
            [KOD] => 817018
            [TIME_FROM] => 09:00
            [TIME_TO] => 10:00               
            [CLIENTS_CNT] => 0
            [TOV_NAME] => Total Body
            [ACC] => 0
            [CNTTRAN] => 0
            [CNTTRANRESERV] => 0
        )

    [2] => Array
        (
            [KOD] => 816810
            [TIME_FROM] => 14:00
            [TIME_TO] => 15:00               
            [CLIENTS_CNT] => 0
            [TOV_NAME] => FitnessMix
            [ACC] => 0
            [CNTTRAN] => 0
            [CNTTRANRESERV] => 0
        )

    [3] => Array
        (
            [KOD] => 817642
            [TIME_FROM] => 18:00
            [TIME_TO] => 19:00               
            [CLIENTS_CNT] => 0
            [TOV_NAME] => Паркур Kids
            [ACC] => 0
            [CNTTRAN] => 0
            [CNTTRANRESERV] => 0
        )

    [4] => Array
        (
            [KOD] => 817226
            [TIME_FROM] => 18:30
            [TIME_TO] => 19:30               
            [CLIENTS_CNT] => 0
            [TOV_NAME] => Pilates
            [ACC] => 0
            [CNTTRAN] => 0
            [CNTTRANRESERV] => 0
        )

    [5] => Array
        (
            [KOD] => 817434
            [TIME_FROM] => 19:00
            [TIME_TO] => 20:00               
            [CLIENTS_CNT] => 0
            [TOV_NAME] => Паркур
            [ACC] => 0
            [CNTTRAN] => 0
            [CNTTRANRESERV] => 0
        )

    [6] => Array
        (
            [KOD] => 816914
            [TIME_FROM] => 19:00
            [TIME_TO] => 20:00               
            [CLIENTS_CNT] => 0
            [TOV_NAME] => CrossActivity
            [ACC] => 0
            [CNTTRAN] => 0
            [CNTTRANRESERV] => 0
        )

    [7] => Array
        (
            [KOD] => 817330
            [TIME_FROM] => 19:30
            [TIME_TO] => 20:30               
            [CLIENTS_CNT] => 0
            [TOV_NAME] => TRX
            [ACC] => 0
            [CNTTRAN] => 0
            [CNTTRANRESERV] => 0
        )

    [8] => Array
        (
            [KOD] => 817122
            [TIME_FROM] => 20:00
            [TIME_TO] => 21:00               
            [CLIENTS_CNT] => 0
            [TOV_NAME] => CrossActivity
            [ACC] => 0
            [CNTTRAN] => 0
            [CNTTRANRESERV] => 0
        )

    [9] => Array
        (
            [KOD] => 817538
            [TIME_FROM] => 20:00
            [TIME_TO] => 21:00               
            [CLIENTS_CNT] => 0
            [TOV_NAME] => Бокс
            [ACC] => 0
            [CNTTRAN] => 1
            [CNTTRANRESERV] => 0
        )

)

[2026-05-03 19:59:23] [INFO] (/home/redbarbe/public_html/telegram/webapps/action/ajax_get_tren.php:61) Array
(
    [KOD] => 817746
    [TIME_FROM] => 09:00
    [TIME_TO] => 10:00               
    [CLIENTS_CNT] => 0
    [TOV_NAME] => CrossActivity
    [ACC] => 0
    [CNTTRAN] => 0
    [CNTTRANRESERV] => 0
)

[2026-05-03 19:59:23] [INFO] (/home/redbarbe/public_html/telegram/webapps/action/ajax_get_tren.php:61) Array
(
    [KOD] => 817018
    [TIME_FROM] => 09:00
    [TIME_TO] => 10:00               
    [CLIENTS_CNT] => 0
    [TOV_NAME] => Total Body
    [ACC] => 0
    [CNTTRAN] => 0
    [CNTTRANRESERV] => 0
)

[2026-05-03 19:59:23] [INFO] (/home/redbarbe/public_html/telegram/webapps/action/ajax_get_tren.php:61) Array
(
    [KOD] => 816810
    [TIME_FROM] => 14:00
    [TIME_TO] => 15:00               
    [CLIENTS_CNT] => 0
    [TOV_NAME] => FitnessMix
    [ACC] => 0
    [CNTTRAN] => 0
    [CNTTRANRESERV] => 0
)

[2026-05-03 19:59:23] [INFO] (/home/redbarbe/public_html/telegram/webapps/action/ajax_get_tren.php:61) Array
(
    [KOD] => 817642
    [TIME_FROM] => 18:00
    [TIME_TO] => 19:00               
    [CLIENTS_CNT] => 0
    [TOV_NAME] => Паркур Kids
    [ACC] => 0
    [CNTTRAN] => 0
    [CNTTRANRESERV] => 0
)

[2026-05-03 19:59:23] [INFO] (/home/redbarbe/public_html/telegram/webapps/action/ajax_get_tren.php:61) Array
(
    [KOD] => 817226
    [TIME_FROM] => 18:30
    [TIME_TO] => 19:30               
    [CLIENTS_CNT] => 0
    [TOV_NAME] => Pilates
    [ACC] => 0
    [CNTTRAN] => 0
    [CNTTRANRESERV] => 0
)

[2026-05-03 19:59:23] [INFO] (/home/redbarbe/public_html/telegram/webapps/action/ajax_get_tren.php:61) Array
(
    [KOD] => 817434
    [TIME_FROM] => 19:00
    [TIME_TO] => 20:00               
    [CLIENTS_CNT] => 0
    [TOV_NAME] => Паркур
    [ACC] => 0
    [CNTTRAN] => 0
    [CNTTRANRESERV] => 0
)

[2026-05-03 19:59:23] [INFO] (/home/redbarbe/public_html/telegram/webapps/action/ajax_get_tren.php:61) Array
(
    [KOD] => 816914
    [TIME_FROM] => 19:00
    [TIME_TO] => 20:00               
    [CLIENTS_CNT] => 0
    [TOV_NAME] => CrossActivity
    [ACC] => 0
    [CNTTRAN] => 0
    [CNTTRANRESERV] => 0
)

[2026-05-03 19:59:23] [INFO] (/home/redbarbe/public_html/telegram/webapps/action/ajax_get_tren.php:61) Array
(
    [KOD] => 817330
    [TIME_FROM] => 19:30
    [TIME_TO] => 20:30               
    [CLIENTS_CNT] => 0
    [TOV_NAME] => TRX
    [ACC] => 0
    [CNTTRAN] => 0
    [CNTTRANRESERV] => 0
)

[2026-05-03 19:59:23] [INFO] (/home/redbarbe/public_html/telegram/webapps/action/ajax_get_tren.php:61) Array
(
    [KOD] => 817122
    [TIME_FROM] => 20:00
    [TIME_TO] => 21:00               
    [CLIENTS_CNT] => 0
    [TOV_NAME] => CrossActivity
    [ACC] => 0
    [CNTTRAN] => 0
    [CNTTRANRESERV] => 0
)

[2026-05-03 19:59:23] [INFO] (/home/redbarbe/public_html/telegram/webapps/action/ajax_get_tren.php:61) Array
(
    [KOD] => 817538
    [TIME_FROM] => 20:00
    [TIME_TO] => 21:00               
    [CLIENTS_CNT] => 0
    [TOV_NAME] => Бокс
    [ACC] => 0
    [CNTTRAN] => 1
    [CNTTRANRESERV] => 0
)

[2026-05-03 20:00:21] [INFO] (/home/redbarbe/public_html/telegram/webapps/action/ajax_fitness_zapis.php:22) Array
(
    [ajax_method] => 2
    [action] => ajax_fitness_zapis
    [dat] => 04.05.2026
    [acc] => 15436
    [trenid] => 817330
    [ost_all] => 100
    [ip_club] => 178.158.212.173
    [acctozapis] => 0
    [time_from] => 19:30
)

[2026-05-03 20:11:37] [INFO] (/home/redbarbe/public_html/telegram/webapps/action/hist_grp.php:116) Array
(
    [dbeg] => 03.02.2026
    [dend] => today
    [acc] => 13443
    [command] => get_grp_history
)

[2026-05-03 20:11:37] [INFO] (/home/redbarbe/public_html/telegram/webapps/action/hist_grp.php:117) ip=193.194.107.2
[2026-05-03 20:11:56] [INFO] (/home/redbarbe/public_html/telegram/webapps/action/ajax_get_tren.php:35) Array
(
    [0] => Array
        (
            [KOD] => 675245
            [TIME_FROM] =>  9:00
            [TIME_TO] => 10:00               
            [CLIENTS_CNT] => 0
            [TOV_NAME] => CrossActivity
            [ACC] => 0
            [CNTTRAN] => 0
            [CNTTRANRESERV] => 0
        )

    [1] => Array
        (
            [KOD] => 675557
            [TIME_FROM] => 08:00
            [TIME_TO] => 09:00               
            [CLIENTS_CNT] => 0
            [TOV_NAME] => Morning Functional
            [ACC] => 0
            [CNTTRAN] => 0
            [CNTTRANRESERV] => 0
        )

    [2] => Array
        (
            [KOD] => 675401
            [TIME_FROM] => 17:00
            [TIME_TO] => 18:00               
            [CLIENTS_CNT] => 0
            [TOV_NAME] => Бокс Kids
            [ACC] => 0
            [CNTTRAN] => 0
            [CNTTRANRESERV] => 0
        )

    [3] => Array
        (
            [KOD] => 675869
            [TIME_FROM] => 18:00
            [TIME_TO] => 19:00               
            [CLIENTS_CNT] => 0
            [TOV_NAME] => Superhero Workout
            [ACC] => 0
            [CNTTRAN] => 0
            [CNTTRANRESERV] => 0
        )

    [4] => Array
        (
            [KOD] => 675713
            [TIME_FROM] => 19:00
            [TIME_TO] => 20:00               
            [CLIENTS_CNT] => 0
            [TOV_NAME] => Evening Functional
            [ACC] => 0
            [CNTTRAN] => 0
            [CNTTRANRESERV] => 0
        )

    [5] => Array
        (
            [KOD] => 674621
            [TIME_FROM] => 19:30
            [TIME_TO] => 20:30               
            [CLIENTS_CNT] => 0
            [TOV_NAME] => Stretching
            [ACC] => 0
            [CNTTRAN] => 1
            [CNTTRANRESERV] => 0
        )

    [6] => Array
        (
            [KOD] => 674777
            [TIME_FROM] => 20:00
            [TIME_TO] => 21:00               
            [CLIENTS_CNT] => 0
            [TOV_NAME] => CrossActivity Pro
            [ACC] => 0
            [CNTTRAN] => 0
            [CNTTRANRESERV] => 0
        )

    [7] => Array
        (
            [KOD] => 674933
            [TIME_FROM] => 20:00
            [TIME_TO] => 21:00               
            [CLIENTS_CNT] => 0
            [TOV_NAME] => Бокс.
            [ACC] => 0
            [CNTTRAN] => 0
            [CNTTRANRESERV] => 0
        )

    [8] => Array
        (
            [KOD] => 675089
            [TIME_FROM] => 20:30
            [TIME_TO] => 21:30               
            [CLIENTS_CNT] => 0
            [TOV_NAME] => Йога
            [ACC] => 0
            [CNTTRAN] => 2
            [CNTTRANRESERV] => 0
        )

)

[2026-05-03 20:11:56] [INFO] (/home/redbarbe/public_html/telegram/webapps/action/ajax_get_tren.php:61) Array
(
    [KOD] => 675245
    [TIME_FROM] =>  9:00
    [TIME_TO] => 10:00               
    [CLIENTS_CNT] => 0
    [TOV_NAME] => CrossActivity
    [ACC] => 0
    [CNTTRAN] => 0
    [CNTTRANRESERV] => 0
)

[2026-05-03 20:11:56] [INFO] (/home/redbarbe/public_html/telegram/webapps/action/ajax_get_tren.php:61) Array
(
    [KOD] => 675557
    [TIME_FROM] => 08:00
    [TIME_TO] => 09:00               
    [CLIENTS_CNT] => 0
    [TOV_NAME] => Morning Functional
    [ACC] => 0
    [CNTTRAN] => 0
    [CNTTRANRESERV] => 0
)

[2026-05-03 20:11:56] [INFO] (/home/redbarbe/public_html/telegram/webapps/action/ajax_get_tren.php:61) Array
(
    [KOD] => 675401
    [TIME_FROM] => 17:00
    [TIME_TO] => 18:00               
    [CLIENTS_CNT] => 0
    [TOV_NAME] => Бокс Kids
    [ACC] => 0
    [CNTTRAN] => 0
    [CNTTRANRESERV] => 0
)

[2026-05-03 20:11:56] [INFO] (/home/redbarbe/public_html/telegram/webapps/action/ajax_get_tren.php:61) Array
(
    [KOD] => 675869
    [TIME_FROM] => 18:00
    [TIME_TO] => 19:00               
    [CLIENTS_CNT] => 0
    [TOV_NAME] => Superhero Workout
    [ACC] => 0
    [CNTTRAN] => 0
    [CNTTRANRESERV] => 0
)

[2026-05-03 20:11:56] [INFO] (/home/redbarbe/public_html/telegram/webapps/action/ajax_get_tren.php:61) Array
(
    [KOD] => 675713
    [TIME_FROM] => 19:00
    [TIME_TO] => 20:00               
    [CLIENTS_CNT] => 0
    [TOV_NAME] => Evening Functional
    [ACC] => 0
    [CNTTRAN] => 0
    [CNTTRANRESERV] => 0
)

[2026-05-03 20:11:56] [INFO] (/home/redbarbe/public_html/telegram/webapps/action/ajax_get_tren.php:61) Array
(
    [KOD] => 674621
    [TIME_FROM] => 19:30
    [TIME_TO] => 20:30               
    [CLIENTS_CNT] => 0
    [TOV_NAME] => Stretching
    [ACC] => 0
    [CNTTRAN] => 1
    [CNTTRANRESERV] => 0
)

[2026-05-03 20:11:56] [INFO] (/home/redbarbe/public_html/telegram/webapps/action/ajax_get_tren.php:61) Array
(
    [KOD] => 674777
    [TIME_FROM] => 20:00
    [TIME_TO] => 21:00               
    [CLIENTS_CNT] => 0
    [TOV_NAME] => CrossActivity Pro
    [ACC] => 0
    [CNTTRAN] => 0
    [CNTTRANRESERV] => 0
)

[2026-05-03 20:11:56] [INFO] (/home/redbarbe/public_html/telegram/webapps/action/ajax_get_tren.php:61) Array
(
    [KOD] => 674933
    [TIME_FROM] => 20:00
    [TIME_TO] => 21:00               
    [CLIENTS_CNT] => 0
    [TOV_NAME] => Бокс.
    [ACC] => 0
    [CNTTRAN] => 0
    [CNTTRANRESERV] => 0
)

[2026-05-03 20:11:56] [INFO] (/home/redbarbe/public_html/telegram/webapps/action/ajax_get_tren.php:61) Array
(
    [KOD] => 675089
    [TIME_FROM] => 20:30
    [TIME_TO] => 21:30               
    [CLIENTS_CNT] => 0
    [TOV_NAME] => Йога
    [ACC] => 0
    [CNTTRAN] => 2
    [CNTTRANRESERV] => 0
)

[2026-05-03 20:12:15] [INFO] (/home/redbarbe/public_html/telegram/webapps/action/my_zapis.php:114) 
[2026-05-03 20:16:45] [INFO] (/home/redbarbe/public_html/telegram/webapps/action/hist_ost_poslug.php:119) Array
(
    [acc] => 14166
    [command] => GET_OST_POSLUG_ACC
)

[2026-05-03 20:16:45] [INFO] (/home/redbarbe/public_html/telegram/webapps/action/hist_ost_poslug.php:120) ip=212.26.139.90
[2026-05-03 20:59:32] [INFO] (/home/redbarbe/public_html/telegram/webapps/action/hist_ost_poslug.php:119) Array
(
    [acc] => 15476
    [command] => GET_OST_POSLUG_ACC
)

[2026-05-03 20:59:32] [INFO] (/home/redbarbe/public_html/telegram/webapps/action/hist_ost_poslug.php:120) ip=178.158.212.173
[2026-05-03 20:59:39] [INFO] (/home/redbarbe/public_html/telegram/webapps/action/hist_ind.php:116) Array
(
    [dbeg] => 03.02.2026
    [dend] => today
    [acc] => 15476
    [command] => get_ind_history
)

[2026-05-03 20:59:39] [INFO] (/home/redbarbe/public_html/telegram/webapps/action/hist_ind.php:117) ip=178.158.212.173
[2026-05-03 21:00:05] [INFO] (/home/redbarbe/public_html/telegram/webapps/action/hist_grp.php:116) Array
(
    [dbeg] => 03.02.2026
    [dend] => today
    [acc] => 15476
    [command] => get_grp_history
)

[2026-05-03 21:00:05] [INFO] (/home/redbarbe/public_html/telegram/webapps/action/hist_grp.php:117) ip=178.158.212.173
[2026-05-03 21:13:32] [INFO] (/home/redbarbe/public_html/telegram/webapps/action/ajax_get_tren.php:35) Array
(
    [0] => Array
        (
            [KOD] => 840979
            [TIME_FROM] => 08:00
            [TIME_TO] => 09:00               
            [CLIENTS_CNT] => 0
            [TOV_NAME] => Бокс
            [ACC] => 0
            [CNTTRAN] => 0
            [CNTTRANRESERV] => 0
        )

    [1] => Array
        (
            [KOD] => 840670
            [TIME_FROM] => 10:00
            [TIME_TO] => 11:00               
            [CLIENTS_CNT] => 0
            [TOV_NAME] => Степ-аеробіка
            [ACC] => 0
            [CNTTRAN] => 0
            [CNTTRANRESERV] => 0
        )

    [2] => Array
        (
            [KOD] => 840567
            [TIME_FROM] => 18:00
            [TIME_TO] => 19:00               
            [CLIENTS_CNT] => 0
            [TOV_NAME] => Stretching
            [ACC] => 0
            [CNTTRAN] => 0
            [CNTTRANRESERV] => 0
        )

    [3] => Array
        (
            [KOD] => 840258
            [TIME_FROM] => 19:00
            [TIME_TO] => 20:00               
            [CLIENTS_CNT] => 0
            [TOV_NAME] => Степ-аеробіка
            [ACC] => 0
            [CNTTRAN] => 0
            [CNTTRANRESERV] => 0
        )

    [4] => Array
        (
            [KOD] => 840361
            [TIME_FROM] => 19:00
            [TIME_TO] => 20:00               
            [CLIENTS_CNT] => 0
            [TOV_NAME] => Бокс Kids
            [ACC] => 0
            [CNTTRAN] => 0
            [CNTTRANRESERV] => 0
        )

    [5] => Array
        (
            [KOD] => 840464
            [TIME_FROM] => 20:00
            [TIME_TO] => 21:00               
            [CLIENTS_CNT] => 0
            [TOV_NAME] => Cross Activity
            [ACC] => 0
            [CNTTRAN] => 1
            [CNTTRANRESERV] => 0
        )

    [6] => Array
        (
            [KOD] => 840876
            [TIME_FROM] => 20:00
            [TIME_TO] => 21:00               
            [CLIENTS_CNT] => 0
            [TOV_NAME] => Бокс
            [ACC] => 0
            [CNTTRAN] => 0
            [CNTTRANRESERV] => 0
        )

    [7] => Array
        (
            [KOD] => 840773
            [TIME_FROM] => 20:00
            [TIME_TO] => 21:00               
            [CLIENTS_CNT] => 0
            [TOV_NAME] => Functional Body
            [ACC] => 0
            [CNTTRAN] => 0
            [CNTTRANRESERV] => 0
        )

)

[2026-05-03 21:13:32] [INFO] (/home/redbarbe/public_html/telegram/webapps/action/ajax_get_tren.php:61) Array
(
    [KOD] => 840979
    [TIME_FROM] => 08:00
    [TIME_TO] => 09:00               
    [CLIENTS_CNT] => 0
    [TOV_NAME] => Бокс
    [ACC] => 0
    [CNTTRAN] => 0
    [CNTTRANRESERV] => 0
)

[2026-05-03 21:13:32] [INFO] (/home/redbarbe/public_html/telegram/webapps/action/ajax_get_tren.php:61) Array
(
    [KOD] => 840670
    [TIME_FROM] => 10:00
    [TIME_TO] => 11:00               
    [CLIENTS_CNT] => 0
    [TOV_NAME] => Степ-аеробіка
    [ACC] => 0
    [CNTTRAN] => 0
    [CNTTRANRESERV] => 0
)

[2026-05-03 21:13:32] [INFO] (/home/redbarbe/public_html/telegram/webapps/action/ajax_get_tren.php:61) Array
(
    [KOD] => 840567
    [TIME_FROM] => 18:00
    [TIME_TO] => 19:00               
    [CLIENTS_CNT] => 0
    [TOV_NAME] => Stretching
    [ACC] => 0
    [CNTTRAN] => 0
    [CNTTRANRESERV] => 0
)

[2026-05-03 21:13:32] [INFO] (/home/redbarbe/public_html/telegram/webapps/action/ajax_get_tren.php:61) Array
(
    [KOD] => 840258
    [TIME_FROM] => 19:00
    [TIME_TO] => 20:00               
    [CLIENTS_CNT] => 0
    [TOV_NAME] => Степ-аеробіка
    [ACC] => 0
    [CNTTRAN] => 0
    [CNTTRANRESERV] => 0
)

[2026-05-03 21:13:32] [INFO] (/home/redbarbe/public_html/telegram/webapps/action/ajax_get_tren.php:61) Array
(
    [KOD] => 840361
    [TIME_FROM] => 19:00
    [TIME_TO] => 20:00               
    [CLIENTS_CNT] => 0
    [TOV_NAME] => Бокс Kids
    [ACC] => 0
    [CNTTRAN] => 0
    [CNTTRANRESERV] => 0
)

[2026-05-03 21:13:32] [INFO] (/home/redbarbe/public_html/telegram/webapps/action/ajax_get_tren.php:61) Array
(
    [KOD] => 840464
    [TIME_FROM] => 20:00
    [TIME_TO] => 21:00               
    [CLIENTS_CNT] => 0
    [TOV_NAME] => Cross Activity
    [ACC] => 0
    [CNTTRAN] => 1
    [CNTTRANRESERV] => 0
)

[2026-05-03 21:13:32] [INFO] (/home/redbarbe/public_html/telegram/webapps/action/ajax_get_tren.php:61) Array
(
    [KOD] => 840876
    [TIME_FROM] => 20:00
    [TIME_TO] => 21:00               
    [CLIENTS_CNT] => 0
    [TOV_NAME] => Бокс
    [ACC] => 0
    [CNTTRAN] => 0
    [CNTTRANRESERV] => 0
)

[2026-05-03 21:13:32] [INFO] (/home/redbarbe/public_html/telegram/webapps/action/ajax_get_tren.php:61) Array
(
    [KOD] => 840773
    [TIME_FROM] => 20:00
    [TIME_TO] => 21:00               
    [CLIENTS_CNT] => 0
    [TOV_NAME] => Functional Body
    [ACC] => 0
    [CNTTRAN] => 0
    [CNTTRANRESERV] => 0
)

[2026-05-03 21:20:45] [INFO] (/home/redbarbe/public_html/telegram/webapps/action/ajax_get_tren.php:35) Array
(
    [0] => Array
        (
            [KOD] => 803685
            [TIME_FROM] => 11:00
            [TIME_TO] => 12:00               
            [CLIENTS_CNT] => 5
            [TOV_NAME] => Cycle
            [ACC] => 0
            [CNTTRAN] => 3
            [CNTTRANRESERV] => 0
        )

    [1] => Array
        (
            [KOD] => 803736
            [TIME_FROM] => 12:00
            [TIME_TO] => 13:00               
            [CLIENTS_CNT] => 0
            [TOV_NAME] => Stretching
            [ACC] => 0
            [CNTTRAN] => 3
            [CNTTRANRESERV] => 0
        )

)

[2026-05-03 21:20:45] [INFO] (/home/redbarbe/public_html/telegram/webapps/action/ajax_get_tren.php:61) Array
(
    [KOD] => 803685
    [TIME_FROM] => 11:00
    [TIME_TO] => 12:00               
    [CLIENTS_CNT] => 5
    [TOV_NAME] => Cycle
    [ACC] => 0
    [CNTTRAN] => 3
    [CNTTRANRESERV] => 0
)

[2026-05-03 21:20:45] [INFO] (/home/redbarbe/public_html/telegram/webapps/action/ajax_get_tren.php:61) Array
(
    [KOD] => 803736
    [TIME_FROM] => 12:00
    [TIME_TO] => 13:00               
    [CLIENTS_CNT] => 0
    [TOV_NAME] => Stretching
    [ACC] => 0
    [CNTTRAN] => 3
    [CNTTRANRESERV] => 0
)

[2026-05-03 21:20:48] [INFO] (/home/redbarbe/public_html/telegram/webapps/action/ajax_get_tren.php:35) Array
(
    [0] => Array
        (
            [KOD] => 817746
            [TIME_FROM] => 09:00
            [TIME_TO] => 10:00               
            [CLIENTS_CNT] => 0
            [TOV_NAME] => CrossActivity
            [ACC] => 0
            [CNTTRAN] => 0
            [CNTTRANRESERV] => 0
        )

    [1] => Array
        (
            [KOD] => 817018
            [TIME_FROM] => 09:00
            [TIME_TO] => 10:00               
            [CLIENTS_CNT] => 0
            [TOV_NAME] => Total Body
            [ACC] => 0
            [CNTTRAN] => 0
            [CNTTRANRESERV] => 0
        )

    [2] => Array
        (
            [KOD] => 816810
            [TIME_FROM] => 14:00
            [TIME_TO] => 15:00               
            [CLIENTS_CNT] => 0
            [TOV_NAME] => FitnessMix
            [ACC] => 0
            [CNTTRAN] => 0
            [CNTTRANRESERV] => 0
        )

    [3] => Array
        (
            [KOD] => 817642
            [TIME_FROM] => 18:00
            [TIME_TO] => 19:00               
            [CLIENTS_CNT] => 0
            [TOV_NAME] => Паркур Kids
            [ACC] => 0
            [CNTTRAN] => 0
            [CNTTRANRESERV] => 0
        )

    [4] => Array
        (
            [KOD] => 817226
            [TIME_FROM] => 18:30
            [TIME_TO] => 19:30               
            [CLIENTS_CNT] => 0
            [TOV_NAME] => Pilates
            [ACC] => 0
            [CNTTRAN] => 0
            [CNTTRANRESERV] => 0
        )

    [5] => Array
        (
            [KOD] => 817434
            [TIME_FROM] => 19:00
            [TIME_TO] => 20:00               
            [CLIENTS_CNT] => 0
            [TOV_NAME] => Паркур
            [ACC] => 0
            [CNTTRAN] => 0
            [CNTTRANRESERV] => 0
        )

    [6] => Array
        (
            [KOD] => 816914
            [TIME_FROM] => 19:00
            [TIME_TO] => 20:00               
            [CLIENTS_CNT] => 0
            [TOV_NAME] => CrossActivity
            [ACC] => 0
            [CNTTRAN] => 0
            [CNTTRANRESERV] => 0
        )

    [7] => Array
        (
            [KOD] => 817330
            [TIME_FROM] => 19:30
            [TIME_TO] => 20:30               
            [CLIENTS_CNT] => 0
            [TOV_NAME] => TRX
            [ACC] => 0
            [CNTTRAN] => 1
            [CNTTRANRESERV] => 0
        )

    [8] => Array
        (
            [KOD] => 817122
            [TIME_FROM] => 20:00
            [TIME_TO] => 21:00               
            [CLIENTS_CNT] => 0
            [TOV_NAME] => CrossActivity
            [ACC] => 0
            [CNTTRAN] => 0
            [CNTTRANRESERV] => 0
        )

    [9] => Array
        (
            [KOD] => 817538
            [TIME_FROM] => 20:00
            [TIME_TO] => 21:00               
            [CLIENTS_CNT] => 0
            [TOV_NAME] => Бокс
            [ACC] => 0
            [CNTTRAN] => 1
            [CNTTRANRESERV] => 0
        )

)

[2026-05-03 21:20:48] [INFO] (/home/redbarbe/public_html/telegram/webapps/action/ajax_get_tren.php:61) Array
(
    [KOD] => 817746
    [TIME_FROM] => 09:00
    [TIME_TO] => 10:00               
    [CLIENTS_CNT] => 0
    [TOV_NAME] => CrossActivity
    [ACC] => 0
    [CNTTRAN] => 0
    [CNTTRANRESERV] => 0
)

[2026-05-03 21:20:48] [INFO] (/home/redbarbe/public_html/telegram/webapps/action/ajax_get_tren.php:61) Array
(
    [KOD] => 817018
    [TIME_FROM] => 09:00
    [TIME_TO] => 10:00               
    [CLIENTS_CNT] => 0
    [TOV_NAME] => Total Body
    [ACC] => 0
    [CNTTRAN] => 0
    [CNTTRANRESERV] => 0
)

[2026-05-03 21:20:48] [INFO] (/home/redbarbe/public_html/telegram/webapps/action/ajax_get_tren.php:61) Array
(
    [KOD] => 816810
    [TIME_FROM] => 14:00
    [TIME_TO] => 15:00               
    [CLIENTS_CNT] => 0
    [TOV_NAME] => FitnessMix
    [ACC] => 0
    [CNTTRAN] => 0
    [CNTTRANRESERV] => 0
)

[2026-05-03 21:20:48] [INFO] (/home/redbarbe/public_html/telegram/webapps/action/ajax_get_tren.php:61) Array
(
    [KOD] => 817642
    [TIME_FROM] => 18:00
    [TIME_TO] => 19:00               
    [CLIENTS_CNT] => 0
    [TOV_NAME] => Паркур Kids
    [ACC] => 0
    [CNTTRAN] => 0
    [CNTTRANRESERV] => 0
)

[2026-05-03 21:20:48] [INFO] (/home/redbarbe/public_html/telegram/webapps/action/ajax_get_tren.php:61) Array
(
    [KOD] => 817226
    [TIME_FROM] => 18:30
    [TIME_TO] => 19:30               
    [CLIENTS_CNT] => 0
    [TOV_NAME] => Pilates
    [ACC] => 0
    [CNTTRAN] => 0
    [CNTTRANRESERV] => 0
)

[2026-05-03 21:20:48] [INFO] (/home/redbarbe/public_html/telegram/webapps/action/ajax_get_tren.php:61) Array
(
    [KOD] => 817434
    [TIME_FROM] => 19:00
    [TIME_TO] => 20:00               
    [CLIENTS_CNT] => 0
    [TOV_NAME] => Паркур
    [ACC] => 0
    [CNTTRAN] => 0
    [CNTTRANRESERV] => 0
)

[2026-05-03 21:20:48] [INFO] (/home/redbarbe/public_html/telegram/webapps/action/ajax_get_tren.php:61) Array
(
    [KOD] => 816914
    [TIME_FROM] => 19:00
    [TIME_TO] => 20:00               
    [CLIENTS_CNT] => 0
    [TOV_NAME] => CrossActivity
    [ACC] => 0
    [CNTTRAN] => 0
    [CNTTRANRESERV] => 0
)

[2026-05-03 21:20:48] [INFO] (/home/redbarbe/public_html/telegram/webapps/action/ajax_get_tren.php:61) Array
(
    [KOD] => 817330
    [TIME_FROM] => 19:30
    [TIME_TO] => 20:30               
    [CLIENTS_CNT] => 0
    [TOV_NAME] => TRX
    [ACC] => 0
    [CNTTRAN] => 1
    [CNTTRANRESERV] => 0
)

[2026-05-03 21:20:48] [INFO] (/home/redbarbe/public_html/telegram/webapps/action/ajax_get_tren.php:61) Array
(
    [KOD] => 817122
    [TIME_FROM] => 20:00
    [TIME_TO] => 21:00               
    [CLIENTS_CNT] => 0
    [TOV_NAME] => CrossActivity
    [ACC] => 0
    [CNTTRAN] => 0
    [CNTTRANRESERV] => 0
)

[2026-05-03 21:20:48] [INFO] (/home/redbarbe/public_html/telegram/webapps/action/ajax_get_tren.php:61) Array
(
    [KOD] => 817538
    [TIME_FROM] => 20:00
    [TIME_TO] => 21:00               
    [CLIENTS_CNT] => 0
    [TOV_NAME] => Бокс
    [ACC] => 0
    [CNTTRAN] => 1
    [CNTTRANRESERV] => 0
)

[2026-05-03 21:21:03] [INFO] (/home/redbarbe/public_html/telegram/webapps/action/ajax_get_tren.php:35) Array
(
    [0] => Array
        (
            [KOD] => 809718
            [TIME_FROM] => 10:00
            [TIME_TO] => 11:00               
            [CLIENTS_CNT] => 0
            [TOV_NAME] => Йога
            [ACC] => 0
            [CNTTRAN] => 0
            [CNTTRANRESERV] => 0
        )

    [1] => Array
        (
            [KOD] => 810803
            [TIME_FROM] => 18:00
            [TIME_TO] => 19:00               
            [CLIENTS_CNT] => 0
            [TOV_NAME] => Aesthetic Gymnastics
            [ACC] => 0
            [CNTTRAN] => 0
            [CNTTRANRESERV] => 0
        )

    [2] => Array
        (
            [KOD] => 810338
            [TIME_FROM] => 18:00
            [TIME_TO] => 19:00               
            [CLIENTS_CNT] => 0
            [TOV_NAME] => Паркур Kids
            [ACC] => 0
            [CNTTRAN] => 0
            [CNTTRANRESERV] => 0
        )

    [3] => Array
        (
            [KOD] => 809873
            [TIME_FROM] => 19:00
            [TIME_TO] => 20:00               
            [CLIENTS_CNT] => 0
            [TOV_NAME] => Паркур
            [ACC] => 0
            [CNTTRAN] => 0
            [CNTTRANRESERV] => 0
        )

    [4] => Array
        (
            [KOD] => 810493
            [TIME_FROM] => 19:00
            [TIME_TO] => 20:00               
            [CLIENTS_CNT] => 0
            [TOV_NAME] => CrossActivity
            [ACC] => 0
            [CNTTRAN] => 0
            [CNTTRANRESERV] => 0
        )

    [5] => Array
        (
            [KOD] => 810648
            [TIME_FROM] => 19:00
            [TIME_TO] => 20:00               
            [CLIENTS_CNT] => 5
            [TOV_NAME] => Cycle
            [ACC] => 0
            [CNTTRAN] => 0
            [CNTTRANRESERV] => 0
        )

    [6] => Array
        (
            [KOD] => 810028
            [TIME_FROM] => 19:00
            [TIME_TO] => 20:00               
            [CLIENTS_CNT] => 0
            [TOV_NAME] => FitnessMix
            [ACC] => 0
            [CNTTRAN] => 0
            [CNTTRANRESERV] => 0
        )

    [7] => Array
        (
            [KOD] => 810183
            [TIME_FROM] => 19:00
            [TIME_TO] => 20:00               
            [CLIENTS_CNT] => 0
            [TOV_NAME] => Йога
            [ACC] => 0
            [CNTTRAN] => 0
            [CNTTRANRESERV] => 0
        )

)

[2026-05-03 21:21:03] [INFO] (/home/redbarbe/public_html/telegram/webapps/action/ajax_get_tren.php:61) Array
(
    [KOD] => 809718
    [TIME_FROM] => 10:00
    [TIME_TO] => 11:00               
    [CLIENTS_CNT] => 0
    [TOV_NAME] => Йога
    [ACC] => 0
    [CNTTRAN] => 0
    [CNTTRANRESERV] => 0
)

[2026-05-03 21:21:03] [INFO] (/home/redbarbe/public_html/telegram/webapps/action/ajax_get_tren.php:61) Array
(
    [KOD] => 810803
    [TIME_FROM] => 18:00
    [TIME_TO] => 19:00               
    [CLIENTS_CNT] => 0
    [TOV_NAME] => Aesthetic Gymnastics
    [ACC] => 0
    [CNTTRAN] => 0
    [CNTTRANRESERV] => 0
)

[2026-05-03 21:21:03] [INFO] (/home/redbarbe/public_html/telegram/webapps/action/ajax_get_tren.php:61) Array
(
    [KOD] => 810338
    [TIME_FROM] => 18:00
    [TIME_TO] => 19:00               
    [CLIENTS_CNT] => 0
    [TOV_NAME] => Паркур Kids
    [ACC] => 0
    [CNTTRAN] => 0
    [CNTTRANRESERV] => 0
)

[2026-05-03 21:21:03] [INFO] (/home/redbarbe/public_html/telegram/webapps/action/ajax_get_tren.php:61) Array
(
    [KOD] => 809873
    [TIME_FROM] => 19:00
    [TIME_TO] => 20:00               
    [CLIENTS_CNT] => 0
    [TOV_NAME] => Паркур
    [ACC] => 0
    [CNTTRAN] => 0
    [CNTTRANRESERV] => 0
)

[2026-05-03 21:21:03] [INFO] (/home/redbarbe/public_html/telegram/webapps/action/ajax_get_tren.php:61) Array
(
    [KOD] => 810493
    [TIME_FROM] => 19:00
    [TIME_TO] => 20:00               
    [CLIENTS_CNT] => 0
    [TOV_NAME] => CrossActivity
    [ACC] => 0
    [CNTTRAN] => 0
    [CNTTRANRESERV] => 0
)

[2026-05-03 21:21:03] [INFO] (/home/redbarbe/public_html/telegram/webapps/action/ajax_get_tren.php:61) Array
(
    [KOD] => 810648
    [TIME_FROM] => 19:00
    [TIME_TO] => 20:00               
    [CLIENTS_CNT] => 5
    [TOV_NAME] => Cycle
    [ACC] => 0
    [CNTTRAN] => 0
    [CNTTRANRESERV] => 0
)

[2026-05-03 21:21:03] [INFO] (/home/redbarbe/public_html/telegram/webapps/action/ajax_get_tren.php:61) Array
(
    [KOD] => 810028
    [TIME_FROM] => 19:00
    [TIME_TO] => 20:00               
    [CLIENTS_CNT] => 0
    [TOV_NAME] => FitnessMix
    [ACC] => 0
    [CNTTRAN] => 0
    [CNTTRANRESERV] => 0
)

[2026-05-03 21:21:03] [INFO] (/home/redbarbe/public_html/telegram/webapps/action/ajax_get_tren.php:61) Array
(
    [KOD] => 810183
    [TIME_FROM] => 19:00
    [TIME_TO] => 20:00               
    [CLIENTS_CNT] => 0
    [TOV_NAME] => Йога
    [ACC] => 0
    [CNTTRAN] => 0
    [CNTTRANRESERV] => 0
)

[2026-05-03 21:30:52] [INFO] (/home/redbarbe/public_html/telegram/webapps/action/hist_ind.php:116) Array
(
    [dbeg] => 03.02.2026
    [dend] => today
    [acc] => 14185
    [command] => get_ind_history
)

[2026-05-03 21:30:52] [INFO] (/home/redbarbe/public_html/telegram/webapps/action/hist_ind.php:117) ip=212.26.139.90
[2026-05-03 21:49:48] [INFO] (/home/redbarbe/public_html/telegram/webapps/action/ajax_get_tren.php:35) Array
(
    [0] => Array
        (
            [KOD] => 803685
            [TIME_FROM] => 11:00
            [TIME_TO] => 12:00               
            [CLIENTS_CNT] => 5
            [TOV_NAME] => Cycle
            [ACC] => 0
            [CNTTRAN] => 3
            [CNTTRANRESERV] => 0
        )

    [1] => Array
        (
            [KOD] => 803736
            [TIME_FROM] => 12:00
            [TIME_TO] => 13:00               
            [CLIENTS_CNT] => 0
            [TOV_NAME] => Stretching
            [ACC] => 0
            [CNTTRAN] => 3
            [CNTTRANRESERV] => 0
        )

)

[2026-05-03 21:49:48] [INFO] (/home/redbarbe/public_html/telegram/webapps/action/ajax_get_tren.php:61) Array
(
    [KOD] => 803685
    [TIME_FROM] => 11:00
    [TIME_TO] => 12:00               
    [CLIENTS_CNT] => 5
    [TOV_NAME] => Cycle
    [ACC] => 0
    [CNTTRAN] => 3
    [CNTTRANRESERV] => 0
)

[2026-05-03 21:49:48] [INFO] (/home/redbarbe/public_html/telegram/webapps/action/ajax_get_tren.php:61) Array
(
    [KOD] => 803736
    [TIME_FROM] => 12:00
    [TIME_TO] => 13:00               
    [CLIENTS_CNT] => 0
    [TOV_NAME] => Stretching
    [ACC] => 0
    [CNTTRAN] => 3
    [CNTTRANRESERV] => 0
)

[2026-05-03 22:04:44] [INFO] (/home/redbarbe/public_html/telegram/webapps/action/ajax_get_tren.php:35) Нет связи с сервером
[2026-05-03 22:18:02] [INFO] (/home/redbarbe/public_html/telegram/webapps/action/hist_ost_poslug.php:119) Array
(
    [acc] => 212
    [command] => GET_OST_POSLUG_ACC
)

[2026-05-03 22:18:02] [INFO] (/home/redbarbe/public_html/telegram/webapps/action/hist_ost_poslug.php:120) ip=109.86.110.220
[2026-05-03 22:33:32] [INFO] (/home/redbarbe/public_html/telegram/webapps/action/hist_ind.php:116) Array
(
    [dbeg] => 03.02.2026
    [dend] => today
    [acc] => 14218
    [command] => get_ind_history
)

[2026-05-03 22:33:32] [INFO] (/home/redbarbe/public_html/telegram/webapps/action/hist_ind.php:117) ip=178.151.119.180
[2026-05-03 22:36:26] [INFO] (/home/redbarbe/public_html/telegram/webapps/action/ajax_get_tren.php:35) Нет связи с сервером
[2026-05-03 22:36:36] [INFO] (/home/redbarbe/public_html/telegram/webapps/action/ajax_get_tren.php:35) Нет связи с сервером
[2026-05-03 22:36:36] [INFO] (/home/redbarbe/public_html/telegram/webapps/action/ajax_get_tren.php:35) Нет связи с сервером
[2026-05-03 22:36:45] [INFO] (/home/redbarbe/public_html/telegram/webapps/action/ajax_get_tren.php:35) Нет связи с сервером
[2026-05-03 23:07:13] [INFO] (/home/redbarbe/public_html/telegram/webapps/reports/report_pers_detal.php:22) Array
(
)

[2026-05-03 23:07:19] [INFO] (/home/redbarbe/public_html/telegram/webapps/reports/report_pers_detal.php:22) Array
(
    [ajax_method] => 2
    [action] => report_pers_detal
    [action_report] => report_view
    [admin] => 5
    [date_from] => 01.05.2026
    [date_to] => 04.05.2026
    [ip_club] => 109.86.110.220
    [podr] => all
    [sotr] => 1111
)

[2026-05-03 23:13:06] [INFO] (/home/redbarbe/public_html/telegram/webapps/action/hist_grp.php:116) Array
(
    [dbeg] => 03.02.2026
    [dend] => today
    [acc] => 14344
    [command] => get_grp_history
)

[2026-05-03 23:13:06] [INFO] (/home/redbarbe/public_html/telegram/webapps/action/hist_grp.php:117) ip=212.26.139.90
[2026-05-03 23:16:18] [INFO] (/home/redbarbe/public_html/telegram/webapps/action/hist_ost_poslug.php:119) Array
(
    [acc] => 14167
    [command] => GET_OST_POSLUG_ACC
)

[2026-05-03 23:16:18] [INFO] (/home/redbarbe/public_html/telegram/webapps/action/hist_ost_poslug.php:120) ip=212.26.139.90
[2026-05-03 23:16:29] [INFO] (/home/redbarbe/public_html/telegram/webapps/action/hist_ind.php:116) Array
(
    [dbeg] => 03.02.2026
    [dend] => today
    [acc] => 14167
    [command] => get_ind_history
)

[2026-05-03 23:16:29] [INFO] (/home/redbarbe/public_html/telegram/webapps/action/hist_ind.php:117) ip=212.26.139.90
[2026-05-03 23:53:12] [INFO] (/home/redbarbe/public_html/telegram/webapps/action/ajax_get_tren.php:35) Нет связи с сервером
