[2026-02-22 01:10:49] [INFO] (/home/redbarbe/public_html/telegram/webapps/action/hist_grp.php:16) SELECT a.name FROM `spr_acc` a, spr_users u WHERE u.active_account=a.acc and u.chat_id=a.chat_id and a.acc=11114 
and u.club=(select id from spr_clubs where ip_club="178.158.212.173") limit 1
[2026-02-22 01:10:49] [INFO] (/home/redbarbe/public_html/telegram/webapps/action/hist_grp.php:17) hist_grp
[2026-02-22 01:10:49] [INFO] (/home/redbarbe/public_html/telegram/webapps/action/hist_grp.php:108) Array
(
    [dbeg] => 22.11.2025
    [dend] => today
    [acc] => 11114
    [command] => get_grp_history
)

[2026-02-22 01:10:49] [INFO] (/home/redbarbe/public_html/telegram/webapps/action/hist_grp.php:109) ip=178.158.212.173
[2026-02-22 01:13:07] [INFO] (/home/redbarbe/public_html/telegram/webapps/action/ajax_get_tren.php:35) Нет связи с сервером
[2026-02-22 01:22:05] [INFO] (/home/redbarbe/public_html/telegram/webapps/reports/report_pers_detal.php:22) Array
(
)

[2026-02-22 01:22:13] [INFO] (/home/redbarbe/public_html/telegram/webapps/reports/report_pers_detal.php:22) Array
(
    [ajax_method] => 2
    [action] => report_pers_detal
    [action_report] => report_view
    [admin] => 5
    [date_from] => 01.02.2026
    [date_to] => 21.02.2026
    [ip_club] => 178.151.119.180
    [podr] => pt
    [sotr] => 0304
)

[2026-02-22 01:51:07] [INFO] (/home/redbarbe/public_html/telegram/webapps/action/hist_ost_poslug.php:19) SELECT a.name FROM `spr_acc` a, spr_users u WHERE u.active_account=a.acc and u.chat_id=a.chat_id and a.acc=14026 
and u.club=(select id from spr_clubs where ip_club="178.158.212.173") limit 1
[2026-02-22 01:51:07] [INFO] (/home/redbarbe/public_html/telegram/webapps/action/hist_ost_poslug.php:20) hist_ost_poslug
[2026-02-22 01:51:07] [INFO] (/home/redbarbe/public_html/telegram/webapps/action/hist_ost_poslug.php:111) Array
(
    [acc] => 14026
    [command] => GET_OST_POSLUG_ACC
)

[2026-02-22 01:51:07] [INFO] (/home/redbarbe/public_html/telegram/webapps/action/hist_ost_poslug.php:112) ip=178.158.212.173
[2026-02-22 01:51:13] [INFO] (/home/redbarbe/public_html/telegram/webapps/action/hist_ind.php:16) SELECT a.name FROM `spr_acc` a, spr_users u WHERE u.active_account=a.acc and u.chat_id=a.chat_id and a.acc=14026 
and u.club=(select id from spr_clubs where ip_club="178.158.212.173") limit 1
[2026-02-22 01:51:13] [INFO] (/home/redbarbe/public_html/telegram/webapps/action/hist_ind.php:17) hist_grp
[2026-02-22 01:51:13] [INFO] (/home/redbarbe/public_html/telegram/webapps/action/hist_ind.php:108) Array
(
    [dbeg] => 22.11.2025
    [dend] => today
    [acc] => 14026
    [command] => get_ind_history
)

[2026-02-22 01:51:13] [INFO] (/home/redbarbe/public_html/telegram/webapps/action/hist_ind.php:109) ip=178.158.212.173
[2026-02-22 08:00:12] [INFO] (/home/redbarbe/public_html/telegram/webapps/action/ajax_get_tren.php:35) Array
(
    [0] => Array
        (
            [KOD] => 803675
            [TIME_FROM] => 11:00
            [TIME_TO] => 12:00               
            [CLIENTS_CNT] => 5
            [TOV_NAME] => Cycle
            [ACC] => 0
            [CNTTRAN] => 3
            [CNTTRANRESERV] => 0
        )

    [1] => Array
        (
            [KOD] => 803726
            [TIME_FROM] => 12:00
            [TIME_TO] => 13:00               
            [CLIENTS_CNT] => 0
            [TOV_NAME] => Stretching
            [ACC] => 0
            [CNTTRAN] => 1
            [CNTTRANRESERV] => 0
        )

)

[2026-02-22 08:00:12] [INFO] (/home/redbarbe/public_html/telegram/webapps/action/ajax_get_tren.php:61) Array
(
    [KOD] => 803675
    [TIME_FROM] => 11:00
    [TIME_TO] => 12:00               
    [CLIENTS_CNT] => 5
    [TOV_NAME] => Cycle
    [ACC] => 0
    [CNTTRAN] => 3
    [CNTTRANRESERV] => 0
)

[2026-02-22 08:00:12] [INFO] (/home/redbarbe/public_html/telegram/webapps/action/ajax_get_tren.php:61) Array
(
    [KOD] => 803726
    [TIME_FROM] => 12:00
    [TIME_TO] => 13:00               
    [CLIENTS_CNT] => 0
    [TOV_NAME] => Stretching
    [ACC] => 0
    [CNTTRAN] => 1
    [CNTTRANRESERV] => 0
)

[2026-02-22 08:03:16] [INFO] (/home/redbarbe/public_html/telegram/webapps/action/chart.php:29) SELECT a.name FROM `spr_acc` a, spr_users u 
WHERE u.active_account=a.acc and u.chat_id=a.chat_id and a.chat_id="543770963"
and u.club=2 limit 1
[2026-02-22 08:03:16] [INFO] (/home/redbarbe/public_html/telegram/webapps/action/chart.php:30) Array
(
    [action] => chart
    [club] => 2
    [admin] => 1
    [who_user_write] => 1847184190
    [chatid] => 543770963
)

[2026-02-22 08:05:38] [INFO] (/home/redbarbe/public_html/telegram/webapps/action/chart.php:29) SELECT a.name FROM `spr_acc` a, spr_users u 
WHERE u.active_account=a.acc and u.chat_id=a.chat_id and a.chat_id="543770963"
and u.club=2 limit 1
[2026-02-22 08:05:38] [INFO] (/home/redbarbe/public_html/telegram/webapps/action/chart.php:30) Array
(
    [action] => chart
    [club] => 2
    [admin] => 1
    [who_user_write] => 1847184190
    [chatid] => 543770963
)

[2026-02-22 08:19:17] [INFO] (/home/redbarbe/public_html/telegram/webapps/reports/report_pers_detal.php:22) Array
(
)

[2026-02-22 08:19:24] [INFO] (/home/redbarbe/public_html/telegram/webapps/reports/report_pers_detal.php:22) Array
(
    [ajax_method] => 2
    [action] => report_pers_detal
    [action_report] => report_view
    [admin] => 5
    [date_from] => 20.02.2026
    [date_to] => 20.02.2026
    [ip_club] => 178.151.119.180
    [podr] => pt
    [sotr] => 0718
)

[2026-02-22 08:38:19] [INFO] (/home/redbarbe/public_html/telegram/webapps/action/ajax_get_tren.php:35) Array
(
    [0] => Array
        (
            [KOD] => 803675
            [TIME_FROM] => 11:00
            [TIME_TO] => 12:00               
            [CLIENTS_CNT] => 5
            [TOV_NAME] => Cycle
            [ACC] => 0
            [CNTTRAN] => 3
            [CNTTRANRESERV] => 0
        )

    [1] => Array
        (
            [KOD] => 803726
            [TIME_FROM] => 12:00
            [TIME_TO] => 13:00               
            [CLIENTS_CNT] => 0
            [TOV_NAME] => Stretching
            [ACC] => 0
            [CNTTRAN] => 1
            [CNTTRANRESERV] => 0
        )

)

[2026-02-22 08:38:19] [INFO] (/home/redbarbe/public_html/telegram/webapps/action/ajax_get_tren.php:61) Array
(
    [KOD] => 803675
    [TIME_FROM] => 11:00
    [TIME_TO] => 12:00               
    [CLIENTS_CNT] => 5
    [TOV_NAME] => Cycle
    [ACC] => 0
    [CNTTRAN] => 3
    [CNTTRANRESERV] => 0
)

[2026-02-22 08:38:19] [INFO] (/home/redbarbe/public_html/telegram/webapps/action/ajax_get_tren.php:61) Array
(
    [KOD] => 803726
    [TIME_FROM] => 12:00
    [TIME_TO] => 13:00               
    [CLIENTS_CNT] => 0
    [TOV_NAME] => Stretching
    [ACC] => 0
    [CNTTRAN] => 1
    [CNTTRANRESERV] => 0
)

[2026-02-22 08:38:36] [INFO] (/home/redbarbe/public_html/telegram/webapps/action/ajax_fitness_zapis.php:22) Array
(
    [ajax_method] => 2
    [action] => ajax_fitness_zapis
    [dat] => 22.02.2026
    [acc] => 11011
    [trenid] => 803675
    [ost_all] => 2
    [ip_club] => 178.158.212.173
    [acctozapis] => 0
    [time_from] => 11:00
)

[2026-02-22 08:53:18] [INFO] (/home/redbarbe/public_html/telegram/webapps/action/ajax_get_tren.php:35) Array
(
    [0] => Array
        (
            [KOD] => 803675
            [TIME_FROM] => 11:00
            [TIME_TO] => 12:00               
            [CLIENTS_CNT] => 5
            [TOV_NAME] => Cycle
            [ACC] => 0
            [CNTTRAN] => 4
            [CNTTRANRESERV] => 0
        )

    [1] => Array
        (
            [KOD] => 803726
            [TIME_FROM] => 12:00
            [TIME_TO] => 13:00               
            [CLIENTS_CNT] => 0
            [TOV_NAME] => Stretching
            [ACC] => 0
            [CNTTRAN] => 1
            [CNTTRANRESERV] => 0
        )

)

[2026-02-22 08:53:18] [INFO] (/home/redbarbe/public_html/telegram/webapps/action/ajax_get_tren.php:61) Array
(
    [KOD] => 803675
    [TIME_FROM] => 11:00
    [TIME_TO] => 12:00               
    [CLIENTS_CNT] => 5
    [TOV_NAME] => Cycle
    [ACC] => 0
    [CNTTRAN] => 4
    [CNTTRANRESERV] => 0
)

[2026-02-22 08:53:18] [INFO] (/home/redbarbe/public_html/telegram/webapps/action/ajax_get_tren.php:61) Array
(
    [KOD] => 803726
    [TIME_FROM] => 12:00
    [TIME_TO] => 13:00               
    [CLIENTS_CNT] => 0
    [TOV_NAME] => Stretching
    [ACC] => 0
    [CNTTRAN] => 1
    [CNTTRANRESERV] => 0
)

[2026-02-22 09:09:48] [INFO] (/home/redbarbe/public_html/telegram/webapps/action/chart.php:29) SELECT a.name FROM `spr_acc` a, spr_users u 
WHERE u.active_account=a.acc and u.chat_id=a.chat_id and a.chat_id="5152743290"
and u.club=3 limit 1
[2026-02-22 09:09:48] [INFO] (/home/redbarbe/public_html/telegram/webapps/action/chart.php:30) Array
(
    [action] => chart
    [club] => 3
    [acc] => 13438
    [chatadmin] => 5890364519
    [who_user_write] => 5152743290
    [chatid] => 5152743290
    [ip_club] => 178.158.212.173
)

[2026-02-22 09:22:55] [INFO] (/home/redbarbe/public_html/telegram/webapps/action/ajax_get_tren.php:35) Array
(
    [0] => Array
        (
            [KOD] => 803675
            [TIME_FROM] => 11:00
            [TIME_TO] => 12:00               
            [CLIENTS_CNT] => 5
            [TOV_NAME] => Cycle
            [ACC] => 0
            [CNTTRAN] => 4
            [CNTTRANRESERV] => 0
        )

    [1] => Array
        (
            [KOD] => 803726
            [TIME_FROM] => 12:00
            [TIME_TO] => 13:00               
            [CLIENTS_CNT] => 0
            [TOV_NAME] => Stretching
            [ACC] => 0
            [CNTTRAN] => 1
            [CNTTRANRESERV] => 0
        )

)

[2026-02-22 09:22:55] [INFO] (/home/redbarbe/public_html/telegram/webapps/action/ajax_get_tren.php:61) Array
(
    [KOD] => 803675
    [TIME_FROM] => 11:00
    [TIME_TO] => 12:00               
    [CLIENTS_CNT] => 5
    [TOV_NAME] => Cycle
    [ACC] => 0
    [CNTTRAN] => 4
    [CNTTRANRESERV] => 0
)

[2026-02-22 09:22:55] [INFO] (/home/redbarbe/public_html/telegram/webapps/action/ajax_get_tren.php:61) Array
(
    [KOD] => 803726
    [TIME_FROM] => 12:00
    [TIME_TO] => 13:00               
    [CLIENTS_CNT] => 0
    [TOV_NAME] => Stretching
    [ACC] => 0
    [CNTTRAN] => 1
    [CNTTRANRESERV] => 0
)

[2026-02-22 09:23:40] [INFO] (/home/redbarbe/public_html/telegram/webapps/action/ajax_get_tren.php:35) Array
(
    [0] => Array
        (
            [KOD] => 803675
            [TIME_FROM] => 11:00
            [TIME_TO] => 12:00               
            [CLIENTS_CNT] => 5
            [TOV_NAME] => Cycle
            [ACC] => 0
            [CNTTRAN] => 4
            [CNTTRANRESERV] => 0
        )

    [1] => Array
        (
            [KOD] => 803726
            [TIME_FROM] => 12:00
            [TIME_TO] => 13:00               
            [CLIENTS_CNT] => 0
            [TOV_NAME] => Stretching
            [ACC] => 0
            [CNTTRAN] => 1
            [CNTTRANRESERV] => 0
        )

)

[2026-02-22 09:23:40] [INFO] (/home/redbarbe/public_html/telegram/webapps/action/ajax_get_tren.php:61) Array
(
    [KOD] => 803675
    [TIME_FROM] => 11:00
    [TIME_TO] => 12:00               
    [CLIENTS_CNT] => 5
    [TOV_NAME] => Cycle
    [ACC] => 0
    [CNTTRAN] => 4
    [CNTTRANRESERV] => 0
)

[2026-02-22 09:23:40] [INFO] (/home/redbarbe/public_html/telegram/webapps/action/ajax_get_tren.php:61) Array
(
    [KOD] => 803726
    [TIME_FROM] => 12:00
    [TIME_TO] => 13:00               
    [CLIENTS_CNT] => 0
    [TOV_NAME] => Stretching
    [ACC] => 0
    [CNTTRAN] => 1
    [CNTTRANRESERV] => 0
)

[2026-02-22 09:27:06] [INFO] (/home/redbarbe/public_html/telegram/webapps/action/hist_ost_poslug.php:19) SELECT a.name FROM `spr_acc` a, spr_users u WHERE u.active_account=a.acc and u.chat_id=a.chat_id and a.acc=13046 
and u.club=(select id from spr_clubs where ip_club="178.158.212.173") limit 1
[2026-02-22 09:27:06] [INFO] (/home/redbarbe/public_html/telegram/webapps/action/hist_ost_poslug.php:20) hist_ost_poslug
[2026-02-22 09:27:06] [INFO] (/home/redbarbe/public_html/telegram/webapps/action/hist_ost_poslug.php:111) Array
(
    [acc] => 13046
    [command] => GET_OST_POSLUG_ACC
)

[2026-02-22 09:27:06] [INFO] (/home/redbarbe/public_html/telegram/webapps/action/hist_ost_poslug.php:112) ip=178.158.212.173
[2026-02-22 10:23:11] [INFO] (/home/redbarbe/public_html/telegram/webapps/reports/report_pers_detal.php:22) Array
(
)

[2026-02-22 10:23:20] [INFO] (/home/redbarbe/public_html/telegram/webapps/reports/report_pers_detal.php:22) Array
(
    [ajax_method] => 2
    [action] => report_pers_detal
    [action_report] => report_view
    [admin] => 5
    [date_from] => 22.02.2026
    [date_to] => 22.02.2026
    [ip_club] => 193.194.107.2
    [podr] => all
    [sotr] => 0311
)

[2026-02-22 10:48:05] [INFO] (/home/redbarbe/public_html/telegram/webapps/action/ajax_get_tren.php:35) Array
(
    [0] => Array
        (
            [KOD] => 831780
            [TIME_FROM] => 18:00
            [TIME_TO] => 19:00               
            [CLIENTS_CNT] => 0
            [TOV_NAME] => Stretching
            [ACC] => 0
            [CNTTRAN] => 1
            [CNTTRANRESERV] => 0
        )

    [1] => Array
        (
            [KOD] => 831364
            [TIME_FROM] => 19:00
            [TIME_TO] => 20:00               
            [CLIENTS_CNT] => 0
            [TOV_NAME] => Бокс Kids
            [ACC] => 0
            [CNTTRAN] => 0
            [CNTTRANRESERV] => 0
        )

    [2] => Array
        (
            [KOD] => 831572
            [TIME_FROM] => 20:00
            [TIME_TO] => 21:00               
            [CLIENTS_CNT] => 0
            [TOV_NAME] => Cross Activity
            [ACC] => 0
            [CNTTRAN] => 0
            [CNTTRANRESERV] => 0
        )

    [3] => Array
        (
            [KOD] => 832404
            [TIME_FROM] => 20:00
            [TIME_TO] => 21:00               
            [CLIENTS_CNT] => 0
            [TOV_NAME] => Бокс
            [ACC] => 0
            [CNTTRAN] => 1
            [CNTTRANRESERV] => 0
        )

)

[2026-02-22 10:48:05] [INFO] (/home/redbarbe/public_html/telegram/webapps/action/ajax_get_tren.php:61) Array
(
    [KOD] => 831780
    [TIME_FROM] => 18:00
    [TIME_TO] => 19:00               
    [CLIENTS_CNT] => 0
    [TOV_NAME] => Stretching
    [ACC] => 0
    [CNTTRAN] => 1
    [CNTTRANRESERV] => 0
)

[2026-02-22 10:48:05] [INFO] (/home/redbarbe/public_html/telegram/webapps/action/ajax_get_tren.php:61) Array
(
    [KOD] => 831364
    [TIME_FROM] => 19:00
    [TIME_TO] => 20:00               
    [CLIENTS_CNT] => 0
    [TOV_NAME] => Бокс Kids
    [ACC] => 0
    [CNTTRAN] => 0
    [CNTTRANRESERV] => 0
)

[2026-02-22 10:48:05] [INFO] (/home/redbarbe/public_html/telegram/webapps/action/ajax_get_tren.php:61) Array
(
    [KOD] => 831572
    [TIME_FROM] => 20:00
    [TIME_TO] => 21:00               
    [CLIENTS_CNT] => 0
    [TOV_NAME] => Cross Activity
    [ACC] => 0
    [CNTTRAN] => 0
    [CNTTRANRESERV] => 0
)

[2026-02-22 10:48:05] [INFO] (/home/redbarbe/public_html/telegram/webapps/action/ajax_get_tren.php:61) Array
(
    [KOD] => 832404
    [TIME_FROM] => 20:00
    [TIME_TO] => 21:00               
    [CLIENTS_CNT] => 0
    [TOV_NAME] => Бокс
    [ACC] => 0
    [CNTTRAN] => 1
    [CNTTRANRESERV] => 0
)

[2026-02-22 10:48:14] [INFO] (/home/redbarbe/public_html/telegram/webapps/action/ajax_get_tren.php:35) 
[2026-02-22 10:48:17] [INFO] (/home/redbarbe/public_html/telegram/webapps/action/ajax_get_tren.php:35) Array
(
    [0] => Array
        (
            [KOD] => 835964
            [TIME_FROM] => 10:00
            [TIME_TO] => 11:00               
            [CLIENTS_CNT] => 0
            [TOV_NAME] => Body Training
            [ACC] => 0
            [CNTTRAN] => 0
            [CNTTRANRESERV] => 0
        )

    [1] => Array
        (
            [KOD] => 834137
            [TIME_FROM] => 10:00
            [TIME_TO] => 11:00               
            [CLIENTS_CNT] => 0
            [TOV_NAME] => Pilates
            [ACC] => 0
            [CNTTRAN] => 0
            [CNTTRANRESERV] => 0
        )

    [2] => Array
        (
            [KOD] => 835442
            [TIME_FROM] => 18:00
            [TIME_TO] => 19:00               
            [CLIENTS_CNT] => 0
            [TOV_NAME] => Кiкбоксинг
            [ACC] => 0
            [CNTTRAN] => 0
            [CNTTRANRESERV] => 0
        )

    [3] => Array
        (
            [KOD] => 834398
            [TIME_FROM] => 19:00
            [TIME_TO] => 20:00               
            [CLIENTS_CNT] => 0
            [TOV_NAME] => Кругове тренування
            [ACC] => 0
            [CNTTRAN] => 0
            [CNTTRANRESERV] => 0
        )

    [4] => Array
        (
            [KOD] => 834920
            [TIME_FROM] => 19:30
            [TIME_TO] => 20:30               
            [CLIENTS_CNT] => 0
            [TOV_NAME] => Акробатика Kids
            [ACC] => 0
            [CNTTRAN] => 0
            [CNTTRANRESERV] => 0
        )

    [5] => Array
        (
            [KOD] => 835181
            [TIME_FROM] => 20:30
            [TIME_TO] => 21:30               
            [CLIENTS_CNT] => 0
            [TOV_NAME] => Акробатика
            [ACC] => 0
            [CNTTRAN] => 0
            [CNTTRANRESERV] => 0
        )

)

[2026-02-22 10:48:17] [INFO] (/home/redbarbe/public_html/telegram/webapps/action/ajax_get_tren.php:61) Array
(
    [KOD] => 835964
    [TIME_FROM] => 10:00
    [TIME_TO] => 11:00               
    [CLIENTS_CNT] => 0
    [TOV_NAME] => Body Training
    [ACC] => 0
    [CNTTRAN] => 0
    [CNTTRANRESERV] => 0
)

[2026-02-22 10:48:17] [INFO] (/home/redbarbe/public_html/telegram/webapps/action/ajax_get_tren.php:61) Array
(
    [KOD] => 834137
    [TIME_FROM] => 10:00
    [TIME_TO] => 11:00               
    [CLIENTS_CNT] => 0
    [TOV_NAME] => Pilates
    [ACC] => 0
    [CNTTRAN] => 0
    [CNTTRANRESERV] => 0
)

[2026-02-22 10:48:17] [INFO] (/home/redbarbe/public_html/telegram/webapps/action/ajax_get_tren.php:61) Array
(
    [KOD] => 835442
    [TIME_FROM] => 18:00
    [TIME_TO] => 19:00               
    [CLIENTS_CNT] => 0
    [TOV_NAME] => Кiкбоксинг
    [ACC] => 0
    [CNTTRAN] => 0
    [CNTTRANRESERV] => 0
)

[2026-02-22 10:48:17] [INFO] (/home/redbarbe/public_html/telegram/webapps/action/ajax_get_tren.php:61) Array
(
    [KOD] => 834398
    [TIME_FROM] => 19:00
    [TIME_TO] => 20:00               
    [CLIENTS_CNT] => 0
    [TOV_NAME] => Кругове тренування
    [ACC] => 0
    [CNTTRAN] => 0
    [CNTTRANRESERV] => 0
)

[2026-02-22 10:48:17] [INFO] (/home/redbarbe/public_html/telegram/webapps/action/ajax_get_tren.php:61) Array
(
    [KOD] => 834920
    [TIME_FROM] => 19:30
    [TIME_TO] => 20:30               
    [CLIENTS_CNT] => 0
    [TOV_NAME] => Акробатика Kids
    [ACC] => 0
    [CNTTRAN] => 0
    [CNTTRANRESERV] => 0
)

[2026-02-22 10:48:17] [INFO] (/home/redbarbe/public_html/telegram/webapps/action/ajax_get_tren.php:61) Array
(
    [KOD] => 835181
    [TIME_FROM] => 20:30
    [TIME_TO] => 21:30               
    [CLIENTS_CNT] => 0
    [TOV_NAME] => Акробатика
    [ACC] => 0
    [CNTTRAN] => 0
    [CNTTRANRESERV] => 0
)

[2026-02-22 11:08:23] [INFO] (/home/redbarbe/public_html/telegram/webapps/action/ajax_get_tren.php:35) Array
(
    [0] => Array
        (
            [KOD] => 803726
            [TIME_FROM] => 12:00
            [TIME_TO] => 13:00               
            [CLIENTS_CNT] => 0
            [TOV_NAME] => Stretching
            [ACC] => 0
            [CNTTRAN] => 1
            [CNTTRANRESERV] => 0
        )

)

[2026-02-22 11:08:23] [INFO] (/home/redbarbe/public_html/telegram/webapps/action/ajax_get_tren.php:61) Array
(
    [KOD] => 803726
    [TIME_FROM] => 12:00
    [TIME_TO] => 13:00               
    [CLIENTS_CNT] => 0
    [TOV_NAME] => Stretching
    [ACC] => 0
    [CNTTRAN] => 1
    [CNTTRANRESERV] => 0
)

[2026-02-22 11:27:06] [INFO] (/home/redbarbe/public_html/telegram/webapps/action/ajax_get_tren.php:35) Array
(
    [0] => Array
        (
            [KOD] => 803726
            [TIME_FROM] => 12:00
            [TIME_TO] => 13:00               
            [CLIENTS_CNT] => 0
            [TOV_NAME] => Stretching
            [ACC] => 0
            [CNTTRAN] => 1
            [CNTTRANRESERV] => 0
        )

)

[2026-02-22 11:27:06] [INFO] (/home/redbarbe/public_html/telegram/webapps/action/ajax_get_tren.php:61) Array
(
    [KOD] => 803726
    [TIME_FROM] => 12:00
    [TIME_TO] => 13:00               
    [CLIENTS_CNT] => 0
    [TOV_NAME] => Stretching
    [ACC] => 0
    [CNTTRAN] => 1
    [CNTTRANRESERV] => 0
)

[2026-02-22 11:28:46] [INFO] (/home/redbarbe/public_html/telegram/webapps/action/ajax_get_tren.php:35) Array
(
    [0] => Array
        (
            [KOD] => 803726
            [TIME_FROM] => 12:00
            [TIME_TO] => 13:00               
            [CLIENTS_CNT] => 0
            [TOV_NAME] => Stretching
            [ACC] => 0
            [CNTTRAN] => 1
            [CNTTRANRESERV] => 0
        )

)

[2026-02-22 11:28:46] [INFO] (/home/redbarbe/public_html/telegram/webapps/action/ajax_get_tren.php:61) Array
(
    [KOD] => 803726
    [TIME_FROM] => 12:00
    [TIME_TO] => 13:00               
    [CLIENTS_CNT] => 0
    [TOV_NAME] => Stretching
    [ACC] => 0
    [CNTTRAN] => 1
    [CNTTRANRESERV] => 0
)

[2026-02-22 11:58:47] [INFO] (/home/redbarbe/public_html/telegram/webapps/reports/report_pers_detal.php:22) Array
(
)

[2026-02-22 11:58:56] [INFO] (/home/redbarbe/public_html/telegram/webapps/reports/report_pers_detal.php:22) Array
(
    [ajax_method] => 2
    [action] => report_pers_detal
    [action_report] => report_view
    [admin] => 5
    [date_from] => 20.02.2026
    [date_to] => 20.02.2026
    [ip_club] => 178.151.119.180
    [podr] => all
    [sotr] => 0707
)

[2026-02-22 11:59:10] [INFO] (/home/redbarbe/public_html/telegram/webapps/reports/report_pers_detal.php:22) Array
(
)

[2026-02-22 11:59:23] [INFO] (/home/redbarbe/public_html/telegram/webapps/reports/report_pers_detal.php:22) Array
(
    [ajax_method] => 2
    [action] => report_pers_detal
    [action_report] => report_view
    [admin] => 5
    [date_from] => 22.02.2026
    [date_to] => 22.02.2026
    [ip_club] => 178.151.119.180
    [podr] => all
    [sotr] => 0707
)

[2026-02-22 12:15:39] [INFO] (/home/redbarbe/public_html/telegram/webapps/action/hist_ost_poslug.php:19) SELECT a.name FROM `spr_acc` a, spr_users u WHERE u.active_account=a.acc and u.chat_id=a.chat_id and a.acc=15227 
and u.club=(select id from spr_clubs where ip_club="178.158.212.173") limit 1
[2026-02-22 12:15:39] [INFO] (/home/redbarbe/public_html/telegram/webapps/action/hist_ost_poslug.php:20) hist_ost_poslug
[2026-02-22 12:15:39] [INFO] (/home/redbarbe/public_html/telegram/webapps/action/hist_ost_poslug.php:111) Array
(
    [acc] => 15227
    [command] => GET_OST_POSLUG_ACC
)

[2026-02-22 12:15:39] [INFO] (/home/redbarbe/public_html/telegram/webapps/action/hist_ost_poslug.php:112) ip=178.158.212.173
[2026-02-22 12:15:44] [INFO] (/home/redbarbe/public_html/telegram/webapps/action/hist_ind.php:16) SELECT a.name FROM `spr_acc` a, spr_users u WHERE u.active_account=a.acc and u.chat_id=a.chat_id and a.acc=15227 
and u.club=(select id from spr_clubs where ip_club="178.158.212.173") limit 1
[2026-02-22 12:15:44] [INFO] (/home/redbarbe/public_html/telegram/webapps/action/hist_ind.php:17) hist_grp
[2026-02-22 12:15:44] [INFO] (/home/redbarbe/public_html/telegram/webapps/action/hist_ind.php:108) Array
(
    [dbeg] => 22.11.2025
    [dend] => today
    [acc] => 15227
    [command] => get_ind_history
)

[2026-02-22 12:15:44] [INFO] (/home/redbarbe/public_html/telegram/webapps/action/hist_ind.php:109) ip=178.158.212.173
[2026-02-22 12:16:04] [INFO] (/home/redbarbe/public_html/telegram/webapps/action/ajax_get_tren.php:35) Array
(
    [0] => Array
        (
            [KOD] => 803726
            [TIME_FROM] => 12:00
            [TIME_TO] => 13:00               
            [CLIENTS_CNT] => 0
            [TOV_NAME] => Stretching
            [ACC] => 0
            [CNTTRAN] => 1
            [CNTTRANRESERV] => 0
        )

)

[2026-02-22 12:16:04] [INFO] (/home/redbarbe/public_html/telegram/webapps/action/ajax_get_tren.php:61) Array
(
    [KOD] => 803726
    [TIME_FROM] => 12:00
    [TIME_TO] => 13:00               
    [CLIENTS_CNT] => 0
    [TOV_NAME] => Stretching
    [ACC] => 0
    [CNTTRAN] => 1
    [CNTTRANRESERV] => 0
)

[2026-02-22 12:16:08] [INFO] (/home/redbarbe/public_html/telegram/webapps/action/ajax_get_tren.php:35) Array
(
    [0] => Array
        (
            [KOD] => 804237
            [TIME_FROM] => 09:00
            [TIME_TO] => 10:00               
            [CLIENTS_CNT] => 0
            [TOV_NAME] => CrossActivity
            [ACC] => 0
            [CNTTRAN] => 0
            [CNTTRANRESERV] => 0
        )

    [1] => Array
        (
            [KOD] => 803880
            [TIME_FROM] => 09:00
            [TIME_TO] => 10:00               
            [CLIENTS_CNT] => 0
            [TOV_NAME] => Total Body
            [ACC] => 0
            [CNTTRAN] => 0
            [CNTTRANRESERV] => 0
        )

    [2] => Array
        (
            [KOD] => 805308
            [TIME_FROM] => 14:00
            [TIME_TO] => 15:00               
            [CLIENTS_CNT] => 0
            [TOV_NAME] => FitnessMix
            [ACC] => 0
            [CNTTRAN] => 0
            [CNTTRANRESERV] => 0
        )

    [3] => Array
        (
            [KOD] => 803778
            [TIME_FROM] => 17:00
            [TIME_TO] => 18:00               
            [CLIENTS_CNT] => 0
            [TOV_NAME] => Mobility
            [ACC] => 0
            [CNTTRAN] => 0
            [CNTTRANRESERV] => 0
        )

    [4] => Array
        (
            [KOD] => 804186
            [TIME_FROM] => 18:00
            [TIME_TO] => 19:00               
            [CLIENTS_CNT] => 0
            [TOV_NAME] => Паркур Kids
            [ACC] => 0
            [CNTTRAN] => 0
            [CNTTRANRESERV] => 0
        )

    [5] => Array
        (
            [KOD] => 803982
            [TIME_FROM] => 18:30
            [TIME_TO] => 19:30               
            [CLIENTS_CNT] => 0
            [TOV_NAME] => Pilates
            [ACC] => 0
            [CNTTRAN] => 0
            [CNTTRANRESERV] => 0
        )

    [6] => Array
        (
            [KOD] => 804084
            [TIME_FROM] => 19:00
            [TIME_TO] => 20:00               
            [CLIENTS_CNT] => 0
            [TOV_NAME] => Паркур
            [ACC] => 0
            [CNTTRAN] => 0
            [CNTTRANRESERV] => 0
        )

    [7] => Array
        (
            [KOD] => 803829
            [TIME_FROM] => 19:00
            [TIME_TO] => 20:00               
            [CLIENTS_CNT] => 0
            [TOV_NAME] => CrossActivity
            [ACC] => 0
            [CNTTRAN] => 0
            [CNTTRANRESERV] => 0
        )

    [8] => Array
        (
            [KOD] => 804288
            [TIME_FROM] => 19:00
            [TIME_TO] => 20:00               
            [CLIENTS_CNT] => 0
            [TOV_NAME] => Aesthetic Gymnastics
            [ACC] => 0
            [CNTTRAN] => 0
            [CNTTRANRESERV] => 0
        )

    [9] => Array
        (
            [KOD] => 804033
            [TIME_FROM] => 19:30
            [TIME_TO] => 20:30               
            [CLIENTS_CNT] => 0
            [TOV_NAME] => TRX
            [ACC] => 0
            [CNTTRAN] => 0
            [CNTTRANRESERV] => 0
        )

    [10] => Array
        (
            [KOD] => 803931
            [TIME_FROM] => 20:00
            [TIME_TO] => 21:00               
            [CLIENTS_CNT] => 0
            [TOV_NAME] => CrossActivity
            [ACC] => 0
            [CNTTRAN] => 0
            [CNTTRANRESERV] => 0
        )

    [11] => Array
        (
            [KOD] => 804135
            [TIME_FROM] => 20:00
            [TIME_TO] => 21:00               
            [CLIENTS_CNT] => 0
            [TOV_NAME] => Бокс
            [ACC] => 0
            [CNTTRAN] => 0
            [CNTTRANRESERV] => 0
        )

)

[2026-02-22 12:16:08] [INFO] (/home/redbarbe/public_html/telegram/webapps/action/ajax_get_tren.php:61) Array
(
    [KOD] => 804237
    [TIME_FROM] => 09:00
    [TIME_TO] => 10:00               
    [CLIENTS_CNT] => 0
    [TOV_NAME] => CrossActivity
    [ACC] => 0
    [CNTTRAN] => 0
    [CNTTRANRESERV] => 0
)

[2026-02-22 12:16:08] [INFO] (/home/redbarbe/public_html/telegram/webapps/action/ajax_get_tren.php:61) Array
(
    [KOD] => 803880
    [TIME_FROM] => 09:00
    [TIME_TO] => 10:00               
    [CLIENTS_CNT] => 0
    [TOV_NAME] => Total Body
    [ACC] => 0
    [CNTTRAN] => 0
    [CNTTRANRESERV] => 0
)

[2026-02-22 12:16:08] [INFO] (/home/redbarbe/public_html/telegram/webapps/action/ajax_get_tren.php:61) Array
(
    [KOD] => 805308
    [TIME_FROM] => 14:00
    [TIME_TO] => 15:00               
    [CLIENTS_CNT] => 0
    [TOV_NAME] => FitnessMix
    [ACC] => 0
    [CNTTRAN] => 0
    [CNTTRANRESERV] => 0
)

[2026-02-22 12:16:08] [INFO] (/home/redbarbe/public_html/telegram/webapps/action/ajax_get_tren.php:61) Array
(
    [KOD] => 803778
    [TIME_FROM] => 17:00
    [TIME_TO] => 18:00               
    [CLIENTS_CNT] => 0
    [TOV_NAME] => Mobility
    [ACC] => 0
    [CNTTRAN] => 0
    [CNTTRANRESERV] => 0
)

[2026-02-22 12:16:08] [INFO] (/home/redbarbe/public_html/telegram/webapps/action/ajax_get_tren.php:61) Array
(
    [KOD] => 804186
    [TIME_FROM] => 18:00
    [TIME_TO] => 19:00               
    [CLIENTS_CNT] => 0
    [TOV_NAME] => Паркур Kids
    [ACC] => 0
    [CNTTRAN] => 0
    [CNTTRANRESERV] => 0
)

[2026-02-22 12:16:08] [INFO] (/home/redbarbe/public_html/telegram/webapps/action/ajax_get_tren.php:61) Array
(
    [KOD] => 803982
    [TIME_FROM] => 18:30
    [TIME_TO] => 19:30               
    [CLIENTS_CNT] => 0
    [TOV_NAME] => Pilates
    [ACC] => 0
    [CNTTRAN] => 0
    [CNTTRANRESERV] => 0
)

[2026-02-22 12:16:08] [INFO] (/home/redbarbe/public_html/telegram/webapps/action/ajax_get_tren.php:61) Array
(
    [KOD] => 804084
    [TIME_FROM] => 19:00
    [TIME_TO] => 20:00               
    [CLIENTS_CNT] => 0
    [TOV_NAME] => Паркур
    [ACC] => 0
    [CNTTRAN] => 0
    [CNTTRANRESERV] => 0
)

[2026-02-22 12:16:08] [INFO] (/home/redbarbe/public_html/telegram/webapps/action/ajax_get_tren.php:61) Array
(
    [KOD] => 803829
    [TIME_FROM] => 19:00
    [TIME_TO] => 20:00               
    [CLIENTS_CNT] => 0
    [TOV_NAME] => CrossActivity
    [ACC] => 0
    [CNTTRAN] => 0
    [CNTTRANRESERV] => 0
)

[2026-02-22 12:16:08] [INFO] (/home/redbarbe/public_html/telegram/webapps/action/ajax_get_tren.php:61) Array
(
    [KOD] => 804288
    [TIME_FROM] => 19:00
    [TIME_TO] => 20:00               
    [CLIENTS_CNT] => 0
    [TOV_NAME] => Aesthetic Gymnastics
    [ACC] => 0
    [CNTTRAN] => 0
    [CNTTRANRESERV] => 0
)

[2026-02-22 12:16:08] [INFO] (/home/redbarbe/public_html/telegram/webapps/action/ajax_get_tren.php:61) Array
(
    [KOD] => 804033
    [TIME_FROM] => 19:30
    [TIME_TO] => 20:30               
    [CLIENTS_CNT] => 0
    [TOV_NAME] => TRX
    [ACC] => 0
    [CNTTRAN] => 0
    [CNTTRANRESERV] => 0
)

[2026-02-22 12:16:08] [INFO] (/home/redbarbe/public_html/telegram/webapps/action/ajax_get_tren.php:61) Array
(
    [KOD] => 803931
    [TIME_FROM] => 20:00
    [TIME_TO] => 21:00               
    [CLIENTS_CNT] => 0
    [TOV_NAME] => CrossActivity
    [ACC] => 0
    [CNTTRAN] => 0
    [CNTTRANRESERV] => 0
)

[2026-02-22 12:16:08] [INFO] (/home/redbarbe/public_html/telegram/webapps/action/ajax_get_tren.php:61) Array
(
    [KOD] => 804135
    [TIME_FROM] => 20:00
    [TIME_TO] => 21:00               
    [CLIENTS_CNT] => 0
    [TOV_NAME] => Бокс
    [ACC] => 0
    [CNTTRAN] => 0
    [CNTTRANRESERV] => 0
)

[2026-02-22 12:44:39] [INFO] (/home/redbarbe/public_html/telegram/webapps/action/ajax_get_tren.php:35) Array
(
    [0] => Array
        (
            [KOD] => 831780
            [TIME_FROM] => 18:00
            [TIME_TO] => 19:00               
            [CLIENTS_CNT] => 0
            [TOV_NAME] => Stretching
            [ACC] => 0
            [CNTTRAN] => 1
            [CNTTRANRESERV] => 0
        )

    [1] => Array
        (
            [KOD] => 831364
            [TIME_FROM] => 19:00
            [TIME_TO] => 20:00               
            [CLIENTS_CNT] => 0
            [TOV_NAME] => Бокс Kids
            [ACC] => 0
            [CNTTRAN] => 0
            [CNTTRANRESERV] => 0
        )

    [2] => Array
        (
            [KOD] => 831572
            [TIME_FROM] => 20:00
            [TIME_TO] => 21:00               
            [CLIENTS_CNT] => 0
            [TOV_NAME] => Cross Activity
            [ACC] => 0
            [CNTTRAN] => 0
            [CNTTRANRESERV] => 0
        )

    [3] => Array
        (
            [KOD] => 832404
            [TIME_FROM] => 20:00
            [TIME_TO] => 21:00               
            [CLIENTS_CNT] => 0
            [TOV_NAME] => Бокс
            [ACC] => 0
            [CNTTRAN] => 1
            [CNTTRANRESERV] => 0
        )

)

[2026-02-22 12:44:39] [INFO] (/home/redbarbe/public_html/telegram/webapps/action/ajax_get_tren.php:61) Array
(
    [KOD] => 831780
    [TIME_FROM] => 18:00
    [TIME_TO] => 19:00               
    [CLIENTS_CNT] => 0
    [TOV_NAME] => Stretching
    [ACC] => 0
    [CNTTRAN] => 1
    [CNTTRANRESERV] => 0
)

[2026-02-22 12:44:39] [INFO] (/home/redbarbe/public_html/telegram/webapps/action/ajax_get_tren.php:61) Array
(
    [KOD] => 831364
    [TIME_FROM] => 19:00
    [TIME_TO] => 20:00               
    [CLIENTS_CNT] => 0
    [TOV_NAME] => Бокс Kids
    [ACC] => 0
    [CNTTRAN] => 0
    [CNTTRANRESERV] => 0
)

[2026-02-22 12:44:39] [INFO] (/home/redbarbe/public_html/telegram/webapps/action/ajax_get_tren.php:61) Array
(
    [KOD] => 831572
    [TIME_FROM] => 20:00
    [TIME_TO] => 21:00               
    [CLIENTS_CNT] => 0
    [TOV_NAME] => Cross Activity
    [ACC] => 0
    [CNTTRAN] => 0
    [CNTTRANRESERV] => 0
)

[2026-02-22 12:44:39] [INFO] (/home/redbarbe/public_html/telegram/webapps/action/ajax_get_tren.php:61) Array
(
    [KOD] => 832404
    [TIME_FROM] => 20:00
    [TIME_TO] => 21:00               
    [CLIENTS_CNT] => 0
    [TOV_NAME] => Бокс
    [ACC] => 0
    [CNTTRAN] => 1
    [CNTTRANRESERV] => 0
)

[2026-02-22 12:58:37] [INFO] (/home/redbarbe/public_html/telegram/webapps/action/hist_ost_poslug.php:19) SELECT a.name FROM `spr_acc` a, spr_users u WHERE u.active_account=a.acc and u.chat_id=a.chat_id and a.acc=11250 
and u.club=(select id from spr_clubs where ip_club="193.194.107.2") limit 1
[2026-02-22 12:58:37] [INFO] (/home/redbarbe/public_html/telegram/webapps/action/hist_ost_poslug.php:20) hist_ost_poslug
[2026-02-22 12:58:37] [INFO] (/home/redbarbe/public_html/telegram/webapps/action/hist_ost_poslug.php:111) Array
(
    [acc] => 11250
    [command] => GET_OST_POSLUG_ACC
)

[2026-02-22 12:58:37] [INFO] (/home/redbarbe/public_html/telegram/webapps/action/hist_ost_poslug.php:112) ip=193.194.107.2
[2026-02-22 13:00:28] [INFO] (/home/redbarbe/public_html/telegram/webapps/action/hist_ind.php:16) SELECT a.name FROM `spr_acc` a, spr_users u WHERE u.active_account=a.acc and u.chat_id=a.chat_id and a.acc=11250 
and u.club=(select id from spr_clubs where ip_club="193.194.107.2") limit 1
[2026-02-22 13:00:28] [INFO] (/home/redbarbe/public_html/telegram/webapps/action/hist_ind.php:17) hist_grp
[2026-02-22 13:00:28] [INFO] (/home/redbarbe/public_html/telegram/webapps/action/hist_ind.php:108) Array
(
    [dbeg] => 22.11.2025
    [dend] => today
    [acc] => 11250
    [command] => get_ind_history
)

[2026-02-22 13:00:28] [INFO] (/home/redbarbe/public_html/telegram/webapps/action/hist_ind.php:109) ip=193.194.107.2
[2026-02-22 13:04:39] [INFO] (/home/redbarbe/public_html/telegram/webapps/reports/report_pers_detal.php:22) Array
(
)

[2026-02-22 13:33:34] [INFO] (/home/redbarbe/public_html/telegram/webapps/action/hist_ost_poslug.php:19) SELECT a.name FROM `spr_acc` a, spr_users u WHERE u.active_account=a.acc and u.chat_id=a.chat_id and a.acc=13251 
and u.club=(select id from spr_clubs where ip_club="212.26.139.90") limit 1
[2026-02-22 13:33:34] [INFO] (/home/redbarbe/public_html/telegram/webapps/action/hist_ost_poslug.php:20) hist_ost_poslug
[2026-02-22 13:33:34] [INFO] (/home/redbarbe/public_html/telegram/webapps/action/hist_ost_poslug.php:111) Array
(
    [acc] => 13251
    [command] => GET_OST_POSLUG_ACC
)

[2026-02-22 13:33:34] [INFO] (/home/redbarbe/public_html/telegram/webapps/action/hist_ost_poslug.php:112) ip=212.26.139.90
[2026-02-22 13:43:35] [INFO] (/home/redbarbe/public_html/telegram/webapps/action/chart.php:29) SELECT a.name FROM `spr_acc` a, spr_users u 
WHERE u.active_account=a.acc and u.chat_id=a.chat_id and a.chat_id="320297158"
and u.club=1 limit 1
[2026-02-22 13:43:35] [INFO] (/home/redbarbe/public_html/telegram/webapps/action/chart.php:30) Array
(
    [action] => chart
    [club] => 1
    [admin] => 1
    [who_user_write] => 767972674
    [chatid] => 320297158
)

[2026-02-22 13:43:43] [INFO] (/home/redbarbe/public_html/telegram/webapps/action/chart.php:29) SELECT a.name FROM `spr_acc` a, spr_users u 
WHERE u.active_account=a.acc and u.chat_id=a.chat_id and a.chat_id="320297158"
and u.club=1 limit 1
[2026-02-22 13:43:43] [INFO] (/home/redbarbe/public_html/telegram/webapps/action/chart.php:30) Array
(
    [action] => chart
    [club] => 1
    [admin] => 1
    [who_user_write] => 767972674
    [chatid] => 320297158
)

[2026-02-22 13:43:46] [INFO] (/home/redbarbe/public_html/telegram/webapps/action/chats_clients.php:19) Array
(
    [action] => chats_clients
    [club] => 1
    [chat_id] => 767972674
)

[2026-02-22 13:43:46] [INFO] (/home/redbarbe/public_html/telegram/webapps/action/chats_clients.php:20) Адмін  Голосієво RB
[2026-02-22 13:43:46] [INFO] (/home/redbarbe/public_html/telegram/webapps/action/chats_clients.php:113) Array
(
    [0] => Array
        (
            [chat_id_klient] => 1149084343
            [max_time] => 2026-02-14 19:11:07
            [name] => Корольов  Євгеній  Ігоревич
            [cn_all] => 1
            [cn_read] => 1
        )

    [1] => Array
        (
            [chat_id_klient] => 692767541
            [max_time] => 2026-02-09 19:40:56
            [name] => Кудра Анастасія Андріївна
            [cn_all] => 1
            [cn_read] => 1
        )

    [2] => Array
        (
            [chat_id_klient] => 320297158
            [max_time] => 2026-01-26 17:10:32
            [name] => Бочарникова Ксения Юрьевна
            [cn_all] => 7
            [cn_read] => 7
        )

    [3] => Array
        (
            [chat_id_klient] => 681658030
            [max_time] => 2026-01-24 14:24:24
            [name] => Лаута Артем Дмитрович
            [cn_all] => 2
            [cn_read] => 2
        )

    [4] => Array
        (
            [chat_id_klient] => 433747468
            [max_time] => 2026-01-23 16:36:06
            [name] => Ишутко Анна Михайловна
            [cn_all] => 4
            [cn_read] => 4
        )

    [5] => Array
        (
            [chat_id_klient] => 451436970
            [max_time] => 2026-01-19 10:27:02
            [name] => Навроцька-Чіковані Манана Валеріївна
            [cn_all] => 2
            [cn_read] => 2
        )

    [6] => Array
        (
            [chat_id_klient] => 5162200682
            [max_time] => 2026-01-17 18:26:42
            [name] => Кудря Владислав Юрьевич
            [cn_all] => 1
            [cn_read] => 0
        )

    [7] => Array
        (
            [chat_id_klient] => 943047789
            [max_time] => 2026-01-14 10:00:13
            [name] => Стопнюк Богдан Сергійович
            [cn_all] => 20
            [cn_read] => 20
        )

    [8] => Array
        (
            [chat_id_klient] => 218627166
            [max_time] => 2026-01-07 10:37:12
            [name] => Данилко Юля Валеріївна
            [cn_all] => 6
            [cn_read] => 6
        )

    [9] => Array
        (
            [chat_id_klient] => 631228968
            [max_time] => 2026-01-04 13:07:15
            [name] => Волошенко  Софія Романівна
            [cn_all] => 2
            [cn_read] => 2
        )

    [10] => Array
        (
            [chat_id_klient] => 433367527
            [max_time] => 2026-01-02 16:14:19
            [name] => Фисан Андрій Євгенійович
            [cn_all] => 4
            [cn_read] => 4
        )

    [11] => Array
        (
            [chat_id_klient] => 619068369
            [max_time] => 2025-12-29 08:52:43
            [name] => Ищик Дмитрий Владимирович
            [cn_all] => 4
            [cn_read] => 4
        )

    [12] => Array
        (
            [chat_id_klient] => 471443505
            [max_time] => 2025-12-25 13:56:50
            [name] => Денисенко Анна Олегівна
            [cn_all] => 4
            [cn_read] => 4
        )

    [13] => Array
        (
            [chat_id_klient] => 496341856
            [max_time] => 2025-12-20 16:24:10
            [name] => Велько Оксана Анатоліївна
            [cn_all] => 4
            [cn_read] => 4
        )

    [14] => Array
        (
            [chat_id_klient] => 7080741090
            [max_time] => 2025-12-09 20:26:43
            [name] => Мельнічук Олександра Євгенівна
            [cn_all] => 4
            [cn_read] => 4
        )

    [15] => Array
        (
            [chat_id_klient] => 835804600
            [max_time] => 2025-12-08 21:14:01
            [name] => Журба  Максим  Олександрович
            [cn_all] => 4
            [cn_read] => 4
        )

    [16] => Array
        (
            [chat_id_klient] => 1323565060
            [max_time] => 2025-12-06 21:47:30
            [name] => Сабчук Юрій Петрович
            [cn_all] => 3
            [cn_read] => 3
        )

    [17] => Array
        (
            [chat_id_klient] => 919356973
            [max_time] => 2025-12-02 17:10:47
            [name] => Вишковський Артур Олександрович
            [cn_all] => 4
            [cn_read] => 4
        )

    [18] => Array
        (
            [chat_id_klient] => 641043193
            [max_time] => 2025-12-01 10:11:51
            [name] => Кацеба  Марина Олегівна
            [cn_all] => 2
            [cn_read] => 2
        )

    [19] => Array
        (
            [chat_id_klient] => 1084186674
            [max_time] => 2025-11-29 08:46:43
            [name] => Іщенко Олександр Віталійович
            [cn_all] => 4
            [cn_read] => 4
        )

    [20] => Array
        (
            [chat_id_klient] => 712386305
            [max_time] => 2025-11-21 19:28:34
            [name] => Чомко Анна Дмитриевна
            [cn_all] => 3
            [cn_read] => 3
        )

    [21] => Array
        (
            [chat_id_klient] => 295987848
            [max_time] => 2025-11-13 17:36:24
            [name] => Дуліч Владислав Юрійович
            [cn_all] => 5
            [cn_read] => 5
        )

    [22] => Array
        (
            [chat_id_klient] => 224391553
            [max_time] => 2025-11-13 12:46:24
            [name] => Склярова Стефанія Олександрівна
            [cn_all] => 4
            [cn_read] => 4
        )

    [23] => Array
        (
            [chat_id_klient] => 485927977
            [max_time] => 2025-11-11 20:03:42
            [name] => Сафранюк Олексій Сергійович
            [cn_all] => 3
            [cn_read] => 3
        )

    [24] => Array
        (
            [chat_id_klient] => 698218250
            [max_time] => 2025-11-10 18:18:51
            [name] => Іщенко Каріна Ігорівна
            [cn_all] => 3
            [cn_read] => 3
        )

    [25] => Array
        (
            [chat_id_klient] => 428819668
            [max_time] => 2025-11-09 17:00:27
            [name] => Васянович Юлія Вікторівна
            [cn_all] => 5
            [cn_read] => 5
        )

    [26] => Array
        (
            [chat_id_klient] => 840237226
            [max_time] => 2025-11-09 08:12:05
            [name] => Клименко Іван В"ячеславович
            [cn_all] => 2
            [cn_read] => 1
        )

    [27] => Array
        (
            [chat_id_klient] => 1462780622
            [max_time] => 2025-11-03 18:31:36
            [name] => Мельник  Роман Олегович
            [cn_all] => 8
            [cn_read] => 8
        )

    [28] => Array
        (
            [chat_id_klient] => 458711724
            [max_time] => 2025-11-02 16:03:29
            [name] => Савчук Андрій Вікторович
            [cn_all] => 1
            [cn_read] => 0
        )

    [29] => Array
        (
            [chat_id_klient] => 788723186
            [max_time] => 2025-11-02 14:43:29
            [name] => Палкіна Леонарда
            [cn_all] => 1
            [cn_read] => 0
        )

    [30] => Array
        (
            [chat_id_klient] => 672213414
            [max_time] => 2025-11-02 12:21:03
            [name] => Попова Богдан Віталійович
            [cn_all] => 4
            [cn_read] => 2
        )

    [31] => Array
        (
            [chat_id_klient] => 5473292691
            [max_time] => 2025-10-31 16:12:53
            [name] => Руденко  Максим  Олександрович
            [cn_all] => 1
            [cn_read] => 0
        )

    [32] => Array
        (
            [chat_id_klient] => 736240723
            [max_time] => 2025-10-28 18:00:49
            [name] => Нестеренко  Христина  Василівна
            [cn_all] => 1
            [cn_read] => 0
        )

    [33] => Array
        (
            [chat_id_klient] => 214963781
            [max_time] => 2025-10-27 11:37:05
            [name] => Лисниченко Антон Александрович
            [cn_all] => 1
            [cn_read] => 1
        )

    [34] => Array
        (
            [chat_id_klient] => 936028343
            [max_time] => 2025-10-20 17:31:17
            [name] => Осінний Олександр Віталійович
            [cn_all] => 1
            [cn_read] => 1
        )

    [35] => Array
        (
            [chat_id_klient] => 536860843
            [max_time] => 2025-10-17 14:46:11
            [name] => Ткаченко Станіслав Вячеславович
            [cn_all] => 1
            [cn_read] => 0
        )

    [36] => Array
        (
            [chat_id_klient] => 5703778143
            [max_time] => 2025-10-17 07:49:31
            [name] => Рибін Сергій  Петрович
            [cn_all] => 6
            [cn_read] => 6
        )

    [37] => Array
        (
            [chat_id_klient] => 194520566
            [max_time] => 2025-10-15 11:32:09
            [name] => Міхедов Олександр Андрійович
            [cn_all] => 1
            [cn_read] => 1
        )

    [38] => Array
        (
            [chat_id_klient] => 6219416801
            [max_time] => 2025-10-09 17:34:23
            [name] => Сухоминський  Даніїл Олексійович
            [cn_all] => 2
            [cn_read] => 2
        )

    [39] => Array
        (
            [chat_id_klient] => 1332189692
            [max_time] => 2025-09-26 07:18:23
            [name] => Голубєв Володимир Володимирович
            [cn_all] => 2
            [cn_read] => 2
        )

    [40] => Array
        (
            [chat_id_klient] => 1060813727
            [max_time] => 2025-09-18 06:56:38
            [name] => Білоус Устим Юрійович
            [cn_all] => 5
            [cn_read] => 5
        )

    [41] => Array
        (
            [chat_id_klient] => 384294534
            [max_time] => 2025-09-09 17:53:42
            [name] => Матух Анастасія Олегівна
            [cn_all] => 10
            [cn_read] => 10
        )

    [42] => Array
        (
            [chat_id_klient] => 1889027337
            [max_time] => 2025-08-10 16:54:01
            [name] => Булигін Олексій
            [cn_all] => 8
            [cn_read] => 8
        )

    [43] => Array
        (
            [chat_id_klient] => 507344202
            [max_time] => 2025-08-05 16:06:59
            [name] => Скотар Дмитро Юрійович
            [cn_all] => 2
            [cn_read] => 2
        )

    [44] => Array
        (
            [chat_id_klient] => 767667379
            [max_time] => 2025-07-09 11:39:01
            [name] => Іваненко Назар Алімович
            [cn_all] => 4
            [cn_read] => 4
        )

    [45] => Array
        (
            [chat_id_klient] => 5391362287
            [max_time] => 2025-06-20 16:16:25
            [name] => Кравченко  Дпвид  Олександрович
            [cn_all] => 4
            [cn_read] => 3
        )

    [46] => Array
        (
            [chat_id_klient] => 697361061
            [max_time] => 2025-05-29 11:15:01
            [name] => Орищенко Кирило Андрійович
            [cn_all] => 2
            [cn_read] => 2
        )

    [47] => Array
        (
            [chat_id_klient] => 663424940
            [max_time] => 2025-05-20 09:13:13
            [name] => Колодій Микита Вікторович
            [cn_all] => 5
            [cn_read] => 5
        )

    [48] => Array
        (
            [chat_id_klient] => 271191208
            [max_time] => 2025-05-13 13:01:45
            [name] => Ковальчук Нина Владимировна
            [cn_all] => 1
            [cn_read] => 1
        )

    [49] => Array
        (
            [chat_id_klient] => 536912870
            [max_time] => 2025-05-02 22:02:02
            [name] => тест тест тестович
            [cn_all] => 5
            [cn_read] => 5
        )

)

[2026-02-22 13:43:50] [INFO] (/home/redbarbe/public_html/telegram/webapps/action/chart.php:29) SELECT a.name FROM `spr_acc` a, spr_users u 
WHERE u.active_account=a.acc and u.chat_id=a.chat_id and a.chat_id="1149084343"
and u.club=1 limit 1
[2026-02-22 13:43:50] [INFO] (/home/redbarbe/public_html/telegram/webapps/action/chart.php:30) Array
(
    [action] => chart
    [club] => 1
    [admin] => 1
    [who_user_write] => 767972674
    [chatid] => 1149084343
)

[2026-02-22 13:54:51] [INFO] (/home/redbarbe/public_html/telegram/webapps/action/ajax_get_tren.php:35) Array
(
    [0] => Array
        (
            [KOD] => 831780
            [TIME_FROM] => 18:00
            [TIME_TO] => 19:00               
            [CLIENTS_CNT] => 0
            [TOV_NAME] => Stretching
            [ACC] => 0
            [CNTTRAN] => 1
            [CNTTRANRESERV] => 0
        )

    [1] => Array
        (
            [KOD] => 831364
            [TIME_FROM] => 19:00
            [TIME_TO] => 20:00               
            [CLIENTS_CNT] => 0
            [TOV_NAME] => Бокс Kids
            [ACC] => 0
            [CNTTRAN] => 0
            [CNTTRANRESERV] => 0
        )

    [2] => Array
        (
            [KOD] => 831572
            [TIME_FROM] => 20:00
            [TIME_TO] => 21:00               
            [CLIENTS_CNT] => 0
            [TOV_NAME] => Cross Activity
            [ACC] => 0
            [CNTTRAN] => 0
            [CNTTRANRESERV] => 0
        )

    [3] => Array
        (
            [KOD] => 832404
            [TIME_FROM] => 20:00
            [TIME_TO] => 21:00               
            [CLIENTS_CNT] => 0
            [TOV_NAME] => Бокс
            [ACC] => 0
            [CNTTRAN] => 1
            [CNTTRANRESERV] => 0
        )

)

[2026-02-22 13:54:51] [INFO] (/home/redbarbe/public_html/telegram/webapps/action/ajax_get_tren.php:61) Array
(
    [KOD] => 831780
    [TIME_FROM] => 18:00
    [TIME_TO] => 19:00               
    [CLIENTS_CNT] => 0
    [TOV_NAME] => Stretching
    [ACC] => 0
    [CNTTRAN] => 1
    [CNTTRANRESERV] => 0
)

[2026-02-22 13:54:51] [INFO] (/home/redbarbe/public_html/telegram/webapps/action/ajax_get_tren.php:61) Array
(
    [KOD] => 831364
    [TIME_FROM] => 19:00
    [TIME_TO] => 20:00               
    [CLIENTS_CNT] => 0
    [TOV_NAME] => Бокс Kids
    [ACC] => 0
    [CNTTRAN] => 0
    [CNTTRANRESERV] => 0
)

[2026-02-22 13:54:51] [INFO] (/home/redbarbe/public_html/telegram/webapps/action/ajax_get_tren.php:61) Array
(
    [KOD] => 831572
    [TIME_FROM] => 20:00
    [TIME_TO] => 21:00               
    [CLIENTS_CNT] => 0
    [TOV_NAME] => Cross Activity
    [ACC] => 0
    [CNTTRAN] => 0
    [CNTTRANRESERV] => 0
)

[2026-02-22 13:54:51] [INFO] (/home/redbarbe/public_html/telegram/webapps/action/ajax_get_tren.php:61) Array
(
    [KOD] => 832404
    [TIME_FROM] => 20:00
    [TIME_TO] => 21:00               
    [CLIENTS_CNT] => 0
    [TOV_NAME] => Бокс
    [ACC] => 0
    [CNTTRAN] => 1
    [CNTTRANRESERV] => 0
)

[2026-02-22 14:04:29] [INFO] (/home/redbarbe/public_html/telegram/webapps/reports/report_pers_detal.php:22) Array
(
)

[2026-02-22 14:04:36] [INFO] (/home/redbarbe/public_html/telegram/webapps/reports/report_pers_detal.php:22) Array
(
    [ajax_method] => 2
    [action] => report_pers_detal
    [action_report] => report_view
    [admin] => 5
    [date_from] => 22.02.2026
    [date_to] => 22.02.2026
    [ip_club] => 178.151.119.180
    [podr] => all
    [sotr] => 0710
)

[2026-02-22 14:26:50] [INFO] (/home/redbarbe/public_html/telegram/webapps/action/select_sotr.php:17) Array
(
    [action] => select_sotr
    [club] => -
    [club_ip] => 212.26.139.90
)

[2026-02-22 14:26:50] [INFO] (/home/redbarbe/public_html/telegram/webapps/action/select_sotr.php:27) Array
(
    [0] => Array
        (
            [ROLE] => Тренер
            [ID] => 2357
            [NAME] => Ілюк Діана
        )

    [1] => Array
        (
            [ROLE] => Тренер
            [ID] => 697814
            [NAME] => Горева Анастасія
        )

    [2] => Array
        (
            [ROLE] => Администратор фитнеса
            [ID] => 0101
            [NAME] => Дежурный
        )

    [3] => Array
        (
            [ROLE] => Администратор фитнеса
            [ID] => 0103
            [NAME] => Йова Катерина
        )

    [4] => Array
        (
            [ROLE] => Тренер
            [ID] => 03354
            [NAME] => Колесник Богдан
        )

    [5] => Array
        (
            [ROLE] => Тренер
            [ID] => 2564
            [NAME] => Кулаковський Сергій
        )

    [6] => Array
        (
            [ROLE] => Администратор фитнеса
            [ID] => 0102
            [NAME] => Лазаренко Ліна
        )

    [7] => Array
        (
            [ROLE] => Тренер
            [ID] => 2452
            [NAME] => Лешковят Наталія
        )

    [8] => Array
        (
            [ROLE] => Администратор фитнеса
            [ID] => 0235
            [NAME] => Лучко Кирил
        )

    [9] => Array
        (
            [ROLE] => Администратор фитнеса
            [ID] => 0333
            [NAME] => Мамедова Ельнара
        )

    [10] => Array
        (
            [ROLE] => Тренер
            [ID] => 03336
            [NAME] => Мельниченко Надія
        )

    [11] => Array
        (
            [ROLE] => Тренер
            [ID] => 007989
            [NAME] => Підгурська Влада
        )

    [12] => Array
        (
            [ROLE] => Тренер
            [ID] => 03337
            [NAME] => Погорєлов Євгеній
        )

    [13] => Array
        (
            [ROLE] => Тренер
            [ID] => 03589
            [NAME] => Присняк Владислав
        )

    [14] => Array
        (
            [ROLE] => Тренер
            [ID] => 03352
            [NAME] => Рибак Роман
        )

    [15] => Array
        (
            [ROLE] => Тренер
            [ID] => 0334
            [NAME] => Самусенко Альона
        )

    [16] => Array
        (
            [ROLE] => Тренер
            [ID] => 03339
            [NAME] => Стрілець Данило
        )

    [17] => Array
        (
            [ROLE] => Тренер
            [ID] => 7895
            [NAME] => Тулаінов Андрій
        )

    [18] => Array
        (
            [ROLE] => Тренер
            [ID] => 0325
            [NAME] => Худоба Ігор
        )

    [19] => Array
        (
            [ROLE] => Тренер
            [ID] => 03342
            [NAME] => Шматко Ярослав
        )

    [20] => Array
        (
            [ROLE] => Тренер
            [ID] => 8987
            [NAME] => Яковенко Ганна
        )

)

[2026-02-22 14:47:50] [INFO] (/home/redbarbe/public_html/telegram/webapps/action/ajax_get_tren.php:35) Array
(
    [0] => Array
        (
            [KOD] => 803726
            [TIME_FROM] => 12:00
            [TIME_TO] => 13:00               
            [CLIENTS_CNT] => 0
            [TOV_NAME] => Stretching
            [ACC] => 0
            [CNTTRAN] => 1
            [CNTTRANRESERV] => 0
        )

)

[2026-02-22 14:47:50] [INFO] (/home/redbarbe/public_html/telegram/webapps/action/ajax_get_tren.php:61) Array
(
    [KOD] => 803726
    [TIME_FROM] => 12:00
    [TIME_TO] => 13:00               
    [CLIENTS_CNT] => 0
    [TOV_NAME] => Stretching
    [ACC] => 0
    [CNTTRAN] => 1
    [CNTTRANRESERV] => 0
)

[2026-02-22 14:47:54] [INFO] (/home/redbarbe/public_html/telegram/webapps/action/ajax_get_tren.php:35) Array
(
    [0] => Array
        (
            [KOD] => 804237
            [TIME_FROM] => 09:00
            [TIME_TO] => 10:00               
            [CLIENTS_CNT] => 0
            [TOV_NAME] => CrossActivity
            [ACC] => 0
            [CNTTRAN] => 0
            [CNTTRANRESERV] => 0
        )

    [1] => Array
        (
            [KOD] => 803880
            [TIME_FROM] => 09:00
            [TIME_TO] => 10:00               
            [CLIENTS_CNT] => 0
            [TOV_NAME] => Total Body
            [ACC] => 0
            [CNTTRAN] => 0
            [CNTTRANRESERV] => 0
        )

    [2] => Array
        (
            [KOD] => 805308
            [TIME_FROM] => 14:00
            [TIME_TO] => 15:00               
            [CLIENTS_CNT] => 0
            [TOV_NAME] => FitnessMix
            [ACC] => 0
            [CNTTRAN] => 0
            [CNTTRANRESERV] => 0
        )

    [3] => Array
        (
            [KOD] => 803778
            [TIME_FROM] => 17:00
            [TIME_TO] => 18:00               
            [CLIENTS_CNT] => 0
            [TOV_NAME] => Mobility
            [ACC] => 0
            [CNTTRAN] => 0
            [CNTTRANRESERV] => 0
        )

    [4] => Array
        (
            [KOD] => 804186
            [TIME_FROM] => 18:00
            [TIME_TO] => 19:00               
            [CLIENTS_CNT] => 0
            [TOV_NAME] => Паркур Kids
            [ACC] => 0
            [CNTTRAN] => 0
            [CNTTRANRESERV] => 0
        )

    [5] => Array
        (
            [KOD] => 803982
            [TIME_FROM] => 18:30
            [TIME_TO] => 19:30               
            [CLIENTS_CNT] => 0
            [TOV_NAME] => Pilates
            [ACC] => 0
            [CNTTRAN] => 0
            [CNTTRANRESERV] => 0
        )

    [6] => Array
        (
            [KOD] => 804084
            [TIME_FROM] => 19:00
            [TIME_TO] => 20:00               
            [CLIENTS_CNT] => 0
            [TOV_NAME] => Паркур
            [ACC] => 0
            [CNTTRAN] => 0
            [CNTTRANRESERV] => 0
        )

    [7] => Array
        (
            [KOD] => 803829
            [TIME_FROM] => 19:00
            [TIME_TO] => 20:00               
            [CLIENTS_CNT] => 0
            [TOV_NAME] => CrossActivity
            [ACC] => 0
            [CNTTRAN] => 0
            [CNTTRANRESERV] => 0
        )

    [8] => Array
        (
            [KOD] => 804288
            [TIME_FROM] => 19:00
            [TIME_TO] => 20:00               
            [CLIENTS_CNT] => 0
            [TOV_NAME] => Aesthetic Gymnastics
            [ACC] => 0
            [CNTTRAN] => 0
            [CNTTRANRESERV] => 0
        )

    [9] => Array
        (
            [KOD] => 804033
            [TIME_FROM] => 19:30
            [TIME_TO] => 20:30               
            [CLIENTS_CNT] => 0
            [TOV_NAME] => TRX
            [ACC] => 0
            [CNTTRAN] => 0
            [CNTTRANRESERV] => 0
        )

    [10] => Array
        (
            [KOD] => 803931
            [TIME_FROM] => 20:00
            [TIME_TO] => 21:00               
            [CLIENTS_CNT] => 0
            [TOV_NAME] => CrossActivity
            [ACC] => 0
            [CNTTRAN] => 0
            [CNTTRANRESERV] => 0
        )

    [11] => Array
        (
            [KOD] => 804135
            [TIME_FROM] => 20:00
            [TIME_TO] => 21:00               
            [CLIENTS_CNT] => 0
            [TOV_NAME] => Бокс
            [ACC] => 0
            [CNTTRAN] => 0
            [CNTTRANRESERV] => 0
        )

)

[2026-02-22 14:47:54] [INFO] (/home/redbarbe/public_html/telegram/webapps/action/ajax_get_tren.php:61) Array
(
    [KOD] => 804237
    [TIME_FROM] => 09:00
    [TIME_TO] => 10:00               
    [CLIENTS_CNT] => 0
    [TOV_NAME] => CrossActivity
    [ACC] => 0
    [CNTTRAN] => 0
    [CNTTRANRESERV] => 0
)

[2026-02-22 14:47:54] [INFO] (/home/redbarbe/public_html/telegram/webapps/action/ajax_get_tren.php:61) Array
(
    [KOD] => 803880
    [TIME_FROM] => 09:00
    [TIME_TO] => 10:00               
    [CLIENTS_CNT] => 0
    [TOV_NAME] => Total Body
    [ACC] => 0
    [CNTTRAN] => 0
    [CNTTRANRESERV] => 0
)

[2026-02-22 14:47:54] [INFO] (/home/redbarbe/public_html/telegram/webapps/action/ajax_get_tren.php:61) Array
(
    [KOD] => 805308
    [TIME_FROM] => 14:00
    [TIME_TO] => 15:00               
    [CLIENTS_CNT] => 0
    [TOV_NAME] => FitnessMix
    [ACC] => 0
    [CNTTRAN] => 0
    [CNTTRANRESERV] => 0
)

[2026-02-22 14:47:54] [INFO] (/home/redbarbe/public_html/telegram/webapps/action/ajax_get_tren.php:61) Array
(
    [KOD] => 803778
    [TIME_FROM] => 17:00
    [TIME_TO] => 18:00               
    [CLIENTS_CNT] => 0
    [TOV_NAME] => Mobility
    [ACC] => 0
    [CNTTRAN] => 0
    [CNTTRANRESERV] => 0
)

[2026-02-22 14:47:54] [INFO] (/home/redbarbe/public_html/telegram/webapps/action/ajax_get_tren.php:61) Array
(
    [KOD] => 804186
    [TIME_FROM] => 18:00
    [TIME_TO] => 19:00               
    [CLIENTS_CNT] => 0
    [TOV_NAME] => Паркур Kids
    [ACC] => 0
    [CNTTRAN] => 0
    [CNTTRANRESERV] => 0
)

[2026-02-22 14:47:54] [INFO] (/home/redbarbe/public_html/telegram/webapps/action/ajax_get_tren.php:61) Array
(
    [KOD] => 803982
    [TIME_FROM] => 18:30
    [TIME_TO] => 19:30               
    [CLIENTS_CNT] => 0
    [TOV_NAME] => Pilates
    [ACC] => 0
    [CNTTRAN] => 0
    [CNTTRANRESERV] => 0
)

[2026-02-22 14:47:54] [INFO] (/home/redbarbe/public_html/telegram/webapps/action/ajax_get_tren.php:61) Array
(
    [KOD] => 804084
    [TIME_FROM] => 19:00
    [TIME_TO] => 20:00               
    [CLIENTS_CNT] => 0
    [TOV_NAME] => Паркур
    [ACC] => 0
    [CNTTRAN] => 0
    [CNTTRANRESERV] => 0
)

[2026-02-22 14:47:54] [INFO] (/home/redbarbe/public_html/telegram/webapps/action/ajax_get_tren.php:61) Array
(
    [KOD] => 803829
    [TIME_FROM] => 19:00
    [TIME_TO] => 20:00               
    [CLIENTS_CNT] => 0
    [TOV_NAME] => CrossActivity
    [ACC] => 0
    [CNTTRAN] => 0
    [CNTTRANRESERV] => 0
)

[2026-02-22 14:47:54] [INFO] (/home/redbarbe/public_html/telegram/webapps/action/ajax_get_tren.php:61) Array
(
    [KOD] => 804288
    [TIME_FROM] => 19:00
    [TIME_TO] => 20:00               
    [CLIENTS_CNT] => 0
    [TOV_NAME] => Aesthetic Gymnastics
    [ACC] => 0
    [CNTTRAN] => 0
    [CNTTRANRESERV] => 0
)

[2026-02-22 14:47:54] [INFO] (/home/redbarbe/public_html/telegram/webapps/action/ajax_get_tren.php:61) Array
(
    [KOD] => 804033
    [TIME_FROM] => 19:30
    [TIME_TO] => 20:30               
    [CLIENTS_CNT] => 0
    [TOV_NAME] => TRX
    [ACC] => 0
    [CNTTRAN] => 0
    [CNTTRANRESERV] => 0
)

[2026-02-22 14:47:54] [INFO] (/home/redbarbe/public_html/telegram/webapps/action/ajax_get_tren.php:61) Array
(
    [KOD] => 803931
    [TIME_FROM] => 20:00
    [TIME_TO] => 21:00               
    [CLIENTS_CNT] => 0
    [TOV_NAME] => CrossActivity
    [ACC] => 0
    [CNTTRAN] => 0
    [CNTTRANRESERV] => 0
)

[2026-02-22 14:47:54] [INFO] (/home/redbarbe/public_html/telegram/webapps/action/ajax_get_tren.php:61) Array
(
    [KOD] => 804135
    [TIME_FROM] => 20:00
    [TIME_TO] => 21:00               
    [CLIENTS_CNT] => 0
    [TOV_NAME] => Бокс
    [ACC] => 0
    [CNTTRAN] => 0
    [CNTTRANRESERV] => 0
)

[2026-02-22 14:49:48] [INFO] (/home/redbarbe/public_html/telegram/webapps/reports/report_pers_detal.php:22) Array
(
)

[2026-02-22 14:50:00] [INFO] (/home/redbarbe/public_html/telegram/webapps/reports/report_pers_detal.php:22) Array
(
    [ajax_method] => 2
    [action] => report_pers_detal
    [action_report] => report_view
    [admin] => 5
    [date_from] => 22.02.2026
    [date_to] => 22.02.2026
    [ip_club] => 178.151.119.180
    [podr] => all
    [sotr] => 0707
)

[2026-02-22 14:50:24] [INFO] (/home/redbarbe/public_html/telegram/webapps/action/hist_ind.php:16) SELECT a.name FROM `spr_acc` a, spr_users u WHERE u.active_account=a.acc and u.chat_id=a.chat_id and a.acc=13105 
and u.club=(select id from spr_clubs where ip_club="193.194.107.2") limit 1
[2026-02-22 14:50:24] [INFO] (/home/redbarbe/public_html/telegram/webapps/action/hist_ind.php:17) hist_grp
[2026-02-22 14:50:24] [INFO] (/home/redbarbe/public_html/telegram/webapps/action/hist_ind.php:108) Array
(
    [dbeg] => 22.11.2025
    [dend] => today
    [acc] => 13105
    [command] => get_ind_history
)

[2026-02-22 14:50:24] [INFO] (/home/redbarbe/public_html/telegram/webapps/action/hist_ind.php:109) ip=193.194.107.2
[2026-02-22 14:50:33] [INFO] (/home/redbarbe/public_html/telegram/webapps/action/hist_ind.php:16) SELECT a.name FROM `spr_acc` a, spr_users u WHERE u.active_account=a.acc and u.chat_id=a.chat_id and a.acc=13105 
and u.club=(select id from spr_clubs where ip_club="193.194.107.2") limit 1
[2026-02-22 14:50:33] [INFO] (/home/redbarbe/public_html/telegram/webapps/action/hist_ind.php:17) hist_grp
[2026-02-22 14:50:33] [INFO] (/home/redbarbe/public_html/telegram/webapps/action/hist_ind.php:108) Array
(
    [dbeg] => 22.11.2025
    [dend] => today
    [acc] => 13105
    [command] => get_ind_history
)

[2026-02-22 14:50:33] [INFO] (/home/redbarbe/public_html/telegram/webapps/action/hist_ind.php:109) ip=193.194.107.2
[2026-02-22 14:57:56] [INFO] (/home/redbarbe/public_html/telegram/webapps/action/ajax_get_tren.php:35) Array
(
    [0] => Array
        (
            [KOD] => 804237
            [TIME_FROM] => 09:00
            [TIME_TO] => 10:00               
            [CLIENTS_CNT] => 0
            [TOV_NAME] => CrossActivity
            [ACC] => 0
            [CNTTRAN] => 0
            [CNTTRANRESERV] => 0
        )

    [1] => Array
        (
            [KOD] => 803880
            [TIME_FROM] => 09:00
            [TIME_TO] => 10:00               
            [CLIENTS_CNT] => 0
            [TOV_NAME] => Total Body
            [ACC] => 0
            [CNTTRAN] => 0
            [CNTTRANRESERV] => 0
        )

    [2] => Array
        (
            [KOD] => 805308
            [TIME_FROM] => 14:00
            [TIME_TO] => 15:00               
            [CLIENTS_CNT] => 0
            [TOV_NAME] => FitnessMix
            [ACC] => 0
            [CNTTRAN] => 0
            [CNTTRANRESERV] => 0
        )

    [3] => Array
        (
            [KOD] => 803778
            [TIME_FROM] => 17:00
            [TIME_TO] => 18:00               
            [CLIENTS_CNT] => 0
            [TOV_NAME] => Mobility
            [ACC] => 0
            [CNTTRAN] => 0
            [CNTTRANRESERV] => 0
        )

    [4] => Array
        (
            [KOD] => 804186
            [TIME_FROM] => 18:00
            [TIME_TO] => 19:00               
            [CLIENTS_CNT] => 0
            [TOV_NAME] => Паркур Kids
            [ACC] => 0
            [CNTTRAN] => 0
            [CNTTRANRESERV] => 0
        )

    [5] => Array
        (
            [KOD] => 803982
            [TIME_FROM] => 18:30
            [TIME_TO] => 19:30               
            [CLIENTS_CNT] => 0
            [TOV_NAME] => Pilates
            [ACC] => 0
            [CNTTRAN] => 0
            [CNTTRANRESERV] => 0
        )

    [6] => Array
        (
            [KOD] => 804084
            [TIME_FROM] => 19:00
            [TIME_TO] => 20:00               
            [CLIENTS_CNT] => 0
            [TOV_NAME] => Паркур
            [ACC] => 0
            [CNTTRAN] => 0
            [CNTTRANRESERV] => 0
        )

    [7] => Array
        (
            [KOD] => 803829
            [TIME_FROM] => 19:00
            [TIME_TO] => 20:00               
            [CLIENTS_CNT] => 0
            [TOV_NAME] => CrossActivity
            [ACC] => 0
            [CNTTRAN] => 0
            [CNTTRANRESERV] => 0
        )

    [8] => Array
        (
            [KOD] => 804288
            [TIME_FROM] => 19:00
            [TIME_TO] => 20:00               
            [CLIENTS_CNT] => 0
            [TOV_NAME] => Aesthetic Gymnastics
            [ACC] => 0
            [CNTTRAN] => 0
            [CNTTRANRESERV] => 0
        )

    [9] => Array
        (
            [KOD] => 804033
            [TIME_FROM] => 19:30
            [TIME_TO] => 20:30               
            [CLIENTS_CNT] => 0
            [TOV_NAME] => TRX
            [ACC] => 0
            [CNTTRAN] => 0
            [CNTTRANRESERV] => 0
        )

    [10] => Array
        (
            [KOD] => 803931
            [TIME_FROM] => 20:00
            [TIME_TO] => 21:00               
            [CLIENTS_CNT] => 0
            [TOV_NAME] => CrossActivity
            [ACC] => 0
            [CNTTRAN] => 0
            [CNTTRANRESERV] => 0
        )

    [11] => Array
        (
            [KOD] => 804135
            [TIME_FROM] => 20:00
            [TIME_TO] => 21:00               
            [CLIENTS_CNT] => 0
            [TOV_NAME] => Бокс
            [ACC] => 0
            [CNTTRAN] => 0
            [CNTTRANRESERV] => 0
        )

)

[2026-02-22 14:57:56] [INFO] (/home/redbarbe/public_html/telegram/webapps/action/ajax_get_tren.php:61) Array
(
    [KOD] => 804237
    [TIME_FROM] => 09:00
    [TIME_TO] => 10:00               
    [CLIENTS_CNT] => 0
    [TOV_NAME] => CrossActivity
    [ACC] => 0
    [CNTTRAN] => 0
    [CNTTRANRESERV] => 0
)

[2026-02-22 14:57:56] [INFO] (/home/redbarbe/public_html/telegram/webapps/action/ajax_get_tren.php:61) Array
(
    [KOD] => 803880
    [TIME_FROM] => 09:00
    [TIME_TO] => 10:00               
    [CLIENTS_CNT] => 0
    [TOV_NAME] => Total Body
    [ACC] => 0
    [CNTTRAN] => 0
    [CNTTRANRESERV] => 0
)

[2026-02-22 14:57:56] [INFO] (/home/redbarbe/public_html/telegram/webapps/action/ajax_get_tren.php:61) Array
(
    [KOD] => 805308
    [TIME_FROM] => 14:00
    [TIME_TO] => 15:00               
    [CLIENTS_CNT] => 0
    [TOV_NAME] => FitnessMix
    [ACC] => 0
    [CNTTRAN] => 0
    [CNTTRANRESERV] => 0
)

[2026-02-22 14:57:56] [INFO] (/home/redbarbe/public_html/telegram/webapps/action/ajax_get_tren.php:61) Array
(
    [KOD] => 803778
    [TIME_FROM] => 17:00
    [TIME_TO] => 18:00               
    [CLIENTS_CNT] => 0
    [TOV_NAME] => Mobility
    [ACC] => 0
    [CNTTRAN] => 0
    [CNTTRANRESERV] => 0
)

[2026-02-22 14:57:56] [INFO] (/home/redbarbe/public_html/telegram/webapps/action/ajax_get_tren.php:61) Array
(
    [KOD] => 804186
    [TIME_FROM] => 18:00
    [TIME_TO] => 19:00               
    [CLIENTS_CNT] => 0
    [TOV_NAME] => Паркур Kids
    [ACC] => 0
    [CNTTRAN] => 0
    [CNTTRANRESERV] => 0
)

[2026-02-22 14:57:56] [INFO] (/home/redbarbe/public_html/telegram/webapps/action/ajax_get_tren.php:61) Array
(
    [KOD] => 803982
    [TIME_FROM] => 18:30
    [TIME_TO] => 19:30               
    [CLIENTS_CNT] => 0
    [TOV_NAME] => Pilates
    [ACC] => 0
    [CNTTRAN] => 0
    [CNTTRANRESERV] => 0
)

[2026-02-22 14:57:56] [INFO] (/home/redbarbe/public_html/telegram/webapps/action/ajax_get_tren.php:61) Array
(
    [KOD] => 804084
    [TIME_FROM] => 19:00
    [TIME_TO] => 20:00               
    [CLIENTS_CNT] => 0
    [TOV_NAME] => Паркур
    [ACC] => 0
    [CNTTRAN] => 0
    [CNTTRANRESERV] => 0
)

[2026-02-22 14:57:56] [INFO] (/home/redbarbe/public_html/telegram/webapps/action/ajax_get_tren.php:61) Array
(
    [KOD] => 803829
    [TIME_FROM] => 19:00
    [TIME_TO] => 20:00               
    [CLIENTS_CNT] => 0
    [TOV_NAME] => CrossActivity
    [ACC] => 0
    [CNTTRAN] => 0
    [CNTTRANRESERV] => 0
)

[2026-02-22 14:57:56] [INFO] (/home/redbarbe/public_html/telegram/webapps/action/ajax_get_tren.php:61) Array
(
    [KOD] => 804288
    [TIME_FROM] => 19:00
    [TIME_TO] => 20:00               
    [CLIENTS_CNT] => 0
    [TOV_NAME] => Aesthetic Gymnastics
    [ACC] => 0
    [CNTTRAN] => 0
    [CNTTRANRESERV] => 0
)

[2026-02-22 14:57:56] [INFO] (/home/redbarbe/public_html/telegram/webapps/action/ajax_get_tren.php:61) Array
(
    [KOD] => 804033
    [TIME_FROM] => 19:30
    [TIME_TO] => 20:30               
    [CLIENTS_CNT] => 0
    [TOV_NAME] => TRX
    [ACC] => 0
    [CNTTRAN] => 0
    [CNTTRANRESERV] => 0
)

[2026-02-22 14:57:56] [INFO] (/home/redbarbe/public_html/telegram/webapps/action/ajax_get_tren.php:61) Array
(
    [KOD] => 803931
    [TIME_FROM] => 20:00
    [TIME_TO] => 21:00               
    [CLIENTS_CNT] => 0
    [TOV_NAME] => CrossActivity
    [ACC] => 0
    [CNTTRAN] => 0
    [CNTTRANRESERV] => 0
)

[2026-02-22 14:57:56] [INFO] (/home/redbarbe/public_html/telegram/webapps/action/ajax_get_tren.php:61) Array
(
    [KOD] => 804135
    [TIME_FROM] => 20:00
    [TIME_TO] => 21:00               
    [CLIENTS_CNT] => 0
    [TOV_NAME] => Бокс
    [ACC] => 0
    [CNTTRAN] => 0
    [CNTTRANRESERV] => 0
)

[2026-02-22 14:58:05] [INFO] (/home/redbarbe/public_html/telegram/webapps/action/ajax_fitness_zapis.php:22) Array
(
    [ajax_method] => 2
    [action] => ajax_fitness_zapis
    [dat] => 23.02.2026
    [acc] => 11114
    [trenid] => 804033
    [ost_all] => 100
    [ip_club] => 178.158.212.173
    [acctozapis] => 0
    [time_from] => 19:30
)

[2026-02-22 14:58:18] [INFO] (/home/redbarbe/public_html/telegram/webapps/action/ajax_get_tren.php:35) Array
(
    [0] => Array
        (
            [KOD] => 804339
            [TIME_FROM] => 10:00
            [TIME_TO] => 11:00               
            [CLIENTS_CNT] => 0
            [TOV_NAME] => Йога
            [ACC] => 0
            [CNTTRAN] => 0
            [CNTTRANRESERV] => 0
        )

    [1] => Array
        (
            [KOD] => 804492
            [TIME_FROM] => 18:00
            [TIME_TO] => 19:00               
            [CLIENTS_CNT] => 0
            [TOV_NAME] => Йога
            [ACC] => 0
            [CNTTRAN] => 0
            [CNTTRANRESERV] => 0
        )

    [2] => Array
        (
            [KOD] => 804543
            [TIME_FROM] => 18:00
            [TIME_TO] => 19:00               
            [CLIENTS_CNT] => 0
            [TOV_NAME] => Паркур Kids
            [ACC] => 0
            [CNTTRAN] => 0
            [CNTTRANRESERV] => 0
        )

    [3] => Array
        (
            [KOD] => 804390
            [TIME_FROM] => 19:00
            [TIME_TO] => 20:00               
            [CLIENTS_CNT] => 0
            [TOV_NAME] => Паркур
            [ACC] => 0
            [CNTTRAN] => 0
            [CNTTRANRESERV] => 0
        )

    [4] => Array
        (
            [KOD] => 804594
            [TIME_FROM] => 19:00
            [TIME_TO] => 20:00               
            [CLIENTS_CNT] => 0
            [TOV_NAME] => CrossActivity
            [ACC] => 0
            [CNTTRAN] => 0
            [CNTTRANRESERV] => 0
        )

    [5] => Array
        (
            [KOD] => 804645
            [TIME_FROM] => 19:00
            [TIME_TO] => 20:00               
            [CLIENTS_CNT] => 5
            [TOV_NAME] => Cycle
            [ACC] => 0
            [CNTTRAN] => 0
            [CNTTRANRESERV] => 0
        )

    [6] => Array
        (
            [KOD] => 804441
            [TIME_FROM] => 19:00
            [TIME_TO] => 20:00               
            [CLIENTS_CNT] => 0
            [TOV_NAME] => FitnessMix
            [ACC] => 0
            [CNTTRAN] => 0
            [CNTTRANRESERV] => 0
        )

)

[2026-02-22 14:58:18] [INFO] (/home/redbarbe/public_html/telegram/webapps/action/ajax_get_tren.php:61) Array
(
    [KOD] => 804339
    [TIME_FROM] => 10:00
    [TIME_TO] => 11:00               
    [CLIENTS_CNT] => 0
    [TOV_NAME] => Йога
    [ACC] => 0
    [CNTTRAN] => 0
    [CNTTRANRESERV] => 0
)

[2026-02-22 14:58:18] [INFO] (/home/redbarbe/public_html/telegram/webapps/action/ajax_get_tren.php:61) Array
(
    [KOD] => 804492
    [TIME_FROM] => 18:00
    [TIME_TO] => 19:00               
    [CLIENTS_CNT] => 0
    [TOV_NAME] => Йога
    [ACC] => 0
    [CNTTRAN] => 0
    [CNTTRANRESERV] => 0
)

[2026-02-22 14:58:18] [INFO] (/home/redbarbe/public_html/telegram/webapps/action/ajax_get_tren.php:61) Array
(
    [KOD] => 804543
    [TIME_FROM] => 18:00
    [TIME_TO] => 19:00               
    [CLIENTS_CNT] => 0
    [TOV_NAME] => Паркур Kids
    [ACC] => 0
    [CNTTRAN] => 0
    [CNTTRANRESERV] => 0
)

[2026-02-22 14:58:18] [INFO] (/home/redbarbe/public_html/telegram/webapps/action/ajax_get_tren.php:61) Array
(
    [KOD] => 804390
    [TIME_FROM] => 19:00
    [TIME_TO] => 20:00               
    [CLIENTS_CNT] => 0
    [TOV_NAME] => Паркур
    [ACC] => 0
    [CNTTRAN] => 0
    [CNTTRANRESERV] => 0
)

[2026-02-22 14:58:18] [INFO] (/home/redbarbe/public_html/telegram/webapps/action/ajax_get_tren.php:61) Array
(
    [KOD] => 804594
    [TIME_FROM] => 19:00
    [TIME_TO] => 20:00               
    [CLIENTS_CNT] => 0
    [TOV_NAME] => CrossActivity
    [ACC] => 0
    [CNTTRAN] => 0
    [CNTTRANRESERV] => 0
)

[2026-02-22 14:58:18] [INFO] (/home/redbarbe/public_html/telegram/webapps/action/ajax_get_tren.php:61) Array
(
    [KOD] => 804645
    [TIME_FROM] => 19:00
    [TIME_TO] => 20:00               
    [CLIENTS_CNT] => 5
    [TOV_NAME] => Cycle
    [ACC] => 0
    [CNTTRAN] => 0
    [CNTTRANRESERV] => 0
)

[2026-02-22 14:58:18] [INFO] (/home/redbarbe/public_html/telegram/webapps/action/ajax_get_tren.php:61) Array
(
    [KOD] => 804441
    [TIME_FROM] => 19:00
    [TIME_TO] => 20:00               
    [CLIENTS_CNT] => 0
    [TOV_NAME] => FitnessMix
    [ACC] => 0
    [CNTTRAN] => 0
    [CNTTRANRESERV] => 0
)

[2026-02-22 14:58:26] [INFO] (/home/redbarbe/public_html/telegram/webapps/action/ajax_get_tren.php:35) Array
(
    [0] => Array
        (
            [KOD] => 805258
            [TIME_FROM] => 09:00
            [TIME_TO] => 10:00               
            [CLIENTS_CNT] => 0
            [TOV_NAME] => CrossActivity
            [ACC] => 0
            [CNTTRAN] => 0
            [CNTTRANRESERV] => 0
        )

    [1] => Array
        (
            [KOD] => 804850
            [TIME_FROM] => 09:00
            [TIME_TO] => 10:00               
            [CLIENTS_CNT] => 0
            [TOV_NAME] => Total Body
            [ACC] => 0
            [CNTTRAN] => 0
            [CNTTRANRESERV] => 0
        )

    [2] => Array
        (
            [KOD] => 804901
            [TIME_FROM] => 14:00
            [TIME_TO] => 15:00               
            [CLIENTS_CNT] => 0
            [TOV_NAME] => FitnessMix
            [ACC] => 0
            [CNTTRAN] => 0
            [CNTTRANRESERV] => 0
        )

    [3] => Array
        (
            [KOD] => 804748
            [TIME_FROM] => 17:00
            [TIME_TO] => 18:00               
            [CLIENTS_CNT] => 0
            [TOV_NAME] => Mobility
            [ACC] => 0
            [CNTTRAN] => 0
            [CNTTRANRESERV] => 0
        )

    [4] => Array
        (
            [KOD] => 805207
            [TIME_FROM] => 18:00
            [TIME_TO] => 19:00               
            [CLIENTS_CNT] => 0
            [TOV_NAME] => Паркур Kids
            [ACC] => 0
            [CNTTRAN] => 0
            [CNTTRANRESERV] => 0
        )

    [5] => Array
        (
            [KOD] => 805003
            [TIME_FROM] => 18:30
            [TIME_TO] => 19:30               
            [CLIENTS_CNT] => 0
            [TOV_NAME] => Pilates
            [ACC] => 0
            [CNTTRAN] => 0
            [CNTTRANRESERV] => 0
        )

    [6] => Array
        (
            [KOD] => 805105
            [TIME_FROM] => 19:00
            [TIME_TO] => 20:00               
            [CLIENTS_CNT] => 0
            [TOV_NAME] => Паркур
            [ACC] => 0
            [CNTTRAN] => 0
            [CNTTRANRESERV] => 0
        )

    [7] => Array
        (
            [KOD] => 804799
            [TIME_FROM] => 19:00
            [TIME_TO] => 20:00               
            [CLIENTS_CNT] => 0
            [TOV_NAME] => CrossActivity
            [ACC] => 0
            [CNTTRAN] => 0
            [CNTTRANRESERV] => 0
        )

    [8] => Array
        (
            [KOD] => 804697
            [TIME_FROM] => 19:00
            [TIME_TO] => 20:00               
            [CLIENTS_CNT] => 0
            [TOV_NAME] => Aesthetic Gymnastics
            [ACC] => 0
            [CNTTRAN] => 0
            [CNTTRANRESERV] => 0
        )

    [9] => Array
        (
            [KOD] => 805054
            [TIME_FROM] => 19:30
            [TIME_TO] => 20:30               
            [CLIENTS_CNT] => 0
            [TOV_NAME] => TRX
            [ACC] => 0
            [CNTTRAN] => 0
            [CNTTRANRESERV] => 0
        )

    [10] => Array
        (
            [KOD] => 804952
            [TIME_FROM] => 20:00
            [TIME_TO] => 21:00               
            [CLIENTS_CNT] => 0
            [TOV_NAME] => CrossActivity
            [ACC] => 0
            [CNTTRAN] => 0
            [CNTTRANRESERV] => 0
        )

    [11] => Array
        (
            [KOD] => 805156
            [TIME_FROM] => 20:00
            [TIME_TO] => 21:00               
            [CLIENTS_CNT] => 0
            [TOV_NAME] => Бокс
            [ACC] => 0
            [CNTTRAN] => 0
            [CNTTRANRESERV] => 0
        )

)

[2026-02-22 14:58:26] [INFO] (/home/redbarbe/public_html/telegram/webapps/action/ajax_get_tren.php:61) Array
(
    [KOD] => 805258
    [TIME_FROM] => 09:00
    [TIME_TO] => 10:00               
    [CLIENTS_CNT] => 0
    [TOV_NAME] => CrossActivity
    [ACC] => 0
    [CNTTRAN] => 0
    [CNTTRANRESERV] => 0
)

[2026-02-22 14:58:26] [INFO] (/home/redbarbe/public_html/telegram/webapps/action/ajax_get_tren.php:61) Array
(
    [KOD] => 804850
    [TIME_FROM] => 09:00
    [TIME_TO] => 10:00               
    [CLIENTS_CNT] => 0
    [TOV_NAME] => Total Body
    [ACC] => 0
    [CNTTRAN] => 0
    [CNTTRANRESERV] => 0
)

[2026-02-22 14:58:26] [INFO] (/home/redbarbe/public_html/telegram/webapps/action/ajax_get_tren.php:61) Array
(
    [KOD] => 804901
    [TIME_FROM] => 14:00
    [TIME_TO] => 15:00               
    [CLIENTS_CNT] => 0
    [TOV_NAME] => FitnessMix
    [ACC] => 0
    [CNTTRAN] => 0
    [CNTTRANRESERV] => 0
)

[2026-02-22 14:58:26] [INFO] (/home/redbarbe/public_html/telegram/webapps/action/ajax_get_tren.php:61) Array
(
    [KOD] => 804748
    [TIME_FROM] => 17:00
    [TIME_TO] => 18:00               
    [CLIENTS_CNT] => 0
    [TOV_NAME] => Mobility
    [ACC] => 0
    [CNTTRAN] => 0
    [CNTTRANRESERV] => 0
)

[2026-02-22 14:58:26] [INFO] (/home/redbarbe/public_html/telegram/webapps/action/ajax_get_tren.php:61) Array
(
    [KOD] => 805207
    [TIME_FROM] => 18:00
    [TIME_TO] => 19:00               
    [CLIENTS_CNT] => 0
    [TOV_NAME] => Паркур Kids
    [ACC] => 0
    [CNTTRAN] => 0
    [CNTTRANRESERV] => 0
)

[2026-02-22 14:58:26] [INFO] (/home/redbarbe/public_html/telegram/webapps/action/ajax_get_tren.php:61) Array
(
    [KOD] => 805003
    [TIME_FROM] => 18:30
    [TIME_TO] => 19:30               
    [CLIENTS_CNT] => 0
    [TOV_NAME] => Pilates
    [ACC] => 0
    [CNTTRAN] => 0
    [CNTTRANRESERV] => 0
)

[2026-02-22 14:58:26] [INFO] (/home/redbarbe/public_html/telegram/webapps/action/ajax_get_tren.php:61) Array
(
    [KOD] => 805105
    [TIME_FROM] => 19:00
    [TIME_TO] => 20:00               
    [CLIENTS_CNT] => 0
    [TOV_NAME] => Паркур
    [ACC] => 0
    [CNTTRAN] => 0
    [CNTTRANRESERV] => 0
)

[2026-02-22 14:58:26] [INFO] (/home/redbarbe/public_html/telegram/webapps/action/ajax_get_tren.php:61) Array
(
    [KOD] => 804799
    [TIME_FROM] => 19:00
    [TIME_TO] => 20:00               
    [CLIENTS_CNT] => 0
    [TOV_NAME] => CrossActivity
    [ACC] => 0
    [CNTTRAN] => 0
    [CNTTRANRESERV] => 0
)

[2026-02-22 14:58:26] [INFO] (/home/redbarbe/public_html/telegram/webapps/action/ajax_get_tren.php:61) Array
(
    [KOD] => 804697
    [TIME_FROM] => 19:00
    [TIME_TO] => 20:00               
    [CLIENTS_CNT] => 0
    [TOV_NAME] => Aesthetic Gymnastics
    [ACC] => 0
    [CNTTRAN] => 0
    [CNTTRANRESERV] => 0
)

[2026-02-22 14:58:26] [INFO] (/home/redbarbe/public_html/telegram/webapps/action/ajax_get_tren.php:61) Array
(
    [KOD] => 805054
    [TIME_FROM] => 19:30
    [TIME_TO] => 20:30               
    [CLIENTS_CNT] => 0
    [TOV_NAME] => TRX
    [ACC] => 0
    [CNTTRAN] => 0
    [CNTTRANRESERV] => 0
)

[2026-02-22 14:58:26] [INFO] (/home/redbarbe/public_html/telegram/webapps/action/ajax_get_tren.php:61) Array
(
    [KOD] => 804952
    [TIME_FROM] => 20:00
    [TIME_TO] => 21:00               
    [CLIENTS_CNT] => 0
    [TOV_NAME] => CrossActivity
    [ACC] => 0
    [CNTTRAN] => 0
    [CNTTRANRESERV] => 0
)

[2026-02-22 14:58:26] [INFO] (/home/redbarbe/public_html/telegram/webapps/action/ajax_get_tren.php:61) Array
(
    [KOD] => 805156
    [TIME_FROM] => 20:00
    [TIME_TO] => 21:00               
    [CLIENTS_CNT] => 0
    [TOV_NAME] => Бокс
    [ACC] => 0
    [CNTTRAN] => 0
    [CNTTRANRESERV] => 0
)

[2026-02-22 14:58:50] [INFO] (/home/redbarbe/public_html/telegram/webapps/action/ajax_fitness_zapis.php:22) Array
(
    [ajax_method] => 2
    [action] => ajax_fitness_zapis
    [dat] => 25.02.2026
    [acc] => 11114
    [trenid] => 805003
    [ost_all] => 100
    [ip_club] => 178.158.212.173
    [acctozapis] => 0
    [time_from] => 18:30
)

[2026-02-22 14:58:53] [INFO] (/home/redbarbe/public_html/telegram/webapps/action/ajax_get_tren.php:35) Array
(
    [0] => Array
        (
            [KOD] => 805258
            [TIME_FROM] => 09:00
            [TIME_TO] => 10:00               
            [CLIENTS_CNT] => 0
            [TOV_NAME] => CrossActivity
            [ACC] => 0
            [CNTTRAN] => 0
            [CNTTRANRESERV] => 0
        )

    [1] => Array
        (
            [KOD] => 804850
            [TIME_FROM] => 09:00
            [TIME_TO] => 10:00               
            [CLIENTS_CNT] => 0
            [TOV_NAME] => Total Body
            [ACC] => 0
            [CNTTRAN] => 0
            [CNTTRANRESERV] => 0
        )

    [2] => Array
        (
            [KOD] => 804901
            [TIME_FROM] => 14:00
            [TIME_TO] => 15:00               
            [CLIENTS_CNT] => 0
            [TOV_NAME] => FitnessMix
            [ACC] => 0
            [CNTTRAN] => 0
            [CNTTRANRESERV] => 0
        )

    [3] => Array
        (
            [KOD] => 804748
            [TIME_FROM] => 17:00
            [TIME_TO] => 18:00               
            [CLIENTS_CNT] => 0
            [TOV_NAME] => Mobility
            [ACC] => 0
            [CNTTRAN] => 0
            [CNTTRANRESERV] => 0
        )

    [4] => Array
        (
            [KOD] => 805207
            [TIME_FROM] => 18:00
            [TIME_TO] => 19:00               
            [CLIENTS_CNT] => 0
            [TOV_NAME] => Паркур Kids
            [ACC] => 0
            [CNTTRAN] => 0
            [CNTTRANRESERV] => 0
        )

    [5] => Array
        (
            [KOD] => 805003
            [TIME_FROM] => 18:30
            [TIME_TO] => 19:30               
            [CLIENTS_CNT] => 0
            [TOV_NAME] => Pilates
            [ACC] => 0
            [CNTTRAN] => 0
            [CNTTRANRESERV] => 0
        )

    [6] => Array
        (
            [KOD] => 805105
            [TIME_FROM] => 19:00
            [TIME_TO] => 20:00               
            [CLIENTS_CNT] => 0
            [TOV_NAME] => Паркур
            [ACC] => 0
            [CNTTRAN] => 0
            [CNTTRANRESERV] => 0
        )

    [7] => Array
        (
            [KOD] => 804799
            [TIME_FROM] => 19:00
            [TIME_TO] => 20:00               
            [CLIENTS_CNT] => 0
            [TOV_NAME] => CrossActivity
            [ACC] => 0
            [CNTTRAN] => 0
            [CNTTRANRESERV] => 0
        )

    [8] => Array
        (
            [KOD] => 804697
            [TIME_FROM] => 19:00
            [TIME_TO] => 20:00               
            [CLIENTS_CNT] => 0
            [TOV_NAME] => Aesthetic Gymnastics
            [ACC] => 0
            [CNTTRAN] => 0
            [CNTTRANRESERV] => 0
        )

    [9] => Array
        (
            [KOD] => 805054
            [TIME_FROM] => 19:30
            [TIME_TO] => 20:30               
            [CLIENTS_CNT] => 0
            [TOV_NAME] => TRX
            [ACC] => 0
            [CNTTRAN] => 0
            [CNTTRANRESERV] => 0
        )

    [10] => Array
        (
            [KOD] => 804952
            [TIME_FROM] => 20:00
            [TIME_TO] => 21:00               
            [CLIENTS_CNT] => 0
            [TOV_NAME] => CrossActivity
            [ACC] => 0
            [CNTTRAN] => 0
            [CNTTRANRESERV] => 0
        )

    [11] => Array
        (
            [KOD] => 805156
            [TIME_FROM] => 20:00
            [TIME_TO] => 21:00               
            [CLIENTS_CNT] => 0
            [TOV_NAME] => Бокс
            [ACC] => 0
            [CNTTRAN] => 0
            [CNTTRANRESERV] => 0
        )

)

[2026-02-22 14:58:53] [INFO] (/home/redbarbe/public_html/telegram/webapps/action/ajax_get_tren.php:61) Array
(
    [KOD] => 805258
    [TIME_FROM] => 09:00
    [TIME_TO] => 10:00               
    [CLIENTS_CNT] => 0
    [TOV_NAME] => CrossActivity
    [ACC] => 0
    [CNTTRAN] => 0
    [CNTTRANRESERV] => 0
)

[2026-02-22 14:58:53] [INFO] (/home/redbarbe/public_html/telegram/webapps/action/ajax_get_tren.php:61) Array
(
    [KOD] => 804850
    [TIME_FROM] => 09:00
    [TIME_TO] => 10:00               
    [CLIENTS_CNT] => 0
    [TOV_NAME] => Total Body
    [ACC] => 0
    [CNTTRAN] => 0
    [CNTTRANRESERV] => 0
)

[2026-02-22 14:58:53] [INFO] (/home/redbarbe/public_html/telegram/webapps/action/ajax_get_tren.php:61) Array
(
    [KOD] => 804901
    [TIME_FROM] => 14:00
    [TIME_TO] => 15:00               
    [CLIENTS_CNT] => 0
    [TOV_NAME] => FitnessMix
    [ACC] => 0
    [CNTTRAN] => 0
    [CNTTRANRESERV] => 0
)

[2026-02-22 14:58:53] [INFO] (/home/redbarbe/public_html/telegram/webapps/action/ajax_get_tren.php:61) Array
(
    [KOD] => 804748
    [TIME_FROM] => 17:00
    [TIME_TO] => 18:00               
    [CLIENTS_CNT] => 0
    [TOV_NAME] => Mobility
    [ACC] => 0
    [CNTTRAN] => 0
    [CNTTRANRESERV] => 0
)

[2026-02-22 14:58:53] [INFO] (/home/redbarbe/public_html/telegram/webapps/action/ajax_get_tren.php:61) Array
(
    [KOD] => 805207
    [TIME_FROM] => 18:00
    [TIME_TO] => 19:00               
    [CLIENTS_CNT] => 0
    [TOV_NAME] => Паркур Kids
    [ACC] => 0
    [CNTTRAN] => 0
    [CNTTRANRESERV] => 0
)

[2026-02-22 14:58:53] [INFO] (/home/redbarbe/public_html/telegram/webapps/action/ajax_get_tren.php:61) Array
(
    [KOD] => 805003
    [TIME_FROM] => 18:30
    [TIME_TO] => 19:30               
    [CLIENTS_CNT] => 0
    [TOV_NAME] => Pilates
    [ACC] => 0
    [CNTTRAN] => 0
    [CNTTRANRESERV] => 0
)

[2026-02-22 14:58:53] [INFO] (/home/redbarbe/public_html/telegram/webapps/action/ajax_get_tren.php:61) Array
(
    [KOD] => 805105
    [TIME_FROM] => 19:00
    [TIME_TO] => 20:00               
    [CLIENTS_CNT] => 0
    [TOV_NAME] => Паркур
    [ACC] => 0
    [CNTTRAN] => 0
    [CNTTRANRESERV] => 0
)

[2026-02-22 14:58:53] [INFO] (/home/redbarbe/public_html/telegram/webapps/action/ajax_get_tren.php:61) Array
(
    [KOD] => 804799
    [TIME_FROM] => 19:00
    [TIME_TO] => 20:00               
    [CLIENTS_CNT] => 0
    [TOV_NAME] => CrossActivity
    [ACC] => 0
    [CNTTRAN] => 0
    [CNTTRANRESERV] => 0
)

[2026-02-22 14:58:53] [INFO] (/home/redbarbe/public_html/telegram/webapps/action/ajax_get_tren.php:61) Array
(
    [KOD] => 804697
    [TIME_FROM] => 19:00
    [TIME_TO] => 20:00               
    [CLIENTS_CNT] => 0
    [TOV_NAME] => Aesthetic Gymnastics
    [ACC] => 0
    [CNTTRAN] => 0
    [CNTTRANRESERV] => 0
)

[2026-02-22 14:58:53] [INFO] (/home/redbarbe/public_html/telegram/webapps/action/ajax_get_tren.php:61) Array
(
    [KOD] => 805054
    [TIME_FROM] => 19:30
    [TIME_TO] => 20:30               
    [CLIENTS_CNT] => 0
    [TOV_NAME] => TRX
    [ACC] => 0
    [CNTTRAN] => 0
    [CNTTRANRESERV] => 0
)

[2026-02-22 14:58:53] [INFO] (/home/redbarbe/public_html/telegram/webapps/action/ajax_get_tren.php:61) Array
(
    [KOD] => 804952
    [TIME_FROM] => 20:00
    [TIME_TO] => 21:00               
    [CLIENTS_CNT] => 0
    [TOV_NAME] => CrossActivity
    [ACC] => 0
    [CNTTRAN] => 0
    [CNTTRANRESERV] => 0
)

[2026-02-22 14:58:53] [INFO] (/home/redbarbe/public_html/telegram/webapps/action/ajax_get_tren.php:61) Array
(
    [KOD] => 805156
    [TIME_FROM] => 20:00
    [TIME_TO] => 21:00               
    [CLIENTS_CNT] => 0
    [TOV_NAME] => Бокс
    [ACC] => 0
    [CNTTRAN] => 0
    [CNTTRANRESERV] => 0
)

[2026-02-22 14:59:16] [INFO] (/home/redbarbe/public_html/telegram/webapps/action/ajax_get_tren.php:35) Array
(
    [0] => Array
        (
            [KOD] => 805312
            [TIME_FROM] => 10:00
            [TIME_TO] => 11:00               
            [CLIENTS_CNT] => 0
            [TOV_NAME] => Йога
            [ACC] => 0
            [CNTTRAN] => 0
            [CNTTRANRESERV] => 0
        )

    [1] => Array
        (
            [KOD] => 805468
            [TIME_FROM] => 18:00
            [TIME_TO] => 19:00               
            [CLIENTS_CNT] => 0
            [TOV_NAME] => Йога
            [ACC] => 0
            [CNTTRAN] => 0
            [CNTTRANRESERV] => 0
        )

    [2] => Array
        (
            [KOD] => 805520
            [TIME_FROM] => 18:00
            [TIME_TO] => 19:00               
            [CLIENTS_CNT] => 0
            [TOV_NAME] => Паркур Kids
            [ACC] => 0
            [CNTTRAN] => 0
            [CNTTRANRESERV] => 0
        )

    [3] => Array
        (
            [KOD] => 805364
            [TIME_FROM] => 19:00
            [TIME_TO] => 20:00               
            [CLIENTS_CNT] => 0
            [TOV_NAME] => Паркур
            [ACC] => 0
            [CNTTRAN] => 0
            [CNTTRANRESERV] => 0
        )

    [4] => Array
        (
            [KOD] => 805572
            [TIME_FROM] => 19:00
            [TIME_TO] => 20:00               
            [CLIENTS_CNT] => 0
            [TOV_NAME] => CrossActivity
            [ACC] => 0
            [CNTTRAN] => 0
            [CNTTRANRESERV] => 0
        )

    [5] => Array
        (
            [KOD] => 805624
            [TIME_FROM] => 19:00
            [TIME_TO] => 20:00               
            [CLIENTS_CNT] => 5
            [TOV_NAME] => Cycle
            [ACC] => 0
            [CNTTRAN] => 1
            [CNTTRANRESERV] => 0
        )

    [6] => Array
        (
            [KOD] => 805416
            [TIME_FROM] => 19:00
            [TIME_TO] => 20:00               
            [CLIENTS_CNT] => 0
            [TOV_NAME] => FitnessMix
            [ACC] => 0
            [CNTTRAN] => 0
            [CNTTRANRESERV] => 0
        )

)

[2026-02-22 14:59:16] [INFO] (/home/redbarbe/public_html/telegram/webapps/action/ajax_get_tren.php:61) Array
(
    [KOD] => 805312
    [TIME_FROM] => 10:00
    [TIME_TO] => 11:00               
    [CLIENTS_CNT] => 0
    [TOV_NAME] => Йога
    [ACC] => 0
    [CNTTRAN] => 0
    [CNTTRANRESERV] => 0
)

[2026-02-22 14:59:16] [INFO] (/home/redbarbe/public_html/telegram/webapps/action/ajax_get_tren.php:61) Array
(
    [KOD] => 805468
    [TIME_FROM] => 18:00
    [TIME_TO] => 19:00               
    [CLIENTS_CNT] => 0
    [TOV_NAME] => Йога
    [ACC] => 0
    [CNTTRAN] => 0
    [CNTTRANRESERV] => 0
)

[2026-02-22 14:59:16] [INFO] (/home/redbarbe/public_html/telegram/webapps/action/ajax_get_tren.php:61) Array
(
    [KOD] => 805520
    [TIME_FROM] => 18:00
    [TIME_TO] => 19:00               
    [CLIENTS_CNT] => 0
    [TOV_NAME] => Паркур Kids
    [ACC] => 0
    [CNTTRAN] => 0
    [CNTTRANRESERV] => 0
)

[2026-02-22 14:59:16] [INFO] (/home/redbarbe/public_html/telegram/webapps/action/ajax_get_tren.php:61) Array
(
    [KOD] => 805364
    [TIME_FROM] => 19:00
    [TIME_TO] => 20:00               
    [CLIENTS_CNT] => 0
    [TOV_NAME] => Паркур
    [ACC] => 0
    [CNTTRAN] => 0
    [CNTTRANRESERV] => 0
)

[2026-02-22 14:59:16] [INFO] (/home/redbarbe/public_html/telegram/webapps/action/ajax_get_tren.php:61) Array
(
    [KOD] => 805572
    [TIME_FROM] => 19:00
    [TIME_TO] => 20:00               
    [CLIENTS_CNT] => 0
    [TOV_NAME] => CrossActivity
    [ACC] => 0
    [CNTTRAN] => 0
    [CNTTRANRESERV] => 0
)

[2026-02-22 14:59:16] [INFO] (/home/redbarbe/public_html/telegram/webapps/action/ajax_get_tren.php:61) Array
(
    [KOD] => 805624
    [TIME_FROM] => 19:00
    [TIME_TO] => 20:00               
    [CLIENTS_CNT] => 5
    [TOV_NAME] => Cycle
    [ACC] => 0
    [CNTTRAN] => 1
    [CNTTRANRESERV] => 0
)

[2026-02-22 14:59:16] [INFO] (/home/redbarbe/public_html/telegram/webapps/action/ajax_get_tren.php:61) Array
(
    [KOD] => 805416
    [TIME_FROM] => 19:00
    [TIME_TO] => 20:00               
    [CLIENTS_CNT] => 0
    [TOV_NAME] => FitnessMix
    [ACC] => 0
    [CNTTRAN] => 0
    [CNTTRANRESERV] => 0
)

[2026-02-22 14:59:52] [INFO] (/home/redbarbe/public_html/telegram/webapps/action/ajax_get_tren.php:35) Array
(
    [0] => Array
        (
            [KOD] => 805312
            [TIME_FROM] => 10:00
            [TIME_TO] => 11:00               
            [CLIENTS_CNT] => 0
            [TOV_NAME] => Йога
            [ACC] => 0
            [CNTTRAN] => 0
            [CNTTRANRESERV] => 0
        )

    [1] => Array
        (
            [KOD] => 805468
            [TIME_FROM] => 18:00
            [TIME_TO] => 19:00               
            [CLIENTS_CNT] => 0
            [TOV_NAME] => Йога
            [ACC] => 0
            [CNTTRAN] => 0
            [CNTTRANRESERV] => 0
        )

    [2] => Array
        (
            [KOD] => 805520
            [TIME_FROM] => 18:00
            [TIME_TO] => 19:00               
            [CLIENTS_CNT] => 0
            [TOV_NAME] => Паркур Kids
            [ACC] => 0
            [CNTTRAN] => 0
            [CNTTRANRESERV] => 0
        )

    [3] => Array
        (
            [KOD] => 805364
            [TIME_FROM] => 19:00
            [TIME_TO] => 20:00               
            [CLIENTS_CNT] => 0
            [TOV_NAME] => Паркур
            [ACC] => 0
            [CNTTRAN] => 0
            [CNTTRANRESERV] => 0
        )

    [4] => Array
        (
            [KOD] => 805572
            [TIME_FROM] => 19:00
            [TIME_TO] => 20:00               
            [CLIENTS_CNT] => 0
            [TOV_NAME] => CrossActivity
            [ACC] => 0
            [CNTTRAN] => 0
            [CNTTRANRESERV] => 0
        )

    [5] => Array
        (
            [KOD] => 805624
            [TIME_FROM] => 19:00
            [TIME_TO] => 20:00               
            [CLIENTS_CNT] => 5
            [TOV_NAME] => Cycle
            [ACC] => 0
            [CNTTRAN] => 1
            [CNTTRANRESERV] => 0
        )

    [6] => Array
        (
            [KOD] => 805416
            [TIME_FROM] => 19:00
            [TIME_TO] => 20:00               
            [CLIENTS_CNT] => 0
            [TOV_NAME] => FitnessMix
            [ACC] => 0
            [CNTTRAN] => 0
            [CNTTRANRESERV] => 0
        )

)

[2026-02-22 14:59:52] [INFO] (/home/redbarbe/public_html/telegram/webapps/action/ajax_get_tren.php:61) Array
(
    [KOD] => 805312
    [TIME_FROM] => 10:00
    [TIME_TO] => 11:00               
    [CLIENTS_CNT] => 0
    [TOV_NAME] => Йога
    [ACC] => 0
    [CNTTRAN] => 0
    [CNTTRANRESERV] => 0
)

[2026-02-22 14:59:52] [INFO] (/home/redbarbe/public_html/telegram/webapps/action/ajax_get_tren.php:61) Array
(
    [KOD] => 805468
    [TIME_FROM] => 18:00
    [TIME_TO] => 19:00               
    [CLIENTS_CNT] => 0
    [TOV_NAME] => Йога
    [ACC] => 0
    [CNTTRAN] => 0
    [CNTTRANRESERV] => 0
)

[2026-02-22 14:59:52] [INFO] (/home/redbarbe/public_html/telegram/webapps/action/ajax_get_tren.php:61) Array
(
    [KOD] => 805520
    [TIME_FROM] => 18:00
    [TIME_TO] => 19:00               
    [CLIENTS_CNT] => 0
    [TOV_NAME] => Паркур Kids
    [ACC] => 0
    [CNTTRAN] => 0
    [CNTTRANRESERV] => 0
)

[2026-02-22 14:59:52] [INFO] (/home/redbarbe/public_html/telegram/webapps/action/ajax_get_tren.php:61) Array
(
    [KOD] => 805364
    [TIME_FROM] => 19:00
    [TIME_TO] => 20:00               
    [CLIENTS_CNT] => 0
    [TOV_NAME] => Паркур
    [ACC] => 0
    [CNTTRAN] => 0
    [CNTTRANRESERV] => 0
)

[2026-02-22 14:59:52] [INFO] (/home/redbarbe/public_html/telegram/webapps/action/ajax_get_tren.php:61) Array
(
    [KOD] => 805572
    [TIME_FROM] => 19:00
    [TIME_TO] => 20:00               
    [CLIENTS_CNT] => 0
    [TOV_NAME] => CrossActivity
    [ACC] => 0
    [CNTTRAN] => 0
    [CNTTRANRESERV] => 0
)

[2026-02-22 14:59:52] [INFO] (/home/redbarbe/public_html/telegram/webapps/action/ajax_get_tren.php:61) Array
(
    [KOD] => 805624
    [TIME_FROM] => 19:00
    [TIME_TO] => 20:00               
    [CLIENTS_CNT] => 5
    [TOV_NAME] => Cycle
    [ACC] => 0
    [CNTTRAN] => 1
    [CNTTRANRESERV] => 0
)

[2026-02-22 14:59:52] [INFO] (/home/redbarbe/public_html/telegram/webapps/action/ajax_get_tren.php:61) Array
(
    [KOD] => 805416
    [TIME_FROM] => 19:00
    [TIME_TO] => 20:00               
    [CLIENTS_CNT] => 0
    [TOV_NAME] => FitnessMix
    [ACC] => 0
    [CNTTRAN] => 0
    [CNTTRANRESERV] => 0
)

[2026-02-22 14:59:55] [INFO] (/home/redbarbe/public_html/telegram/webapps/action/ajax_fitness_zapis.php:22) Array
(
    [ajax_method] => 2
    [action] => ajax_fitness_zapis
    [dat] => 26.02.2026
    [acc] => 11114
    [trenid] => 805624
    [ost_all] => 4
    [ip_club] => 178.158.212.173
    [acctozapis] => 0
    [time_from] => 19:00
)

[2026-02-22 15:00:18] [INFO] (/home/redbarbe/public_html/telegram/webapps/reports/report_pers_detal.php:22) Array
(
)

[2026-02-22 15:00:25] [INFO] (/home/redbarbe/public_html/telegram/webapps/reports/report_pers_detal.php:22) Array
(
    [ajax_method] => 2
    [action] => report_pers_detal
    [action_report] => report_view
    [admin] => 5
    [date_from] => 22.02.2026
    [date_to] => 22.02.2026
    [ip_club] => 178.158.212.173
    [podr] => pt
    [sotr] => 0331
)

[2026-02-22 15:00:55] [INFO] (/home/redbarbe/public_html/telegram/webapps/action/hist_ind.php:16) SELECT a.name FROM `spr_acc` a, spr_users u WHERE u.active_account=a.acc and u.chat_id=a.chat_id and a.acc=12584 
and u.club=(select id from spr_clubs where ip_club="212.26.139.90") limit 1
[2026-02-22 15:00:55] [INFO] (/home/redbarbe/public_html/telegram/webapps/action/hist_ind.php:17) hist_grp
[2026-02-22 15:00:55] [INFO] (/home/redbarbe/public_html/telegram/webapps/action/hist_ind.php:108) Array
(
    [dbeg] => 22.11.2025
    [dend] => today
    [acc] => 12584
    [command] => get_ind_history
)

[2026-02-22 15:00:55] [INFO] (/home/redbarbe/public_html/telegram/webapps/action/hist_ind.php:109) ip=212.26.139.90
[2026-02-22 15:01:18] [INFO] (/home/redbarbe/public_html/telegram/webapps/action/hist_ind.php:16) SELECT a.name FROM `spr_acc` a, spr_users u WHERE u.active_account=a.acc and u.chat_id=a.chat_id and a.acc=15226 
and u.club=(select id from spr_clubs where ip_club="178.158.212.173") limit 1
[2026-02-22 15:01:18] [INFO] (/home/redbarbe/public_html/telegram/webapps/action/hist_ind.php:17) hist_grp
[2026-02-22 15:01:18] [INFO] (/home/redbarbe/public_html/telegram/webapps/action/hist_ind.php:108) Array
(
    [dbeg] => 22.11.2025
    [dend] => today
    [acc] => 15226
    [command] => get_ind_history
)

[2026-02-22 15:01:18] [INFO] (/home/redbarbe/public_html/telegram/webapps/action/hist_ind.php:109) ip=178.158.212.173
[2026-02-22 15:01:22] [INFO] (/home/redbarbe/public_html/telegram/webapps/action/hist_grp.php:16) SELECT a.name FROM `spr_acc` a, spr_users u WHERE u.active_account=a.acc and u.chat_id=a.chat_id and a.acc=15226 
and u.club=(select id from spr_clubs where ip_club="178.158.212.173") limit 1
[2026-02-22 15:01:22] [INFO] (/home/redbarbe/public_html/telegram/webapps/action/hist_grp.php:17) hist_grp
[2026-02-22 15:01:22] [INFO] (/home/redbarbe/public_html/telegram/webapps/action/hist_grp.php:108) Array
(
    [dbeg] => 22.11.2025
    [dend] => today
    [acc] => 15226
    [command] => get_grp_history
)

[2026-02-22 15:01:22] [INFO] (/home/redbarbe/public_html/telegram/webapps/action/hist_grp.php:109) ip=178.158.212.173
[2026-02-22 15:01:25] [INFO] (/home/redbarbe/public_html/telegram/webapps/action/hist_ost_poslug.php:19) SELECT a.name FROM `spr_acc` a, spr_users u WHERE u.active_account=a.acc and u.chat_id=a.chat_id and a.acc=15226 
and u.club=(select id from spr_clubs where ip_club="178.158.212.173") limit 1
[2026-02-22 15:01:25] [INFO] (/home/redbarbe/public_html/telegram/webapps/action/hist_ost_poslug.php:20) hist_ost_poslug
[2026-02-22 15:01:25] [INFO] (/home/redbarbe/public_html/telegram/webapps/action/hist_ost_poslug.php:111) Array
(
    [acc] => 15226
    [command] => GET_OST_POSLUG_ACC
)

[2026-02-22 15:01:25] [INFO] (/home/redbarbe/public_html/telegram/webapps/action/hist_ost_poslug.php:112) ip=178.158.212.173
[2026-02-22 15:04:19] [INFO] (/home/redbarbe/public_html/telegram/webapps/reports/report_pers_detal.php:22) Array
(
    [ajax_method] => 2
    [action] => report_pers_detal
    [action_report] => report_view
    [admin] => 5
    [date_from] => 22.02.2026
    [date_to] => 22.02.2026
    [ip_club] => 178.158.212.173
    [podr] => pt
    [sotr] => 0331
)

[2026-02-22 15:10:07] [INFO] (/home/redbarbe/public_html/telegram/webapps/action/ajax_get_tren.php:35) Array
(
    [0] => Array
        (
            [KOD] => 803726
            [TIME_FROM] => 12:00
            [TIME_TO] => 13:00               
            [CLIENTS_CNT] => 0
            [TOV_NAME] => Stretching
            [ACC] => 0
            [CNTTRAN] => 1
            [CNTTRANRESERV] => 0
        )

)

[2026-02-22 15:10:07] [INFO] (/home/redbarbe/public_html/telegram/webapps/action/ajax_get_tren.php:61) Array
(
    [KOD] => 803726
    [TIME_FROM] => 12:00
    [TIME_TO] => 13:00               
    [CLIENTS_CNT] => 0
    [TOV_NAME] => Stretching
    [ACC] => 0
    [CNTTRAN] => 1
    [CNTTRANRESERV] => 0
)

[2026-02-22 15:32:20] [INFO] (/home/redbarbe/public_html/telegram/webapps/reports/report_pers_detal.php:22) Array
(
)

[2026-02-22 15:32:26] [INFO] (/home/redbarbe/public_html/telegram/webapps/reports/report_pers_detal.php:22) Array
(
    [ajax_method] => 2
    [action] => report_pers_detal
    [action_report] => report_view
    [admin] => 5
    [date_from] => 19.02.2026
    [date_to] => 19.02.2026
    [ip_club] => 178.158.212.173
    [podr] => all
    [sotr] => 0112
)

[2026-02-22 15:32:35] [INFO] (/home/redbarbe/public_html/telegram/webapps/reports/report_pers_detal.php:22) Array
(
)

[2026-02-22 15:32:40] [INFO] (/home/redbarbe/public_html/telegram/webapps/reports/report_pers_detal.php:22) Array
(
    [ajax_method] => 2
    [action] => report_pers_detal
    [action_report] => report_view
    [admin] => 5
    [date_from] => 20.02.2026
    [date_to] => 20.02.2026
    [ip_club] => 178.158.212.173
    [podr] => all
    [sotr] => 0112
)

[2026-02-22 15:32:58] [INFO] (/home/redbarbe/public_html/telegram/webapps/reports/report_pers_detal.php:22) Array
(
)

[2026-02-22 15:33:05] [INFO] (/home/redbarbe/public_html/telegram/webapps/reports/report_pers_detal.php:22) Array
(
    [ajax_method] => 2
    [action] => report_pers_detal
    [action_report] => report_view
    [admin] => 5
    [date_from] => 21.02.2026
    [date_to] => 21.02.2026
    [ip_club] => 178.158.212.173
    [podr] => all
    [sotr] => 0112
)

[2026-02-22 15:33:30] [INFO] (/home/redbarbe/public_html/telegram/webapps/reports/report_pers_detal.php:22) Array
(
)

[2026-02-22 15:33:39] [INFO] (/home/redbarbe/public_html/telegram/webapps/reports/report_pers_detal.php:22) Array
(
    [ajax_method] => 2
    [action] => report_pers_detal
    [action_report] => report_view
    [admin] => 5
    [date_from] => 22.02.2026
    [date_to] => 22.02.2026
    [ip_club] => 178.158.212.173
    [podr] => all
    [sotr] => 0112
)

[2026-02-22 16:06:29] [INFO] (/home/redbarbe/public_html/telegram/webapps/reports/report_pers_detal.php:22) Array
(
)

[2026-02-22 16:06:37] [INFO] (/home/redbarbe/public_html/telegram/webapps/reports/report_pers_detal.php:22) Array
(
    [ajax_method] => 2
    [action] => report_pers_detal
    [action_report] => report_view
    [admin] => 5
    [date_from] => 22.02.2026
    [date_to] => 22.02.2026
    [ip_club] => 178.151.119.180
    [podr] => all
    [sotr] => 0708
)

[2026-02-22 16:39:36] [INFO] (/home/redbarbe/public_html/telegram/webapps/action/chats_clients.php:19) Array
(
    [action] => chats_clients
    [club] => 3
    [chat_id] => 5890364519
)

[2026-02-22 16:39:36] [INFO] (/home/redbarbe/public_html/telegram/webapps/action/chats_clients.php:20) Борщагівка Ред Барбел Адмін
[2026-02-22 16:39:37] [INFO] (/home/redbarbe/public_html/telegram/webapps/action/chats_clients.php:113) Array
(
    [0] => Array
        (
            [chat_id_klient] => 1658572508
            [max_time] => 2026-02-18 18:15:56
            [name] => Куринный Алексей Анатольевич
            [cn_all] => 3
            [cn_read] => 3
        )

    [1] => Array
        (
            [chat_id_klient] => 1589803822
            [max_time] => 2026-02-15 17:34:33
            [name] => Ліцута Павло Петрович
            [cn_all] => 1
            [cn_read] => 1
        )

    [2] => Array
        (
            [chat_id_klient] => 699958235
            [max_time] => 2026-02-15 12:27:24
            [name] => Мельник  Сергій  Васильович
            [cn_all] => 22
            [cn_read] => 21
        )

    [3] => Array
        (
            [chat_id_klient] => 767551184
            [max_time] => 2026-02-14 16:09:21
            [name] => Шуваєва Аліна Олександрівна
            [cn_all] => 12
            [cn_read] => 12
        )

    [4] => Array
        (
            [chat_id_klient] => 1587985044
            [max_time] => 2026-02-14 16:07:29
            [name] => Мнацаканян  Дарина Андріївна
            [cn_all] => 4
            [cn_read] => 1
        )

    [5] => Array
        (
            [chat_id_klient] => 605131842
            [max_time] => 2026-02-14 15:57:11
            [name] => Черниш Тетяна Вікторівна
            [cn_all] => 2
            [cn_read] => 1
        )

    [6] => Array
        (
            [chat_id_klient] => 614500180
            [max_time] => 2026-02-14 15:55:45
            [name] => Маліннікова Анастасія Євгенівна
            [cn_all] => 5
            [cn_read] => 5
        )

    [7] => Array
        (
            [chat_id_klient] => 285319821
            [max_time] => 2026-02-12 09:51:08
            [name] => Кочубинський Федір Станіславович
            [cn_all] => 1
            [cn_read] => 1
        )

    [8] => Array
        (
            [chat_id_klient] => 490905909
            [max_time] => 2026-02-11 11:41:05
            [name] => Жила Антоніна Сергіївна
            [cn_all] => 8
            [cn_read] => 8
        )

    [9] => Array
        (
            [chat_id_klient] => 331543136
            [max_time] => 2026-02-06 07:39:18
            [name] => Петрухін Валерій Іванович
            [cn_all] => 2
            [cn_read] => 0
        )

    [10] => Array
        (
            [chat_id_klient] => 355331763
            [max_time] => 2026-02-05 12:17:57
            [name] => Хоменко Олександр Євгенійович
            [cn_all] => 3
            [cn_read] => 2
        )

    [11] => Array
        (
            [chat_id_klient] => 566682607
            [max_time] => 2026-02-03 16:54:31
            [name] => Волков Владислав
            [cn_all] => 1
            [cn_read] => 1
        )

    [12] => Array
        (
            [chat_id_klient] => 380448595
            [max_time] => 2026-02-03 16:07:42
            [name] => Куренкова Олена Олексіївна
            [cn_all] => 2
            [cn_read] => 1
        )

    [13] => Array
        (
            [chat_id_klient] => 827562364
            [max_time] => 2026-02-02 18:48:54
            [name] => Свірська Мілана Максимівна
            [cn_all] => 1
            [cn_read] => 1
        )

    [14] => Array
        (
            [chat_id_klient] => 1314914574
            [max_time] => 2026-01-30 07:05:52
            [name] => Шостак Христина Мик
            [cn_all] => 2
            [cn_read] => 1
        )

    [15] => Array
        (
            [chat_id_klient] => 546932631
            [max_time] => 2026-01-28 16:29:32
            [name] => Лісова Карина Юріівна
            [cn_all] => 3
            [cn_read] => 3
        )

    [16] => Array
        (
            [chat_id_klient] => 470778939
            [max_time] => 2026-01-26 16:17:44
            [name] => Улизько Владислава Максимівна
            [cn_all] => 2
            [cn_read] => 1
        )

    [17] => Array
        (
            [chat_id_klient] => 577898333
            [max_time] => 2026-01-25 12:18:15
            [name] => Дубінчак Олександр  Валерійович
            [cn_all] => 2
            [cn_read] => 2
        )

    [18] => Array
        (
            [chat_id_klient] => 445588956
            [max_time] => 2026-01-25 10:29:07
            [name] => Бунда Олександра
            [cn_all] => 5
            [cn_read] => 5
        )

    [19] => Array
        (
            [chat_id_klient] => 198986858
            [max_time] => 2026-01-23 17:38:51
            [name] => Шаповалов Михайло Євгенійович
            [cn_all] => 5
            [cn_read] => 5
        )

    [20] => Array
        (
            [chat_id_klient] => 439837091
            [max_time] => 2026-01-22 20:52:15
            [name] => Трипядько Віталій Анатолійович
            [cn_all] => 2
            [cn_read] => 2
        )

    [21] => Array
        (
            [chat_id_klient] => 217216084
            [max_time] => 2026-01-22 18:01:34
            [name] => Турик Надія
            [cn_all] => 1
            [cn_read] => 1
        )

    [22] => Array
        (
            [chat_id_klient] => 450314398
            [max_time] => 2026-01-20 21:58:19
            [name] => Сильвашій Юлія  Віталіївна
            [cn_all] => 4
            [cn_read] => 4
        )

    [23] => Array
        (
            [chat_id_klient] => 539317921
            [max_time] => 2026-01-17 13:37:09
            [name] => Янчикова  Анастасія  Андріївна
            [cn_all] => 2
            [cn_read] => 2
        )

    [24] => Array
        (
            [chat_id_klient] => 1059389435
            [max_time] => 2026-01-17 13:35:57
            [name] => Філатова Вікторія Дмитрівна
            [cn_all] => 3
            [cn_read] => 3
        )

    [25] => Array
        (
            [chat_id_klient] => 532442590
            [max_time] => 2026-01-15 20:43:28
            [name] => Лободін Олег Георгійович
            [cn_all] => 11
            [cn_read] => 11
        )

    [26] => Array
        (
            [chat_id_klient] => 7399095175
            [max_time] => 2026-01-14 20:48:46
            [name] => Лоносов Давид  Євгенійович
            [cn_all] => 6
            [cn_read] => 6
        )

    [27] => Array
        (
            [chat_id_klient] => 426631944
            [max_time] => 2026-01-14 12:49:41
            [name] => Путілова Олександра Дмитрівна
            [cn_all] => 3
            [cn_read] => 3
        )

    [28] => Array
        (
            [chat_id_klient] => 348083562
            [max_time] => 2026-01-14 11:45:48
            [name] => Зеленіна Анна Олегівна
            [cn_all] => 14
            [cn_read] => 14
        )

    [29] => Array
        (
            [chat_id_klient] => 327952363
            [max_time] => 2026-01-14 11:31:18
            [name] => Пчолкін Дмитро Олексійович
            [cn_all] => 11
            [cn_read] => 11
        )

    [30] => Array
        (
            [chat_id_klient] => 749295005
            [max_time] => 2026-01-13 10:43:59
            [name] => Степаненко Евеліна Михайлівна
            [cn_all] => 12
            [cn_read] => 12
        )

    [31] => Array
        (
            [chat_id_klient] => 6840750333
            [max_time] => 2026-01-13 10:39:52
            [name] => Михальська Ліліана Віталіївна
            [cn_all] => 2
            [cn_read] => 2
        )

    [32] => Array
        (
            [chat_id_klient] => 361916123
            [max_time] => 2026-01-12 17:31:58
            [name] => Саліванова Катерина Володимирівна
            [cn_all] => 4
            [cn_read] => 4
        )

    [33] => Array
        (
            [chat_id_klient] => 8449657004
            [max_time] => 2026-01-09 11:16:19
            [name] => Тимощук  Тетяна  Михайлівна
            [cn_all] => 2
            [cn_read] => 2
        )

    [34] => Array
        (
            [chat_id_klient] => 1152613028
            [max_time] => 2026-01-08 17:34:37
            [name] => Недорубко  Варвара Ігорівна
            [cn_all] => 2
            [cn_read] => 2
        )

    [35] => Array
        (
            [chat_id_klient] => 507268159
            [max_time] => 2026-01-05 12:27:42
            [name] => Мотузка Ольга Вікторівна
            [cn_all] => 8
            [cn_read] => 8
        )

    [36] => Array
        (
            [chat_id_klient] => 425553145
            [max_time] => 2026-01-03 19:41:24
            [name] => Ткаченко Дарина Віталіївна
            [cn_all] => 7
            [cn_read] => 7
        )

    [37] => Array
        (
            [chat_id_klient] => 875440597
            [max_time] => 2026-01-02 20:31:11
            [name] => Тютюнік Роман Олександрович
            [cn_all] => 5
            [cn_read] => 5
        )

    [38] => Array
        (
            [chat_id_klient] => 804900695
            [max_time] => 2026-01-02 17:38:49
            [name] => Пашкевич  Олександр Олегович
            [cn_all] => 3
            [cn_read] => 3
        )

    [39] => Array
        (
            [chat_id_klient] => 478442412
            [max_time] => 2025-12-30 20:00:42
            [name] => Кузнецов Віктор
            [cn_all] => 12
            [cn_read] => 12
        )

    [40] => Array
        (
            [chat_id_klient] => 5865961544
            [max_time] => 2025-12-29 15:14:25
            [name] => Чорнобай Андрій Павлович
            [cn_all] => 6
            [cn_read] => 6
        )

    [41] => Array
        (
            [chat_id_klient] => 848851997
            [max_time] => 2025-12-28 12:46:48
            [name] => Пономарьов Денис Романович
            [cn_all] => 5
            [cn_read] => 5
        )

    [42] => Array
        (
            [chat_id_klient] => 5039403320
            [max_time] => 2025-12-19 14:50:21
            [name] => Король Альона Василівна
            [cn_all] => 2
            [cn_read] => 2
        )

    [43] => Array
        (
            [chat_id_klient] => 1313567273
            [max_time] => 2025-12-18 20:25:22
            [name] => Шубіна Олена Вадимівна
            [cn_all] => 3
            [cn_read] => 2
        )

    [44] => Array
        (
            [chat_id_klient] => 188906740
            [max_time] => 2025-12-15 14:28:03
            [name] => Горев-Чуянова Тамара Олександрівна
            [cn_all] => 7
            [cn_read] => 7
        )

    [45] => Array
        (
            [chat_id_klient] => 481846974
            [max_time] => 2025-12-15 13:06:46
            [name] => Стасюк  Станіслав  Ігорович
            [cn_all] => 5
            [cn_read] => 5
        )

    [46] => Array
        (
            [chat_id_klient] => 5659555483
            [max_time] => 2025-12-10 18:07:34
            [name] => Sheva White Alex
            [cn_all] => 32
            [cn_read] => 31
        )

    [47] => Array
        (
            [chat_id_klient] => 471910873
            [max_time] => 2025-12-10 09:30:14
            [name] => Сорокін Павло Генадыйович
            [cn_all] => 5
            [cn_read] => 5
        )

    [48] => Array
        (
            [chat_id_klient] => 283451441
            [max_time] => 2025-12-08 18:28:09
            [name] => Варгатюк  Марина  Сергіївна
            [cn_all] => 3
            [cn_read] => 3
        )

    [49] => Array
        (
            [chat_id_klient] => 984088106
            [max_time] => 2025-12-08 16:33:15
            [name] => Калініна Ярослава михайлівна
            [cn_all] => 2
            [cn_read] => 1
        )

    [50] => Array
        (
            [chat_id_klient] => 6965972540
            [max_time] => 2025-12-05 12:18:27
            [name] => Мирошниченко Роман Романович
            [cn_all] => 32
            [cn_read] => 32
        )

    [51] => Array
        (
            [chat_id_klient] => 653323314
            [max_time] => 2025-12-04 11:15:55
            [name] => Яцук Юлія  Андріївна
            [cn_all] => 8
            [cn_read] => 7
        )

    [52] => Array
        (
            [chat_id_klient] => 379025697
            [max_time] => 2025-12-01 16:13:41
            [name] => Рубан Анастасія
            [cn_all] => 2
            [cn_read] => 2
        )

    [53] => Array
        (
            [chat_id_klient] => 792809078
            [max_time] => 2025-11-29 14:10:31
            [name] => Пав Данііл  Олександрович
            [cn_all] => 2
            [cn_read] => 2
        )

    [54] => Array
        (
            [chat_id_klient] => 6415001638
            [max_time] => 2025-11-27 16:49:16
            [name] => Євсіков Саятослав Романович
            [cn_all] => 2
            [cn_read] => 2
        )

    [55] => Array
        (
            [chat_id_klient] => 625842841
            [max_time] => 2025-11-27 11:53:52
            [name] => Добрівечір Катерина Василівна
            [cn_all] => 5
            [cn_read] => 5
        )

    [56] => Array
        (
            [chat_id_klient] => 6561008075
            [max_time] => 2025-11-25 22:33:18
            [name] => Лосінська Вікторія Олександрівна
            [cn_all] => 8
            [cn_read] => 8
        )

    [57] => Array
        (
            [chat_id_klient] => 326958147
            [max_time] => 2025-11-19 21:47:54
            [name] => Бабійчук Луїза Богданівна
            [cn_all] => 5
            [cn_read] => 5
        )

    [58] => Array
        (
            [chat_id_klient] => 1739820280
            [max_time] => 2025-11-13 14:36:23
            [name] => Уманцева  Дарья  Андреевна
            [cn_all] => 7
            [cn_read] => 7
        )

    [59] => Array
        (
            [chat_id_klient] => 6674278960
            [max_time] => 2025-11-13 14:35:56
            [name] => Войтко  Роман  Валентинович
            [cn_all] => 4
            [cn_read] => 4
        )

    [60] => Array
        (
            [chat_id_klient] => 570670025
            [max_time] => 2025-11-09 17:29:48
            [name] => Тібірькова  Марія  Сергіївна
            [cn_all] => 4
            [cn_read] => 4
        )

    [61] => Array
        (
            [chat_id_klient] => 755511098
            [max_time] => 2025-11-07 07:07:09
            [name] => Гайдаєнко Анастасія Олегівна
            [cn_all] => 2
            [cn_read] => 2
        )

    [62] => Array
        (
            [chat_id_klient] => 422313694
            [max_time] => 2025-11-05 16:57:42
            [name] => Мартиненко  Анастасія Вікторівна
            [cn_all] => 5
            [cn_read] => 5
        )

    [63] => Array
        (
            [chat_id_klient] => 5222165663
            [max_time] => 2025-11-03 20:46:14
            [name] => Шепельська Оксана Олегівна
            [cn_all] => 1
            [cn_read] => 1
        )

    [64] => Array
        (
            [chat_id_klient] => 175857112
            [max_time] => 2025-11-03 16:13:56
            [name] => Іскра Карина Сергіівна
            [cn_all] => 4
            [cn_read] => 4
        )

    [65] => Array
        (
            [chat_id_klient] => 536912870
            [max_time] => 2025-11-03 14:47:23
            [name] => тест тест тестович
            [cn_all] => 6
            [cn_read] => 6
        )

    [66] => Array
        (
            [chat_id_klient] => 558363404
            [max_time] => 2025-10-31 22:05:37
            [name] => Сидоренко  Наталія  Миколаївна
            [cn_all] => 1
            [cn_read] => 0
        )

    [67] => Array
        (
            [chat_id_klient] => 365283260
            [max_time] => 2025-10-31 08:14:47
            [name] => Иванова Маргарита Александровна
            [cn_all] => 1
            [cn_read] => 1
        )

    [68] => Array
        (
            [chat_id_klient] => 572851893
            [max_time] => 2025-10-29 19:03:07
            [name] => Кулібаба Тетяна Віталіївна
            [cn_all] => 1
            [cn_read] => 0
        )

    [69] => Array
        (
            [chat_id_klient] => 689523639
            [max_time] => 2025-10-29 13:35:11
            [name] => Бондаренко Марина Геннадіївна
            [cn_all] => 1
            [cn_read] => 0
        )

    [70] => Array
        (
            [chat_id_klient] => 384851591
            [max_time] => 2025-10-29 09:09:54
            [name] => Мартинюк Андрій Богданович
            [cn_all] => 2
            [cn_read] => 2
        )

    [71] => Array
        (
            [chat_id_klient] => 150233149
            [max_time] => 2025-10-23 16:50:37
            [name] => Бех Артем Анатолійович
            [cn_all] => 2
            [cn_read] => 2
        )

    [72] => Array
        (
            [chat_id_klient] => 402875702
            [max_time] => 2025-10-22 16:52:42
            [name] => Мельник Вікторія Іванівна
            [cn_all] => 7
            [cn_read] => 5
        )

    [73] => Array
        (
            [chat_id_klient] => 971780531
            [max_time] => 2025-10-22 09:52:56
            [name] => Артьомов Владислав Денисович
            [cn_all] => 1
            [cn_read] => 1
        )

    [74] => Array
        (
            [chat_id_klient] => 395182678
            [max_time] => 2025-10-17 12:49:31
            [name] => Бікулова Тетяна Сергіївна
            [cn_all] => 1
            [cn_read] => 0
        )

    [75] => Array
        (
            [chat_id_klient] => 548034107
            [max_time] => 2025-10-17 11:05:46
            [name] => Кулікова Ірина Павлівна
            [cn_all] => 1
            [cn_read] => 0
        )

    [76] => Array
        (
            [chat_id_klient] => 7130950326
            [max_time] => 2025-10-15 21:46:29
            [name] => Климук  Вікторія  Сергіївна
            [cn_all] => 1
            [cn_read] => 0
        )

    [77] => Array
        (
            [chat_id_klient] => 520407040
            [max_time] => 2025-10-15 12:36:56
            [name] => Гунь Микита Єгорович
            [cn_all] => 1
            [cn_read] => 0
        )

    [78] => Array
        (
            [chat_id_klient] => 8168600093
            [max_time] => 2025-10-14 14:14:20
            [name] => Бодня Марина Олександрівна
            [cn_all] => 14
            [cn_read] => 14
        )

    [79] => Array
        (
            [chat_id_klient] => 310672305
            [max_time] => 2025-10-13 14:48:43
            [name] => Слободянюк Анастасія Тарасівна
            [cn_all] => 2
            [cn_read] => 2
        )

    [80] => Array
        (
            [chat_id_klient] => 809188240
            [max_time] => 2025-10-08 09:28:17
            [name] => Сербін Даніл
            [cn_all] => 8
            [cn_read] => 8
        )

    [81] => Array
        (
            [chat_id_klient] => 360072238
            [max_time] => 2025-09-24 07:14:36
            [name] => Сичова Вікторія Олексіївна
            [cn_all] => 2
            [cn_read] => 2
        )

    [82] => Array
        (
            [chat_id_klient] => 791471939
            [max_time] => 2025-09-20 09:10:31
            [name] => Нарманія Вардо Романівна
            [cn_all] => 19
            [cn_read] => 19
        )

    [83] => Array
        (
            [chat_id_klient] => 414044474
            [max_time] => 2025-09-19 20:02:28
            [name] => Кіріченко Надія Іванівна
            [cn_all] => 5
            [cn_read] => 5
        )

    [84] => Array
        (
            [chat_id_klient] => 1442839374
            [max_time] => 2025-09-19 14:31:25
            [name] => Животовська Маргарита Володимирівна
            [cn_all] => 2
            [cn_read] => 1
        )

    [85] => Array
        (
            [chat_id_klient] => 471099013
            [max_time] => 2025-09-18 16:10:58
            [name] => Кравець Володимир
            [cn_all] => 5
            [cn_read] => 5
        )

    [86] => Array
        (
            [chat_id_klient] => 278786807
            [max_time] => 2025-09-12 19:36:37
            [name] => Яковенко Дмитро Олександрович
            [cn_all] => 1
            [cn_read] => 1
        )

    [87] => Array
        (
            [chat_id_klient] => 489788359
            [max_time] => 2025-09-03 16:58:52
            [name] => Баришполь Аня
            [cn_all] => 2
            [cn_read] => 1
        )

    [88] => Array
        (
            [chat_id_klient] => 943694448
            [max_time] => 2025-09-02 12:34:52
            [name] => Філоненко Ольга Сергіївна
            [cn_all] => 2
            [cn_read] => 2
        )

    [89] => Array
        (
            [chat_id_klient] => 126324701
            [max_time] => 2025-08-26 18:01:32
            [name] => Кузьменко Антон Сергеевич
            [cn_all] => 18
            [cn_read] => 18
        )

    [90] => Array
        (
            [chat_id_klient] => 554235424
            [max_time] => 2025-08-20 15:02:22
            [name] => Ільенко Яна
            [cn_all] => 19
            [cn_read] => 19
        )

    [91] => Array
        (
            [chat_id_klient] => 1031710535
            [max_time] => 2025-08-19 13:52:06
            [name] => Сап''Ян Платон Констянтинович
            [cn_all] => 2
            [cn_read] => 2
        )

    [92] => Array
        (
            [chat_id_klient] => 5202027055
            [max_time] => 2025-08-12 09:15:06
            [name] => Поліщук Оксана Миколаївна
            [cn_all] => 3
            [cn_read] => 3
        )

    [93] => Array
        (
            [chat_id_klient] => 7868638728
            [max_time] => 2025-08-07 12:04:24
            [name] => Святокум Анастасія Юріївна
            [cn_all] => 5
            [cn_read] => 5
        )

    [94] => Array
        (
            [chat_id_klient] => 489245778
            [max_time] => 2025-08-01 16:15:15
            [name] => Каракаш Віталій Миколайович
            [cn_all] => 3
            [cn_read] => 3
        )

    [95] => Array
        (
            [chat_id_klient] => 563331428
            [max_time] => 2025-07-15 11:52:28
            [name] => Гарапач Анна Олександрівна
            [cn_all] => 2
            [cn_read] => 2
        )

    [96] => Array
        (
            [chat_id_klient] => 6766473077
            [max_time] => 2025-06-22 13:23:59
            [name] => Железняк Артем Валерійович
            [cn_all] => 2
            [cn_read] => 2
        )

    [97] => Array
        (
            [chat_id_klient] => 1281319111
            [max_time] => 2025-06-21 20:12:57
            [name] => Кулішенко Антон Вікторович
            [cn_all] => 3
            [cn_read] => 3
        )

    [98] => Array
        (
            [chat_id_klient] => 1209198185
            [max_time] => 2025-06-17 14:24:30
            [name] => Стариченко Олена Ігорівна
            [cn_all] => 6
            [cn_read] => 6
        )

    [99] => Array
        (
            [chat_id_klient] => 649740593
            [max_time] => 2025-06-13 13:20:12
            [name] => Науменко Катерина Павлівна
            [cn_all] => 2
            [cn_read] => 2
        )

    [100] => Array
        (
            [chat_id_klient] => 1728067294
            [max_time] => 2025-06-09 19:16:57
            [name] => Гінетов Тимур Максимович
            [cn_all] => 2
            [cn_read] => 2
        )

    [101] => Array
        (
            [chat_id_klient] => 5152743290
            [max_time] => 2025-06-02 15:40:46
            [name] => Вовченко Тетяна Петрівна
            [cn_all] => 3
            [cn_read] => 3
        )

)

[2026-02-22 16:41:14] [INFO] (/home/redbarbe/public_html/telegram/webapps/reports/report_pers_detal.php:22) Array
(
)

[2026-02-22 16:41:20] [INFO] (/home/redbarbe/public_html/telegram/webapps/reports/report_pers_detal.php:22) Array
(
    [ajax_method] => 2
    [action] => report_pers_detal
    [action_report] => report_view
    [admin] => 5
    [date_from] => 22.02.2026
    [date_to] => 22.02.2026
    [ip_club] => 178.151.119.180
    [podr] => all
    [sotr] => 0103
)

[2026-02-22 16:59:23] [INFO] (/home/redbarbe/public_html/telegram/webapps/action/ajax_get_tren.php:35) Array
(
    [0] => Array
        (
            [KOD] => 868470
            [TIME_FROM] => 09:00
            [TIME_TO] => 10:00               
            [CLIENTS_CNT] => 0
            [TOV_NAME] => Base fitness (Ліана)
            [ACC] => 0
            [CNTTRAN] => 0
            [CNTTRANRESERV] => 0
        )

    [1] => Array
        (
            [KOD] => 866598
            [TIME_FROM] => 17:00
            [TIME_TO] => 18:00               
            [CLIENTS_CNT] => 0
            [TOV_NAME] => Бокс Kids
            [ACC] => 0
            [CNTTRAN] => 0
            [CNTTRANRESERV] => 0
        )

    [2] => Array
        (
            [KOD] => 867846
            [TIME_FROM] => 18:00
            [TIME_TO] => 19:00               
            [CLIENTS_CNT] => 5
            [TOV_NAME] => B.F.B
            [ACC] => 0
            [CNTTRAN] => 0
            [CNTTRANRESERV] => 0
        )

    [3] => Array
        (
            [KOD] => 867222
            [TIME_FROM] => 19:00
            [TIME_TO] => 20:00               
            [CLIENTS_CNT] => 0
            [TOV_NAME] => Mind Body
            [ACC] => 0
            [CNTTRAN] => 0
            [CNTTRANRESERV] => 0
        )

)

[2026-02-22 16:59:23] [INFO] (/home/redbarbe/public_html/telegram/webapps/action/ajax_get_tren.php:61) Array
(
    [KOD] => 868470
    [TIME_FROM] => 09:00
    [TIME_TO] => 10:00               
    [CLIENTS_CNT] => 0
    [TOV_NAME] => Base fitness (Ліана)
    [ACC] => 0
    [CNTTRAN] => 0
    [CNTTRANRESERV] => 0
)

[2026-02-22 16:59:23] [INFO] (/home/redbarbe/public_html/telegram/webapps/action/ajax_get_tren.php:61) Array
(
    [KOD] => 866598
    [TIME_FROM] => 17:00
    [TIME_TO] => 18:00               
    [CLIENTS_CNT] => 0
    [TOV_NAME] => Бокс Kids
    [ACC] => 0
    [CNTTRAN] => 0
    [CNTTRANRESERV] => 0
)

[2026-02-22 16:59:23] [INFO] (/home/redbarbe/public_html/telegram/webapps/action/ajax_get_tren.php:61) Array
(
    [KOD] => 867846
    [TIME_FROM] => 18:00
    [TIME_TO] => 19:00               
    [CLIENTS_CNT] => 5
    [TOV_NAME] => B.F.B
    [ACC] => 0
    [CNTTRAN] => 0
    [CNTTRANRESERV] => 0
)

[2026-02-22 16:59:23] [INFO] (/home/redbarbe/public_html/telegram/webapps/action/ajax_get_tren.php:61) Array
(
    [KOD] => 867222
    [TIME_FROM] => 19:00
    [TIME_TO] => 20:00               
    [CLIENTS_CNT] => 0
    [TOV_NAME] => Mind Body
    [ACC] => 0
    [CNTTRAN] => 0
    [CNTTRANRESERV] => 0
)

[2026-02-22 16:59:39] [INFO] (/home/redbarbe/public_html/telegram/webapps/action/ajax_fitness_zapis.php:22) Array
(
    [ajax_method] => 2
    [action] => ajax_fitness_zapis
    [dat] => 23.02.2026
    [acc] => 164
    [trenid] => 868470
    [ost_all] => 100
    [ip_club] => 109.86.110.220
    [acctozapis] => 0
    [time_from] => 09:00
)

[2026-02-22 17:20:19] [INFO] (/home/redbarbe/public_html/telegram/webapps/reports/report_pers_detal.php:22) Array
(
)

[2026-02-22 17:20:26] [INFO] (/home/redbarbe/public_html/telegram/webapps/reports/report_pers_detal.php:22) Array
(
    [ajax_method] => 2
    [action] => report_pers_detal
    [action_report] => report_view
    [admin] => 5
    [date_from] => 22.02.2026
    [date_to] => 22.02.2026
    [ip_club] => 212.26.139.90
    [podr] => pt
    [sotr] => 03352
)

[2026-02-22 17:31:34] [INFO] (/home/redbarbe/public_html/telegram/webapps/action/ajax_get_tren.php:35) 
[2026-02-22 17:34:36] [INFO] (/home/redbarbe/public_html/telegram/webapps/action/select_sotr.php:17) Array
(
    [action] => select_sotr
    [club] => -
    [club_ip] => 178.151.119.180
)

[2026-02-22 17:34:36] [INFO] (/home/redbarbe/public_html/telegram/webapps/action/select_sotr.php:27) Array
(
    [0] => Array
        (
            [ROLE] => Тренер
            [ID] => 0717
            [NAME] => Єфремова Олександра 
        )

    [1] => Array
        (
            [ROLE] => Тренер
            [ID] => 0707
            [NAME] => Андрияш Анна
        )

    [2] => Array
        (
            [ROLE] => Администратор фитнеса
            [ID] => 0903
            [NAME] => Антонова Аліса
        )

    [3] => Array
        (
            [ROLE] => Тренер
            [ID] => 0302
            [NAME] => Аштема Александр
        )

    [4] => Array
        (
            [ROLE] => Тренер
            [ID] => 0399
            [NAME] => Біліч Лариса
        )

    [5] => Array
        (
            [ROLE] => Тренер
            [ID] => 0316
            [NAME] => Вєтрова Катя
        )

    [6] => Array
        (
            [ROLE] => Тренер
            [ID] => 0708
            [NAME] => Виноградов Александр
        )

    [7] => Array
        (
            [ROLE] => Администратор фитнеса
            [ID] => 0402
            [NAME] => Войтюк Мар'яна
        )

    [8] => Array
        (
            [ROLE] => Тренер
            [ID] => 0327
            [NAME] => Гармаш Владимир
        )

    [9] => Array
        (
            [ROLE] => Главний бухгалтер
            [ID] => 0902
            [NAME] => Глав. Бух.
        )

    [10] => Array
        (
            [ROLE] => Тренер
            [ID] => 0718
            [NAME] => Дворніков Дмитро 
        )

    [11] => Array
        (
            [ROLE] => Администратор фитнеса
            [ID] => 0101
            [NAME] => Дежурный
        )

    [12] => Array
        (
            [ROLE] => Администратор фитнеса
            [ID] => 0104
            [NAME] => Демченко Александра
        )

    [13] => Array
        (
            [ROLE] => Администратор фитнеса
            [ID] => 0102
            [NAME] => Дубинчук Наталья
        )

    [14] => Array
        (
            [ROLE] => Тренер
            [ID] => 0304
            [NAME] => Елецкая Светлана
        )

    [15] => Array
        (
            [ROLE] => Тренер
            [ID] => 0308
            [NAME] => Колесник Богдан
        )

    [16] => Array
        (
            [ROLE] => Тренер
            [ID] => 0312
            [NAME] => Крыжановский Павел
        )

    [17] => Array
        (
            [ROLE] => Тренер
            [ID] => 0313
            [NAME] => Кукурудзяк Руслан
        )

    [18] => Array
        (
            [ROLE] => Тренер
            [ID] => 0325
            [NAME] => Оруджева Юлія
        )

    [19] => Array
        (
            [ROLE] => Тренер
            [ID] => 0710
            [NAME] => Остафи Денис
        )

    [20] => Array
        (
            [ROLE] => Тренер
            [ID] => 0715
            [NAME] => Проломов Данил
        )

    [21] => Array
        (
            [ROLE] => Тренер
            [ID] => 0311
            [NAME] => Романовская Наталья
        )

    [22] => Array
        (
            [ROLE] => Тренер
            [ID] => 0711
            [NAME] => Солянов Владислав
        )

    [23] => Array
        (
            [ROLE] => Тренер
            [ID] => 0326
            [NAME] => Тищенко Ольга
        )

    [24] => Array
        (
            [ROLE] => Тренер
            [ID] => 0310
            [NAME] => Фесенко Ира
        )

    [25] => Array
        (
            [ROLE] => Тренер
            [ID] => 0103
            [NAME] => Шевелько Руслан
        )

    [26] => Array
        (
            [ROLE] => Тренер
            [ID] => 0712
            [NAME] => Шевчук Вікторія
        )

    [27] => Array
        (
            [ROLE] => Головний адміністратор
            [ID] => 0901
            [NAME] => системный
        )

)

[2026-02-22 17:38:06] [INFO] (/home/redbarbe/public_html/telegram/webapps/reports/report_pers_detal.php:22) Array
(
)

[2026-02-22 17:38:10] [INFO] (/home/redbarbe/public_html/telegram/webapps/reports/report_pers_detal.php:22) Array
(
    [ajax_method] => 2
    [action] => report_pers_detal
    [action_report] => report_view
    [admin] => 5
    [date_from] => 01.02.2026
    [date_to] => 28.02.2026
    [ip_club] => 212.26.139.90
    [podr] => all
    [sotr] => 007989
)

[2026-02-22 17:43:42] [INFO] (/home/redbarbe/public_html/telegram/webapps/action/ajax_get_tren.php:35) Array
(
    [0] => Array
        (
            [KOD] => 831780
            [TIME_FROM] => 18:00
            [TIME_TO] => 19:00               
            [CLIENTS_CNT] => 0
            [TOV_NAME] => Stretching
            [ACC] => 0
            [CNTTRAN] => 1
            [CNTTRANRESERV] => 0
        )

    [1] => Array
        (
            [KOD] => 831364
            [TIME_FROM] => 19:00
            [TIME_TO] => 20:00               
            [CLIENTS_CNT] => 0
            [TOV_NAME] => Бокс Kids
            [ACC] => 0
            [CNTTRAN] => 0
            [CNTTRANRESERV] => 0
        )

    [2] => Array
        (
            [KOD] => 831572
            [TIME_FROM] => 20:00
            [TIME_TO] => 21:00               
            [CLIENTS_CNT] => 0
            [TOV_NAME] => Cross Activity
            [ACC] => 0
            [CNTTRAN] => 0
            [CNTTRANRESERV] => 0
        )

    [3] => Array
        (
            [KOD] => 832404
            [TIME_FROM] => 20:00
            [TIME_TO] => 21:00               
            [CLIENTS_CNT] => 0
            [TOV_NAME] => Бокс
            [ACC] => 0
            [CNTTRAN] => 1
            [CNTTRANRESERV] => 0
        )

)

[2026-02-22 17:43:42] [INFO] (/home/redbarbe/public_html/telegram/webapps/action/ajax_get_tren.php:61) Array
(
    [KOD] => 831780
    [TIME_FROM] => 18:00
    [TIME_TO] => 19:00               
    [CLIENTS_CNT] => 0
    [TOV_NAME] => Stretching
    [ACC] => 0
    [CNTTRAN] => 1
    [CNTTRANRESERV] => 0
)

[2026-02-22 17:43:42] [INFO] (/home/redbarbe/public_html/telegram/webapps/action/ajax_get_tren.php:61) Array
(
    [KOD] => 831364
    [TIME_FROM] => 19:00
    [TIME_TO] => 20:00               
    [CLIENTS_CNT] => 0
    [TOV_NAME] => Бокс Kids
    [ACC] => 0
    [CNTTRAN] => 0
    [CNTTRANRESERV] => 0
)

[2026-02-22 17:43:42] [INFO] (/home/redbarbe/public_html/telegram/webapps/action/ajax_get_tren.php:61) Array
(
    [KOD] => 831572
    [TIME_FROM] => 20:00
    [TIME_TO] => 21:00               
    [CLIENTS_CNT] => 0
    [TOV_NAME] => Cross Activity
    [ACC] => 0
    [CNTTRAN] => 0
    [CNTTRANRESERV] => 0
)

[2026-02-22 17:43:42] [INFO] (/home/redbarbe/public_html/telegram/webapps/action/ajax_get_tren.php:61) Array
(
    [KOD] => 832404
    [TIME_FROM] => 20:00
    [TIME_TO] => 21:00               
    [CLIENTS_CNT] => 0
    [TOV_NAME] => Бокс
    [ACC] => 0
    [CNTTRAN] => 1
    [CNTTRANRESERV] => 0
)

[2026-02-22 17:56:30] [INFO] (/home/redbarbe/public_html/telegram/webapps/action/ajax_get_tren.php:35) Array
(
    [0] => Array
        (
            [KOD] => 804237
            [TIME_FROM] => 09:00
            [TIME_TO] => 10:00               
            [CLIENTS_CNT] => 0
            [TOV_NAME] => CrossActivity
            [ACC] => 0
            [CNTTRAN] => 0
            [CNTTRANRESERV] => 0
        )

    [1] => Array
        (
            [KOD] => 803880
            [TIME_FROM] => 09:00
            [TIME_TO] => 10:00               
            [CLIENTS_CNT] => 0
            [TOV_NAME] => Total Body
            [ACC] => 0
            [CNTTRAN] => 0
            [CNTTRANRESERV] => 0
        )

    [2] => Array
        (
            [KOD] => 805308
            [TIME_FROM] => 14:00
            [TIME_TO] => 15:00               
            [CLIENTS_CNT] => 0
            [TOV_NAME] => FitnessMix
            [ACC] => 0
            [CNTTRAN] => 0
            [CNTTRANRESERV] => 0
        )

    [3] => Array
        (
            [KOD] => 803778
            [TIME_FROM] => 17:00
            [TIME_TO] => 18:00               
            [CLIENTS_CNT] => 0
            [TOV_NAME] => Mobility
            [ACC] => 0
            [CNTTRAN] => 0
            [CNTTRANRESERV] => 0
        )

    [4] => Array
        (
            [KOD] => 803982
            [TIME_FROM] => 18:30
            [TIME_TO] => 19:30               
            [CLIENTS_CNT] => 0
            [TOV_NAME] => Pilates
            [ACC] => 0
            [CNTTRAN] => 0
            [CNTTRANRESERV] => 0
        )

    [5] => Array
        (
            [KOD] => 803829
            [TIME_FROM] => 19:00
            [TIME_TO] => 20:00               
            [CLIENTS_CNT] => 0
            [TOV_NAME] => CrossActivity
            [ACC] => 0
            [CNTTRAN] => 0
            [CNTTRANRESERV] => 0
        )

    [6] => Array
        (
            [KOD] => 804288
            [TIME_FROM] => 19:00
            [TIME_TO] => 20:00               
            [CLIENTS_CNT] => 0
            [TOV_NAME] => Aesthetic Gymnastics
            [ACC] => 0
            [CNTTRAN] => 0
            [CNTTRANRESERV] => 0
        )

    [7] => Array
        (
            [KOD] => 804033
            [TIME_FROM] => 19:30
            [TIME_TO] => 20:30               
            [CLIENTS_CNT] => 0
            [TOV_NAME] => TRX
            [ACC] => 0
            [CNTTRAN] => 1
            [CNTTRANRESERV] => 0
        )

    [8] => Array
        (
            [KOD] => 803931
            [TIME_FROM] => 20:00
            [TIME_TO] => 21:00               
            [CLIENTS_CNT] => 0
            [TOV_NAME] => CrossActivity
            [ACC] => 0
            [CNTTRAN] => 0
            [CNTTRANRESERV] => 0
        )

    [9] => Array
        (
            [KOD] => 804135
            [TIME_FROM] => 20:00
            [TIME_TO] => 21:00               
            [CLIENTS_CNT] => 0
            [TOV_NAME] => Бокс
            [ACC] => 0
            [CNTTRAN] => 0
            [CNTTRANRESERV] => 0
        )

)

[2026-02-22 17:56:30] [INFO] (/home/redbarbe/public_html/telegram/webapps/action/ajax_get_tren.php:61) Array
(
    [KOD] => 804237
    [TIME_FROM] => 09:00
    [TIME_TO] => 10:00               
    [CLIENTS_CNT] => 0
    [TOV_NAME] => CrossActivity
    [ACC] => 0
    [CNTTRAN] => 0
    [CNTTRANRESERV] => 0
)

[2026-02-22 17:56:30] [INFO] (/home/redbarbe/public_html/telegram/webapps/action/ajax_get_tren.php:61) Array
(
    [KOD] => 803880
    [TIME_FROM] => 09:00
    [TIME_TO] => 10:00               
    [CLIENTS_CNT] => 0
    [TOV_NAME] => Total Body
    [ACC] => 0
    [CNTTRAN] => 0
    [CNTTRANRESERV] => 0
)

[2026-02-22 17:56:30] [INFO] (/home/redbarbe/public_html/telegram/webapps/action/ajax_get_tren.php:61) Array
(
    [KOD] => 805308
    [TIME_FROM] => 14:00
    [TIME_TO] => 15:00               
    [CLIENTS_CNT] => 0
    [TOV_NAME] => FitnessMix
    [ACC] => 0
    [CNTTRAN] => 0
    [CNTTRANRESERV] => 0
)

[2026-02-22 17:56:30] [INFO] (/home/redbarbe/public_html/telegram/webapps/action/ajax_get_tren.php:61) Array
(
    [KOD] => 803778
    [TIME_FROM] => 17:00
    [TIME_TO] => 18:00               
    [CLIENTS_CNT] => 0
    [TOV_NAME] => Mobility
    [ACC] => 0
    [CNTTRAN] => 0
    [CNTTRANRESERV] => 0
)

[2026-02-22 17:56:30] [INFO] (/home/redbarbe/public_html/telegram/webapps/action/ajax_get_tren.php:61) Array
(
    [KOD] => 803982
    [TIME_FROM] => 18:30
    [TIME_TO] => 19:30               
    [CLIENTS_CNT] => 0
    [TOV_NAME] => Pilates
    [ACC] => 0
    [CNTTRAN] => 0
    [CNTTRANRESERV] => 0
)

[2026-02-22 17:56:30] [INFO] (/home/redbarbe/public_html/telegram/webapps/action/ajax_get_tren.php:61) Array
(
    [KOD] => 803829
    [TIME_FROM] => 19:00
    [TIME_TO] => 20:00               
    [CLIENTS_CNT] => 0
    [TOV_NAME] => CrossActivity
    [ACC] => 0
    [CNTTRAN] => 0
    [CNTTRANRESERV] => 0
)

[2026-02-22 17:56:30] [INFO] (/home/redbarbe/public_html/telegram/webapps/action/ajax_get_tren.php:61) Array
(
    [KOD] => 804288
    [TIME_FROM] => 19:00
    [TIME_TO] => 20:00               
    [CLIENTS_CNT] => 0
    [TOV_NAME] => Aesthetic Gymnastics
    [ACC] => 0
    [CNTTRAN] => 0
    [CNTTRANRESERV] => 0
)

[2026-02-22 17:56:30] [INFO] (/home/redbarbe/public_html/telegram/webapps/action/ajax_get_tren.php:61) Array
(
    [KOD] => 804033
    [TIME_FROM] => 19:30
    [TIME_TO] => 20:30               
    [CLIENTS_CNT] => 0
    [TOV_NAME] => TRX
    [ACC] => 0
    [CNTTRAN] => 1
    [CNTTRANRESERV] => 0
)

[2026-02-22 17:56:30] [INFO] (/home/redbarbe/public_html/telegram/webapps/action/ajax_get_tren.php:61) Array
(
    [KOD] => 803931
    [TIME_FROM] => 20:00
    [TIME_TO] => 21:00               
    [CLIENTS_CNT] => 0
    [TOV_NAME] => CrossActivity
    [ACC] => 0
    [CNTTRAN] => 0
    [CNTTRANRESERV] => 0
)

[2026-02-22 17:56:30] [INFO] (/home/redbarbe/public_html/telegram/webapps/action/ajax_get_tren.php:61) Array
(
    [KOD] => 804135
    [TIME_FROM] => 20:00
    [TIME_TO] => 21:00               
    [CLIENTS_CNT] => 0
    [TOV_NAME] => Бокс
    [ACC] => 0
    [CNTTRAN] => 0
    [CNTTRANRESERV] => 0
)

[2026-02-22 17:56:34] [INFO] (/home/redbarbe/public_html/telegram/webapps/action/ajax_fitness_zapis.php:22) Array
(
    [ajax_method] => 2
    [action] => ajax_fitness_zapis
    [dat] => 23.02.2026
    [acc] => 12225
    [trenid] => 804033
    [ost_all] => 100
    [ip_club] => 178.158.212.173
    [acctozapis] => 0
    [time_from] => 19:30
)

[2026-02-22 18:29:31] [INFO] (/home/redbarbe/public_html/telegram/webapps/action/ajax_get_tren.php:35) Array
(
    [0] => Array
        (
            [KOD] => 831780
            [TIME_FROM] => 18:00
            [TIME_TO] => 19:00               
            [CLIENTS_CNT] => 0
            [TOV_NAME] => Stretching
            [ACC] => 0
            [CNTTRAN] => 1
            [CNTTRANRESERV] => 0
        )

    [1] => Array
        (
            [KOD] => 831364
            [TIME_FROM] => 19:00
            [TIME_TO] => 20:00               
            [CLIENTS_CNT] => 0
            [TOV_NAME] => Бокс Kids
            [ACC] => 0
            [CNTTRAN] => 0
            [CNTTRANRESERV] => 0
        )

    [2] => Array
        (
            [KOD] => 831572
            [TIME_FROM] => 20:00
            [TIME_TO] => 21:00               
            [CLIENTS_CNT] => 0
            [TOV_NAME] => Cross Activity
            [ACC] => 0
            [CNTTRAN] => 0
            [CNTTRANRESERV] => 0
        )

    [3] => Array
        (
            [KOD] => 832404
            [TIME_FROM] => 20:00
            [TIME_TO] => 21:00               
            [CLIENTS_CNT] => 0
            [TOV_NAME] => Бокс
            [ACC] => 0
            [CNTTRAN] => 1
            [CNTTRANRESERV] => 0
        )

)

[2026-02-22 18:29:31] [INFO] (/home/redbarbe/public_html/telegram/webapps/action/ajax_get_tren.php:61) Array
(
    [KOD] => 831780
    [TIME_FROM] => 18:00
    [TIME_TO] => 19:00               
    [CLIENTS_CNT] => 0
    [TOV_NAME] => Stretching
    [ACC] => 0
    [CNTTRAN] => 1
    [CNTTRANRESERV] => 0
)

[2026-02-22 18:29:31] [INFO] (/home/redbarbe/public_html/telegram/webapps/action/ajax_get_tren.php:61) Array
(
    [KOD] => 831364
    [TIME_FROM] => 19:00
    [TIME_TO] => 20:00               
    [CLIENTS_CNT] => 0
    [TOV_NAME] => Бокс Kids
    [ACC] => 0
    [CNTTRAN] => 0
    [CNTTRANRESERV] => 0
)

[2026-02-22 18:29:31] [INFO] (/home/redbarbe/public_html/telegram/webapps/action/ajax_get_tren.php:61) Array
(
    [KOD] => 831572
    [TIME_FROM] => 20:00
    [TIME_TO] => 21:00               
    [CLIENTS_CNT] => 0
    [TOV_NAME] => Cross Activity
    [ACC] => 0
    [CNTTRAN] => 0
    [CNTTRANRESERV] => 0
)

[2026-02-22 18:29:31] [INFO] (/home/redbarbe/public_html/telegram/webapps/action/ajax_get_tren.php:61) Array
(
    [KOD] => 832404
    [TIME_FROM] => 20:00
    [TIME_TO] => 21:00               
    [CLIENTS_CNT] => 0
    [TOV_NAME] => Бокс
    [ACC] => 0
    [CNTTRAN] => 1
    [CNTTRANRESERV] => 0
)

[2026-02-22 18:29:55] [INFO] (/home/redbarbe/public_html/telegram/webapps/action/ajax_get_tren.php:35) Array
(
    [0] => Array
        (
            [KOD] => 835964
            [TIME_FROM] => 10:00
            [TIME_TO] => 11:00               
            [CLIENTS_CNT] => 0
            [TOV_NAME] => Body Training
            [ACC] => 0
            [CNTTRAN] => 0
            [CNTTRANRESERV] => 0
        )

    [1] => Array
        (
            [KOD] => 834137
            [TIME_FROM] => 10:00
            [TIME_TO] => 11:00               
            [CLIENTS_CNT] => 0
            [TOV_NAME] => Pilates
            [ACC] => 0
            [CNTTRAN] => 0
            [CNTTRANRESERV] => 0
        )

    [2] => Array
        (
            [KOD] => 835442
            [TIME_FROM] => 18:00
            [TIME_TO] => 19:00               
            [CLIENTS_CNT] => 0
            [TOV_NAME] => Кiкбоксинг
            [ACC] => 0
            [CNTTRAN] => 0
            [CNTTRANRESERV] => 0
        )

    [3] => Array
        (
            [KOD] => 834398
            [TIME_FROM] => 19:00
            [TIME_TO] => 20:00               
            [CLIENTS_CNT] => 0
            [TOV_NAME] => Кругове тренування
            [ACC] => 0
            [CNTTRAN] => 0
            [CNTTRANRESERV] => 0
        )

    [4] => Array
        (
            [KOD] => 834920
            [TIME_FROM] => 19:30
            [TIME_TO] => 20:30               
            [CLIENTS_CNT] => 0
            [TOV_NAME] => Акробатика Kids
            [ACC] => 0
            [CNTTRAN] => 0
            [CNTTRANRESERV] => 0
        )

    [5] => Array
        (
            [KOD] => 835181
            [TIME_FROM] => 20:30
            [TIME_TO] => 21:30               
            [CLIENTS_CNT] => 0
            [TOV_NAME] => Акробатика
            [ACC] => 0
            [CNTTRAN] => 0
            [CNTTRANRESERV] => 0
        )

)

[2026-02-22 18:29:55] [INFO] (/home/redbarbe/public_html/telegram/webapps/action/ajax_get_tren.php:61) Array
(
    [KOD] => 835964
    [TIME_FROM] => 10:00
    [TIME_TO] => 11:00               
    [CLIENTS_CNT] => 0
    [TOV_NAME] => Body Training
    [ACC] => 0
    [CNTTRAN] => 0
    [CNTTRANRESERV] => 0
)

[2026-02-22 18:29:55] [INFO] (/home/redbarbe/public_html/telegram/webapps/action/ajax_get_tren.php:61) Array
(
    [KOD] => 834137
    [TIME_FROM] => 10:00
    [TIME_TO] => 11:00               
    [CLIENTS_CNT] => 0
    [TOV_NAME] => Pilates
    [ACC] => 0
    [CNTTRAN] => 0
    [CNTTRANRESERV] => 0
)

[2026-02-22 18:29:55] [INFO] (/home/redbarbe/public_html/telegram/webapps/action/ajax_get_tren.php:61) Array
(
    [KOD] => 835442
    [TIME_FROM] => 18:00
    [TIME_TO] => 19:00               
    [CLIENTS_CNT] => 0
    [TOV_NAME] => Кiкбоксинг
    [ACC] => 0
    [CNTTRAN] => 0
    [CNTTRANRESERV] => 0
)

[2026-02-22 18:29:55] [INFO] (/home/redbarbe/public_html/telegram/webapps/action/ajax_get_tren.php:61) Array
(
    [KOD] => 834398
    [TIME_FROM] => 19:00
    [TIME_TO] => 20:00               
    [CLIENTS_CNT] => 0
    [TOV_NAME] => Кругове тренування
    [ACC] => 0
    [CNTTRAN] => 0
    [CNTTRANRESERV] => 0
)

[2026-02-22 18:29:55] [INFO] (/home/redbarbe/public_html/telegram/webapps/action/ajax_get_tren.php:61) Array
(
    [KOD] => 834920
    [TIME_FROM] => 19:30
    [TIME_TO] => 20:30               
    [CLIENTS_CNT] => 0
    [TOV_NAME] => Акробатика Kids
    [ACC] => 0
    [CNTTRAN] => 0
    [CNTTRANRESERV] => 0
)

[2026-02-22 18:29:55] [INFO] (/home/redbarbe/public_html/telegram/webapps/action/ajax_get_tren.php:61) Array
(
    [KOD] => 835181
    [TIME_FROM] => 20:30
    [TIME_TO] => 21:30               
    [CLIENTS_CNT] => 0
    [TOV_NAME] => Акробатика
    [ACC] => 0
    [CNTTRAN] => 0
    [CNTTRANRESERV] => 0
)

[2026-02-22 18:30:05] [INFO] (/home/redbarbe/public_html/telegram/webapps/action/ajax_get_tren.php:35) Array
(
    [0] => Array
        (
            [KOD] => 838296
            [TIME_FROM] => 18:00
            [TIME_TO] => 19:00               
            [CLIENTS_CNT] => 0
            [TOV_NAME] => Пілатес
            [ACC] => 0
            [CNTTRAN] => 0
            [CNTTRANRESERV] => 0
        )

    [1] => Array
        (
            [KOD] => 837984
            [TIME_FROM] => 19:00
            [TIME_TO] => 20:00               
            [CLIENTS_CNT] => 0
            [TOV_NAME] => Бокс Kids
            [ACC] => 0
            [CNTTRAN] => 0
            [CNTTRANRESERV] => 0
        )

    [2] => Array
        (
            [KOD] => 838088
            [TIME_FROM] => 20:00
            [TIME_TO] => 21:00               
            [CLIENTS_CNT] => 0
            [TOV_NAME] => Cross Activity
            [ACC] => 0
            [CNTTRAN] => 0
            [CNTTRANRESERV] => 0
        )

    [3] => Array
        (
            [KOD] => 838504
            [TIME_FROM] => 20:00
            [TIME_TO] => 21:00               
            [CLIENTS_CNT] => 0
            [TOV_NAME] => Бокс
            [ACC] => 0
            [CNTTRAN] => 0
            [CNTTRANRESERV] => 0
        )

)

[2026-02-22 18:30:05] [INFO] (/home/redbarbe/public_html/telegram/webapps/action/ajax_get_tren.php:61) Array
(
    [KOD] => 838296
    [TIME_FROM] => 18:00
    [TIME_TO] => 19:00               
    [CLIENTS_CNT] => 0
    [TOV_NAME] => Пілатес
    [ACC] => 0
    [CNTTRAN] => 0
    [CNTTRANRESERV] => 0
)

[2026-02-22 18:30:05] [INFO] (/home/redbarbe/public_html/telegram/webapps/action/ajax_get_tren.php:61) Array
(
    [KOD] => 837984
    [TIME_FROM] => 19:00
    [TIME_TO] => 20:00               
    [CLIENTS_CNT] => 0
    [TOV_NAME] => Бокс Kids
    [ACC] => 0
    [CNTTRAN] => 0
    [CNTTRANRESERV] => 0
)

[2026-02-22 18:30:05] [INFO] (/home/redbarbe/public_html/telegram/webapps/action/ajax_get_tren.php:61) Array
(
    [KOD] => 838088
    [TIME_FROM] => 20:00
    [TIME_TO] => 21:00               
    [CLIENTS_CNT] => 0
    [TOV_NAME] => Cross Activity
    [ACC] => 0
    [CNTTRAN] => 0
    [CNTTRANRESERV] => 0
)

[2026-02-22 18:30:05] [INFO] (/home/redbarbe/public_html/telegram/webapps/action/ajax_get_tren.php:61) Array
(
    [KOD] => 838504
    [TIME_FROM] => 20:00
    [TIME_TO] => 21:00               
    [CLIENTS_CNT] => 0
    [TOV_NAME] => Бокс
    [ACC] => 0
    [CNTTRAN] => 0
    [CNTTRANRESERV] => 0
)

[2026-02-22 18:30:16] [INFO] (/home/redbarbe/public_html/telegram/webapps/action/ajax_get_tren.php:35) Array
(
    [0] => Array
        (
            [KOD] => 834036
            [TIME_FROM] => 10:00
            [TIME_TO] => 11:00               
            [CLIENTS_CNT] => 0
            [TOV_NAME] => Body Training
            [ACC] => 0
            [CNTTRAN] => 0
            [CNTTRANRESERV] => 0
        )

    [1] => Array
        (
            [KOD] => 833418
            [TIME_FROM] => 10:00
            [TIME_TO] => 11:00               
            [CLIENTS_CNT] => 0
            [TOV_NAME] => Stretching
            [ACC] => 0
            [CNTTRAN] => 0
            [CNTTRANRESERV] => 0
        )

    [2] => Array
        (
            [KOD] => 833830
            [TIME_FROM] => 18:00
            [TIME_TO] => 19:00               
            [CLIENTS_CNT] => 0
            [TOV_NAME] => Кiкбоксинг
            [ACC] => 0
            [CNTTRAN] => 0
            [CNTTRANRESERV] => 0
        )

    [3] => Array
        (
            [KOD] => 833315
            [TIME_FROM] => 19:00
            [TIME_TO] => 20:00               
            [CLIENTS_CNT] => 0
            [TOV_NAME] => Кругове тренування
            [ACC] => 0
            [CNTTRAN] => 0
            [CNTTRANRESERV] => 0
        )

    [4] => Array
        (
            [KOD] => 833624
            [TIME_FROM] => 19:30
            [TIME_TO] => 20:30               
            [CLIENTS_CNT] => 0
            [TOV_NAME] => Акробатика Kids
            [ACC] => 0
            [CNTTRAN] => 0
            [CNTTRANRESERV] => 0
        )

    [5] => Array
        (
            [KOD] => 833727
            [TIME_FROM] => 20:30
            [TIME_TO] => 21:30               
            [CLIENTS_CNT] => 0
            [TOV_NAME] => Акробатика
            [ACC] => 0
            [CNTTRAN] => 0
            [CNTTRANRESERV] => 0
        )

)

[2026-02-22 18:30:16] [INFO] (/home/redbarbe/public_html/telegram/webapps/action/ajax_get_tren.php:61) Array
(
    [KOD] => 834036
    [TIME_FROM] => 10:00
    [TIME_TO] => 11:00               
    [CLIENTS_CNT] => 0
    [TOV_NAME] => Body Training
    [ACC] => 0
    [CNTTRAN] => 0
    [CNTTRANRESERV] => 0
)

[2026-02-22 18:30:16] [INFO] (/home/redbarbe/public_html/telegram/webapps/action/ajax_get_tren.php:61) Array
(
    [KOD] => 833418
    [TIME_FROM] => 10:00
    [TIME_TO] => 11:00               
    [CLIENTS_CNT] => 0
    [TOV_NAME] => Stretching
    [ACC] => 0
    [CNTTRAN] => 0
    [CNTTRANRESERV] => 0
)

[2026-02-22 18:30:16] [INFO] (/home/redbarbe/public_html/telegram/webapps/action/ajax_get_tren.php:61) Array
(
    [KOD] => 833830
    [TIME_FROM] => 18:00
    [TIME_TO] => 19:00               
    [CLIENTS_CNT] => 0
    [TOV_NAME] => Кiкбоксинг
    [ACC] => 0
    [CNTTRAN] => 0
    [CNTTRANRESERV] => 0
)

[2026-02-22 18:30:16] [INFO] (/home/redbarbe/public_html/telegram/webapps/action/ajax_get_tren.php:61) Array
(
    [KOD] => 833315
    [TIME_FROM] => 19:00
    [TIME_TO] => 20:00               
    [CLIENTS_CNT] => 0
    [TOV_NAME] => Кругове тренування
    [ACC] => 0
    [CNTTRAN] => 0
    [CNTTRANRESERV] => 0
)

[2026-02-22 18:30:16] [INFO] (/home/redbarbe/public_html/telegram/webapps/action/ajax_get_tren.php:61) Array
(
    [KOD] => 833624
    [TIME_FROM] => 19:30
    [TIME_TO] => 20:30               
    [CLIENTS_CNT] => 0
    [TOV_NAME] => Акробатика Kids
    [ACC] => 0
    [CNTTRAN] => 0
    [CNTTRANRESERV] => 0
)

[2026-02-22 18:30:16] [INFO] (/home/redbarbe/public_html/telegram/webapps/action/ajax_get_tren.php:61) Array
(
    [KOD] => 833727
    [TIME_FROM] => 20:30
    [TIME_TO] => 21:30               
    [CLIENTS_CNT] => 0
    [TOV_NAME] => Акробатика
    [ACC] => 0
    [CNTTRAN] => 0
    [CNTTRANRESERV] => 0
)

[2026-02-22 18:30:24] [INFO] (/home/redbarbe/public_html/telegram/webapps/action/ajax_get_tren.php:35) Array
(
    [0] => Array
        (
            [KOD] => 831781
            [TIME_FROM] => 18:00
            [TIME_TO] => 19:00               
            [CLIENTS_CNT] => 0
            [TOV_NAME] => Stretching
            [ACC] => 0
            [CNTTRAN] => 0
            [CNTTRANRESERV] => 0
        )

    [1] => Array
        (
            [KOD] => 831365
            [TIME_FROM] => 19:00
            [TIME_TO] => 20:00               
            [CLIENTS_CNT] => 0
            [TOV_NAME] => Бокс Kids
            [ACC] => 0
            [CNTTRAN] => 0
            [CNTTRANRESERV] => 0
        )

    [2] => Array
        (
            [KOD] => 831573
            [TIME_FROM] => 20:00
            [TIME_TO] => 21:00               
            [CLIENTS_CNT] => 0
            [TOV_NAME] => Cross Activity
            [ACC] => 0
            [CNTTRAN] => 0
            [CNTTRANRESERV] => 0
        )

    [3] => Array
        (
            [KOD] => 832405
            [TIME_FROM] => 20:00
            [TIME_TO] => 21:00               
            [CLIENTS_CNT] => 0
            [TOV_NAME] => Бокс
            [ACC] => 0
            [CNTTRAN] => 0
            [CNTTRANRESERV] => 0
        )

)

[2026-02-22 18:30:24] [INFO] (/home/redbarbe/public_html/telegram/webapps/action/ajax_get_tren.php:61) Array
(
    [KOD] => 831781
    [TIME_FROM] => 18:00
    [TIME_TO] => 19:00               
    [CLIENTS_CNT] => 0
    [TOV_NAME] => Stretching
    [ACC] => 0
    [CNTTRAN] => 0
    [CNTTRANRESERV] => 0
)

[2026-02-22 18:30:24] [INFO] (/home/redbarbe/public_html/telegram/webapps/action/ajax_get_tren.php:61) Array
(
    [KOD] => 831365
    [TIME_FROM] => 19:00
    [TIME_TO] => 20:00               
    [CLIENTS_CNT] => 0
    [TOV_NAME] => Бокс Kids
    [ACC] => 0
    [CNTTRAN] => 0
    [CNTTRANRESERV] => 0
)

[2026-02-22 18:30:24] [INFO] (/home/redbarbe/public_html/telegram/webapps/action/ajax_get_tren.php:61) Array
(
    [KOD] => 831573
    [TIME_FROM] => 20:00
    [TIME_TO] => 21:00               
    [CLIENTS_CNT] => 0
    [TOV_NAME] => Cross Activity
    [ACC] => 0
    [CNTTRAN] => 0
    [CNTTRANRESERV] => 0
)

[2026-02-22 18:30:24] [INFO] (/home/redbarbe/public_html/telegram/webapps/action/ajax_get_tren.php:61) Array
(
    [KOD] => 832405
    [TIME_FROM] => 20:00
    [TIME_TO] => 21:00               
    [CLIENTS_CNT] => 0
    [TOV_NAME] => Бокс
    [ACC] => 0
    [CNTTRAN] => 0
    [CNTTRANRESERV] => 0
)

[2026-02-22 18:30:32] [INFO] (/home/redbarbe/public_html/telegram/webapps/action/ajax_get_tren.php:35) Array
(
    [0] => Array
        (
            [KOD] => 831781
            [TIME_FROM] => 18:00
            [TIME_TO] => 19:00               
            [CLIENTS_CNT] => 0
            [TOV_NAME] => Stretching
            [ACC] => 0
            [CNTTRAN] => 0
            [CNTTRANRESERV] => 0
        )

    [1] => Array
        (
            [KOD] => 831365
            [TIME_FROM] => 19:00
            [TIME_TO] => 20:00               
            [CLIENTS_CNT] => 0
            [TOV_NAME] => Бокс Kids
            [ACC] => 0
            [CNTTRAN] => 0
            [CNTTRANRESERV] => 0
        )

    [2] => Array
        (
            [KOD] => 831573
            [TIME_FROM] => 20:00
            [TIME_TO] => 21:00               
            [CLIENTS_CNT] => 0
            [TOV_NAME] => Cross Activity
            [ACC] => 0
            [CNTTRAN] => 0
            [CNTTRANRESERV] => 0
        )

    [3] => Array
        (
            [KOD] => 832405
            [TIME_FROM] => 20:00
            [TIME_TO] => 21:00               
            [CLIENTS_CNT] => 0
            [TOV_NAME] => Бокс
            [ACC] => 0
            [CNTTRAN] => 0
            [CNTTRANRESERV] => 0
        )

)

[2026-02-22 18:30:32] [INFO] (/home/redbarbe/public_html/telegram/webapps/action/ajax_get_tren.php:61) Array
(
    [KOD] => 831781
    [TIME_FROM] => 18:00
    [TIME_TO] => 19:00               
    [CLIENTS_CNT] => 0
    [TOV_NAME] => Stretching
    [ACC] => 0
    [CNTTRAN] => 0
    [CNTTRANRESERV] => 0
)

[2026-02-22 18:30:32] [INFO] (/home/redbarbe/public_html/telegram/webapps/action/ajax_get_tren.php:61) Array
(
    [KOD] => 831365
    [TIME_FROM] => 19:00
    [TIME_TO] => 20:00               
    [CLIENTS_CNT] => 0
    [TOV_NAME] => Бокс Kids
    [ACC] => 0
    [CNTTRAN] => 0
    [CNTTRANRESERV] => 0
)

[2026-02-22 18:30:32] [INFO] (/home/redbarbe/public_html/telegram/webapps/action/ajax_get_tren.php:61) Array
(
    [KOD] => 831573
    [TIME_FROM] => 20:00
    [TIME_TO] => 21:00               
    [CLIENTS_CNT] => 0
    [TOV_NAME] => Cross Activity
    [ACC] => 0
    [CNTTRAN] => 0
    [CNTTRANRESERV] => 0
)

[2026-02-22 18:30:32] [INFO] (/home/redbarbe/public_html/telegram/webapps/action/ajax_get_tren.php:61) Array
(
    [KOD] => 832405
    [TIME_FROM] => 20:00
    [TIME_TO] => 21:00               
    [CLIENTS_CNT] => 0
    [TOV_NAME] => Бокс
    [ACC] => 0
    [CNTTRAN] => 0
    [CNTTRANRESERV] => 0
)

[2026-02-22 18:30:35] [INFO] (/home/redbarbe/public_html/telegram/webapps/action/ajax_get_tren.php:35) Array
(
    [0] => Array
        (
            [KOD] => 838909
            [TIME_FROM] => 10:30
            [TIME_TO] => 11:30               
            [CLIENTS_CNT] => 0
            [TOV_NAME] => Акробатика Kids
            [ACC] => 0
            [CNTTRAN] => 0
            [CNTTRANRESERV] => 0
        )

    [1] => Array
        (
            [KOD] => 838806
            [TIME_FROM] => 11:00
            [TIME_TO] => 12:00               
            [CLIENTS_CNT] => 0
            [TOV_NAME] => Пілатес
            [ACC] => 0
            [CNTTRAN] => 0
            [CNTTRANRESERV] => 0
        )

    [2] => Array
        (
            [KOD] => 838600
            [TIME_FROM] => 12:00
            [TIME_TO] => 13:00               
            [CLIENTS_CNT] => 0
            [TOV_NAME] => Акробатика
            [ACC] => 0
            [CNTTRAN] => 0
            [CNTTRANRESERV] => 0
        )

    [3] => Array
        (
            [KOD] => 838703
            [TIME_FROM] => 12:00
            [TIME_TO] => 13:00               
            [CLIENTS_CNT] => 0
            [TOV_NAME] => Кiкбоксинг
            [ACC] => 0
            [CNTTRAN] => 0
            [CNTTRANRESERV] => 0
        )

    [4] => Array
        (
            [KOD] => 839012
            [TIME_FROM] => 16:00
            [TIME_TO] => 17:00               
            [CLIENTS_CNT] => 0
            [TOV_NAME] => Body Training
            [ACC] => 0
            [CNTTRAN] => 0
            [CNTTRANRESERV] => 0
        )

)

[2026-02-22 18:30:35] [INFO] (/home/redbarbe/public_html/telegram/webapps/action/ajax_get_tren.php:61) Array
(
    [KOD] => 838909
    [TIME_FROM] => 10:30
    [TIME_TO] => 11:30               
    [CLIENTS_CNT] => 0
    [TOV_NAME] => Акробатика Kids
    [ACC] => 0
    [CNTTRAN] => 0
    [CNTTRANRESERV] => 0
)

[2026-02-22 18:30:35] [INFO] (/home/redbarbe/public_html/telegram/webapps/action/ajax_get_tren.php:61) Array
(
    [KOD] => 838806
    [TIME_FROM] => 11:00
    [TIME_TO] => 12:00               
    [CLIENTS_CNT] => 0
    [TOV_NAME] => Пілатес
    [ACC] => 0
    [CNTTRAN] => 0
    [CNTTRANRESERV] => 0
)

[2026-02-22 18:30:35] [INFO] (/home/redbarbe/public_html/telegram/webapps/action/ajax_get_tren.php:61) Array
(
    [KOD] => 838600
    [TIME_FROM] => 12:00
    [TIME_TO] => 13:00               
    [CLIENTS_CNT] => 0
    [TOV_NAME] => Акробатика
    [ACC] => 0
    [CNTTRAN] => 0
    [CNTTRANRESERV] => 0
)

[2026-02-22 18:30:35] [INFO] (/home/redbarbe/public_html/telegram/webapps/action/ajax_get_tren.php:61) Array
(
    [KOD] => 838703
    [TIME_FROM] => 12:00
    [TIME_TO] => 13:00               
    [CLIENTS_CNT] => 0
    [TOV_NAME] => Кiкбоксинг
    [ACC] => 0
    [CNTTRAN] => 0
    [CNTTRANRESERV] => 0
)

[2026-02-22 18:30:35] [INFO] (/home/redbarbe/public_html/telegram/webapps/action/ajax_get_tren.php:61) Array
(
    [KOD] => 839012
    [TIME_FROM] => 16:00
    [TIME_TO] => 17:00               
    [CLIENTS_CNT] => 0
    [TOV_NAME] => Body Training
    [ACC] => 0
    [CNTTRAN] => 0
    [CNTTRANRESERV] => 0
)

[2026-02-22 18:30:44] [INFO] (/home/redbarbe/public_html/telegram/webapps/action/ajax_get_tren.php:35) Array
(
    [0] => Array
        (
            [KOD] => 831780
            [TIME_FROM] => 18:00
            [TIME_TO] => 19:00               
            [CLIENTS_CNT] => 0
            [TOV_NAME] => Stretching
            [ACC] => 0
            [CNTTRAN] => 1
            [CNTTRANRESERV] => 0
        )

    [1] => Array
        (
            [KOD] => 831364
            [TIME_FROM] => 19:00
            [TIME_TO] => 20:00               
            [CLIENTS_CNT] => 0
            [TOV_NAME] => Бокс Kids
            [ACC] => 0
            [CNTTRAN] => 0
            [CNTTRANRESERV] => 0
        )

    [2] => Array
        (
            [KOD] => 831572
            [TIME_FROM] => 20:00
            [TIME_TO] => 21:00               
            [CLIENTS_CNT] => 0
            [TOV_NAME] => Cross Activity
            [ACC] => 0
            [CNTTRAN] => 0
            [CNTTRANRESERV] => 0
        )

    [3] => Array
        (
            [KOD] => 832404
            [TIME_FROM] => 20:00
            [TIME_TO] => 21:00               
            [CLIENTS_CNT] => 0
            [TOV_NAME] => Бокс
            [ACC] => 0
            [CNTTRAN] => 1
            [CNTTRANRESERV] => 0
        )

)

[2026-02-22 18:30:44] [INFO] (/home/redbarbe/public_html/telegram/webapps/action/ajax_get_tren.php:61) Array
(
    [KOD] => 831780
    [TIME_FROM] => 18:00
    [TIME_TO] => 19:00               
    [CLIENTS_CNT] => 0
    [TOV_NAME] => Stretching
    [ACC] => 0
    [CNTTRAN] => 1
    [CNTTRANRESERV] => 0
)

[2026-02-22 18:30:44] [INFO] (/home/redbarbe/public_html/telegram/webapps/action/ajax_get_tren.php:61) Array
(
    [KOD] => 831364
    [TIME_FROM] => 19:00
    [TIME_TO] => 20:00               
    [CLIENTS_CNT] => 0
    [TOV_NAME] => Бокс Kids
    [ACC] => 0
    [CNTTRAN] => 0
    [CNTTRANRESERV] => 0
)

[2026-02-22 18:30:44] [INFO] (/home/redbarbe/public_html/telegram/webapps/action/ajax_get_tren.php:61) Array
(
    [KOD] => 831572
    [TIME_FROM] => 20:00
    [TIME_TO] => 21:00               
    [CLIENTS_CNT] => 0
    [TOV_NAME] => Cross Activity
    [ACC] => 0
    [CNTTRAN] => 0
    [CNTTRANRESERV] => 0
)

[2026-02-22 18:30:44] [INFO] (/home/redbarbe/public_html/telegram/webapps/action/ajax_get_tren.php:61) Array
(
    [KOD] => 832404
    [TIME_FROM] => 20:00
    [TIME_TO] => 21:00               
    [CLIENTS_CNT] => 0
    [TOV_NAME] => Бокс
    [ACC] => 0
    [CNTTRAN] => 1
    [CNTTRANRESERV] => 0
)

[2026-02-22 18:33:05] [INFO] (/home/redbarbe/public_html/telegram/webapps/action/ajax_get_tren.php:35) Array
(
    [0] => Array
        (
            [KOD] => 831780
            [TIME_FROM] => 18:00
            [TIME_TO] => 19:00               
            [CLIENTS_CNT] => 0
            [TOV_NAME] => Stretching
            [ACC] => 0
            [CNTTRAN] => 1
            [CNTTRANRESERV] => 0
        )

    [1] => Array
        (
            [KOD] => 831364
            [TIME_FROM] => 19:00
            [TIME_TO] => 20:00               
            [CLIENTS_CNT] => 0
            [TOV_NAME] => Бокс Kids
            [ACC] => 0
            [CNTTRAN] => 0
            [CNTTRANRESERV] => 0
        )

    [2] => Array
        (
            [KOD] => 831572
            [TIME_FROM] => 20:00
            [TIME_TO] => 21:00               
            [CLIENTS_CNT] => 0
            [TOV_NAME] => Cross Activity
            [ACC] => 0
            [CNTTRAN] => 0
            [CNTTRANRESERV] => 0
        )

    [3] => Array
        (
            [KOD] => 832404
            [TIME_FROM] => 20:00
            [TIME_TO] => 21:00               
            [CLIENTS_CNT] => 0
            [TOV_NAME] => Бокс
            [ACC] => 0
            [CNTTRAN] => 1
            [CNTTRANRESERV] => 0
        )

)

[2026-02-22 18:33:05] [INFO] (/home/redbarbe/public_html/telegram/webapps/action/ajax_get_tren.php:61) Array
(
    [KOD] => 831780
    [TIME_FROM] => 18:00
    [TIME_TO] => 19:00               
    [CLIENTS_CNT] => 0
    [TOV_NAME] => Stretching
    [ACC] => 0
    [CNTTRAN] => 1
    [CNTTRANRESERV] => 0
)

[2026-02-22 18:33:05] [INFO] (/home/redbarbe/public_html/telegram/webapps/action/ajax_get_tren.php:61) Array
(
    [KOD] => 831364
    [TIME_FROM] => 19:00
    [TIME_TO] => 20:00               
    [CLIENTS_CNT] => 0
    [TOV_NAME] => Бокс Kids
    [ACC] => 0
    [CNTTRAN] => 0
    [CNTTRANRESERV] => 0
)

[2026-02-22 18:33:05] [INFO] (/home/redbarbe/public_html/telegram/webapps/action/ajax_get_tren.php:61) Array
(
    [KOD] => 831572
    [TIME_FROM] => 20:00
    [TIME_TO] => 21:00               
    [CLIENTS_CNT] => 0
    [TOV_NAME] => Cross Activity
    [ACC] => 0
    [CNTTRAN] => 0
    [CNTTRANRESERV] => 0
)

[2026-02-22 18:33:05] [INFO] (/home/redbarbe/public_html/telegram/webapps/action/ajax_get_tren.php:61) Array
(
    [KOD] => 832404
    [TIME_FROM] => 20:00
    [TIME_TO] => 21:00               
    [CLIENTS_CNT] => 0
    [TOV_NAME] => Бокс
    [ACC] => 0
    [CNTTRAN] => 1
    [CNTTRANRESERV] => 0
)

[2026-02-22 18:34:32] [INFO] (/home/redbarbe/public_html/telegram/webapps/action/ajax_get_tren.php:35) Array
(
    [0] => Array
        (
            [KOD] => 831780
            [TIME_FROM] => 18:00
            [TIME_TO] => 19:00               
            [CLIENTS_CNT] => 0
            [TOV_NAME] => Stretching
            [ACC] => 0
            [CNTTRAN] => 1
            [CNTTRANRESERV] => 0
        )

    [1] => Array
        (
            [KOD] => 831364
            [TIME_FROM] => 19:00
            [TIME_TO] => 20:00               
            [CLIENTS_CNT] => 0
            [TOV_NAME] => Бокс Kids
            [ACC] => 0
            [CNTTRAN] => 0
            [CNTTRANRESERV] => 0
        )

    [2] => Array
        (
            [KOD] => 831572
            [TIME_FROM] => 20:00
            [TIME_TO] => 21:00               
            [CLIENTS_CNT] => 0
            [TOV_NAME] => Cross Activity
            [ACC] => 0
            [CNTTRAN] => 0
            [CNTTRANRESERV] => 0
        )

    [3] => Array
        (
            [KOD] => 832404
            [TIME_FROM] => 20:00
            [TIME_TO] => 21:00               
            [CLIENTS_CNT] => 0
            [TOV_NAME] => Бокс
            [ACC] => 0
            [CNTTRAN] => 1
            [CNTTRANRESERV] => 0
        )

)

[2026-02-22 18:34:32] [INFO] (/home/redbarbe/public_html/telegram/webapps/action/ajax_get_tren.php:61) Array
(
    [KOD] => 831780
    [TIME_FROM] => 18:00
    [TIME_TO] => 19:00               
    [CLIENTS_CNT] => 0
    [TOV_NAME] => Stretching
    [ACC] => 0
    [CNTTRAN] => 1
    [CNTTRANRESERV] => 0
)

[2026-02-22 18:34:32] [INFO] (/home/redbarbe/public_html/telegram/webapps/action/ajax_get_tren.php:61) Array
(
    [KOD] => 831364
    [TIME_FROM] => 19:00
    [TIME_TO] => 20:00               
    [CLIENTS_CNT] => 0
    [TOV_NAME] => Бокс Kids
    [ACC] => 0
    [CNTTRAN] => 0
    [CNTTRANRESERV] => 0
)

[2026-02-22 18:34:32] [INFO] (/home/redbarbe/public_html/telegram/webapps/action/ajax_get_tren.php:61) Array
(
    [KOD] => 831572
    [TIME_FROM] => 20:00
    [TIME_TO] => 21:00               
    [CLIENTS_CNT] => 0
    [TOV_NAME] => Cross Activity
    [ACC] => 0
    [CNTTRAN] => 0
    [CNTTRANRESERV] => 0
)

[2026-02-22 18:34:32] [INFO] (/home/redbarbe/public_html/telegram/webapps/action/ajax_get_tren.php:61) Array
(
    [KOD] => 832404
    [TIME_FROM] => 20:00
    [TIME_TO] => 21:00               
    [CLIENTS_CNT] => 0
    [TOV_NAME] => Бокс
    [ACC] => 0
    [CNTTRAN] => 1
    [CNTTRANRESERV] => 0
)

[2026-02-22 18:36:43] [INFO] (/home/redbarbe/public_html/telegram/webapps/action/ajax_get_tren.php:35) Array
(
    [0] => Array
        (
            [KOD] => 838909
            [TIME_FROM] => 10:30
            [TIME_TO] => 11:30               
            [CLIENTS_CNT] => 0
            [TOV_NAME] => Акробатика Kids
            [ACC] => 0
            [CNTTRAN] => 0
            [CNTTRANRESERV] => 0
        )

    [1] => Array
        (
            [KOD] => 838806
            [TIME_FROM] => 11:00
            [TIME_TO] => 12:00               
            [CLIENTS_CNT] => 0
            [TOV_NAME] => Пілатес
            [ACC] => 0
            [CNTTRAN] => 0
            [CNTTRANRESERV] => 0
        )

    [2] => Array
        (
            [KOD] => 838600
            [TIME_FROM] => 12:00
            [TIME_TO] => 13:00               
            [CLIENTS_CNT] => 0
            [TOV_NAME] => Акробатика
            [ACC] => 0
            [CNTTRAN] => 0
            [CNTTRANRESERV] => 0
        )

    [3] => Array
        (
            [KOD] => 838703
            [TIME_FROM] => 12:00
            [TIME_TO] => 13:00               
            [CLIENTS_CNT] => 0
            [TOV_NAME] => Кiкбоксинг
            [ACC] => 0
            [CNTTRAN] => 0
            [CNTTRANRESERV] => 0
        )

    [4] => Array
        (
            [KOD] => 839012
            [TIME_FROM] => 16:00
            [TIME_TO] => 17:00               
            [CLIENTS_CNT] => 0
            [TOV_NAME] => Body Training
            [ACC] => 0
            [CNTTRAN] => 0
            [CNTTRANRESERV] => 0
        )

)

[2026-02-22 18:36:43] [INFO] (/home/redbarbe/public_html/telegram/webapps/action/ajax_get_tren.php:61) Array
(
    [KOD] => 838909
    [TIME_FROM] => 10:30
    [TIME_TO] => 11:30               
    [CLIENTS_CNT] => 0
    [TOV_NAME] => Акробатика Kids
    [ACC] => 0
    [CNTTRAN] => 0
    [CNTTRANRESERV] => 0
)

[2026-02-22 18:36:43] [INFO] (/home/redbarbe/public_html/telegram/webapps/action/ajax_get_tren.php:61) Array
(
    [KOD] => 838806
    [TIME_FROM] => 11:00
    [TIME_TO] => 12:00               
    [CLIENTS_CNT] => 0
    [TOV_NAME] => Пілатес
    [ACC] => 0
    [CNTTRAN] => 0
    [CNTTRANRESERV] => 0
)

[2026-02-22 18:36:43] [INFO] (/home/redbarbe/public_html/telegram/webapps/action/ajax_get_tren.php:61) Array
(
    [KOD] => 838600
    [TIME_FROM] => 12:00
    [TIME_TO] => 13:00               
    [CLIENTS_CNT] => 0
    [TOV_NAME] => Акробатика
    [ACC] => 0
    [CNTTRAN] => 0
    [CNTTRANRESERV] => 0
)

[2026-02-22 18:36:43] [INFO] (/home/redbarbe/public_html/telegram/webapps/action/ajax_get_tren.php:61) Array
(
    [KOD] => 838703
    [TIME_FROM] => 12:00
    [TIME_TO] => 13:00               
    [CLIENTS_CNT] => 0
    [TOV_NAME] => Кiкбоксинг
    [ACC] => 0
    [CNTTRAN] => 0
    [CNTTRANRESERV] => 0
)

[2026-02-22 18:36:43] [INFO] (/home/redbarbe/public_html/telegram/webapps/action/ajax_get_tren.php:61) Array
(
    [KOD] => 839012
    [TIME_FROM] => 16:00
    [TIME_TO] => 17:00               
    [CLIENTS_CNT] => 0
    [TOV_NAME] => Body Training
    [ACC] => 0
    [CNTTRAN] => 0
    [CNTTRANRESERV] => 0
)

[2026-02-22 18:36:55] [INFO] (/home/redbarbe/public_html/telegram/webapps/action/ajax_get_tren.php:35) Array
(
    [0] => Array
        (
            [KOD] => 835964
            [TIME_FROM] => 10:00
            [TIME_TO] => 11:00               
            [CLIENTS_CNT] => 0
            [TOV_NAME] => Body Training
            [ACC] => 0
            [CNTTRAN] => 0
            [CNTTRANRESERV] => 0
        )

    [1] => Array
        (
            [KOD] => 834137
            [TIME_FROM] => 10:00
            [TIME_TO] => 11:00               
            [CLIENTS_CNT] => 0
            [TOV_NAME] => Pilates
            [ACC] => 0
            [CNTTRAN] => 0
            [CNTTRANRESERV] => 0
        )

    [2] => Array
        (
            [KOD] => 835442
            [TIME_FROM] => 18:00
            [TIME_TO] => 19:00               
            [CLIENTS_CNT] => 0
            [TOV_NAME] => Кiкбоксинг
            [ACC] => 0
            [CNTTRAN] => 0
            [CNTTRANRESERV] => 0
        )

    [3] => Array
        (
            [KOD] => 834398
            [TIME_FROM] => 19:00
            [TIME_TO] => 20:00               
            [CLIENTS_CNT] => 0
            [TOV_NAME] => Кругове тренування
            [ACC] => 0
            [CNTTRAN] => 0
            [CNTTRANRESERV] => 0
        )

    [4] => Array
        (
            [KOD] => 834920
            [TIME_FROM] => 19:30
            [TIME_TO] => 20:30               
            [CLIENTS_CNT] => 0
            [TOV_NAME] => Акробатика Kids
            [ACC] => 0
            [CNTTRAN] => 0
            [CNTTRANRESERV] => 0
        )

    [5] => Array
        (
            [KOD] => 835181
            [TIME_FROM] => 20:30
            [TIME_TO] => 21:30               
            [CLIENTS_CNT] => 0
            [TOV_NAME] => Акробатика
            [ACC] => 0
            [CNTTRAN] => 0
            [CNTTRANRESERV] => 0
        )

)

[2026-02-22 18:36:55] [INFO] (/home/redbarbe/public_html/telegram/webapps/action/ajax_get_tren.php:61) Array
(
    [KOD] => 835964
    [TIME_FROM] => 10:00
    [TIME_TO] => 11:00               
    [CLIENTS_CNT] => 0
    [TOV_NAME] => Body Training
    [ACC] => 0
    [CNTTRAN] => 0
    [CNTTRANRESERV] => 0
)

[2026-02-22 18:36:55] [INFO] (/home/redbarbe/public_html/telegram/webapps/action/ajax_get_tren.php:61) Array
(
    [KOD] => 834137
    [TIME_FROM] => 10:00
    [TIME_TO] => 11:00               
    [CLIENTS_CNT] => 0
    [TOV_NAME] => Pilates
    [ACC] => 0
    [CNTTRAN] => 0
    [CNTTRANRESERV] => 0
)

[2026-02-22 18:36:55] [INFO] (/home/redbarbe/public_html/telegram/webapps/action/ajax_get_tren.php:61) Array
(
    [KOD] => 835442
    [TIME_FROM] => 18:00
    [TIME_TO] => 19:00               
    [CLIENTS_CNT] => 0
    [TOV_NAME] => Кiкбоксинг
    [ACC] => 0
    [CNTTRAN] => 0
    [CNTTRANRESERV] => 0
)

[2026-02-22 18:36:55] [INFO] (/home/redbarbe/public_html/telegram/webapps/action/ajax_get_tren.php:61) Array
(
    [KOD] => 834398
    [TIME_FROM] => 19:00
    [TIME_TO] => 20:00               
    [CLIENTS_CNT] => 0
    [TOV_NAME] => Кругове тренування
    [ACC] => 0
    [CNTTRAN] => 0
    [CNTTRANRESERV] => 0
)

[2026-02-22 18:36:55] [INFO] (/home/redbarbe/public_html/telegram/webapps/action/ajax_get_tren.php:61) Array
(
    [KOD] => 834920
    [TIME_FROM] => 19:30
    [TIME_TO] => 20:30               
    [CLIENTS_CNT] => 0
    [TOV_NAME] => Акробатика Kids
    [ACC] => 0
    [CNTTRAN] => 0
    [CNTTRANRESERV] => 0
)

[2026-02-22 18:36:55] [INFO] (/home/redbarbe/public_html/telegram/webapps/action/ajax_get_tren.php:61) Array
(
    [KOD] => 835181
    [TIME_FROM] => 20:30
    [TIME_TO] => 21:30               
    [CLIENTS_CNT] => 0
    [TOV_NAME] => Акробатика
    [ACC] => 0
    [CNTTRAN] => 0
    [CNTTRANRESERV] => 0
)

[2026-02-22 18:40:34] [INFO] (/home/redbarbe/public_html/telegram/webapps/action/ajax_get_tren.php:35) Array
(
    [0] => Array
        (
            [KOD] => 831780
            [TIME_FROM] => 18:00
            [TIME_TO] => 19:00               
            [CLIENTS_CNT] => 0
            [TOV_NAME] => Stretching
            [ACC] => 0
            [CNTTRAN] => 1
            [CNTTRANRESERV] => 0
        )

    [1] => Array
        (
            [KOD] => 831364
            [TIME_FROM] => 19:00
            [TIME_TO] => 20:00               
            [CLIENTS_CNT] => 0
            [TOV_NAME] => Бокс Kids
            [ACC] => 0
            [CNTTRAN] => 0
            [CNTTRANRESERV] => 0
        )

    [2] => Array
        (
            [KOD] => 831572
            [TIME_FROM] => 20:00
            [TIME_TO] => 21:00               
            [CLIENTS_CNT] => 0
            [TOV_NAME] => Cross Activity
            [ACC] => 0
            [CNTTRAN] => 0
            [CNTTRANRESERV] => 0
        )

    [3] => Array
        (
            [KOD] => 832404
            [TIME_FROM] => 20:00
            [TIME_TO] => 21:00               
            [CLIENTS_CNT] => 0
            [TOV_NAME] => Бокс
            [ACC] => 0
            [CNTTRAN] => 1
            [CNTTRANRESERV] => 0
        )

)

[2026-02-22 18:40:34] [INFO] (/home/redbarbe/public_html/telegram/webapps/action/ajax_get_tren.php:61) Array
(
    [KOD] => 831780
    [TIME_FROM] => 18:00
    [TIME_TO] => 19:00               
    [CLIENTS_CNT] => 0
    [TOV_NAME] => Stretching
    [ACC] => 0
    [CNTTRAN] => 1
    [CNTTRANRESERV] => 0
)

[2026-02-22 18:40:34] [INFO] (/home/redbarbe/public_html/telegram/webapps/action/ajax_get_tren.php:61) Array
(
    [KOD] => 831364
    [TIME_FROM] => 19:00
    [TIME_TO] => 20:00               
    [CLIENTS_CNT] => 0
    [TOV_NAME] => Бокс Kids
    [ACC] => 0
    [CNTTRAN] => 0
    [CNTTRANRESERV] => 0
)

[2026-02-22 18:40:34] [INFO] (/home/redbarbe/public_html/telegram/webapps/action/ajax_get_tren.php:61) Array
(
    [KOD] => 831572
    [TIME_FROM] => 20:00
    [TIME_TO] => 21:00               
    [CLIENTS_CNT] => 0
    [TOV_NAME] => Cross Activity
    [ACC] => 0
    [CNTTRAN] => 0
    [CNTTRANRESERV] => 0
)

[2026-02-22 18:40:34] [INFO] (/home/redbarbe/public_html/telegram/webapps/action/ajax_get_tren.php:61) Array
(
    [KOD] => 832404
    [TIME_FROM] => 20:00
    [TIME_TO] => 21:00               
    [CLIENTS_CNT] => 0
    [TOV_NAME] => Бокс
    [ACC] => 0
    [CNTTRAN] => 1
    [CNTTRANRESERV] => 0
)

[2026-02-22 18:41:12] [INFO] (/home/redbarbe/public_html/telegram/webapps/action/ajax_get_tren.php:35) Array
(
    [0] => Array
        (
            [KOD] => 835964
            [TIME_FROM] => 10:00
            [TIME_TO] => 11:00               
            [CLIENTS_CNT] => 0
            [TOV_NAME] => Body Training
            [ACC] => 0
            [CNTTRAN] => 0
            [CNTTRANRESERV] => 0
        )

    [1] => Array
        (
            [KOD] => 834137
            [TIME_FROM] => 10:00
            [TIME_TO] => 11:00               
            [CLIENTS_CNT] => 0
            [TOV_NAME] => Pilates
            [ACC] => 0
            [CNTTRAN] => 0
            [CNTTRANRESERV] => 0
        )

    [2] => Array
        (
            [KOD] => 835442
            [TIME_FROM] => 18:00
            [TIME_TO] => 19:00               
            [CLIENTS_CNT] => 0
            [TOV_NAME] => Кiкбоксинг
            [ACC] => 0
            [CNTTRAN] => 0
            [CNTTRANRESERV] => 0
        )

    [3] => Array
        (
            [KOD] => 834398
            [TIME_FROM] => 19:00
            [TIME_TO] => 20:00               
            [CLIENTS_CNT] => 0
            [TOV_NAME] => Кругове тренування
            [ACC] => 0
            [CNTTRAN] => 0
            [CNTTRANRESERV] => 0
        )

    [4] => Array
        (
            [KOD] => 834920
            [TIME_FROM] => 19:30
            [TIME_TO] => 20:30               
            [CLIENTS_CNT] => 0
            [TOV_NAME] => Акробатика Kids
            [ACC] => 0
            [CNTTRAN] => 0
            [CNTTRANRESERV] => 0
        )

    [5] => Array
        (
            [KOD] => 835181
            [TIME_FROM] => 20:30
            [TIME_TO] => 21:30               
            [CLIENTS_CNT] => 0
            [TOV_NAME] => Акробатика
            [ACC] => 0
            [CNTTRAN] => 0
            [CNTTRANRESERV] => 0
        )

)

[2026-02-22 18:41:12] [INFO] (/home/redbarbe/public_html/telegram/webapps/action/ajax_get_tren.php:61) Array
(
    [KOD] => 835964
    [TIME_FROM] => 10:00
    [TIME_TO] => 11:00               
    [CLIENTS_CNT] => 0
    [TOV_NAME] => Body Training
    [ACC] => 0
    [CNTTRAN] => 0
    [CNTTRANRESERV] => 0
)

[2026-02-22 18:41:12] [INFO] (/home/redbarbe/public_html/telegram/webapps/action/ajax_get_tren.php:61) Array
(
    [KOD] => 834137
    [TIME_FROM] => 10:00
    [TIME_TO] => 11:00               
    [CLIENTS_CNT] => 0
    [TOV_NAME] => Pilates
    [ACC] => 0
    [CNTTRAN] => 0
    [CNTTRANRESERV] => 0
)

[2026-02-22 18:41:12] [INFO] (/home/redbarbe/public_html/telegram/webapps/action/ajax_get_tren.php:61) Array
(
    [KOD] => 835442
    [TIME_FROM] => 18:00
    [TIME_TO] => 19:00               
    [CLIENTS_CNT] => 0
    [TOV_NAME] => Кiкбоксинг
    [ACC] => 0
    [CNTTRAN] => 0
    [CNTTRANRESERV] => 0
)

[2026-02-22 18:41:12] [INFO] (/home/redbarbe/public_html/telegram/webapps/action/ajax_get_tren.php:61) Array
(
    [KOD] => 834398
    [TIME_FROM] => 19:00
    [TIME_TO] => 20:00               
    [CLIENTS_CNT] => 0
    [TOV_NAME] => Кругове тренування
    [ACC] => 0
    [CNTTRAN] => 0
    [CNTTRANRESERV] => 0
)

[2026-02-22 18:41:12] [INFO] (/home/redbarbe/public_html/telegram/webapps/action/ajax_get_tren.php:61) Array
(
    [KOD] => 834920
    [TIME_FROM] => 19:30
    [TIME_TO] => 20:30               
    [CLIENTS_CNT] => 0
    [TOV_NAME] => Акробатика Kids
    [ACC] => 0
    [CNTTRAN] => 0
    [CNTTRANRESERV] => 0
)

[2026-02-22 18:41:12] [INFO] (/home/redbarbe/public_html/telegram/webapps/action/ajax_get_tren.php:61) Array
(
    [KOD] => 835181
    [TIME_FROM] => 20:30
    [TIME_TO] => 21:30               
    [CLIENTS_CNT] => 0
    [TOV_NAME] => Акробатика
    [ACC] => 0
    [CNTTRAN] => 0
    [CNTTRANRESERV] => 0
)

[2026-02-22 18:41:42] [INFO] (/home/redbarbe/public_html/telegram/webapps/action/ajax_fitness_zapis.php:22) Array
(
    [ajax_method] => 2
    [action] => ajax_fitness_zapis
    [dat] => 24.02.2026
    [acc] => 13867
    [trenid] => 835964
    [ost_all] => 100
    [ip_club] => 178.151.119.180
    [acctozapis] => 0
    [time_from] => 10:00
)

[2026-02-22 18:42:03] [INFO] (/home/redbarbe/public_html/telegram/webapps/action/ajax_get_tren.php:35) Array
(
    [0] => Array
        (
            [KOD] => 838296
            [TIME_FROM] => 18:00
            [TIME_TO] => 19:00               
            [CLIENTS_CNT] => 0
            [TOV_NAME] => Пілатес
            [ACC] => 0
            [CNTTRAN] => 0
            [CNTTRANRESERV] => 0
        )

    [1] => Array
        (
            [KOD] => 837984
            [TIME_FROM] => 19:00
            [TIME_TO] => 20:00               
            [CLIENTS_CNT] => 0
            [TOV_NAME] => Бокс Kids
            [ACC] => 0
            [CNTTRAN] => 0
            [CNTTRANRESERV] => 0
        )

    [2] => Array
        (
            [KOD] => 838088
            [TIME_FROM] => 20:00
            [TIME_TO] => 21:00               
            [CLIENTS_CNT] => 0
            [TOV_NAME] => Cross Activity
            [ACC] => 0
            [CNTTRAN] => 0
            [CNTTRANRESERV] => 0
        )

    [3] => Array
        (
            [KOD] => 838504
            [TIME_FROM] => 20:00
            [TIME_TO] => 21:00               
            [CLIENTS_CNT] => 0
            [TOV_NAME] => Бокс
            [ACC] => 0
            [CNTTRAN] => 0
            [CNTTRANRESERV] => 0
        )

)

[2026-02-22 18:42:03] [INFO] (/home/redbarbe/public_html/telegram/webapps/action/ajax_get_tren.php:61) Array
(
    [KOD] => 838296
    [TIME_FROM] => 18:00
    [TIME_TO] => 19:00               
    [CLIENTS_CNT] => 0
    [TOV_NAME] => Пілатес
    [ACC] => 0
    [CNTTRAN] => 0
    [CNTTRANRESERV] => 0
)

[2026-02-22 18:42:03] [INFO] (/home/redbarbe/public_html/telegram/webapps/action/ajax_get_tren.php:61) Array
(
    [KOD] => 837984
    [TIME_FROM] => 19:00
    [TIME_TO] => 20:00               
    [CLIENTS_CNT] => 0
    [TOV_NAME] => Бокс Kids
    [ACC] => 0
    [CNTTRAN] => 0
    [CNTTRANRESERV] => 0
)

[2026-02-22 18:42:03] [INFO] (/home/redbarbe/public_html/telegram/webapps/action/ajax_get_tren.php:61) Array
(
    [KOD] => 838088
    [TIME_FROM] => 20:00
    [TIME_TO] => 21:00               
    [CLIENTS_CNT] => 0
    [TOV_NAME] => Cross Activity
    [ACC] => 0
    [CNTTRAN] => 0
    [CNTTRANRESERV] => 0
)

[2026-02-22 18:42:03] [INFO] (/home/redbarbe/public_html/telegram/webapps/action/ajax_get_tren.php:61) Array
(
    [KOD] => 838504
    [TIME_FROM] => 20:00
    [TIME_TO] => 21:00               
    [CLIENTS_CNT] => 0
    [TOV_NAME] => Бокс
    [ACC] => 0
    [CNTTRAN] => 0
    [CNTTRANRESERV] => 0
)

[2026-02-22 18:42:13] [INFO] (/home/redbarbe/public_html/telegram/webapps/action/ajax_get_tren.php:35) Array
(
    [0] => Array
        (
            [KOD] => 834036
            [TIME_FROM] => 10:00
            [TIME_TO] => 11:00               
            [CLIENTS_CNT] => 0
            [TOV_NAME] => Body Training
            [ACC] => 0
            [CNTTRAN] => 0
            [CNTTRANRESERV] => 0
        )

    [1] => Array
        (
            [KOD] => 833418
            [TIME_FROM] => 10:00
            [TIME_TO] => 11:00               
            [CLIENTS_CNT] => 0
            [TOV_NAME] => Stretching
            [ACC] => 0
            [CNTTRAN] => 0
            [CNTTRANRESERV] => 0
        )

    [2] => Array
        (
            [KOD] => 833830
            [TIME_FROM] => 18:00
            [TIME_TO] => 19:00               
            [CLIENTS_CNT] => 0
            [TOV_NAME] => Кiкбоксинг
            [ACC] => 0
            [CNTTRAN] => 0
            [CNTTRANRESERV] => 0
        )

    [3] => Array
        (
            [KOD] => 833315
            [TIME_FROM] => 19:00
            [TIME_TO] => 20:00               
            [CLIENTS_CNT] => 0
            [TOV_NAME] => Кругове тренування
            [ACC] => 0
            [CNTTRAN] => 0
            [CNTTRANRESERV] => 0
        )

    [4] => Array
        (
            [KOD] => 833624
            [TIME_FROM] => 19:30
            [TIME_TO] => 20:30               
            [CLIENTS_CNT] => 0
            [TOV_NAME] => Акробатика Kids
            [ACC] => 0
            [CNTTRAN] => 0
            [CNTTRANRESERV] => 0
        )

    [5] => Array
        (
            [KOD] => 833727
            [TIME_FROM] => 20:30
            [TIME_TO] => 21:30               
            [CLIENTS_CNT] => 0
            [TOV_NAME] => Акробатика
            [ACC] => 0
            [CNTTRAN] => 0
            [CNTTRANRESERV] => 0
        )

)

[2026-02-22 18:42:13] [INFO] (/home/redbarbe/public_html/telegram/webapps/action/ajax_get_tren.php:61) Array
(
    [KOD] => 834036
    [TIME_FROM] => 10:00
    [TIME_TO] => 11:00               
    [CLIENTS_CNT] => 0
    [TOV_NAME] => Body Training
    [ACC] => 0
    [CNTTRAN] => 0
    [CNTTRANRESERV] => 0
)

[2026-02-22 18:42:13] [INFO] (/home/redbarbe/public_html/telegram/webapps/action/ajax_get_tren.php:61) Array
(
    [KOD] => 833418
    [TIME_FROM] => 10:00
    [TIME_TO] => 11:00               
    [CLIENTS_CNT] => 0
    [TOV_NAME] => Stretching
    [ACC] => 0
    [CNTTRAN] => 0
    [CNTTRANRESERV] => 0
)

[2026-02-22 18:42:13] [INFO] (/home/redbarbe/public_html/telegram/webapps/action/ajax_get_tren.php:61) Array
(
    [KOD] => 833830
    [TIME_FROM] => 18:00
    [TIME_TO] => 19:00               
    [CLIENTS_CNT] => 0
    [TOV_NAME] => Кiкбоксинг
    [ACC] => 0
    [CNTTRAN] => 0
    [CNTTRANRESERV] => 0
)

[2026-02-22 18:42:13] [INFO] (/home/redbarbe/public_html/telegram/webapps/action/ajax_get_tren.php:61) Array
(
    [KOD] => 833315
    [TIME_FROM] => 19:00
    [TIME_TO] => 20:00               
    [CLIENTS_CNT] => 0
    [TOV_NAME] => Кругове тренування
    [ACC] => 0
    [CNTTRAN] => 0
    [CNTTRANRESERV] => 0
)

[2026-02-22 18:42:13] [INFO] (/home/redbarbe/public_html/telegram/webapps/action/ajax_get_tren.php:61) Array
(
    [KOD] => 833624
    [TIME_FROM] => 19:30
    [TIME_TO] => 20:30               
    [CLIENTS_CNT] => 0
    [TOV_NAME] => Акробатика Kids
    [ACC] => 0
    [CNTTRAN] => 0
    [CNTTRANRESERV] => 0
)

[2026-02-22 18:42:13] [INFO] (/home/redbarbe/public_html/telegram/webapps/action/ajax_get_tren.php:61) Array
(
    [KOD] => 833727
    [TIME_FROM] => 20:30
    [TIME_TO] => 21:30               
    [CLIENTS_CNT] => 0
    [TOV_NAME] => Акробатика
    [ACC] => 0
    [CNTTRAN] => 0
    [CNTTRANRESERV] => 0
)

[2026-02-22 18:45:53] [INFO] (/home/redbarbe/public_html/telegram/webapps/action/ajax_get_tren.php:35) Array
(
    [0] => Array
        (
            [KOD] => 834036
            [TIME_FROM] => 10:00
            [TIME_TO] => 11:00               
            [CLIENTS_CNT] => 0
            [TOV_NAME] => Body Training
            [ACC] => 0
            [CNTTRAN] => 0
            [CNTTRANRESERV] => 0
        )

    [1] => Array
        (
            [KOD] => 833418
            [TIME_FROM] => 10:00
            [TIME_TO] => 11:00               
            [CLIENTS_CNT] => 0
            [TOV_NAME] => Stretching
            [ACC] => 0
            [CNTTRAN] => 0
            [CNTTRANRESERV] => 0
        )

    [2] => Array
        (
            [KOD] => 833830
            [TIME_FROM] => 18:00
            [TIME_TO] => 19:00               
            [CLIENTS_CNT] => 0
            [TOV_NAME] => Кiкбоксинг
            [ACC] => 0
            [CNTTRAN] => 0
            [CNTTRANRESERV] => 0
        )

    [3] => Array
        (
            [KOD] => 833315
            [TIME_FROM] => 19:00
            [TIME_TO] => 20:00               
            [CLIENTS_CNT] => 0
            [TOV_NAME] => Кругове тренування
            [ACC] => 0
            [CNTTRAN] => 0
            [CNTTRANRESERV] => 0
        )

    [4] => Array
        (
            [KOD] => 833624
            [TIME_FROM] => 19:30
            [TIME_TO] => 20:30               
            [CLIENTS_CNT] => 0
            [TOV_NAME] => Акробатика Kids
            [ACC] => 0
            [CNTTRAN] => 0
            [CNTTRANRESERV] => 0
        )

    [5] => Array
        (
            [KOD] => 833727
            [TIME_FROM] => 20:30
            [TIME_TO] => 21:30               
            [CLIENTS_CNT] => 0
            [TOV_NAME] => Акробатика
            [ACC] => 0
            [CNTTRAN] => 0
            [CNTTRANRESERV] => 0
        )

)

[2026-02-22 18:45:53] [INFO] (/home/redbarbe/public_html/telegram/webapps/action/ajax_get_tren.php:61) Array
(
    [KOD] => 834036
    [TIME_FROM] => 10:00
    [TIME_TO] => 11:00               
    [CLIENTS_CNT] => 0
    [TOV_NAME] => Body Training
    [ACC] => 0
    [CNTTRAN] => 0
    [CNTTRANRESERV] => 0
)

[2026-02-22 18:45:53] [INFO] (/home/redbarbe/public_html/telegram/webapps/action/ajax_get_tren.php:61) Array
(
    [KOD] => 833418
    [TIME_FROM] => 10:00
    [TIME_TO] => 11:00               
    [CLIENTS_CNT] => 0
    [TOV_NAME] => Stretching
    [ACC] => 0
    [CNTTRAN] => 0
    [CNTTRANRESERV] => 0
)

[2026-02-22 18:45:53] [INFO] (/home/redbarbe/public_html/telegram/webapps/action/ajax_get_tren.php:61) Array
(
    [KOD] => 833830
    [TIME_FROM] => 18:00
    [TIME_TO] => 19:00               
    [CLIENTS_CNT] => 0
    [TOV_NAME] => Кiкбоксинг
    [ACC] => 0
    [CNTTRAN] => 0
    [CNTTRANRESERV] => 0
)

[2026-02-22 18:45:53] [INFO] (/home/redbarbe/public_html/telegram/webapps/action/ajax_get_tren.php:61) Array
(
    [KOD] => 833315
    [TIME_FROM] => 19:00
    [TIME_TO] => 20:00               
    [CLIENTS_CNT] => 0
    [TOV_NAME] => Кругове тренування
    [ACC] => 0
    [CNTTRAN] => 0
    [CNTTRANRESERV] => 0
)

[2026-02-22 18:45:53] [INFO] (/home/redbarbe/public_html/telegram/webapps/action/ajax_get_tren.php:61) Array
(
    [KOD] => 833624
    [TIME_FROM] => 19:30
    [TIME_TO] => 20:30               
    [CLIENTS_CNT] => 0
    [TOV_NAME] => Акробатика Kids
    [ACC] => 0
    [CNTTRAN] => 0
    [CNTTRANRESERV] => 0
)

[2026-02-22 18:45:53] [INFO] (/home/redbarbe/public_html/telegram/webapps/action/ajax_get_tren.php:61) Array
(
    [KOD] => 833727
    [TIME_FROM] => 20:30
    [TIME_TO] => 21:30               
    [CLIENTS_CNT] => 0
    [TOV_NAME] => Акробатика
    [ACC] => 0
    [CNTTRAN] => 0
    [CNTTRANRESERV] => 0
)

[2026-02-22 18:46:12] [INFO] (/home/redbarbe/public_html/telegram/webapps/action/ajax_get_tren.php:35) Array
(
    [0] => Array
        (
            [KOD] => 831780
            [TIME_FROM] => 18:00
            [TIME_TO] => 19:00               
            [CLIENTS_CNT] => 0
            [TOV_NAME] => Stretching
            [ACC] => 0
            [CNTTRAN] => 1
            [CNTTRANRESERV] => 0
        )

    [1] => Array
        (
            [KOD] => 831364
            [TIME_FROM] => 19:00
            [TIME_TO] => 20:00               
            [CLIENTS_CNT] => 0
            [TOV_NAME] => Бокс Kids
            [ACC] => 0
            [CNTTRAN] => 0
            [CNTTRANRESERV] => 0
        )

    [2] => Array
        (
            [KOD] => 831572
            [TIME_FROM] => 20:00
            [TIME_TO] => 21:00               
            [CLIENTS_CNT] => 0
            [TOV_NAME] => Cross Activity
            [ACC] => 0
            [CNTTRAN] => 0
            [CNTTRANRESERV] => 0
        )

    [3] => Array
        (
            [KOD] => 832404
            [TIME_FROM] => 20:00
            [TIME_TO] => 21:00               
            [CLIENTS_CNT] => 0
            [TOV_NAME] => Бокс
            [ACC] => 0
            [CNTTRAN] => 1
            [CNTTRANRESERV] => 0
        )

)

[2026-02-22 18:46:12] [INFO] (/home/redbarbe/public_html/telegram/webapps/action/ajax_get_tren.php:61) Array
(
    [KOD] => 831780
    [TIME_FROM] => 18:00
    [TIME_TO] => 19:00               
    [CLIENTS_CNT] => 0
    [TOV_NAME] => Stretching
    [ACC] => 0
    [CNTTRAN] => 1
    [CNTTRANRESERV] => 0
)

[2026-02-22 18:46:12] [INFO] (/home/redbarbe/public_html/telegram/webapps/action/ajax_get_tren.php:61) Array
(
    [KOD] => 831364
    [TIME_FROM] => 19:00
    [TIME_TO] => 20:00               
    [CLIENTS_CNT] => 0
    [TOV_NAME] => Бокс Kids
    [ACC] => 0
    [CNTTRAN] => 0
    [CNTTRANRESERV] => 0
)

[2026-02-22 18:46:12] [INFO] (/home/redbarbe/public_html/telegram/webapps/action/ajax_get_tren.php:61) Array
(
    [KOD] => 831572
    [TIME_FROM] => 20:00
    [TIME_TO] => 21:00               
    [CLIENTS_CNT] => 0
    [TOV_NAME] => Cross Activity
    [ACC] => 0
    [CNTTRAN] => 0
    [CNTTRANRESERV] => 0
)

[2026-02-22 18:46:12] [INFO] (/home/redbarbe/public_html/telegram/webapps/action/ajax_get_tren.php:61) Array
(
    [KOD] => 832404
    [TIME_FROM] => 20:00
    [TIME_TO] => 21:00               
    [CLIENTS_CNT] => 0
    [TOV_NAME] => Бокс
    [ACC] => 0
    [CNTTRAN] => 1
    [CNTTRANRESERV] => 0
)

[2026-02-22 19:21:00] [INFO] (/home/redbarbe/public_html/telegram/webapps/action/ajax_get_tren.php:35) Array
(
    [0] => Array
        (
            [KOD] => 669045
            [TIME_FROM] => 08:00
            [TIME_TO] => 09:00               
            [CLIENTS_CNT] => 0
            [TOV_NAME] => Morning Functional
            [ACC] => 0
            [CNTTRAN] => 0
            [CNTTRANRESERV] => 0
        )

    [1] => Array
        (
            [KOD] => 669514
            [TIME_FROM] => 09:00
            [TIME_TO] => 10:00               
            [CLIENTS_CNT] => 0
            [TOV_NAME] => CrossActivity
            [ACC] => 0
            [CNTTRAN] => 0
            [CNTTRANRESERV] => 0
        )

    [2] => Array
        (
            [KOD] => 670452
            [TIME_FROM] => 17:00
            [TIME_TO] => 18:00               
            [CLIENTS_CNT] => 0
            [TOV_NAME] => Бокс Kids
            [ACC] => 0
            [CNTTRAN] => 0
            [CNTTRANRESERV] => 0
        )

    [3] => Array
        (
            [KOD] => 669983
            [TIME_FROM] => 18:00
            [TIME_TO] => 19:00               
            [CLIENTS_CNT] => 0
            [TOV_NAME] => Superhero Workout
            [ACC] => 0
            [CNTTRAN] => 0
            [CNTTRANRESERV] => 0
        )

    [4] => Array
        (
            [KOD] => 668576
            [TIME_FROM] => 19:00
            [TIME_TO] => 20:00               
            [CLIENTS_CNT] => 0
            [TOV_NAME] => Evening Functional
            [ACC] => 0
            [CNTTRAN] => 0
            [CNTTRANRESERV] => 0
        )

    [5] => Array
        (
            [KOD] => 671859
            [TIME_FROM] => 19:30
            [TIME_TO] => 20:30               
            [CLIENTS_CNT] => 0
            [TOV_NAME] => Stretching
            [ACC] => 0
            [CNTTRAN] => 0
            [CNTTRANRESERV] => 0
        )

    [6] => Array
        (
            [KOD] => 672328
            [TIME_FROM] => 20:00
            [TIME_TO] => 21:00               
            [CLIENTS_CNT] => 0
            [TOV_NAME] => CrossActivity Pro
            [ACC] => 0
            [CNTTRAN] => 0
            [CNTTRANRESERV] => 0
        )

    [7] => Array
        (
            [KOD] => 670921
            [TIME_FROM] => 20:00
            [TIME_TO] => 21:00               
            [CLIENTS_CNT] => 0
            [TOV_NAME] => Бокс
            [ACC] => 0
            [CNTTRAN] => 0
            [CNTTRANRESERV] => 0
        )

    [8] => Array
        (
            [KOD] => 671390
            [TIME_FROM] => 20:30
            [TIME_TO] => 21:30               
            [CLIENTS_CNT] => 0
            [TOV_NAME] => Йога
            [ACC] => 0
            [CNTTRAN] => 0
            [CNTTRANRESERV] => 0
        )

)

[2026-02-22 19:21:00] [INFO] (/home/redbarbe/public_html/telegram/webapps/action/ajax_get_tren.php:61) Array
(
    [KOD] => 669045
    [TIME_FROM] => 08:00
    [TIME_TO] => 09:00               
    [CLIENTS_CNT] => 0
    [TOV_NAME] => Morning Functional
    [ACC] => 0
    [CNTTRAN] => 0
    [CNTTRANRESERV] => 0
)

[2026-02-22 19:21:00] [INFO] (/home/redbarbe/public_html/telegram/webapps/action/ajax_get_tren.php:61) Array
(
    [KOD] => 669514
    [TIME_FROM] => 09:00
    [TIME_TO] => 10:00               
    [CLIENTS_CNT] => 0
    [TOV_NAME] => CrossActivity
    [ACC] => 0
    [CNTTRAN] => 0
    [CNTTRANRESERV] => 0
)

[2026-02-22 19:21:00] [INFO] (/home/redbarbe/public_html/telegram/webapps/action/ajax_get_tren.php:61) Array
(
    [KOD] => 670452
    [TIME_FROM] => 17:00
    [TIME_TO] => 18:00               
    [CLIENTS_CNT] => 0
    [TOV_NAME] => Бокс Kids
    [ACC] => 0
    [CNTTRAN] => 0
    [CNTTRANRESERV] => 0
)

[2026-02-22 19:21:00] [INFO] (/home/redbarbe/public_html/telegram/webapps/action/ajax_get_tren.php:61) Array
(
    [KOD] => 669983
    [TIME_FROM] => 18:00
    [TIME_TO] => 19:00               
    [CLIENTS_CNT] => 0
    [TOV_NAME] => Superhero Workout
    [ACC] => 0
    [CNTTRAN] => 0
    [CNTTRANRESERV] => 0
)

[2026-02-22 19:21:00] [INFO] (/home/redbarbe/public_html/telegram/webapps/action/ajax_get_tren.php:61) Array
(
    [KOD] => 668576
    [TIME_FROM] => 19:00
    [TIME_TO] => 20:00               
    [CLIENTS_CNT] => 0
    [TOV_NAME] => Evening Functional
    [ACC] => 0
    [CNTTRAN] => 0
    [CNTTRANRESERV] => 0
)

[2026-02-22 19:21:00] [INFO] (/home/redbarbe/public_html/telegram/webapps/action/ajax_get_tren.php:61) Array
(
    [KOD] => 671859
    [TIME_FROM] => 19:30
    [TIME_TO] => 20:30               
    [CLIENTS_CNT] => 0
    [TOV_NAME] => Stretching
    [ACC] => 0
    [CNTTRAN] => 0
    [CNTTRANRESERV] => 0
)

[2026-02-22 19:21:00] [INFO] (/home/redbarbe/public_html/telegram/webapps/action/ajax_get_tren.php:61) Array
(
    [KOD] => 672328
    [TIME_FROM] => 20:00
    [TIME_TO] => 21:00               
    [CLIENTS_CNT] => 0
    [TOV_NAME] => CrossActivity Pro
    [ACC] => 0
    [CNTTRAN] => 0
    [CNTTRANRESERV] => 0
)

[2026-02-22 19:21:00] [INFO] (/home/redbarbe/public_html/telegram/webapps/action/ajax_get_tren.php:61) Array
(
    [KOD] => 670921
    [TIME_FROM] => 20:00
    [TIME_TO] => 21:00               
    [CLIENTS_CNT] => 0
    [TOV_NAME] => Бокс
    [ACC] => 0
    [CNTTRAN] => 0
    [CNTTRANRESERV] => 0
)

[2026-02-22 19:21:00] [INFO] (/home/redbarbe/public_html/telegram/webapps/action/ajax_get_tren.php:61) Array
(
    [KOD] => 671390
    [TIME_FROM] => 20:30
    [TIME_TO] => 21:30               
    [CLIENTS_CNT] => 0
    [TOV_NAME] => Йога
    [ACC] => 0
    [CNTTRAN] => 0
    [CNTTRANRESERV] => 0
)

[2026-02-22 19:21:28] [INFO] (/home/redbarbe/public_html/telegram/webapps/action/ajax_get_tren.php:35) Array
(
    [0] => Array
        (
            [KOD] => 667747
            [TIME_FROM] => 16:00
            [TIME_TO] => 17:00               
            [CLIENTS_CNT] => 0
            [TOV_NAME] => Гімнастика Kids
            [ACC] => 0
            [CNTTRAN] => 0
            [CNTTRANRESERV] => 0
        )

    [1] => Array
        (
            [KOD] => 667955
            [TIME_FROM] => 17:00
            [TIME_TO] => 18:00               
            [CLIENTS_CNT] => 0
            [TOV_NAME] => Little Fighters
            [ACC] => 0
            [CNTTRAN] => 0
            [CNTTRANRESERV] => 0
        )

    [2] => Array
        (
            [KOD] => 667539
            [TIME_FROM] => 19:00
            [TIME_TO] => 20:00               
            [CLIENTS_CNT] => 0
            [TOV_NAME] => CrossActivity
            [ACC] => 0
            [CNTTRAN] => 0
            [CNTTRANRESERV] => 0
        )

    [3] => Array
        (
            [KOD] => 667331
            [TIME_FROM] => 19:00
            [TIME_TO] => 20:00               
            [CLIENTS_CNT] => 0
            [TOV_NAME] => Бокс
            [ACC] => 0
            [CNTTRAN] => 0
            [CNTTRANRESERV] => 0
        )

    [4] => Array
        (
            [KOD] => 668371
            [TIME_FROM] => 20:00
            [TIME_TO] => 21:00               
            [CLIENTS_CNT] => 0
            [TOV_NAME] => Важка Атлетика
            [ACC] => 0
            [CNTTRAN] => 0
            [CNTTRANRESERV] => 0
        )

    [5] => Array
        (
            [KOD] => 668163
            [TIME_FROM] => 20:00
            [TIME_TO] => 21:00               
            [CLIENTS_CNT] => 0
            [TOV_NAME] => Функціональний бодібілдинг
            [ACC] => 0
            [CNTTRAN] => 0
            [CNTTRANRESERV] => 0
        )

)

[2026-02-22 19:21:28] [INFO] (/home/redbarbe/public_html/telegram/webapps/action/ajax_get_tren.php:61) Array
(
    [KOD] => 667747
    [TIME_FROM] => 16:00
    [TIME_TO] => 17:00               
    [CLIENTS_CNT] => 0
    [TOV_NAME] => Гімнастика Kids
    [ACC] => 0
    [CNTTRAN] => 0
    [CNTTRANRESERV] => 0
)

[2026-02-22 19:21:28] [INFO] (/home/redbarbe/public_html/telegram/webapps/action/ajax_get_tren.php:61) Array
(
    [KOD] => 667955
    [TIME_FROM] => 17:00
    [TIME_TO] => 18:00               
    [CLIENTS_CNT] => 0
    [TOV_NAME] => Little Fighters
    [ACC] => 0
    [CNTTRAN] => 0
    [CNTTRANRESERV] => 0
)

[2026-02-22 19:21:28] [INFO] (/home/redbarbe/public_html/telegram/webapps/action/ajax_get_tren.php:61) Array
(
    [KOD] => 667539
    [TIME_FROM] => 19:00
    [TIME_TO] => 20:00               
    [CLIENTS_CNT] => 0
    [TOV_NAME] => CrossActivity
    [ACC] => 0
    [CNTTRAN] => 0
    [CNTTRANRESERV] => 0
)

[2026-02-22 19:21:28] [INFO] (/home/redbarbe/public_html/telegram/webapps/action/ajax_get_tren.php:61) Array
(
    [KOD] => 667331
    [TIME_FROM] => 19:00
    [TIME_TO] => 20:00               
    [CLIENTS_CNT] => 0
    [TOV_NAME] => Бокс
    [ACC] => 0
    [CNTTRAN] => 0
    [CNTTRANRESERV] => 0
)

[2026-02-22 19:21:28] [INFO] (/home/redbarbe/public_html/telegram/webapps/action/ajax_get_tren.php:61) Array
(
    [KOD] => 668371
    [TIME_FROM] => 20:00
    [TIME_TO] => 21:00               
    [CLIENTS_CNT] => 0
    [TOV_NAME] => Важка Атлетика
    [ACC] => 0
    [CNTTRAN] => 0
    [CNTTRANRESERV] => 0
)

[2026-02-22 19:21:28] [INFO] (/home/redbarbe/public_html/telegram/webapps/action/ajax_get_tren.php:61) Array
(
    [KOD] => 668163
    [TIME_FROM] => 20:00
    [TIME_TO] => 21:00               
    [CLIENTS_CNT] => 0
    [TOV_NAME] => Функціональний бодібілдинг
    [ACC] => 0
    [CNTTRAN] => 0
    [CNTTRANRESERV] => 0
)

[2026-02-22 19:34:57] [INFO] (/home/redbarbe/public_html/telegram/webapps/action/hist_ind.php:16) SELECT a.name FROM `spr_acc` a, spr_users u WHERE u.active_account=a.acc and u.chat_id=a.chat_id and a.acc=13650 
and u.club=(select id from spr_clubs where ip_club="212.26.139.90") limit 1
[2026-02-22 19:34:57] [INFO] (/home/redbarbe/public_html/telegram/webapps/action/hist_ind.php:17) hist_grp
[2026-02-22 19:34:57] [INFO] (/home/redbarbe/public_html/telegram/webapps/action/hist_ind.php:108) Array
(
    [dbeg] => 22.11.2025
    [dend] => today
    [acc] => 13650
    [command] => get_ind_history
)

[2026-02-22 19:34:57] [INFO] (/home/redbarbe/public_html/telegram/webapps/action/hist_ind.php:109) ip=212.26.139.90
[2026-02-22 19:53:48] [INFO] (/home/redbarbe/public_html/telegram/webapps/action/ajax_get_tren.php:35) Array
(
    [0] => Array
        (
            [KOD] => 669045
            [TIME_FROM] => 08:00
            [TIME_TO] => 09:00               
            [CLIENTS_CNT] => 0
            [TOV_NAME] => Morning Functional
            [ACC] => 0
            [CNTTRAN] => 0
            [CNTTRANRESERV] => 0
        )

    [1] => Array
        (
            [KOD] => 669514
            [TIME_FROM] => 09:00
            [TIME_TO] => 10:00               
            [CLIENTS_CNT] => 0
            [TOV_NAME] => CrossActivity
            [ACC] => 0
            [CNTTRAN] => 0
            [CNTTRANRESERV] => 0
        )

    [2] => Array
        (
            [KOD] => 670452
            [TIME_FROM] => 17:00
            [TIME_TO] => 18:00               
            [CLIENTS_CNT] => 0
            [TOV_NAME] => Бокс Kids
            [ACC] => 0
            [CNTTRAN] => 0
            [CNTTRANRESERV] => 0
        )

    [3] => Array
        (
            [KOD] => 669983
            [TIME_FROM] => 18:00
            [TIME_TO] => 19:00               
            [CLIENTS_CNT] => 0
            [TOV_NAME] => Superhero Workout
            [ACC] => 0
            [CNTTRAN] => 0
            [CNTTRANRESERV] => 0
        )

    [4] => Array
        (
            [KOD] => 668576
            [TIME_FROM] => 19:00
            [TIME_TO] => 20:00               
            [CLIENTS_CNT] => 0
            [TOV_NAME] => Evening Functional
            [ACC] => 0
            [CNTTRAN] => 0
            [CNTTRANRESERV] => 0
        )

    [5] => Array
        (
            [KOD] => 671859
            [TIME_FROM] => 19:30
            [TIME_TO] => 20:30               
            [CLIENTS_CNT] => 0
            [TOV_NAME] => Stretching
            [ACC] => 0
            [CNTTRAN] => 0
            [CNTTRANRESERV] => 0
        )

    [6] => Array
        (
            [KOD] => 672328
            [TIME_FROM] => 20:00
            [TIME_TO] => 21:00               
            [CLIENTS_CNT] => 0
            [TOV_NAME] => CrossActivity Pro
            [ACC] => 0
            [CNTTRAN] => 0
            [CNTTRANRESERV] => 0
        )

    [7] => Array
        (
            [KOD] => 670921
            [TIME_FROM] => 20:00
            [TIME_TO] => 21:00               
            [CLIENTS_CNT] => 0
            [TOV_NAME] => Бокс
            [ACC] => 0
            [CNTTRAN] => 0
            [CNTTRANRESERV] => 0
        )

    [8] => Array
        (
            [KOD] => 671390
            [TIME_FROM] => 20:30
            [TIME_TO] => 21:30               
            [CLIENTS_CNT] => 0
            [TOV_NAME] => Йога
            [ACC] => 0
            [CNTTRAN] => 0
            [CNTTRANRESERV] => 0
        )

)

[2026-02-22 19:53:48] [INFO] (/home/redbarbe/public_html/telegram/webapps/action/ajax_get_tren.php:61) Array
(
    [KOD] => 669045
    [TIME_FROM] => 08:00
    [TIME_TO] => 09:00               
    [CLIENTS_CNT] => 0
    [TOV_NAME] => Morning Functional
    [ACC] => 0
    [CNTTRAN] => 0
    [CNTTRANRESERV] => 0
)

[2026-02-22 19:53:48] [INFO] (/home/redbarbe/public_html/telegram/webapps/action/ajax_get_tren.php:61) Array
(
    [KOD] => 669514
    [TIME_FROM] => 09:00
    [TIME_TO] => 10:00               
    [CLIENTS_CNT] => 0
    [TOV_NAME] => CrossActivity
    [ACC] => 0
    [CNTTRAN] => 0
    [CNTTRANRESERV] => 0
)

[2026-02-22 19:53:48] [INFO] (/home/redbarbe/public_html/telegram/webapps/action/ajax_get_tren.php:61) Array
(
    [KOD] => 670452
    [TIME_FROM] => 17:00
    [TIME_TO] => 18:00               
    [CLIENTS_CNT] => 0
    [TOV_NAME] => Бокс Kids
    [ACC] => 0
    [CNTTRAN] => 0
    [CNTTRANRESERV] => 0
)

[2026-02-22 19:53:48] [INFO] (/home/redbarbe/public_html/telegram/webapps/action/ajax_get_tren.php:61) Array
(
    [KOD] => 669983
    [TIME_FROM] => 18:00
    [TIME_TO] => 19:00               
    [CLIENTS_CNT] => 0
    [TOV_NAME] => Superhero Workout
    [ACC] => 0
    [CNTTRAN] => 0
    [CNTTRANRESERV] => 0
)

[2026-02-22 19:53:48] [INFO] (/home/redbarbe/public_html/telegram/webapps/action/ajax_get_tren.php:61) Array
(
    [KOD] => 668576
    [TIME_FROM] => 19:00
    [TIME_TO] => 20:00               
    [CLIENTS_CNT] => 0
    [TOV_NAME] => Evening Functional
    [ACC] => 0
    [CNTTRAN] => 0
    [CNTTRANRESERV] => 0
)

[2026-02-22 19:53:48] [INFO] (/home/redbarbe/public_html/telegram/webapps/action/ajax_get_tren.php:61) Array
(
    [KOD] => 671859
    [TIME_FROM] => 19:30
    [TIME_TO] => 20:30               
    [CLIENTS_CNT] => 0
    [TOV_NAME] => Stretching
    [ACC] => 0
    [CNTTRAN] => 0
    [CNTTRANRESERV] => 0
)

[2026-02-22 19:53:48] [INFO] (/home/redbarbe/public_html/telegram/webapps/action/ajax_get_tren.php:61) Array
(
    [KOD] => 672328
    [TIME_FROM] => 20:00
    [TIME_TO] => 21:00               
    [CLIENTS_CNT] => 0
    [TOV_NAME] => CrossActivity Pro
    [ACC] => 0
    [CNTTRAN] => 0
    [CNTTRANRESERV] => 0
)

[2026-02-22 19:53:48] [INFO] (/home/redbarbe/public_html/telegram/webapps/action/ajax_get_tren.php:61) Array
(
    [KOD] => 670921
    [TIME_FROM] => 20:00
    [TIME_TO] => 21:00               
    [CLIENTS_CNT] => 0
    [TOV_NAME] => Бокс
    [ACC] => 0
    [CNTTRAN] => 0
    [CNTTRANRESERV] => 0
)

[2026-02-22 19:53:48] [INFO] (/home/redbarbe/public_html/telegram/webapps/action/ajax_get_tren.php:61) Array
(
    [KOD] => 671390
    [TIME_FROM] => 20:30
    [TIME_TO] => 21:30               
    [CLIENTS_CNT] => 0
    [TOV_NAME] => Йога
    [ACC] => 0
    [CNTTRAN] => 0
    [CNTTRANRESERV] => 0
)

[2026-02-22 19:59:39] [INFO] (/home/redbarbe/public_html/telegram/webapps/action/hist_grp.php:16) SELECT a.name FROM `spr_acc` a, spr_users u WHERE u.active_account=a.acc and u.chat_id=a.chat_id and a.acc=13845 
and u.club=(select id from spr_clubs where ip_club="212.26.139.90") limit 1
[2026-02-22 19:59:39] [INFO] (/home/redbarbe/public_html/telegram/webapps/action/hist_grp.php:17) hist_grp
[2026-02-22 19:59:39] [INFO] (/home/redbarbe/public_html/telegram/webapps/action/hist_grp.php:108) Array
(
    [dbeg] => 22.11.2025
    [dend] => today
    [acc] => 13845
    [command] => get_grp_history
)

[2026-02-22 19:59:39] [INFO] (/home/redbarbe/public_html/telegram/webapps/action/hist_grp.php:109) ip=212.26.139.90
[2026-02-22 19:59:56] [INFO] (/home/redbarbe/public_html/telegram/webapps/action/hist_ost_poslug.php:19) SELECT a.name FROM `spr_acc` a, spr_users u WHERE u.active_account=a.acc and u.chat_id=a.chat_id and a.acc=13845 
and u.club=(select id from spr_clubs where ip_club="212.26.139.90") limit 1
[2026-02-22 19:59:56] [INFO] (/home/redbarbe/public_html/telegram/webapps/action/hist_ost_poslug.php:20) hist_ost_poslug
[2026-02-22 19:59:56] [INFO] (/home/redbarbe/public_html/telegram/webapps/action/hist_ost_poslug.php:111) Array
(
    [acc] => 13845
    [command] => GET_OST_POSLUG_ACC
)

[2026-02-22 19:59:56] [INFO] (/home/redbarbe/public_html/telegram/webapps/action/hist_ost_poslug.php:112) ip=212.26.139.90
[2026-02-22 20:03:01] [INFO] (/home/redbarbe/public_html/telegram/webapps/reports/report_pers_detal.php:22) Array
(
)

[2026-02-22 20:03:05] [INFO] (/home/redbarbe/public_html/telegram/webapps/reports/report_pers_detal.php:22) Array
(
    [ajax_method] => 2
    [action] => report_pers_detal
    [action_report] => report_view
    [admin] => 5
    [date_from] => 22.02.2026
    [date_to] => 22.02.2026
    [ip_club] => 178.158.212.173
    [podr] => all
    [sotr] => 0718
)

[2026-02-22 20:08:47] [INFO] (/home/redbarbe/public_html/telegram/webapps/action/hist_grp.php:16) SELECT a.name FROM `spr_acc` a, spr_users u WHERE u.active_account=a.acc and u.chat_id=a.chat_id and a.acc=13140 
and u.club=(select id from spr_clubs where ip_club="212.26.139.90") limit 1
[2026-02-22 20:08:47] [INFO] (/home/redbarbe/public_html/telegram/webapps/action/hist_grp.php:17) hist_grp
[2026-02-22 20:08:47] [INFO] (/home/redbarbe/public_html/telegram/webapps/action/hist_grp.php:108) Array
(
    [dbeg] => 22.11.2025
    [dend] => today
    [acc] => 13140
    [command] => get_grp_history
)

[2026-02-22 20:08:47] [INFO] (/home/redbarbe/public_html/telegram/webapps/action/hist_grp.php:109) ip=212.26.139.90
[2026-02-22 20:37:13] [INFO] (/home/redbarbe/public_html/telegram/webapps/reports/report_pers_detal.php:22) Array
(
)

[2026-02-22 20:37:23] [INFO] (/home/redbarbe/public_html/telegram/webapps/reports/report_pers_detal.php:22) Array
(
    [ajax_method] => 2
    [action] => report_pers_detal
    [action_report] => report_view
    [admin] => 5
    [date_from] => 22.02.2026
    [date_to] => 22.02.2026
    [ip_club] => 178.151.119.180
    [podr] => all
    [sotr] => 0708
)

[2026-02-22 20:40:31] [INFO] (/home/redbarbe/public_html/telegram/webapps/reports/report_pers_detal.php:22) Array
(
)

[2026-02-22 20:40:37] [INFO] (/home/redbarbe/public_html/telegram/webapps/reports/report_pers_detal.php:22) Array
(
    [ajax_method] => 2
    [action] => report_pers_detal
    [action_report] => report_view
    [admin] => 5
    [date_from] => 20.02.2026
    [date_to] => 20.02.2026
    [ip_club] => 178.151.119.180
    [podr] => all
    [sotr] => 0708
)

[2026-02-22 20:45:40] [INFO] (/home/redbarbe/public_html/telegram/webapps/action/chart.php:29) SELECT a.name FROM `spr_acc` a, spr_users u 
WHERE u.active_account=a.acc and u.chat_id=a.chat_id and a.chat_id="1881180275"
and u.club=3 limit 1
[2026-02-22 20:45:40] [INFO] (/home/redbarbe/public_html/telegram/webapps/action/chart.php:30) Array
(
    [action] => chart
    [club] => 3
    [acc] => 13659
    [chatadmin] => 5890364519
    [who_user_write] => 1881180275
    [chatid] => 1881180275
    [ip_club] => 178.158.212.173
)

[2026-02-22 20:45:48] [INFO] (/home/redbarbe/public_html/telegram/webapps/action/chart.php:29) SELECT a.name FROM `spr_acc` a, spr_users u 
WHERE u.active_account=a.acc and u.chat_id=a.chat_id and a.chat_id="1881180275"
and u.club=3 limit 1
[2026-02-22 20:45:48] [INFO] (/home/redbarbe/public_html/telegram/webapps/action/chart.php:30) Array
(
    [action] => chart
    [club] => 3
    [acc] => 13659
    [chatadmin] => 5890364519
    [who_user_write] => 1881180275
    [chatid] => 1881180275
    [ip_club] => 178.158.212.173
)

[2026-02-22 21:03:07] [INFO] (/home/redbarbe/public_html/telegram/webapps/action/ajax_get_tren.php:35) Array
(
    [0] => Array
        (
            [KOD] => 805345
            [TIME_FROM] => 09:00
            [TIME_TO] => 10:00               
            [CLIENTS_CNT] => 0
            [TOV_NAME] => Functional cardio
            [ACC] => 0
            [CNTTRAN] => 0
            [CNTTRANRESERV] => 0
        )

    [1] => Array
        (
            [KOD] => 805501
            [TIME_FROM] => 10:00
            [TIME_TO] => 11:00               
            [CLIENTS_CNT] => 0
            [TOV_NAME] => Cardio&Body weight
            [ACC] => 0
            [CNTTRAN] => 0
            [CNTTRANRESERV] => 0
        )

    [2] => Array
        (
            [KOD] => 805657
            [TIME_FROM] => 16:00
            [TIME_TO] => 17:00               
            [CLIENTS_CNT] => 0
            [TOV_NAME] => Дзюдо kids 
            [ACC] => 0
            [CNTTRAN] => 0
            [CNTTRANRESERV] => 0
        )

    [3] => Array
        (
            [KOD] => 805813
            [TIME_FROM] => 17:00
            [TIME_TO] => 18:00               
            [CLIENTS_CNT] => 0
            [TOV_NAME] => Дзюдо teens
            [ACC] => 0
            [CNTTRAN] => 0
            [CNTTRANRESERV] => 0
        )

    [4] => Array
        (
            [KOD] => 805969
            [TIME_FROM] => 18:00
            [TIME_TO] => 19:00               
            [CLIENTS_CNT] => 0
            [TOV_NAME] => Step Drive
            [ACC] => 0
            [CNTTRAN] => 0
            [CNTTRANRESERV] => 0
        )

    [5] => Array
        (
            [KOD] => 806125
            [TIME_FROM] => 19:00
            [TIME_TO] => 20:00               
            [CLIENTS_CNT] => 0
            [TOV_NAME] => Пілатес
            [ACC] => 0
            [CNTTRAN] => 0
            [CNTTRANRESERV] => 0
        )

    [6] => Array
        (
            [KOD] => 805189
            [TIME_FROM] => 20:00
            [TIME_TO] => 21:00               
            [CLIENTS_CNT] => 0
            [TOV_NAME] => Партерна хореографія
            [ACC] => 0
            [CNTTRAN] => 0
            [CNTTRANRESERV] => 0
        )

)

[2026-02-22 21:03:07] [INFO] (/home/redbarbe/public_html/telegram/webapps/action/ajax_get_tren.php:61) Array
(
    [KOD] => 805345
    [TIME_FROM] => 09:00
    [TIME_TO] => 10:00               
    [CLIENTS_CNT] => 0
    [TOV_NAME] => Functional cardio
    [ACC] => 0
    [CNTTRAN] => 0
    [CNTTRANRESERV] => 0
)

[2026-02-22 21:03:07] [INFO] (/home/redbarbe/public_html/telegram/webapps/action/ajax_get_tren.php:61) Array
(
    [KOD] => 805501
    [TIME_FROM] => 10:00
    [TIME_TO] => 11:00               
    [CLIENTS_CNT] => 0
    [TOV_NAME] => Cardio&Body weight
    [ACC] => 0
    [CNTTRAN] => 0
    [CNTTRANRESERV] => 0
)

[2026-02-22 21:03:07] [INFO] (/home/redbarbe/public_html/telegram/webapps/action/ajax_get_tren.php:61) Array
(
    [KOD] => 805657
    [TIME_FROM] => 16:00
    [TIME_TO] => 17:00               
    [CLIENTS_CNT] => 0
    [TOV_NAME] => Дзюдо kids 
    [ACC] => 0
    [CNTTRAN] => 0
    [CNTTRANRESERV] => 0
)

[2026-02-22 21:03:07] [INFO] (/home/redbarbe/public_html/telegram/webapps/action/ajax_get_tren.php:61) Array
(
    [KOD] => 805813
    [TIME_FROM] => 17:00
    [TIME_TO] => 18:00               
    [CLIENTS_CNT] => 0
    [TOV_NAME] => Дзюдо teens
    [ACC] => 0
    [CNTTRAN] => 0
    [CNTTRANRESERV] => 0
)

[2026-02-22 21:03:07] [INFO] (/home/redbarbe/public_html/telegram/webapps/action/ajax_get_tren.php:61) Array
(
    [KOD] => 805969
    [TIME_FROM] => 18:00
    [TIME_TO] => 19:00               
    [CLIENTS_CNT] => 0
    [TOV_NAME] => Step Drive
    [ACC] => 0
    [CNTTRAN] => 0
    [CNTTRANRESERV] => 0
)

[2026-02-22 21:03:07] [INFO] (/home/redbarbe/public_html/telegram/webapps/action/ajax_get_tren.php:61) Array
(
    [KOD] => 806125
    [TIME_FROM] => 19:00
    [TIME_TO] => 20:00               
    [CLIENTS_CNT] => 0
    [TOV_NAME] => Пілатес
    [ACC] => 0
    [CNTTRAN] => 0
    [CNTTRANRESERV] => 0
)

[2026-02-22 21:03:07] [INFO] (/home/redbarbe/public_html/telegram/webapps/action/ajax_get_tren.php:61) Array
(
    [KOD] => 805189
    [TIME_FROM] => 20:00
    [TIME_TO] => 21:00               
    [CLIENTS_CNT] => 0
    [TOV_NAME] => Партерна хореографія
    [ACC] => 0
    [CNTTRAN] => 0
    [CNTTRANRESERV] => 0
)

[2026-02-22 21:03:19] [INFO] (/home/redbarbe/public_html/telegram/webapps/action/ajax_fitness_zapis.php:22) Array
(
    [ajax_method] => 2
    [action] => ajax_fitness_zapis
    [dat] => 26.02.2026
    [acc] => 13905
    [trenid] => 805969
    [ost_all] => 100
    [ip_club] => 212.26.139.90
    [acctozapis] => 0
    [time_from] => 18:00
)

[2026-02-22 21:36:51] [INFO] (/home/redbarbe/public_html/telegram/webapps/action/ajax_get_tren.php:35) Array
(
    [0] => Array
        (
            [KOD] => 804237
            [TIME_FROM] => 09:00
            [TIME_TO] => 10:00               
            [CLIENTS_CNT] => 0
            [TOV_NAME] => CrossActivity
            [ACC] => 0
            [CNTTRAN] => 0
            [CNTTRANRESERV] => 0
        )

    [1] => Array
        (
            [KOD] => 803880
            [TIME_FROM] => 09:00
            [TIME_TO] => 10:00               
            [CLIENTS_CNT] => 0
            [TOV_NAME] => Total Body
            [ACC] => 0
            [CNTTRAN] => 0
            [CNTTRANRESERV] => 0
        )

    [2] => Array
        (
            [KOD] => 805308
            [TIME_FROM] => 14:00
            [TIME_TO] => 15:00               
            [CLIENTS_CNT] => 0
            [TOV_NAME] => FitnessMix
            [ACC] => 0
            [CNTTRAN] => 0
            [CNTTRANRESERV] => 0
        )

    [3] => Array
        (
            [KOD] => 803778
            [TIME_FROM] => 17:00
            [TIME_TO] => 18:00               
            [CLIENTS_CNT] => 0
            [TOV_NAME] => Mobility
            [ACC] => 0
            [CNTTRAN] => 0
            [CNTTRANRESERV] => 0
        )

    [4] => Array
        (
            [KOD] => 803982
            [TIME_FROM] => 18:30
            [TIME_TO] => 19:30               
            [CLIENTS_CNT] => 0
            [TOV_NAME] => Pilates
            [ACC] => 0
            [CNTTRAN] => 0
            [CNTTRANRESERV] => 0
        )

    [5] => Array
        (
            [KOD] => 803829
            [TIME_FROM] => 19:00
            [TIME_TO] => 20:00               
            [CLIENTS_CNT] => 0
            [TOV_NAME] => CrossActivity
            [ACC] => 0
            [CNTTRAN] => 0
            [CNTTRANRESERV] => 0
        )

    [6] => Array
        (
            [KOD] => 804288
            [TIME_FROM] => 19:00
            [TIME_TO] => 20:00               
            [CLIENTS_CNT] => 0
            [TOV_NAME] => Aesthetic Gymnastics
            [ACC] => 0
            [CNTTRAN] => 0
            [CNTTRANRESERV] => 0
        )

    [7] => Array
        (
            [KOD] => 804033
            [TIME_FROM] => 19:30
            [TIME_TO] => 20:30               
            [CLIENTS_CNT] => 0
            [TOV_NAME] => TRX
            [ACC] => 0
            [CNTTRAN] => 2
            [CNTTRANRESERV] => 0
        )

    [8] => Array
        (
            [KOD] => 803931
            [TIME_FROM] => 20:00
            [TIME_TO] => 21:00               
            [CLIENTS_CNT] => 0
            [TOV_NAME] => CrossActivity
            [ACC] => 0
            [CNTTRAN] => 0
            [CNTTRANRESERV] => 0
        )

    [9] => Array
        (
            [KOD] => 804135
            [TIME_FROM] => 20:00
            [TIME_TO] => 21:00               
            [CLIENTS_CNT] => 0
            [TOV_NAME] => Бокс
            [ACC] => 0
            [CNTTRAN] => 0
            [CNTTRANRESERV] => 0
        )

)

[2026-02-22 21:36:51] [INFO] (/home/redbarbe/public_html/telegram/webapps/action/ajax_get_tren.php:61) Array
(
    [KOD] => 804237
    [TIME_FROM] => 09:00
    [TIME_TO] => 10:00               
    [CLIENTS_CNT] => 0
    [TOV_NAME] => CrossActivity
    [ACC] => 0
    [CNTTRAN] => 0
    [CNTTRANRESERV] => 0
)

[2026-02-22 21:36:51] [INFO] (/home/redbarbe/public_html/telegram/webapps/action/ajax_get_tren.php:61) Array
(
    [KOD] => 803880
    [TIME_FROM] => 09:00
    [TIME_TO] => 10:00               
    [CLIENTS_CNT] => 0
    [TOV_NAME] => Total Body
    [ACC] => 0
    [CNTTRAN] => 0
    [CNTTRANRESERV] => 0
)

[2026-02-22 21:36:51] [INFO] (/home/redbarbe/public_html/telegram/webapps/action/ajax_get_tren.php:61) Array
(
    [KOD] => 805308
    [TIME_FROM] => 14:00
    [TIME_TO] => 15:00               
    [CLIENTS_CNT] => 0
    [TOV_NAME] => FitnessMix
    [ACC] => 0
    [CNTTRAN] => 0
    [CNTTRANRESERV] => 0
)

[2026-02-22 21:36:51] [INFO] (/home/redbarbe/public_html/telegram/webapps/action/ajax_get_tren.php:61) Array
(
    [KOD] => 803778
    [TIME_FROM] => 17:00
    [TIME_TO] => 18:00               
    [CLIENTS_CNT] => 0
    [TOV_NAME] => Mobility
    [ACC] => 0
    [CNTTRAN] => 0
    [CNTTRANRESERV] => 0
)

[2026-02-22 21:36:51] [INFO] (/home/redbarbe/public_html/telegram/webapps/action/ajax_get_tren.php:61) Array
(
    [KOD] => 803982
    [TIME_FROM] => 18:30
    [TIME_TO] => 19:30               
    [CLIENTS_CNT] => 0
    [TOV_NAME] => Pilates
    [ACC] => 0
    [CNTTRAN] => 0
    [CNTTRANRESERV] => 0
)

[2026-02-22 21:36:51] [INFO] (/home/redbarbe/public_html/telegram/webapps/action/ajax_get_tren.php:61) Array
(
    [KOD] => 803829
    [TIME_FROM] => 19:00
    [TIME_TO] => 20:00               
    [CLIENTS_CNT] => 0
    [TOV_NAME] => CrossActivity
    [ACC] => 0
    [CNTTRAN] => 0
    [CNTTRANRESERV] => 0
)

[2026-02-22 21:36:51] [INFO] (/home/redbarbe/public_html/telegram/webapps/action/ajax_get_tren.php:61) Array
(
    [KOD] => 804288
    [TIME_FROM] => 19:00
    [TIME_TO] => 20:00               
    [CLIENTS_CNT] => 0
    [TOV_NAME] => Aesthetic Gymnastics
    [ACC] => 0
    [CNTTRAN] => 0
    [CNTTRANRESERV] => 0
)

[2026-02-22 21:36:51] [INFO] (/home/redbarbe/public_html/telegram/webapps/action/ajax_get_tren.php:61) Array
(
    [KOD] => 804033
    [TIME_FROM] => 19:30
    [TIME_TO] => 20:30               
    [CLIENTS_CNT] => 0
    [TOV_NAME] => TRX
    [ACC] => 0
    [CNTTRAN] => 2
    [CNTTRANRESERV] => 0
)

[2026-02-22 21:36:51] [INFO] (/home/redbarbe/public_html/telegram/webapps/action/ajax_get_tren.php:61) Array
(
    [KOD] => 803931
    [TIME_FROM] => 20:00
    [TIME_TO] => 21:00               
    [CLIENTS_CNT] => 0
    [TOV_NAME] => CrossActivity
    [ACC] => 0
    [CNTTRAN] => 0
    [CNTTRANRESERV] => 0
)

[2026-02-22 21:36:51] [INFO] (/home/redbarbe/public_html/telegram/webapps/action/ajax_get_tren.php:61) Array
(
    [KOD] => 804135
    [TIME_FROM] => 20:00
    [TIME_TO] => 21:00               
    [CLIENTS_CNT] => 0
    [TOV_NAME] => Бокс
    [ACC] => 0
    [CNTTRAN] => 0
    [CNTTRANRESERV] => 0
)

[2026-02-22 21:36:54] [INFO] (/home/redbarbe/public_html/telegram/webapps/action/ajax_fitness_zapis.php:22) Array
(
    [ajax_method] => 2
    [action] => ajax_fitness_zapis
    [dat] => 23.02.2026
    [acc] => 14459
    [trenid] => 804033
    [ost_all] => 100
    [ip_club] => 178.158.212.173
    [acctozapis] => 0
    [time_from] => 19:30
)

[2026-02-22 21:36:59] [INFO] (/home/redbarbe/public_html/telegram/webapps/action/ajax_get_tren.php:35) Array
(
    [0] => Array
        (
            [KOD] => 803726
            [TIME_FROM] => 12:00
            [TIME_TO] => 13:00               
            [CLIENTS_CNT] => 0
            [TOV_NAME] => Stretching
            [ACC] => 0
            [CNTTRAN] => 1
            [CNTTRANRESERV] => 0
        )

)

[2026-02-22 21:36:59] [INFO] (/home/redbarbe/public_html/telegram/webapps/action/ajax_get_tren.php:61) Array
(
    [KOD] => 803726
    [TIME_FROM] => 12:00
    [TIME_TO] => 13:00               
    [CLIENTS_CNT] => 0
    [TOV_NAME] => Stretching
    [ACC] => 0
    [CNTTRAN] => 1
    [CNTTRANRESERV] => 0
)

[2026-02-22 22:04:47] [INFO] (/home/redbarbe/public_html/telegram/webapps/action/hist_grp.php:16) SELECT a.name FROM `spr_acc` a, spr_users u WHERE u.active_account=a.acc and u.chat_id=a.chat_id and a.acc=12735 
and u.club=(select id from spr_clubs where ip_club="193.194.107.2") limit 1
[2026-02-22 22:04:47] [INFO] (/home/redbarbe/public_html/telegram/webapps/action/hist_grp.php:17) hist_grp
[2026-02-22 22:04:47] [INFO] (/home/redbarbe/public_html/telegram/webapps/action/hist_grp.php:108) Array
(
    [dbeg] => 22.11.2025
    [dend] => today
    [acc] => 12735
    [command] => get_grp_history
)

[2026-02-22 22:04:47] [INFO] (/home/redbarbe/public_html/telegram/webapps/action/hist_grp.php:109) ip=193.194.107.2
[2026-02-22 22:04:55] [INFO] (/home/redbarbe/public_html/telegram/webapps/action/hist_grp.php:16) SELECT a.name FROM `spr_acc` a, spr_users u WHERE u.active_account=a.acc and u.chat_id=a.chat_id and a.acc=12735 
and u.club=(select id from spr_clubs where ip_club="193.194.107.2") limit 1
[2026-02-22 22:04:55] [INFO] (/home/redbarbe/public_html/telegram/webapps/action/hist_grp.php:17) hist_grp
[2026-02-22 22:04:55] [INFO] (/home/redbarbe/public_html/telegram/webapps/action/hist_grp.php:108) Array
(
    [dbeg] => 22.11.2025
    [dend] => today
    [acc] => 12735
    [command] => get_grp_history
)

[2026-02-22 22:04:55] [INFO] (/home/redbarbe/public_html/telegram/webapps/action/hist_grp.php:109) ip=193.194.107.2
[2026-02-22 22:05:02] [INFO] (/home/redbarbe/public_html/telegram/webapps/action/hist_ost_poslug.php:19) SELECT a.name FROM `spr_acc` a, spr_users u WHERE u.active_account=a.acc and u.chat_id=a.chat_id and a.acc=12735 
and u.club=(select id from spr_clubs where ip_club="193.194.107.2") limit 1
[2026-02-22 22:05:02] [INFO] (/home/redbarbe/public_html/telegram/webapps/action/hist_ost_poslug.php:20) hist_ost_poslug
[2026-02-22 22:05:02] [INFO] (/home/redbarbe/public_html/telegram/webapps/action/hist_ost_poslug.php:111) Array
(
    [acc] => 12735
    [command] => GET_OST_POSLUG_ACC
)

[2026-02-22 22:05:02] [INFO] (/home/redbarbe/public_html/telegram/webapps/action/hist_ost_poslug.php:112) ip=193.194.107.2
[2026-02-22 22:20:11] [INFO] (/home/redbarbe/public_html/telegram/webapps/action/ajax_get_tren.php:35) Нет связи с сервером
[2026-02-22 22:20:17] [INFO] (/home/redbarbe/public_html/telegram/webapps/action/ajax_get_tren.php:35) Нет связи с сервером
[2026-02-22 22:53:55] [INFO] (/home/redbarbe/public_html/telegram/webapps/action/hist_ind.php:16) SELECT a.name FROM `spr_acc` a, spr_users u WHERE u.active_account=a.acc and u.chat_id=a.chat_id and a.acc=13261 
and u.club=(select id from spr_clubs where ip_club="178.158.212.173") limit 1
[2026-02-22 22:53:55] [INFO] (/home/redbarbe/public_html/telegram/webapps/action/hist_ind.php:17) hist_grp
[2026-02-22 22:53:55] [INFO] (/home/redbarbe/public_html/telegram/webapps/action/hist_ind.php:108) Array
(
    [dbeg] => 22.11.2025
    [dend] => today
    [acc] => 13261
    [command] => get_ind_history
)

[2026-02-22 22:53:55] [INFO] (/home/redbarbe/public_html/telegram/webapps/action/hist_ind.php:109) ip=178.158.212.173
[2026-02-22 22:54:40] [INFO] (/home/redbarbe/public_html/telegram/webapps/action/chart.php:29) SELECT a.name FROM `spr_acc` a, spr_users u 
WHERE u.active_account=a.acc and u.chat_id=a.chat_id and a.chat_id="1881180275"
and u.club=3 limit 1
[2026-02-22 22:54:40] [INFO] (/home/redbarbe/public_html/telegram/webapps/action/chart.php:30) Array
(
    [action] => chart
    [club] => 3
    [acc] => 13659
    [chatadmin] => 5890364519
    [who_user_write] => 1881180275
    [chatid] => 1881180275
    [ip_club] => 178.158.212.173
)

[2026-02-22 23:33:41] [INFO] (/home/redbarbe/public_html/telegram/webapps/action/ajax_get_tren.php:35) Array
(
    [0] => Array
        (
            [KOD] => 804237
            [TIME_FROM] => 09:00
            [TIME_TO] => 10:00               
            [CLIENTS_CNT] => 0
            [TOV_NAME] => CrossActivity
            [ACC] => 0
            [CNTTRAN] => 0
            [CNTTRANRESERV] => 0
        )

    [1] => Array
        (
            [KOD] => 803880
            [TIME_FROM] => 09:00
            [TIME_TO] => 10:00               
            [CLIENTS_CNT] => 0
            [TOV_NAME] => Total Body
            [ACC] => 0
            [CNTTRAN] => 0
            [CNTTRANRESERV] => 0
        )

    [2] => Array
        (
            [KOD] => 805308
            [TIME_FROM] => 14:00
            [TIME_TO] => 15:00               
            [CLIENTS_CNT] => 0
            [TOV_NAME] => FitnessMix
            [ACC] => 0
            [CNTTRAN] => 0
            [CNTTRANRESERV] => 0
        )

    [3] => Array
        (
            [KOD] => 803778
            [TIME_FROM] => 17:00
            [TIME_TO] => 18:00               
            [CLIENTS_CNT] => 0
            [TOV_NAME] => Mobility
            [ACC] => 0
            [CNTTRAN] => 0
            [CNTTRANRESERV] => 0
        )

    [4] => Array
        (
            [KOD] => 803982
            [TIME_FROM] => 18:30
            [TIME_TO] => 19:30               
            [CLIENTS_CNT] => 0
            [TOV_NAME] => Pilates
            [ACC] => 0
            [CNTTRAN] => 0
            [CNTTRANRESERV] => 0
        )

    [5] => Array
        (
            [KOD] => 803829
            [TIME_FROM] => 19:00
            [TIME_TO] => 20:00               
            [CLIENTS_CNT] => 0
            [TOV_NAME] => CrossActivity
            [ACC] => 0
            [CNTTRAN] => 0
            [CNTTRANRESERV] => 0
        )

    [6] => Array
        (
            [KOD] => 804288
            [TIME_FROM] => 19:00
            [TIME_TO] => 20:00               
            [CLIENTS_CNT] => 0
            [TOV_NAME] => Aesthetic Gymnastics
            [ACC] => 0
            [CNTTRAN] => 0
            [CNTTRANRESERV] => 0
        )

    [7] => Array
        (
            [KOD] => 804033
            [TIME_FROM] => 19:30
            [TIME_TO] => 20:30               
            [CLIENTS_CNT] => 0
            [TOV_NAME] => TRX
            [ACC] => 0
            [CNTTRAN] => 3
            [CNTTRANRESERV] => 0
        )

    [8] => Array
        (
            [KOD] => 803931
            [TIME_FROM] => 20:00
            [TIME_TO] => 21:00               
            [CLIENTS_CNT] => 0
            [TOV_NAME] => CrossActivity
            [ACC] => 0
            [CNTTRAN] => 0
            [CNTTRANRESERV] => 0
        )

    [9] => Array
        (
            [KOD] => 804135
            [TIME_FROM] => 20:00
            [TIME_TO] => 21:00               
            [CLIENTS_CNT] => 0
            [TOV_NAME] => Бокс
            [ACC] => 0
            [CNTTRAN] => 0
            [CNTTRANRESERV] => 0
        )

)

[2026-02-22 23:33:41] [INFO] (/home/redbarbe/public_html/telegram/webapps/action/ajax_get_tren.php:61) Array
(
    [KOD] => 804237
    [TIME_FROM] => 09:00
    [TIME_TO] => 10:00               
    [CLIENTS_CNT] => 0
    [TOV_NAME] => CrossActivity
    [ACC] => 0
    [CNTTRAN] => 0
    [CNTTRANRESERV] => 0
)

[2026-02-22 23:33:41] [INFO] (/home/redbarbe/public_html/telegram/webapps/action/ajax_get_tren.php:61) Array
(
    [KOD] => 803880
    [TIME_FROM] => 09:00
    [TIME_TO] => 10:00               
    [CLIENTS_CNT] => 0
    [TOV_NAME] => Total Body
    [ACC] => 0
    [CNTTRAN] => 0
    [CNTTRANRESERV] => 0
)

[2026-02-22 23:33:41] [INFO] (/home/redbarbe/public_html/telegram/webapps/action/ajax_get_tren.php:61) Array
(
    [KOD] => 805308
    [TIME_FROM] => 14:00
    [TIME_TO] => 15:00               
    [CLIENTS_CNT] => 0
    [TOV_NAME] => FitnessMix
    [ACC] => 0
    [CNTTRAN] => 0
    [CNTTRANRESERV] => 0
)

[2026-02-22 23:33:41] [INFO] (/home/redbarbe/public_html/telegram/webapps/action/ajax_get_tren.php:61) Array
(
    [KOD] => 803778
    [TIME_FROM] => 17:00
    [TIME_TO] => 18:00               
    [CLIENTS_CNT] => 0
    [TOV_NAME] => Mobility
    [ACC] => 0
    [CNTTRAN] => 0
    [CNTTRANRESERV] => 0
)

[2026-02-22 23:33:41] [INFO] (/home/redbarbe/public_html/telegram/webapps/action/ajax_get_tren.php:61) Array
(
    [KOD] => 803982
    [TIME_FROM] => 18:30
    [TIME_TO] => 19:30               
    [CLIENTS_CNT] => 0
    [TOV_NAME] => Pilates
    [ACC] => 0
    [CNTTRAN] => 0
    [CNTTRANRESERV] => 0
)

[2026-02-22 23:33:41] [INFO] (/home/redbarbe/public_html/telegram/webapps/action/ajax_get_tren.php:61) Array
(
    [KOD] => 803829
    [TIME_FROM] => 19:00
    [TIME_TO] => 20:00               
    [CLIENTS_CNT] => 0
    [TOV_NAME] => CrossActivity
    [ACC] => 0
    [CNTTRAN] => 0
    [CNTTRANRESERV] => 0
)

[2026-02-22 23:33:41] [INFO] (/home/redbarbe/public_html/telegram/webapps/action/ajax_get_tren.php:61) Array
(
    [KOD] => 804288
    [TIME_FROM] => 19:00
    [TIME_TO] => 20:00               
    [CLIENTS_CNT] => 0
    [TOV_NAME] => Aesthetic Gymnastics
    [ACC] => 0
    [CNTTRAN] => 0
    [CNTTRANRESERV] => 0
)

[2026-02-22 23:33:41] [INFO] (/home/redbarbe/public_html/telegram/webapps/action/ajax_get_tren.php:61) Array
(
    [KOD] => 804033
    [TIME_FROM] => 19:30
    [TIME_TO] => 20:30               
    [CLIENTS_CNT] => 0
    [TOV_NAME] => TRX
    [ACC] => 0
    [CNTTRAN] => 3
    [CNTTRANRESERV] => 0
)

[2026-02-22 23:33:41] [INFO] (/home/redbarbe/public_html/telegram/webapps/action/ajax_get_tren.php:61) Array
(
    [KOD] => 803931
    [TIME_FROM] => 20:00
    [TIME_TO] => 21:00               
    [CLIENTS_CNT] => 0
    [TOV_NAME] => CrossActivity
    [ACC] => 0
    [CNTTRAN] => 0
    [CNTTRANRESERV] => 0
)

[2026-02-22 23:33:41] [INFO] (/home/redbarbe/public_html/telegram/webapps/action/ajax_get_tren.php:61) Array
(
    [KOD] => 804135
    [TIME_FROM] => 20:00
    [TIME_TO] => 21:00               
    [CLIENTS_CNT] => 0
    [TOV_NAME] => Бокс
    [ACC] => 0
    [CNTTRAN] => 0
    [CNTTRANRESERV] => 0
)

[2026-02-22 23:34:11] [INFO] (/home/redbarbe/public_html/telegram/webapps/action/ajax_get_tren.php:35) Array
(
    [0] => Array
        (
            [KOD] => 804339
            [TIME_FROM] => 10:00
            [TIME_TO] => 11:00               
            [CLIENTS_CNT] => 0
            [TOV_NAME] => Йога
            [ACC] => 0
            [CNTTRAN] => 0
            [CNTTRANRESERV] => 0
        )

    [1] => Array
        (
            [KOD] => 804492
            [TIME_FROM] => 18:00
            [TIME_TO] => 19:00               
            [CLIENTS_CNT] => 0
            [TOV_NAME] => Йога
            [ACC] => 0
            [CNTTRAN] => 0
            [CNTTRANRESERV] => 0
        )

    [2] => Array
        (
            [KOD] => 804543
            [TIME_FROM] => 18:00
            [TIME_TO] => 19:00               
            [CLIENTS_CNT] => 0
            [TOV_NAME] => Паркур Kids
            [ACC] => 0
            [CNTTRAN] => 0
            [CNTTRANRESERV] => 0
        )

    [3] => Array
        (
            [KOD] => 804390
            [TIME_FROM] => 19:00
            [TIME_TO] => 20:00               
            [CLIENTS_CNT] => 0
            [TOV_NAME] => Паркур
            [ACC] => 0
            [CNTTRAN] => 0
            [CNTTRANRESERV] => 0
        )

    [4] => Array
        (
            [KOD] => 804594
            [TIME_FROM] => 19:00
            [TIME_TO] => 20:00               
            [CLIENTS_CNT] => 0
            [TOV_NAME] => CrossActivity
            [ACC] => 0
            [CNTTRAN] => 0
            [CNTTRANRESERV] => 0
        )

    [5] => Array
        (
            [KOD] => 804645
            [TIME_FROM] => 19:00
            [TIME_TO] => 20:00               
            [CLIENTS_CNT] => 5
            [TOV_NAME] => Cycle
            [ACC] => 0
            [CNTTRAN] => 0
            [CNTTRANRESERV] => 0
        )

    [6] => Array
        (
            [KOD] => 804441
            [TIME_FROM] => 19:00
            [TIME_TO] => 20:00               
            [CLIENTS_CNT] => 0
            [TOV_NAME] => FitnessMix
            [ACC] => 0
            [CNTTRAN] => 0
            [CNTTRANRESERV] => 0
        )

)

[2026-02-22 23:34:11] [INFO] (/home/redbarbe/public_html/telegram/webapps/action/ajax_get_tren.php:61) Array
(
    [KOD] => 804339
    [TIME_FROM] => 10:00
    [TIME_TO] => 11:00               
    [CLIENTS_CNT] => 0
    [TOV_NAME] => Йога
    [ACC] => 0
    [CNTTRAN] => 0
    [CNTTRANRESERV] => 0
)

[2026-02-22 23:34:11] [INFO] (/home/redbarbe/public_html/telegram/webapps/action/ajax_get_tren.php:61) Array
(
    [KOD] => 804492
    [TIME_FROM] => 18:00
    [TIME_TO] => 19:00               
    [CLIENTS_CNT] => 0
    [TOV_NAME] => Йога
    [ACC] => 0
    [CNTTRAN] => 0
    [CNTTRANRESERV] => 0
)

[2026-02-22 23:34:11] [INFO] (/home/redbarbe/public_html/telegram/webapps/action/ajax_get_tren.php:61) Array
(
    [KOD] => 804543
    [TIME_FROM] => 18:00
    [TIME_TO] => 19:00               
    [CLIENTS_CNT] => 0
    [TOV_NAME] => Паркур Kids
    [ACC] => 0
    [CNTTRAN] => 0
    [CNTTRANRESERV] => 0
)

[2026-02-22 23:34:11] [INFO] (/home/redbarbe/public_html/telegram/webapps/action/ajax_get_tren.php:61) Array
(
    [KOD] => 804390
    [TIME_FROM] => 19:00
    [TIME_TO] => 20:00               
    [CLIENTS_CNT] => 0
    [TOV_NAME] => Паркур
    [ACC] => 0
    [CNTTRAN] => 0
    [CNTTRANRESERV] => 0
)

[2026-02-22 23:34:11] [INFO] (/home/redbarbe/public_html/telegram/webapps/action/ajax_get_tren.php:61) Array
(
    [KOD] => 804594
    [TIME_FROM] => 19:00
    [TIME_TO] => 20:00               
    [CLIENTS_CNT] => 0
    [TOV_NAME] => CrossActivity
    [ACC] => 0
    [CNTTRAN] => 0
    [CNTTRANRESERV] => 0
)

[2026-02-22 23:34:11] [INFO] (/home/redbarbe/public_html/telegram/webapps/action/ajax_get_tren.php:61) Array
(
    [KOD] => 804645
    [TIME_FROM] => 19:00
    [TIME_TO] => 20:00               
    [CLIENTS_CNT] => 5
    [TOV_NAME] => Cycle
    [ACC] => 0
    [CNTTRAN] => 0
    [CNTTRANRESERV] => 0
)

[2026-02-22 23:34:11] [INFO] (/home/redbarbe/public_html/telegram/webapps/action/ajax_get_tren.php:61) Array
(
    [KOD] => 804441
    [TIME_FROM] => 19:00
    [TIME_TO] => 20:00               
    [CLIENTS_CNT] => 0
    [TOV_NAME] => FitnessMix
    [ACC] => 0
    [CNTTRAN] => 0
    [CNTTRANRESERV] => 0
)

[2026-02-22 23:34:28] [INFO] (/home/redbarbe/public_html/telegram/webapps/action/ajax_get_tren.php:35) Array
(
    [0] => Array
        (
            [KOD] => 805258
            [TIME_FROM] => 09:00
            [TIME_TO] => 10:00               
            [CLIENTS_CNT] => 0
            [TOV_NAME] => CrossActivity
            [ACC] => 0
            [CNTTRAN] => 0
            [CNTTRANRESERV] => 0
        )

    [1] => Array
        (
            [KOD] => 804850
            [TIME_FROM] => 09:00
            [TIME_TO] => 10:00               
            [CLIENTS_CNT] => 0
            [TOV_NAME] => Total Body
            [ACC] => 0
            [CNTTRAN] => 0
            [CNTTRANRESERV] => 0
        )

    [2] => Array
        (
            [KOD] => 804901
            [TIME_FROM] => 14:00
            [TIME_TO] => 15:00               
            [CLIENTS_CNT] => 0
            [TOV_NAME] => FitnessMix
            [ACC] => 0
            [CNTTRAN] => 0
            [CNTTRANRESERV] => 0
        )

    [3] => Array
        (
            [KOD] => 804748
            [TIME_FROM] => 17:00
            [TIME_TO] => 18:00               
            [CLIENTS_CNT] => 0
            [TOV_NAME] => Mobility
            [ACC] => 0
            [CNTTRAN] => 0
            [CNTTRANRESERV] => 0
        )

    [4] => Array
        (
            [KOD] => 805207
            [TIME_FROM] => 18:00
            [TIME_TO] => 19:00               
            [CLIENTS_CNT] => 0
            [TOV_NAME] => Паркур Kids
            [ACC] => 0
            [CNTTRAN] => 0
            [CNTTRANRESERV] => 0
        )

    [5] => Array
        (
            [KOD] => 805003
            [TIME_FROM] => 18:30
            [TIME_TO] => 19:30               
            [CLIENTS_CNT] => 0
            [TOV_NAME] => Pilates
            [ACC] => 0
            [CNTTRAN] => 0
            [CNTTRANRESERV] => 0
        )

    [6] => Array
        (
            [KOD] => 805105
            [TIME_FROM] => 19:00
            [TIME_TO] => 20:00               
            [CLIENTS_CNT] => 0
            [TOV_NAME] => Паркур
            [ACC] => 0
            [CNTTRAN] => 0
            [CNTTRANRESERV] => 0
        )

    [7] => Array
        (
            [KOD] => 804799
            [TIME_FROM] => 19:00
            [TIME_TO] => 20:00               
            [CLIENTS_CNT] => 0
            [TOV_NAME] => CrossActivity
            [ACC] => 0
            [CNTTRAN] => 0
            [CNTTRANRESERV] => 0
        )

    [8] => Array
        (
            [KOD] => 804697
            [TIME_FROM] => 19:00
            [TIME_TO] => 20:00               
            [CLIENTS_CNT] => 0
            [TOV_NAME] => Aesthetic Gymnastics
            [ACC] => 0
            [CNTTRAN] => 0
            [CNTTRANRESERV] => 0
        )

    [9] => Array
        (
            [KOD] => 805054
            [TIME_FROM] => 19:30
            [TIME_TO] => 20:30               
            [CLIENTS_CNT] => 0
            [TOV_NAME] => TRX
            [ACC] => 0
            [CNTTRAN] => 0
            [CNTTRANRESERV] => 0
        )

    [10] => Array
        (
            [KOD] => 804952
            [TIME_FROM] => 20:00
            [TIME_TO] => 21:00               
            [CLIENTS_CNT] => 0
            [TOV_NAME] => CrossActivity
            [ACC] => 0
            [CNTTRAN] => 0
            [CNTTRANRESERV] => 0
        )

    [11] => Array
        (
            [KOD] => 805156
            [TIME_FROM] => 20:00
            [TIME_TO] => 21:00               
            [CLIENTS_CNT] => 0
            [TOV_NAME] => Бокс
            [ACC] => 0
            [CNTTRAN] => 0
            [CNTTRANRESERV] => 0
        )

)

[2026-02-22 23:34:28] [INFO] (/home/redbarbe/public_html/telegram/webapps/action/ajax_get_tren.php:61) Array
(
    [KOD] => 805258
    [TIME_FROM] => 09:00
    [TIME_TO] => 10:00               
    [CLIENTS_CNT] => 0
    [TOV_NAME] => CrossActivity
    [ACC] => 0
    [CNTTRAN] => 0
    [CNTTRANRESERV] => 0
)

[2026-02-22 23:34:28] [INFO] (/home/redbarbe/public_html/telegram/webapps/action/ajax_get_tren.php:61) Array
(
    [KOD] => 804850
    [TIME_FROM] => 09:00
    [TIME_TO] => 10:00               
    [CLIENTS_CNT] => 0
    [TOV_NAME] => Total Body
    [ACC] => 0
    [CNTTRAN] => 0
    [CNTTRANRESERV] => 0
)

[2026-02-22 23:34:28] [INFO] (/home/redbarbe/public_html/telegram/webapps/action/ajax_get_tren.php:61) Array
(
    [KOD] => 804901
    [TIME_FROM] => 14:00
    [TIME_TO] => 15:00               
    [CLIENTS_CNT] => 0
    [TOV_NAME] => FitnessMix
    [ACC] => 0
    [CNTTRAN] => 0
    [CNTTRANRESERV] => 0
)

[2026-02-22 23:34:28] [INFO] (/home/redbarbe/public_html/telegram/webapps/action/ajax_get_tren.php:61) Array
(
    [KOD] => 804748
    [TIME_FROM] => 17:00
    [TIME_TO] => 18:00               
    [CLIENTS_CNT] => 0
    [TOV_NAME] => Mobility
    [ACC] => 0
    [CNTTRAN] => 0
    [CNTTRANRESERV] => 0
)

[2026-02-22 23:34:28] [INFO] (/home/redbarbe/public_html/telegram/webapps/action/ajax_get_tren.php:61) Array
(
    [KOD] => 805207
    [TIME_FROM] => 18:00
    [TIME_TO] => 19:00               
    [CLIENTS_CNT] => 0
    [TOV_NAME] => Паркур Kids
    [ACC] => 0
    [CNTTRAN] => 0
    [CNTTRANRESERV] => 0
)

[2026-02-22 23:34:28] [INFO] (/home/redbarbe/public_html/telegram/webapps/action/ajax_get_tren.php:61) Array
(
    [KOD] => 805003
    [TIME_FROM] => 18:30
    [TIME_TO] => 19:30               
    [CLIENTS_CNT] => 0
    [TOV_NAME] => Pilates
    [ACC] => 0
    [CNTTRAN] => 0
    [CNTTRANRESERV] => 0
)

[2026-02-22 23:34:28] [INFO] (/home/redbarbe/public_html/telegram/webapps/action/ajax_get_tren.php:61) Array
(
    [KOD] => 805105
    [TIME_FROM] => 19:00
    [TIME_TO] => 20:00               
    [CLIENTS_CNT] => 0
    [TOV_NAME] => Паркур
    [ACC] => 0
    [CNTTRAN] => 0
    [CNTTRANRESERV] => 0
)

[2026-02-22 23:34:28] [INFO] (/home/redbarbe/public_html/telegram/webapps/action/ajax_get_tren.php:61) Array
(
    [KOD] => 804799
    [TIME_FROM] => 19:00
    [TIME_TO] => 20:00               
    [CLIENTS_CNT] => 0
    [TOV_NAME] => CrossActivity
    [ACC] => 0
    [CNTTRAN] => 0
    [CNTTRANRESERV] => 0
)

[2026-02-22 23:34:28] [INFO] (/home/redbarbe/public_html/telegram/webapps/action/ajax_get_tren.php:61) Array
(
    [KOD] => 804697
    [TIME_FROM] => 19:00
    [TIME_TO] => 20:00               
    [CLIENTS_CNT] => 0
    [TOV_NAME] => Aesthetic Gymnastics
    [ACC] => 0
    [CNTTRAN] => 0
    [CNTTRANRESERV] => 0
)

[2026-02-22 23:34:28] [INFO] (/home/redbarbe/public_html/telegram/webapps/action/ajax_get_tren.php:61) Array
(
    [KOD] => 805054
    [TIME_FROM] => 19:30
    [TIME_TO] => 20:30               
    [CLIENTS_CNT] => 0
    [TOV_NAME] => TRX
    [ACC] => 0
    [CNTTRAN] => 0
    [CNTTRANRESERV] => 0
)

[2026-02-22 23:34:28] [INFO] (/home/redbarbe/public_html/telegram/webapps/action/ajax_get_tren.php:61) Array
(
    [KOD] => 804952
    [TIME_FROM] => 20:00
    [TIME_TO] => 21:00               
    [CLIENTS_CNT] => 0
    [TOV_NAME] => CrossActivity
    [ACC] => 0
    [CNTTRAN] => 0
    [CNTTRANRESERV] => 0
)

[2026-02-22 23:34:28] [INFO] (/home/redbarbe/public_html/telegram/webapps/action/ajax_get_tren.php:61) Array
(
    [KOD] => 805156
    [TIME_FROM] => 20:00
    [TIME_TO] => 21:00               
    [CLIENTS_CNT] => 0
    [TOV_NAME] => Бокс
    [ACC] => 0
    [CNTTRAN] => 0
    [CNTTRANRESERV] => 0
)

[2026-02-22 23:35:45] [INFO] (/home/redbarbe/public_html/telegram/webapps/action/ajax_get_tren.php:35) Array
(
    [0] => Array
        (
            [KOD] => 805312
            [TIME_FROM] => 10:00
            [TIME_TO] => 11:00               
            [CLIENTS_CNT] => 0
            [TOV_NAME] => Йога
            [ACC] => 0
            [CNTTRAN] => 0
            [CNTTRANRESERV] => 0
        )

    [1] => Array
        (
            [KOD] => 805468
            [TIME_FROM] => 18:00
            [TIME_TO] => 19:00               
            [CLIENTS_CNT] => 0
            [TOV_NAME] => Йога
            [ACC] => 0
            [CNTTRAN] => 0
            [CNTTRANRESERV] => 0
        )

    [2] => Array
        (
            [KOD] => 805520
            [TIME_FROM] => 18:00
            [TIME_TO] => 19:00               
            [CLIENTS_CNT] => 0
            [TOV_NAME] => Паркур Kids
            [ACC] => 0
            [CNTTRAN] => 0
            [CNTTRANRESERV] => 0
        )

    [3] => Array
        (
            [KOD] => 805364
            [TIME_FROM] => 19:00
            [TIME_TO] => 20:00               
            [CLIENTS_CNT] => 0
            [TOV_NAME] => Паркур
            [ACC] => 0
            [CNTTRAN] => 0
            [CNTTRANRESERV] => 0
        )

    [4] => Array
        (
            [KOD] => 805572
            [TIME_FROM] => 19:00
            [TIME_TO] => 20:00               
            [CLIENTS_CNT] => 0
            [TOV_NAME] => CrossActivity
            [ACC] => 0
            [CNTTRAN] => 0
            [CNTTRANRESERV] => 0
        )

    [5] => Array
        (
            [KOD] => 805624
            [TIME_FROM] => 19:00
            [TIME_TO] => 20:00               
            [CLIENTS_CNT] => 5
            [TOV_NAME] => Cycle
            [ACC] => 0
            [CNTTRAN] => 2
            [CNTTRANRESERV] => 0
        )

    [6] => Array
        (
            [KOD] => 805416
            [TIME_FROM] => 19:00
            [TIME_TO] => 20:00               
            [CLIENTS_CNT] => 0
            [TOV_NAME] => FitnessMix
            [ACC] => 0
            [CNTTRAN] => 0
            [CNTTRANRESERV] => 0
        )

)

[2026-02-22 23:35:45] [INFO] (/home/redbarbe/public_html/telegram/webapps/action/ajax_get_tren.php:61) Array
(
    [KOD] => 805312
    [TIME_FROM] => 10:00
    [TIME_TO] => 11:00               
    [CLIENTS_CNT] => 0
    [TOV_NAME] => Йога
    [ACC] => 0
    [CNTTRAN] => 0
    [CNTTRANRESERV] => 0
)

[2026-02-22 23:35:45] [INFO] (/home/redbarbe/public_html/telegram/webapps/action/ajax_get_tren.php:61) Array
(
    [KOD] => 805468
    [TIME_FROM] => 18:00
    [TIME_TO] => 19:00               
    [CLIENTS_CNT] => 0
    [TOV_NAME] => Йога
    [ACC] => 0
    [CNTTRAN] => 0
    [CNTTRANRESERV] => 0
)

[2026-02-22 23:35:45] [INFO] (/home/redbarbe/public_html/telegram/webapps/action/ajax_get_tren.php:61) Array
(
    [KOD] => 805520
    [TIME_FROM] => 18:00
    [TIME_TO] => 19:00               
    [CLIENTS_CNT] => 0
    [TOV_NAME] => Паркур Kids
    [ACC] => 0
    [CNTTRAN] => 0
    [CNTTRANRESERV] => 0
)

[2026-02-22 23:35:45] [INFO] (/home/redbarbe/public_html/telegram/webapps/action/ajax_get_tren.php:61) Array
(
    [KOD] => 805364
    [TIME_FROM] => 19:00
    [TIME_TO] => 20:00               
    [CLIENTS_CNT] => 0
    [TOV_NAME] => Паркур
    [ACC] => 0
    [CNTTRAN] => 0
    [CNTTRANRESERV] => 0
)

[2026-02-22 23:35:45] [INFO] (/home/redbarbe/public_html/telegram/webapps/action/ajax_get_tren.php:61) Array
(
    [KOD] => 805572
    [TIME_FROM] => 19:00
    [TIME_TO] => 20:00               
    [CLIENTS_CNT] => 0
    [TOV_NAME] => CrossActivity
    [ACC] => 0
    [CNTTRAN] => 0
    [CNTTRANRESERV] => 0
)

[2026-02-22 23:35:45] [INFO] (/home/redbarbe/public_html/telegram/webapps/action/ajax_get_tren.php:61) Array
(
    [KOD] => 805624
    [TIME_FROM] => 19:00
    [TIME_TO] => 20:00               
    [CLIENTS_CNT] => 5
    [TOV_NAME] => Cycle
    [ACC] => 0
    [CNTTRAN] => 2
    [CNTTRANRESERV] => 0
)

[2026-02-22 23:35:45] [INFO] (/home/redbarbe/public_html/telegram/webapps/action/ajax_get_tren.php:61) Array
(
    [KOD] => 805416
    [TIME_FROM] => 19:00
    [TIME_TO] => 20:00               
    [CLIENTS_CNT] => 0
    [TOV_NAME] => FitnessMix
    [ACC] => 0
    [CNTTRAN] => 0
    [CNTTRANRESERV] => 0
)

[2026-02-22 23:35:58] [INFO] (/home/redbarbe/public_html/telegram/webapps/action/ajax_get_tren.php:35) Array
(
    [0] => Array
        (
            [KOD] => 806197
            [TIME_FROM] => 09:00
            [TIME_TO] => 10:00               
            [CLIENTS_CNT] => 0
            [TOV_NAME] => CrossActivity
            [ACC] => 0
            [CNTTRAN] => 0
            [CNTTRANRESERV] => 0
        )

    [1] => Array
        (
            [KOD] => 805833
            [TIME_FROM] => 14:00
            [TIME_TO] => 15:00               
            [CLIENTS_CNT] => 0
            [TOV_NAME] => FitnessMix
            [ACC] => 0
            [CNTTRAN] => 0
            [CNTTRANRESERV] => 0
        )

    [2] => Array
        (
            [KOD] => 805729
            [TIME_FROM] => 17:00
            [TIME_TO] => 18:00               
            [CLIENTS_CNT] => 0
            [TOV_NAME] => Mobility
            [ACC] => 0
            [CNTTRAN] => 0
            [CNTTRANRESERV] => 0
        )

    [3] => Array
        (
            [KOD] => 806145
            [TIME_FROM] => 18:00
            [TIME_TO] => 19:00               
            [CLIENTS_CNT] => 0
            [TOV_NAME] => Паркур Kids
            [ACC] => 0
            [CNTTRAN] => 0
            [CNTTRANRESERV] => 0
        )

    [4] => Array
        (
            [KOD] => 805937
            [TIME_FROM] => 18:30
            [TIME_TO] => 19:30               
            [CLIENTS_CNT] => 0
            [TOV_NAME] => Pilates
            [ACC] => 0
            [CNTTRAN] => 0
            [CNTTRANRESERV] => 0
        )

    [5] => Array
        (
            [KOD] => 806041
            [TIME_FROM] => 19:00
            [TIME_TO] => 20:00               
            [CLIENTS_CNT] => 0
            [TOV_NAME] => Паркур
            [ACC] => 0
            [CNTTRAN] => 0
            [CNTTRANRESERV] => 0
        )

    [6] => Array
        (
            [KOD] => 805781
            [TIME_FROM] => 19:00
            [TIME_TO] => 20:00               
            [CLIENTS_CNT] => 0
            [TOV_NAME] => CrossActivity
            [ACC] => 0
            [CNTTRAN] => 0
            [CNTTRANRESERV] => 0
        )

    [7] => Array
        (
            [KOD] => 805677
            [TIME_FROM] => 19:00
            [TIME_TO] => 20:00               
            [CLIENTS_CNT] => 0
            [TOV_NAME] => Aesthetic Gymnastics
            [ACC] => 0
            [CNTTRAN] => 0
            [CNTTRANRESERV] => 0
        )

    [8] => Array
        (
            [KOD] => 805989
            [TIME_FROM] => 19:30
            [TIME_TO] => 20:30               
            [CLIENTS_CNT] => 0
            [TOV_NAME] => TRX
            [ACC] => 0
            [CNTTRAN] => 0
            [CNTTRANRESERV] => 0
        )

    [9] => Array
        (
            [KOD] => 805885
            [TIME_FROM] => 20:00
            [TIME_TO] => 21:00               
            [CLIENTS_CNT] => 0
            [TOV_NAME] => CrossActivity
            [ACC] => 0
            [CNTTRAN] => 0
            [CNTTRANRESERV] => 0
        )

    [10] => Array
        (
            [KOD] => 806093
            [TIME_FROM] => 20:00
            [TIME_TO] => 21:00               
            [CLIENTS_CNT] => 0
            [TOV_NAME] => Бокс
            [ACC] => 0
            [CNTTRAN] => 0
            [CNTTRANRESERV] => 0
        )

)

[2026-02-22 23:35:58] [INFO] (/home/redbarbe/public_html/telegram/webapps/action/ajax_get_tren.php:61) Array
(
    [KOD] => 806197
    [TIME_FROM] => 09:00
    [TIME_TO] => 10:00               
    [CLIENTS_CNT] => 0
    [TOV_NAME] => CrossActivity
    [ACC] => 0
    [CNTTRAN] => 0
    [CNTTRANRESERV] => 0
)

[2026-02-22 23:35:58] [INFO] (/home/redbarbe/public_html/telegram/webapps/action/ajax_get_tren.php:61) Array
(
    [KOD] => 805833
    [TIME_FROM] => 14:00
    [TIME_TO] => 15:00               
    [CLIENTS_CNT] => 0
    [TOV_NAME] => FitnessMix
    [ACC] => 0
    [CNTTRAN] => 0
    [CNTTRANRESERV] => 0
)

[2026-02-22 23:35:58] [INFO] (/home/redbarbe/public_html/telegram/webapps/action/ajax_get_tren.php:61) Array
(
    [KOD] => 805729
    [TIME_FROM] => 17:00
    [TIME_TO] => 18:00               
    [CLIENTS_CNT] => 0
    [TOV_NAME] => Mobility
    [ACC] => 0
    [CNTTRAN] => 0
    [CNTTRANRESERV] => 0
)

[2026-02-22 23:35:58] [INFO] (/home/redbarbe/public_html/telegram/webapps/action/ajax_get_tren.php:61) Array
(
    [KOD] => 806145
    [TIME_FROM] => 18:00
    [TIME_TO] => 19:00               
    [CLIENTS_CNT] => 0
    [TOV_NAME] => Паркур Kids
    [ACC] => 0
    [CNTTRAN] => 0
    [CNTTRANRESERV] => 0
)

[2026-02-22 23:35:58] [INFO] (/home/redbarbe/public_html/telegram/webapps/action/ajax_get_tren.php:61) Array
(
    [KOD] => 805937
    [TIME_FROM] => 18:30
    [TIME_TO] => 19:30               
    [CLIENTS_CNT] => 0
    [TOV_NAME] => Pilates
    [ACC] => 0
    [CNTTRAN] => 0
    [CNTTRANRESERV] => 0
)

[2026-02-22 23:35:58] [INFO] (/home/redbarbe/public_html/telegram/webapps/action/ajax_get_tren.php:61) Array
(
    [KOD] => 806041
    [TIME_FROM] => 19:00
    [TIME_TO] => 20:00               
    [CLIENTS_CNT] => 0
    [TOV_NAME] => Паркур
    [ACC] => 0
    [CNTTRAN] => 0
    [CNTTRANRESERV] => 0
)

[2026-02-22 23:35:58] [INFO] (/home/redbarbe/public_html/telegram/webapps/action/ajax_get_tren.php:61) Array
(
    [KOD] => 805781
    [TIME_FROM] => 19:00
    [TIME_TO] => 20:00               
    [CLIENTS_CNT] => 0
    [TOV_NAME] => CrossActivity
    [ACC] => 0
    [CNTTRAN] => 0
    [CNTTRANRESERV] => 0
)

[2026-02-22 23:35:58] [INFO] (/home/redbarbe/public_html/telegram/webapps/action/ajax_get_tren.php:61) Array
(
    [KOD] => 805677
    [TIME_FROM] => 19:00
    [TIME_TO] => 20:00               
    [CLIENTS_CNT] => 0
    [TOV_NAME] => Aesthetic Gymnastics
    [ACC] => 0
    [CNTTRAN] => 0
    [CNTTRANRESERV] => 0
)

[2026-02-22 23:35:58] [INFO] (/home/redbarbe/public_html/telegram/webapps/action/ajax_get_tren.php:61) Array
(
    [KOD] => 805989
    [TIME_FROM] => 19:30
    [TIME_TO] => 20:30               
    [CLIENTS_CNT] => 0
    [TOV_NAME] => TRX
    [ACC] => 0
    [CNTTRAN] => 0
    [CNTTRANRESERV] => 0
)

[2026-02-22 23:35:58] [INFO] (/home/redbarbe/public_html/telegram/webapps/action/ajax_get_tren.php:61) Array
(
    [KOD] => 805885
    [TIME_FROM] => 20:00
    [TIME_TO] => 21:00               
    [CLIENTS_CNT] => 0
    [TOV_NAME] => CrossActivity
    [ACC] => 0
    [CNTTRAN] => 0
    [CNTTRANRESERV] => 0
)

[2026-02-22 23:35:58] [INFO] (/home/redbarbe/public_html/telegram/webapps/action/ajax_get_tren.php:61) Array
(
    [KOD] => 806093
    [TIME_FROM] => 20:00
    [TIME_TO] => 21:00               
    [CLIENTS_CNT] => 0
    [TOV_NAME] => Бокс
    [ACC] => 0
    [CNTTRAN] => 0
    [CNTTRANRESERV] => 0
)

[2026-02-22 23:36:10] [INFO] (/home/redbarbe/public_html/telegram/webapps/action/ajax_get_tren.php:35) Array
(
    [0] => Array
        (
            [KOD] => 803523
            [TIME_FROM] => 10:00
            [TIME_TO] => 11:00               
            [CLIENTS_CNT] => 0
            [TOV_NAME] => Йога
            [ACC] => 0
            [CNTTRAN] => 0
            [CNTTRANRESERV] => 0
        )

    [1] => Array
        (
            [KOD] => 803625
            [TIME_FROM] => 11:00
            [TIME_TO] => 12:00               
            [CLIENTS_CNT] => 0
            [TOV_NAME] => FitnessMix
            [ACC] => 0
            [CNTTRAN] => 0
            [CNTTRANRESERV] => 0
        )

    [2] => Array
        (
            [KOD] => 803574
            [TIME_FROM] => 12:00
            [TIME_TO] => 13:00               
            [CLIENTS_CNT] => 0
            [TOV_NAME] => CrossActivity
            [ACC] => 0
            [CNTTRAN] => 0
            [CNTTRANRESERV] => 0
        )

    [3] => Array
        (
            [KOD] => 803472
            [TIME_FROM] => 12:30
            [TIME_TO] => 13:30               
            [CLIENTS_CNT] => 0
            [TOV_NAME] => Stretching
            [ACC] => 0
            [CNTTRAN] => 0
            [CNTTRANRESERV] => 0
        )

)

[2026-02-22 23:36:10] [INFO] (/home/redbarbe/public_html/telegram/webapps/action/ajax_get_tren.php:61) Array
(
    [KOD] => 803523
    [TIME_FROM] => 10:00
    [TIME_TO] => 11:00               
    [CLIENTS_CNT] => 0
    [TOV_NAME] => Йога
    [ACC] => 0
    [CNTTRAN] => 0
    [CNTTRANRESERV] => 0
)

[2026-02-22 23:36:10] [INFO] (/home/redbarbe/public_html/telegram/webapps/action/ajax_get_tren.php:61) Array
(
    [KOD] => 803625
    [TIME_FROM] => 11:00
    [TIME_TO] => 12:00               
    [CLIENTS_CNT] => 0
    [TOV_NAME] => FitnessMix
    [ACC] => 0
    [CNTTRAN] => 0
    [CNTTRANRESERV] => 0
)

[2026-02-22 23:36:10] [INFO] (/home/redbarbe/public_html/telegram/webapps/action/ajax_get_tren.php:61) Array
(
    [KOD] => 803574
    [TIME_FROM] => 12:00
    [TIME_TO] => 13:00               
    [CLIENTS_CNT] => 0
    [TOV_NAME] => CrossActivity
    [ACC] => 0
    [CNTTRAN] => 0
    [CNTTRANRESERV] => 0
)

[2026-02-22 23:36:10] [INFO] (/home/redbarbe/public_html/telegram/webapps/action/ajax_get_tren.php:61) Array
(
    [KOD] => 803472
    [TIME_FROM] => 12:30
    [TIME_TO] => 13:30               
    [CLIENTS_CNT] => 0
    [TOV_NAME] => Stretching
    [ACC] => 0
    [CNTTRAN] => 0
    [CNTTRANRESERV] => 0
)

[2026-02-22 23:36:19] [INFO] (/home/redbarbe/public_html/telegram/webapps/action/ajax_get_tren.php:35) Array
(
    [0] => Array
        (
            [KOD] => 804237
            [TIME_FROM] => 09:00
            [TIME_TO] => 10:00               
            [CLIENTS_CNT] => 0
            [TOV_NAME] => CrossActivity
            [ACC] => 0
            [CNTTRAN] => 0
            [CNTTRANRESERV] => 0
        )

    [1] => Array
        (
            [KOD] => 803880
            [TIME_FROM] => 09:00
            [TIME_TO] => 10:00               
            [CLIENTS_CNT] => 0
            [TOV_NAME] => Total Body
            [ACC] => 0
            [CNTTRAN] => 0
            [CNTTRANRESERV] => 0
        )

    [2] => Array
        (
            [KOD] => 805308
            [TIME_FROM] => 14:00
            [TIME_TO] => 15:00               
            [CLIENTS_CNT] => 0
            [TOV_NAME] => FitnessMix
            [ACC] => 0
            [CNTTRAN] => 0
            [CNTTRANRESERV] => 0
        )

    [3] => Array
        (
            [KOD] => 803778
            [TIME_FROM] => 17:00
            [TIME_TO] => 18:00               
            [CLIENTS_CNT] => 0
            [TOV_NAME] => Mobility
            [ACC] => 0
            [CNTTRAN] => 0
            [CNTTRANRESERV] => 0
        )

    [4] => Array
        (
            [KOD] => 803982
            [TIME_FROM] => 18:30
            [TIME_TO] => 19:30               
            [CLIENTS_CNT] => 0
            [TOV_NAME] => Pilates
            [ACC] => 0
            [CNTTRAN] => 0
            [CNTTRANRESERV] => 0
        )

    [5] => Array
        (
            [KOD] => 803829
            [TIME_FROM] => 19:00
            [TIME_TO] => 20:00               
            [CLIENTS_CNT] => 0
            [TOV_NAME] => CrossActivity
            [ACC] => 0
            [CNTTRAN] => 0
            [CNTTRANRESERV] => 0
        )

    [6] => Array
        (
            [KOD] => 804288
            [TIME_FROM] => 19:00
            [TIME_TO] => 20:00               
            [CLIENTS_CNT] => 0
            [TOV_NAME] => Aesthetic Gymnastics
            [ACC] => 0
            [CNTTRAN] => 0
            [CNTTRANRESERV] => 0
        )

    [7] => Array
        (
            [KOD] => 804033
            [TIME_FROM] => 19:30
            [TIME_TO] => 20:30               
            [CLIENTS_CNT] => 0
            [TOV_NAME] => TRX
            [ACC] => 0
            [CNTTRAN] => 3
            [CNTTRANRESERV] => 0
        )

    [8] => Array
        (
            [KOD] => 803931
            [TIME_FROM] => 20:00
            [TIME_TO] => 21:00               
            [CLIENTS_CNT] => 0
            [TOV_NAME] => CrossActivity
            [ACC] => 0
            [CNTTRAN] => 0
            [CNTTRANRESERV] => 0
        )

    [9] => Array
        (
            [KOD] => 804135
            [TIME_FROM] => 20:00
            [TIME_TO] => 21:00               
            [CLIENTS_CNT] => 0
            [TOV_NAME] => Бокс
            [ACC] => 0
            [CNTTRAN] => 0
            [CNTTRANRESERV] => 0
        )

)

[2026-02-22 23:36:19] [INFO] (/home/redbarbe/public_html/telegram/webapps/action/ajax_get_tren.php:61) Array
(
    [KOD] => 804237
    [TIME_FROM] => 09:00
    [TIME_TO] => 10:00               
    [CLIENTS_CNT] => 0
    [TOV_NAME] => CrossActivity
    [ACC] => 0
    [CNTTRAN] => 0
    [CNTTRANRESERV] => 0
)

[2026-02-22 23:36:19] [INFO] (/home/redbarbe/public_html/telegram/webapps/action/ajax_get_tren.php:61) Array
(
    [KOD] => 803880
    [TIME_FROM] => 09:00
    [TIME_TO] => 10:00               
    [CLIENTS_CNT] => 0
    [TOV_NAME] => Total Body
    [ACC] => 0
    [CNTTRAN] => 0
    [CNTTRANRESERV] => 0
)

[2026-02-22 23:36:19] [INFO] (/home/redbarbe/public_html/telegram/webapps/action/ajax_get_tren.php:61) Array
(
    [KOD] => 805308
    [TIME_FROM] => 14:00
    [TIME_TO] => 15:00               
    [CLIENTS_CNT] => 0
    [TOV_NAME] => FitnessMix
    [ACC] => 0
    [CNTTRAN] => 0
    [CNTTRANRESERV] => 0
)

[2026-02-22 23:36:19] [INFO] (/home/redbarbe/public_html/telegram/webapps/action/ajax_get_tren.php:61) Array
(
    [KOD] => 803778
    [TIME_FROM] => 17:00
    [TIME_TO] => 18:00               
    [CLIENTS_CNT] => 0
    [TOV_NAME] => Mobility
    [ACC] => 0
    [CNTTRAN] => 0
    [CNTTRANRESERV] => 0
)

[2026-02-22 23:36:19] [INFO] (/home/redbarbe/public_html/telegram/webapps/action/ajax_get_tren.php:61) Array
(
    [KOD] => 803982
    [TIME_FROM] => 18:30
    [TIME_TO] => 19:30               
    [CLIENTS_CNT] => 0
    [TOV_NAME] => Pilates
    [ACC] => 0
    [CNTTRAN] => 0
    [CNTTRANRESERV] => 0
)

[2026-02-22 23:36:19] [INFO] (/home/redbarbe/public_html/telegram/webapps/action/ajax_get_tren.php:61) Array
(
    [KOD] => 803829
    [TIME_FROM] => 19:00
    [TIME_TO] => 20:00               
    [CLIENTS_CNT] => 0
    [TOV_NAME] => CrossActivity
    [ACC] => 0
    [CNTTRAN] => 0
    [CNTTRANRESERV] => 0
)

[2026-02-22 23:36:19] [INFO] (/home/redbarbe/public_html/telegram/webapps/action/ajax_get_tren.php:61) Array
(
    [KOD] => 804288
    [TIME_FROM] => 19:00
    [TIME_TO] => 20:00               
    [CLIENTS_CNT] => 0
    [TOV_NAME] => Aesthetic Gymnastics
    [ACC] => 0
    [CNTTRAN] => 0
    [CNTTRANRESERV] => 0
)

[2026-02-22 23:36:19] [INFO] (/home/redbarbe/public_html/telegram/webapps/action/ajax_get_tren.php:61) Array
(
    [KOD] => 804033
    [TIME_FROM] => 19:30
    [TIME_TO] => 20:30               
    [CLIENTS_CNT] => 0
    [TOV_NAME] => TRX
    [ACC] => 0
    [CNTTRAN] => 3
    [CNTTRANRESERV] => 0
)

[2026-02-22 23:36:19] [INFO] (/home/redbarbe/public_html/telegram/webapps/action/ajax_get_tren.php:61) Array
(
    [KOD] => 803931
    [TIME_FROM] => 20:00
    [TIME_TO] => 21:00               
    [CLIENTS_CNT] => 0
    [TOV_NAME] => CrossActivity
    [ACC] => 0
    [CNTTRAN] => 0
    [CNTTRANRESERV] => 0
)

[2026-02-22 23:36:19] [INFO] (/home/redbarbe/public_html/telegram/webapps/action/ajax_get_tren.php:61) Array
(
    [KOD] => 804135
    [TIME_FROM] => 20:00
    [TIME_TO] => 21:00               
    [CLIENTS_CNT] => 0
    [TOV_NAME] => Бокс
    [ACC] => 0
    [CNTTRAN] => 0
    [CNTTRANRESERV] => 0
)

